national_rank,scientific_name,common_name,class,order,family,phylum,top5,top10,evidence_support,evidence_support_label,direct_protective_context_count,direct_protective_chemical_count,warning_context_count,eligible_state_count,broad_life_stage_category_count,official_or_common_method_species,selection_incremental_gain_lower5,selection_objective_cumulative_lower5,incremental_expected_capture_lower5,validated_incremental_expected_capture_lower5,rank_scope,leave_one_out_loss_top5,support_note,cumulative_expected_capture_lower-5%,cumulative_expected_capture_lower-10%,cumulative_expected_capture_lower-20%
1,Gastrophryne carolinensis,,Amphibia,Anura,Microhylidae,Chordata,True,True,moderate_20_49,Moderate (20-49 protective contexts),38,28,0,17,1,False,0.09503893897030129,0.09503893897030127,0.09503893897030144,0.09503893897030144,frozen_r1_top20,0.0579071042001831,,0.09503893897030144,0.22416986033089858,0.44941169430456746
2,Neocloeon triangulifer,,Insecta,Ephemeroptera,Baetidae,Arthropoda,True,True,strong_50_plus,Strong (50+ protective contexts),60,18,0,0,2,False,0.07896651454076417,0.17400545351106542,0.0749991624750867,0.0749991624750867,frozen_r1_top20,0.0523421576980971,,0.17003810144538814,0.37143898372395384,0.6624834013428377
3,Hyalella azteca,,Malacostraca,Amphipoda,Hyalellidae,Arthropoda,True,True,strong_50_plus,Strong (50+ protective contexts),288,111,4,9,4,True,0.06977144166684131,0.2437768951779068,0.06359942191892054,0.06359942191892054,frozen_r1_top20,0.0504699172443302,,0.23363752336430868,0.47938562818174013,0.7760040283573164
4,Daphnia ambigua,,Branchiopoda,Diplostraca,Daphniidae,Arthropoda,True,True,moderate_20_49,Moderate (20-49 protective contexts),38,12,4,1,3,False,0.06370480445781417,0.307481699635721,0.05618402203430814,0.05618402203430814,frozen_r1_top20,0.0503249032530795,,0.2898215453986168,0.5659711429752481,0.8501894321004834
5,Daphnia magna,,Branchiopoda,Diplostraca,Daphniidae,Arthropoda,True,True,strong_50_plus,Strong (50+ protective contexts),859,328,144,6,4,True,0.055902021086489506,0.36338372072221053,0.04794278560038373,0.04794278560038373,frozen_r1_top20,0.0479427856003837,,0.33776433099900055,0.6240965136220255,0.8877548283207123
6,Ceriodaphnia dubia,,Branchiopoda,Diplostraca,Daphniidae,Arthropoda,False,True,strong_50_plus,Strong (50+ protective contexts),286,123,16,1,3,True,0.05106895946726025,0.41445268018947073,0.042788322259520506,0.042788322259520506,frozen_r1_top20,,,0.38055265325852106,0.6791973489728107,0.9209514588208818
7,Daphnia pulex,,Branchiopoda,Diplostraca,Daphniidae,Arthropoda,False,True,strong_50_plus,Strong (50+ protective contexts),243,130,18,2,4,True,0.043865705978598395,0.4583183861680692,0.03594665926369611,0.03594665926369611,frozen_r1_top20,,,0.41649931252221717,0.7183662844944108,0.9395945887180611
8,Daphnia carinata,,Branchiopoda,Diplostraca,Daphniidae,Arthropoda,False,True,strong_50_plus,Strong (50+ protective contexts),59,35,0,0,2,False,0.040137329252280994,0.4984557154203501,0.03241498748017474,0.03241498748017474,frozen_r1_top20,,,0.4489143000023919,0.7514672669121899,0.9531613202223517
9,Gammarus fasciatus,,Malacostraca,Amphipoda,Gammaridae,Arthropoda,False,True,strong_50_plus,Strong (50+ protective contexts),122,97,2,13,4,False,0.03642545510024826,0.5348811705205984,0.029082580537227787,0.029082580537227787,frozen_r1_top20,,,0.4779968805396197,0.7802723736486304,0.9635564139475431
10,Gammarus lacustris,,Malacostraca,Amphipoda,Gammaridae,Arthropoda,False,True,strong_50_plus,Strong (50+ protective contexts),100,74,2,14,2,False,0.03335246613794365,0.568233636658542,0.026414485234292073,0.026414485234292073,frozen_r1_top20,,,0.5044113657739118,0.8037351637820871,0.9709603612889615
11,Moina macrocopa,,Branchiopoda,Cladocera,Moinidae,Arthropoda,False,False,strong_50_plus,Strong (50+ protective contexts),80,56,3,0,3,False,0.03007742208962658,0.5983110587481687,0.023638456082785697,0.023638456082785697,frozen_r1_top20,,,0.5280498218566975,0.8237604462537113,0.9764539004427012
12,Gammarus pulex,,Malacostraca,Amphipoda,Gammaridae,Arthropoda,False,False,strong_50_plus,Strong (50+ protective contexts),147,80,26,0,4,False,0.02771713455245958,0.6260281933006282,0.021755179846934647,0.021755179846934647,frozen_r1_top20,,,0.5498050017036321,0.8404648567228905,0.9806748462392272
13,Paratya australiensis,,Malacostraca,Decapoda,Atyidae,Arthropoda,False,False,moderate_20_49,Moderate (20-49 protective contexts),29,16,0,0,2,False,0.02562880874855061,0.6516570020491786,0.02006533850315917,0.02006533850315917,frozen_r1_top20,,,0.5698703402067913,0.8574521864056883,0.9850231270967977
14,Gammarus pseudolimnaeus,,Malacostraca,Amphipoda,Gammaridae,Arthropoda,False,False,strong_50_plus,Strong (50+ protective contexts),100,71,3,5,3,False,0.023624490003750713,0.6752814920529295,0.018498732513941518,0.018498732513941518,frozen_r1_top20,,,0.5883690727207328,0.8700462883354452,0.987426793196493
15,Ceriodaphnia reticulata,,Branchiopoda,Diplostraca,Daphniidae,Arthropoda,False,False,moderate_20_49,Moderate (20-49 protective contexts),48,31,2,0,2,False,0.021131470942196445,0.6964129629951261,0.016516782933700624,0.016516782933700624,frozen_r1_top20,,,0.6048858556544334,0.8805846752278043,0.9893100329835729
16,Dugesia japonica,,Turbellaria,Tricladida,Planariidae,Platyhelminthes,False,False,moderate_20_49,Moderate (20-49 protective contexts),23,20,3,0,1,False,0.01934270007977017,0.7157556630748961,0.01515703248670952,0.01515703248670952,frozen_r1_top20,,,0.620042888141143,0.8885042706177896,0.9903852258209058
17,Chironomus dilutus,,Insecta,Diptera,Chironomidae,Arthropoda,False,False,strong_50_plus,Strong (50+ protective contexts),74,26,0,2,2,True,0.01782307587858186,0.733578738953478,0.014080260704999126,0.014080260704999126,frozen_r1_top20,,,0.6341231488461421,0.8966177905318763,0.9916368319107531
18,Daphnia similis,,Branchiopoda,Diplostraca,Daphniidae,Arthropoda,False,False,moderate_20_49,Moderate (20-49 protective contexts),21,15,4,0,2,False,0.016653583600084967,0.750232322553563,0.013183677266043858,0.013183677266043858,frozen_r1_top20,,,0.6473068261121859,0.9037822785227237,0.9926752172644816
19,Echinogammarus tibaldii,,Malacostraca,Amphipoda,Gammaridae,Arthropoda,False,False,moderate_20_49,Moderate (20-49 protective contexts),20,19,0,0,1,False,0.0154686495763292,0.7657009721298922,0.012357084623340286,0.012357084623340286,frozen_r1_top20,,,0.6596639107355262,0.9099989039469015,0.9934590775460908
20,Gammarus fossarum,,Malacostraca,Amphipoda,Gammaridae,Arthropoda,False,False,moderate_20_49,Moderate (20-49 protective contexts),44,18,17,0,3,False,0.014335372129499781,0.780036344259392,0.011543801692354694,0.011543801692354694,frozen_r1_top20,,,0.6712077124278809,0.9162218610897322,0.9943098068620642
21,Margaritifera falcata,,Bivalvia,Unionoida,Margaritiferidae,Mollusca,False,False,moderate_20_49,Moderate (20-49 protective contexts),26,10,0,7,1,False,0.013447306019976695,0.7934836502793686,0.010935355698566185,,extended_r1_greedy_order,,,0.6821430681264471,0.9212044547125429,0.9948429203975563
22,Megalonaias nervosa,,Bivalvia,Unionoida,Unionidae,Mollusca,False,False,moderate_20_49,Moderate (20-49 protective contexts),32,16,0,16,1,False,0.012428804659599488,0.8059124549389683,0.010202071930269785,,extended_r1_greedy_order,,,0.6923451400567169,0.9256308305939631,0.9952862031965205
23,Gammarus italicus,,Malacostraca,Amphipoda,Gammaridae,Arthropoda,False,False,moderate_20_49,Moderate (20-49 protective contexts),23,19,0,0,1,False,0.011324979427618535,0.8172374343665867,0.009377594242819587,,extended_r1_greedy_order,,,0.7017227342995365,0.9298446870634651,0.9957339981419578
24,Gastrophryne olivacea,,Amphibia,Anura,Microhylidae,Chordata,False,False,very_sparse_1_4,Very limited (1-4 protective contexts),1,1,1,7,1,False,0.010583327342888717,0.8278207617094754,0.008859365591129431,,extended_r1_greedy_order,,Very limited direct protective support; confirmatory testing is a high priority.,0.7105820998906659,0.9337083881590236,0.9961345352768982
25,Amblema plicata,,Bivalvia,Unionoida,Unionidae,Mollusca,False,False,moderate_20_49,Moderate (20-49 protective contexts),22,12,0,23,1,False,0.00992877091062118,0.8377495326200964,0.008419949401090032,,extended_r1_greedy_order,,,0.7190020492917559,0.9370942353047583,0.9964456961473416
26,Daphnia hyalina,,Branchiopoda,Diplostraca,Daphniidae,Arthropoda,False,False,sparse_5_19,Limited (5-19 protective contexts),13,13,0,0,1,False,0.009350047412892972,0.8470995800329897,0.008032484787452221,,extended_r1_greedy_order,,Limited direct protective support; interpret the rank with the reported uncertainty.,0.7270345340792082,0.940456591041335,0.9967821364891974
27,Ceriodaphnia quadrangula,,Branchiopoda,Diplostraca,Daphniidae,Arthropoda,False,False,moderate_20_49,Moderate (20-49 protective contexts),26,12,0,0,1,False,0.008719630702196049,0.8558192107351856,0.007614338961058564,,extended_r1_greedy_order,,,0.7346488730402667,0.9435328818756641,0.9970700022350131
28,Gammarus minus,,Malacostraca,Amphipoda,Gammaridae,Arthropoda,False,False,moderate_20_49,Moderate (20-49 protective contexts),20,18,0,7,1,False,0.008219378853841459,0.8640385895890271,0.007286881009048174,,extended_r1_greedy_order,,,0.7419357540493149,0.9463682154162321,0.9973125371385317
29,Cloeon dipterum,,Insecta,Ephemeroptera,Baetidae,Arthropoda,False,False,strong_50_plus,Strong (50+ protective contexts),80,53,3,8,2,False,0.007675725849474408,0.8717143154385014,0.0069283023065753735,,extended_r1_greedy_order,,,0.7488640563558903,0.9490265549403438,0.9975399217544634
30,Daphnia galeata,,Branchiopoda,Diplostraca,Daphniidae,Arthropoda,False,False,moderate_20_49,Moderate (20-49 protective contexts),35,19,2,2,1,False,0.007238414182473353,0.8789527296209748,0.006612714839428158,,extended_r1_greedy_order,,,0.7554767711953184,0.9515058444620881,0.9977506991523232
31,Hyalella meinerti,,Malacostraca,Amphipoda,Hyalellidae,Arthropoda,False,False,very_sparse_1_4,Very limited (1-4 protective contexts),3,2,0,0,1,False,0.00663242013446473,0.8855851497554396,0.006139675228874486,,extended_r1_greedy_order,,Very limited direct protective support; confirmatory testing is a high priority.,0.7616164464241929,0.9537968025631401,0.9979334845997938
32,Ceriodaphnia lacustris,,Branchiopoda,Diplostraca,Daphniidae,Arthropoda,False,False,very_sparse_1_4,Very limited (1-4 protective contexts),1,1,0,0,1,False,0.0062663050244546985,0.8918514547798941,0.00589884209686109,,extended_r1_greedy_order,,Very limited direct protective support; confirmatory testing is a high priority.,0.767515288521054,0.9559630130388959,0.9981066632855992
33,Jordanella floridae,,Actinopterygii,Cyprinodontiformes,Cyprinodontidae,Chordata,False,False,strong_50_plus,Strong (50+ protective contexts),77,32,5,2,4,False,0.005914975712493658,0.8977664304923879,0.005677601747888783,,extended_r1_greedy_order,,,0.7731928902689428,0.9578712932962817,0.9982381330236453
34,Lampsilis siliquoidea,,Bivalvia,Unionoida,Unionidae,Mollusca,False,False,strong_50_plus,Strong (50+ protective contexts),117,41,5,20,2,False,0.005577196083212227,0.9033436265756,0.005454688572505972,,extended_r1_greedy_order,,,0.7786475788414488,0.959620474030883,0.9983552454154032
35,Daphnia parvula,,Branchiopoda,Diplostraca,Daphniidae,Arthropoda,False,False,very_sparse_1_4,Very limited (1-4 protective contexts),1,1,0,2,1,False,0.005256480272343155,0.9086001068479432,0.00522208005983249,,extended_r1_greedy_order,,Very limited direct protective support; confirmatory testing is a high priority.,0.7838696589012812,0.9613507741739795,0.9984773889065232
36,Chironomus riparius,,Insecta,Diptera,Chironomidae,Arthropoda,False,False,strong_50_plus,Strong (50+ protective contexts),192,95,17,0,3,False,0.0049701505710723765,0.9135702574190153,0.0050542149471831666,,extended_r1_greedy_order,,,0.7889238738484644,0.9628164348675416,0.9985646438106295
37,Daphnia rosea,,Branchiopoda,Diplostraca,Daphniidae,Arthropoda,False,False,very_sparse_1_4,Very limited (1-4 protective contexts),4,4,0,0,2,False,0.00469267604841594,0.9182629334674316,0.004850564282263603,,extended_r1_greedy_order,,Very limited direct protective support; confirmatory testing is a high priority.,0.793774438130728,0.9643642595627897,0.9986677753433943
38,Daphnia cephalata,,Branchiopoda,Diplostraca,Daphniidae,Arthropoda,False,False,very_sparse_1_4,Very limited (1-4 protective contexts),3,1,0,0,1,False,0.004428896957354198,0.922691830424786,0.00467218082222276,,extended_r1_greedy_order,,Very limited direct protective support; confirmatory testing is a high priority.,0.7984466189529508,0.9658230790187537,0.9987616128728268
39,Daphnia cucullata,,Branchiopoda,Diplostraca,Daphniidae,Arthropoda,False,False,sparse_5_19,Limited (5-19 protective contexts),13,13,0,0,1,False,0.004183257744585814,0.9268750881693718,0.00450525091230547,,extended_r1_greedy_order,,Limited direct protective support; interpret the rank with the reported uncertainty.,0.8029518698652562,0.9671523872236447,0.9988399583911257
40,Pteronarcys californica,,Insecta,Plecoptera,Pteronarcyidae,Arthropoda,False,False,strong_50_plus,Strong (50+ protective contexts),83,71,0,8,2,False,0.0039494710364027545,0.9308245592057744,0.004379221509964282,,extended_r1_greedy_order,,,0.8073310913752205,0.9685109586968887,0.9989268734277893
41,Macrobrachium nipponense,,Malacostraca,Decapoda,Palaemonidae,Arthropoda,False,False,moderate_20_49,Moderate (20-49 protective contexts),20,13,0,1,2,False,0.003729364058902298,0.9345539232646765,0.004216854161587902,,extended_r1_greedy_order,,,0.8115479455368084,0.9697390417558827,0.9989983638689532
42,Hyridella australis,,Bivalvia,Unionoida,Hyriidae,Mollusca,False,False,sparse_5_19,Limited (5-19 protective contexts),12,6,0,0,1,False,0.003512387640203189,0.9380663109048798,0.004050521543510377,,extended_r1_greedy_order,,Limited direct protective support; interpret the rank with the reported uncertainty.,0.8155984670803188,0.9710768606598994,0.9990840640840208
43,Tanytarsus dissimilis,,Insecta,Diptera,Chironomidae,Arthropoda,False,False,moderate_20_49,Moderate (20-49 protective contexts),34,27,1,1,2,False,0.0033223842943310784,0.9413886951992109,0.003914351589631493,,extended_r1_greedy_order,,,0.8195128186699503,0.9720971324894643,0.9991316820638241
44,Ceriodaphnia cornuta,,Branchiopoda,Diplostraca,Daphniidae,Arthropoda,False,False,very_sparse_1_4,Very limited (1-4 protective contexts),4,2,0,0,1,False,0.003102062222669812,0.9444907574218808,0.0037219290827641416,,extended_r1_greedy_order,,Very limited direct protective support; confirmatory testing is a high priority.,0.8232347477527144,0.9731588824341857,0.9991891442506796
45,Chironomus tentans,,Insecta,Diptera,Chironomidae,Arthropoda,False,False,strong_50_plus,Strong (50+ protective contexts),184,84,14,0,2,False,0.0029352236920112016,0.947425981113892,0.003625273646058802,,extended_r1_greedy_order,,,0.8268600213987732,0.9740569580905281,0.9992296028378417
46,Ceriodaphnia pulchella,,Branchiopoda,Diplostraca,Daphniidae,Arthropoda,False,False,sparse_5_19,Limited (5-19 protective contexts),7,3,0,0,1,False,0.0027744779491591016,0.9502004590630511,0.0034854114595093133,,extended_r1_greedy_order,,Limited direct protective support; interpret the rank with the reported uncertainty.,0.8303454328582826,0.9750180531385181,0.9992791448263395
47,Ceriodaphnia silvestrii,,Branchiopoda,Diplostraca,Daphniidae,Arthropoda,False,False,very_sparse_1_4,Very limited (1-4 protective contexts),2,2,0,0,2,False,0.0026275766276285537,0.9528280356906796,0.003379771839609802,,extended_r1_greedy_order,,Very limited direct protective support; confirmatory testing is a high priority.,0.8337252046978924,0.9759323433885105,0.9993248709872017
48,Daphnia retrocurva,,Branchiopoda,Diplostraca,Daphniidae,Arthropoda,False,False,very_sparse_1_4,Very limited (1-4 protective contexts),2,1,0,1,1,False,0.0024870276964298584,0.9553150633871093,0.0032695147307659767,,extended_r1_greedy_order,,Very limited direct protective support; confirmatory testing is a high priority.,0.8369947194286583,0.9767700222857499,0.9993645041957122
49,Daphnia spinulata,,Branchiopoda,Diplostraca,Daphniidae,Arthropoda,False,False,very_sparse_1_4,Very limited (1-4 protective contexts),2,2,1,0,1,False,0.0023464845885258477,0.9576615479756351,0.003157868767659555,,extended_r1_greedy_order,,Very limited direct protective support; confirmatory testing is a high priority.,0.8401525881963179,0.9775643014098309,0.9994010919511317
50,Daphnia gessneri,,Branchiopoda,Diplostraca,Daphniidae,Arthropoda,False,False,very_sparse_1_4,Very limited (1-4 protective contexts),2,1,0,0,1,False,0.002217314025009336,0.9598788620006447,0.003056318028067273,,extended_r1_greedy_order,,Very limited direct protective support; confirmatory testing is a high priority.,0.8432089062243852,0.9783211394527975,0.9994351107380597
51,Hyalella curvispina,,Malacostraca,Amphipoda,Hyalellidae,Arthropoda,False,False,sparse_5_19,Limited (5-19 protective contexts),14,9,0,0,1,False,0.0020999826600050955,0.9619788446606498,0.002980588704294407,,extended_r1_greedy_order,,Limited direct protective support; interpret the rank with the reported uncertainty.,0.8461894949286796,0.9790669949250037,0.999467573282462
52,Hyridella depressa,,Bivalvia,Unionoida,Hyriidae,Mollusca,False,False,sparse_5_19,Limited (5-19 protective contexts),12,6,0,0,1,False,0.001988566222733467,0.963967410883383,0.002899093864134117,,extended_r1_greedy_order,,Limited direct protective support; interpret the rank with the reported uncertainty.,0.8490885887928137,0.9798672446502177,0.999506586757436
53,Daphnia pulicaria,,Branchiopoda,Diplostraca,Daphniidae,Arthropoda,False,False,sparse_5_19,Limited (5-19 protective contexts),9,7,0,0,1,False,0.0018826926521868534,0.96585010353557,0.0027961608899272905,,extended_r1_greedy_order,,Limited direct protective support; interpret the rank with the reported uncertainty.,0.851884749682741,0.9805166197385695,0.9995328044647351
54,Hyridella drapeta,,Bivalvia,Unionoida,Hyriidae,Mollusca,False,False,sparse_5_19,Limited (5-19 protective contexts),12,6,0,0,1,False,0.0017763782121873672,0.9676264817477572,0.0027229226959492037,,extended_r1_greedy_order,,Limited direct protective support; interpret the rank with the reported uncertainty.,0.8546076723786902,0.981240523030206,0.9995659566686708
55,Daphnia sp.,,Branchiopoda,Diplostraca,Daphniidae,Arthropoda,False,False,moderate_20_49,Moderate (20-49 protective contexts),23,18,1,0,1,False,0.001676746619665092,0.9693032283674223,0.0026175863350471618,,extended_r1_greedy_order,,,0.8572252587137373,0.9818226701232512,0.9995880518649903
56,Daphnia obtusa,,Branchiopoda,Diplostraca,Daphniidae,Arthropoda,False,False,sparse_5_19,Limited (5-19 protective contexts),14,8,0,0,1,False,0.0015867657563939234,0.9708899941238163,0.0025415599349464246,,extended_r1_greedy_order,,Limited direct protective support; interpret the rank with the reported uncertainty.,0.8597668186486838,0.9823865370157628,0.99960917704594
57,Daphnia longispina,,Branchiopoda,Diplostraca,Daphniidae,Arthropoda,False,False,moderate_20_49,Moderate (20-49 protective contexts),30,13,1,0,2,False,0.0015005737520850538,0.9723905678759016,0.0024764640610115407,,extended_r1_greedy_order,,,0.8622432827096953,0.9829317231372746,0.9996296601553507
58,Thamnocephalus platyurus,,Branchiopoda,Anostraca,Thamnocephalidae,Arthropoda,False,False,moderate_20_49,Moderate (20-49 protective contexts),26,20,0,4,1,False,0.0014168627323337968,0.973807430608235,0.002400425297291675,,extended_r1_greedy_order,,,0.864643708006987,0.9834806629094525,0.9996502958639824
59,Daphnia catawba,,Branchiopoda,Diplostraca,Daphniidae,Arthropoda,False,False,very_sparse_1_4,Very limited (1-4 protective contexts),2,2,1,0,2,False,0.0013417223694896694,0.975149152977725,0.0023188246715899474,,extended_r1_greedy_order,,Very limited direct protective support; confirmatory testing is a high priority.,0.8669625326785769,0.9839710164695804,0.9996674232617326
60,Macrobrachium rosenbergii,,Malacostraca,Decapoda,Palaemonidae,Arthropoda,False,False,moderate_20_49,Moderate (20-49 protective contexts),38,24,4,0,2,False,0.001267511756193437,0.9764166647339184,0.002269591935669668,,extended_r1_greedy_order,,,0.8692321246142466,0.9844674708746564,0.999686683726919
61,Ceriodaphnia acanthina,,Branchiopoda,Diplostraca,Daphniidae,Arthropoda,False,False,very_sparse_1_4,Very limited (1-4 protective contexts),3,1,0,0,1,False,0.0012001473192966667,0.977616812053215,0.0021917977359009466,,extended_r1_greedy_order,,Very limited direct protective support; confirmatory testing is a high priority.,0.8714239223501475,0.9849318669964456,0.9997023845009587
62,Hyalella sp.,,Malacostraca,Amphipoda,Hyalellidae,Arthropoda,False,False,sparse_5_19,Limited (5-19 protective contexts),11,6,0,0,1,False,0.001136475874351587,0.9787532879275666,0.0021424124379234577,,extended_r1_greedy_order,,Limited direct protective support; interpret the rank with the reported uncertainty.,0.873566334788071,0.9853664840244364,0.9997160372034948
63,Lithobates pipiens,,Amphibia,Anura,Ranidae,Chordata,False,False,strong_50_plus,Strong (50+ protective contexts),209,64,8,28,4,False,0.0010775539581866717,0.9798308418857533,0.0020763815956108544,,extended_r1_greedy_order,,,0.8756427163836819,0.9857431367204039,0.9997262356188245
64,Ceriodaphnia rigaudi,,Branchiopoda,Diplostraca,Daphniidae,Arthropoda,False,False,sparse_5_19,Limited (5-19 protective contexts),6,6,0,0,1,False,0.0010215104002079822,0.9808523522859612,0.002021894619896658,,extended_r1_greedy_order,,Limited direct protective support; interpret the rank with the reported uncertainty.,0.8776646110035785,0.9861506485656769,0.9997392265783324
65,Cucumerunio novaehollandiae,,Bivalvia,Unionoida,Hyriidae,Mollusca,False,False,sparse_5_19,Limited (5-19 protective contexts),12,6,0,0,1,False,0.0009672815905086332,0.98181963387647,0.00197860733582067,,extended_r1_greedy_order,,Limited direct protective support; interpret the rank with the reported uncertainty.,0.8796432183393992,0.9865878548498881,0.9997543024754789
66,Palaemonetes kadiakensis,,Malacostraca,Decapoda,Palaemonidae,Arthropoda,False,False,moderate_20_49,Moderate (20-49 protective contexts),47,43,0,10,3,False,0.0009175918891052068,0.9827372257655749,0.0019324116045624784,,extended_r1_greedy_order,,,0.8815756299439617,0.9870038351119648,0.9997693548768309
67,Daphnia laevis,,Branchiopoda,Diplostraca,Daphniidae,Arthropoda,False,False,sparse_5_19,Limited (5-19 protective contexts),5,3,2,0,2,False,0.0008657357234006681,0.9836029614889757,0.0018524804527003669,,extended_r1_greedy_order,,Limited direct protective support; interpret the rank with the reported uncertainty.,0.883428110396662,0.9873529888411021,0.9997795178440948
68,Macrobrachium lamarrei,,Malacostraca,Decapoda,Palaemonidae,Arthropoda,False,False,moderate_20_49,Moderate (20-49 protective contexts),20,15,5,0,2,False,0.0008219830728951556,0.9844249445618709,0.0018237660181246174,,extended_r1_greedy_order,,,0.8852518764147866,0.9877148525488204,0.9997908430986746
69,Ceriodaphnia sp.,,Branchiopoda,Diplostraca,Daphniidae,Arthropoda,False,False,sparse_5_19,Limited (5-19 protective contexts),9,8,1,0,1,False,0.0007800676913173445,0.9852050122531884,0.0017704460741165828,,extended_r1_greedy_order,,Limited direct protective support; interpret the rank with the reported uncertainty.,0.8870223224889032,0.9880443545097732,0.9997999914289045
70,Xenopus laevis,,Amphibia,Anura,Pipidae,Chordata,False,False,strong_50_plus,Strong (50+ protective contexts),358,123,34,1,4,False,0.0007375492152863662,0.9859425614684747,0.0017478365159104836,,extended_r1_greedy_order,,,0.8887701590048137,0.9882864528034486,0.9998042992870171
71,Daphnia similoides,,Branchiopoda,Diplostraca,Daphniidae,Arthropoda,False,False,sparse_5_19,Limited (5-19 protective contexts),8,2,0,0,1,False,0.0006956950071657896,0.9866382564756406,0.001659106180987635,,extended_r1_greedy_order,,Limited direct protective support; interpret the rank with the reported uncertainty.,0.8904292651858013,0.9885787887102486,0.9998120257749292
72,Nemoura cinerea,,Insecta,Plecoptera,Nemouridae,Arthropoda,False,False,sparse_5_19,Limited (5-19 protective contexts),13,13,0,0,1,False,0.000661066614521719,0.9872993230901621,0.0016375952010523331,,extended_r1_greedy_order,,Limited direct protective support; interpret the rank with the reported uncertainty.,0.8920668603868537,0.988835837186908,0.9998177493098196
73,Gammarus sp.,,Malacostraca,Amphipoda,Gammaridae,Arthropoda,False,False,sparse_5_19,Limited (5-19 protective contexts),17,16,0,0,2,False,0.0006263498279899873,0.9879256729181525,0.001599936990431594,,extended_r1_greedy_order,,Limited direct protective support; interpret the rank with the reported uncertainty.,0.8936667973772853,0.9891086408828258,0.9998244138602113
74,Gammarus elvirae,,Malacostraca,Amphipoda,Gammaridae,Arthropoda,False,False,very_sparse_1_4,Very limited (1-4 protective contexts),1,1,0,0,1,False,0.0005897653754036876,0.9885154382935558,0.0015418674274115807,,extended_r1_greedy_order,,Very limited direct protective support; confirmatory testing is a high priority.,0.8952086648046969,0.9893859305167917,0.999831597021195
75,Gammarus roeseli,,Malacostraca,Amphipoda,Gammaridae,Arthropoda,False,False,sparse_5_19,Limited (5-19 protective contexts),13,10,3,0,2,False,0.0005586629990011762,0.9890741012925571,0.0015055531913585884,,extended_r1_greedy_order,,Limited direct protective support; interpret the rank with the reported uncertainty.,0.8967142179960554,0.9896402407017072,0.9998378735220699
76,Simocephalus vetulus,,Branchiopoda,Diplostraca,Daphniidae,Arthropoda,False,False,moderate_20_49,Moderate (20-49 protective contexts),32,20,2,0,3,False,0.0005291349929358792,0.989603236285493,0.0014544764543625854,,extended_r1_greedy_order,,,0.898168694450418,0.9898957246736503,0.9998443971158879
77,Aquarana catesbeiana,,Amphibia,Anura,Ranidae,Chordata,False,False,strong_50_plus,Strong (50+ protective contexts),106,49,14,0,3,False,0.0005027308699471424,0.9901059671554401,0.001431876511183816,,extended_r1_greedy_order,,,0.8996005709616018,0.9901072913153567,0.9998485312143047
78,Utterbackia imbecillis,,Bivalvia,Unionoida,Unionidae,Mollusca,False,False,strong_50_plus,Strong (50+ protective contexts),54,26,0,34,2,False,0.0004782961145983832,0.9905842632700385,0.0013990861945077926,,extended_r1_greedy_order,,,0.9009996571561096,0.9903244705871603,0.9998532698246451
79,Daphnia lumholtzi,,Branchiopoda,Diplostraca,Daphniidae,Arthropoda,False,False,sparse_5_19,Limited (5-19 protective contexts),8,7,0,0,1,False,0.00045505677988567347,0.9910393200499241,0.0013547466590657642,,extended_r1_greedy_order,,Limited direct protective support; interpret the rank with the reported uncertainty.,0.9023544038151754,0.9905492385419051,0.9998588181456857
80,Moina dubia,,Branchiopoda,Cladocera,Moinidae,Arthropoda,False,False,very_sparse_1_4,Very limited (1-4 protective contexts),2,2,0,0,1,False,0.0004318886649190944,0.9914712087148432,0.0013358843778398244,,extended_r1_greedy_order,,Very limited direct protective support; confirmatory testing is a high priority.,0.9036902881930152,0.9907841508961517,0.9998645343823336
81,Brachionus calyciflorus,,Monogononta,Ploima,Brachionidae,Rotifera,False,False,strong_50_plus,Strong (50+ protective contexts),103,61,17,0,3,False,0.00041023664068898295,0.9918814453555322,0.001322045272865724,,extended_r1_greedy_order,,,0.905012333465881,0.9909707941098421,0.9998679684634398
82,Ceriodaphnia affinis,,Branchiopoda,Diplostraca,Daphniidae,Arthropoda,False,False,sparse_5_19,Limited (5-19 protective contexts),5,2,1,1,3,False,0.00038931682170205775,0.9922707621772342,0.0012669361136270485,,extended_r1_greedy_order,,Limited direct protective support; interpret the rank with the reported uncertainty.,0.906279269579508,0.9911832707927176,0.9998732263566886
83,Asellus aquaticus,,Malacostraca,Isopoda,Asellidae,Arthropoda,False,False,strong_50_plus,Strong (50+ protective contexts),105,62,17,0,4,False,0.0003700396694921625,0.9926408018467264,0.0012570801205911142,,extended_r1_greedy_order,,,0.9075363497000991,0.9913570540185052,0.9998763147257175
84,Etheostoma fonticola,,Actinopterygii,Perciformes,Percidae,Chordata,False,False,moderate_20_49,Moderate (20-49 protective contexts),20,6,0,1,1,False,0.0003489793925019506,0.9929897812392282,0.0012115489605190044,,extended_r1_greedy_order,,,0.9087478986606181,0.991562092152349,0.999881159101294
85,Gammarus orinos,,Malacostraca,Amphipoda,Gammaridae,Arthropoda,False,False,very_sparse_1_4,Very limited (1-4 protective contexts),1,1,0,0,1,False,0.0003310592800895102,0.9933208405193179,0.0011807806564674284,,extended_r1_greedy_order,,Very limited direct protective support; confirmatory testing is a high priority.,0.9099286793170855,0.9917509051797331,0.999885381961305
86,Baetis rhodani,,Insecta,Ephemeroptera,Baetidae,Arthropoda,False,False,sparse_5_19,Limited (5-19 protective contexts),17,16,0,8,2,False,0.00031469362231683793,0.9936355341416346,0.0011581302481811218,,extended_r1_greedy_order,,Limited direct protective support; interpret the rank with the reported uncertainty.,0.9110868095652667,0.9919333753241159,0.9998894392372415
87,Lithobates sylvaticus,,Amphibia,Anura,Ranidae,Chordata,False,False,strong_50_plus,Strong (50+ protective contexts),97,34,3,34,2,False,0.00029842543442621213,0.9939339595760609,0.0011221344936861444,,extended_r1_greedy_order,,,0.9122089440589528,0.9920864175409129,0.999892107500528
88,Gammarus limnaeus,,Malacostraca,Amphipoda,Gammaridae,Arthropoda,False,False,very_sparse_1_4,Very limited (1-4 protective contexts),1,1,0,0,1,False,0.0002843564498984619,0.9942183160259593,0.001105503720825407,,extended_r1_greedy_order,,Very limited direct protective support; confirmatory testing is a high priority.,0.9133144477797782,0.9922582770223771,0.9998958179852289
89,Moina australiensis,,Branchiopoda,Cladocera,Moinidae,Arthropoda,False,False,very_sparse_1_4,Very limited (1-4 protective contexts),2,2,0,0,2,False,0.00027002034755935775,0.9944883363735187,0.001078123262021613,,extended_r1_greedy_order,,Very limited direct protective support; confirmatory testing is a high priority.,0.9143925710417998,0.9924311915998661,0.9998995835723956
90,Moina sp.,,Branchiopoda,Cladocera,Moinidae,Arthropoda,False,False,very_sparse_1_4,Very limited (1-4 protective contexts),1,1,0,0,1,False,0.0002555221153357026,0.9947438584888544,0.0010484353764810272,,extended_r1_greedy_order,,Very limited direct protective support; confirmatory testing is a high priority.,0.9154410064182809,0.9925969398351628,0.9999031463154864
91,Oncorhynchus mykiss,,Actinopterygii,Salmoniformes,Salmonidae,Chordata,False,False,strong_50_plus,Strong (50+ protective contexts),1056,473,198,2,5,True,0.00024349036516765823,0.9949873488540221,0.0010793963307310639,,extended_r1_greedy_order,,,0.9165204027490119,0.9927262272445624,0.9999054381431411
92,Aedes vexans,,Insecta,Diptera,Culicidae,Arthropoda,False,False,moderate_20_49,Moderate (20-49 protective contexts),23,21,0,47,2,False,0.000231566544811428,0.9952189153988337,0.0010092164683452864,,extended_r1_greedy_order,,,0.9175296192173572,0.9928881539404314,0.9999095781268796
93,Physa gyrina,,Gastropoda,Basommatophora,Physidae,Mollusca,False,False,moderate_20_49,Moderate (20-49 protective contexts),49,23,0,17,2,False,0.00022042864299835202,0.9954393440418321,0.000990113887985089,,extended_r1_greedy_order,,,0.9185197331053423,0.9930126593116054,0.9999115043695925
94,Gammarus tigrinus,,Malacostraca,Amphipoda,Gammaridae,Arthropoda,False,False,very_sparse_1_4,Very limited (1-4 protective contexts),2,2,0,1,1,False,0.00020915414993000428,0.9956484981917619,0.0009642803011137291,,extended_r1_greedy_order,,Very limited direct protective support; confirmatory testing is a high priority.,0.919484013406456,0.9931546686190571,0.9999143524055627
95,Lymnaea stagnalis,,Gastropoda,Basommatophora,Lymnaeidae,Mollusca,False,False,strong_50_plus,Strong (50+ protective contexts),123,62,15,15,3,False,0.00019603162781266418,0.9958445298195746,0.000934444560552472,,extended_r1_greedy_order,,,0.9204184579670085,0.9932648994561053,0.9999159381295425
96,Moina irrasa,,Branchiopoda,Cladocera,Moinidae,Arthropoda,False,False,sparse_5_19,Limited (5-19 protective contexts),5,3,0,0,1,False,0.00018687631607485538,0.9960314061356493,0.0009062807095056025,,extended_r1_greedy_order,,Limited direct protective support; interpret the rank with the reported uncertainty.,0.9213247386765141,0.993407801980194,0.9999188630173321
97,Alathyria profuga,,Bivalvia,Unionoida,Hyriidae,Mollusca,False,False,sparse_5_19,Limited (5-19 protective contexts),12,6,0,0,1,False,0.0001776699184359919,0.9962090760540855,0.0008899120401972826,,extended_r1_greedy_order,,Limited direct protective support; interpret the rank with the reported uncertainty.,0.9222146507167114,0.993549254403232,0.9999220278493003
98,Moina rectirostris,,Branchiopoda,Cladocera,Moinidae,Arthropoda,False,False,very_sparse_1_4,Very limited (1-4 protective contexts),3,1,0,0,1,False,0.0001696574985289592,0.9963787335526144,0.0008710468840404939,,extended_r1_greedy_order,,Very limited direct protective support; confirmatory testing is a high priority.,0.9230856976007519,0.9936762617733157,0.999924476360889
99,Macrobrachium malcolmsonii,,Malacostraca,Decapoda,Palaemonidae,Arthropoda,False,False,sparse_5_19,Limited (5-19 protective contexts),13,6,3,0,2,False,0.00016198939366035689,0.9965407229462746,0.0008605324877900555,,extended_r1_greedy_order,,Limited direct protective support; interpret the rank with the reported uncertainty.,0.9239462300885419,0.9937957876153916,0.999926802388313
100,Chironomus plumosus,,Insecta,Diptera,Chironomidae,Arthropoda,False,False,strong_50_plus,Strong (50+ protective contexts),56,43,1,1,2,False,0.00015468863059651494,0.9966954115768714,0.0008381623343878264,,extended_r1_greedy_order,,,0.9247843924229298,0.993894724356037,0.9999283074078906
101,Echinogammarus stammeri,,Malacostraca,Amphipoda,Gammaridae,Arthropoda,False,False,very_sparse_1_4,Very limited (1-4 protective contexts),1,1,0,0,1,False,0.00014751315277786682,0.9968429247296492,0.0008298163575525264,,extended_r1_greedy_order,,Very limited direct protective support; confirmatory testing is a high priority.,0.9256142087804823,0.9940049881474708,0.9999302421243825
102,Hydra oligactis,,Hydrozoa,Hydroida,Hydridae,Cnidaria,False,False,moderate_20_49,Moderate (20-49 protective contexts),21,19,0,7,1,False,0.00014082537422384353,0.996983750103873,0.0008180216071597135,,extended_r1_greedy_order,,,0.926432230387642,0.9941016506574005,0.9999316730833955
103,Gammarus duebeni,,Malacostraca,Amphipoda,Gammaridae,Arthropoda,False,False,very_sparse_1_4,Very limited (1-4 protective contexts),4,3,0,0,1,False,0.0001338278613539359,0.9971175779652267,0.000796280962583884,,extended_r1_greedy_order,,Very limited direct protective support; confirmatory testing is a high priority.,0.9272285113502259,0.9942098031447862,0.9999336805463389
104,Anopheles quadrimaculatus,,Insecta,Diptera,Culicidae,Arthropoda,False,False,moderate_20_49,Moderate (20-49 protective contexts),28,25,0,25,1,False,0.00012748571795763647,0.9972450636831844,0.0007814121205460545,,extended_r1_greedy_order,,,0.9280099234707719,0.9943168728600456,0.9999357559688143
105,Paratya curvirostris,,Malacostraca,Decapoda,Atyidae,Arthropoda,False,False,very_sparse_1_4,Very limited (1-4 protective contexts),1,1,0,0,2,False,0.00012156514441007478,0.9973666288275946,0.0007675870320112965,,extended_r1_greedy_order,,Very limited direct protective support; confirmatory testing is a high priority.,0.9287775105027832,0.9944297153383869,0.9999379431365568
106,Caridina laevis,,Malacostraca,Decapoda,Atyidae,Arthropoda,False,False,sparse_5_19,Limited (5-19 protective contexts),13,7,0,0,2,False,0.00011561316772878428,0.9974822419953233,0.0007520316908178337,,extended_r1_greedy_order,,Limited direct protective support; interpret the rank with the reported uncertainty.,0.9295295421936011,0.9945348079865638,0.9999397108943496
107,Velesunio ambiguus,,Bivalvia,Unionoida,Hyriidae,Mollusca,False,False,sparse_5_19,Limited (5-19 protective contexts),13,7,1,0,1,False,0.00011007170539218051,0.9975923137007155,0.00073592189711158,,extended_r1_greedy_order,,Limited direct protective support; interpret the rank with the reported uncertainty.,0.9302654640907126,0.9946413696269844,0.9999418033263783
108,Notonecta sp.,,Insecta,Heteroptera,Notonectidae,Arthropoda,False,False,sparse_5_19,Limited (5-19 protective contexts),18,13,0,0,1,False,0.00010520702527155156,0.997697520725987,0.0007220116943111865,,extended_r1_greedy_order,,Limited direct protective support; interpret the rank with the reported uncertainty.,0.9309874757850238,0.9947316075591385,0.9999433025251965
109,Echinogammarus echinosetosus,,Malacostraca,Amphipoda,Gammaridae,Arthropoda,False,False,sparse_5_19,Limited (5-19 protective contexts),5,3,0,0,1,False,0.00010048835432752461,0.9977980090803147,0.0007116436615316468,,extended_r1_greedy_order,,Limited direct protective support; interpret the rank with the reported uncertainty.,0.9316991194465555,0.9948212299367584,0.9999447624947452
110,Aedes punctor,,Insecta,Diptera,Culicidae,Arthropoda,False,False,moderate_20_49,Moderate (20-49 protective contexts),21,20,0,7,1,False,9.596628576452062e-05,0.9978939753660793,0.0006987661609972884,,extended_r1_greedy_order,,,0.9323978856075528,0.9949127617943014,0.9999464023931983
111,Pteronarcella badia,,Insecta,Plecoptera,Pteronarcyidae,Arthropoda,False,False,sparse_5_19,Limited (5-19 protective contexts),19,19,0,0,1,False,9.160107329237951e-05,0.9979855764393714,0.0006889390977241616,,extended_r1_greedy_order,,Limited direct protective support; interpret the rank with the reported uncertainty.,0.9330868247052769,0.9950142380319903,0.999948459992808
112,Diaptomus sp.,,Maxillopoda,Calanoida,Diaptomidae,Arthropoda,False,False,sparse_5_19,Limited (5-19 protective contexts),16,15,0,0,1,False,8.756929876170623e-05,0.9980731457381332,0.000681701851237726,,extended_r1_greedy_order,,Limited direct protective support; interpret the rank with the reported uncertainty.,0.9337685265565147,0.9950972802813185,0.9999497331583501
113,Ambystoma mexicanum,,Amphibia,Caudata,Ambystomatidae,Chordata,False,False,moderate_20_49,Moderate (20-49 protective contexts),23,16,2,0,2,False,8.365915767567835e-05,0.9981568048958088,0.0006649353596706042,,extended_r1_greedy_order,,,0.9344334619161853,0.9951671379498912,0.9999506125098921
114,Isonychia sp.,,Insecta,Ephemeroptera,Isonychiidae,Arthropoda,False,False,sparse_5_19,Limited (5-19 protective contexts),15,14,0,0,2,False,7.97683492657161e-05,0.9982365732450746,0.0006558567505424717,,extended_r1_greedy_order,,Limited direct protective support; interpret the rank with the reported uncertainty.,0.9350893186667277,0.9952430635905227,0.9999517388492637
115,Epioblasma capsaeformis,,Bivalvia,Unionoida,Unionidae,Mollusca,False,False,sparse_5_19,Limited (5-19 protective contexts),16,7,0,2,1,False,7.621882314884864e-05,0.9983127920682234,0.0006438299784334856,,extended_r1_greedy_order,,Limited direct protective support; interpret the rank with the reported uncertainty.,0.9357331486451612,0.9953247175200484,0.9999530577528821
116,Gammarus kischineffensis,,Malacostraca,Amphipoda,Gammaridae,Arthropoda,False,False,sparse_5_19,Limited (5-19 protective contexts),6,5,0,0,2,False,7.280094189621454e-05,0.9983855930101199,0.000632372562685668,,extended_r1_greedy_order,,Limited direct protective support; interpret the rank with the reported uncertainty.,0.9363655212078469,0.9954013423064364,0.9999542499443661
117,Hexagenia sp.,,Insecta,Ephemeroptera,Ephemeridae,Arthropoda,False,False,moderate_20_49,Moderate (20-49 protective contexts),28,18,4,0,1,False,6.960356741109399e-05,0.9984551965775308,0.0006252939778467193,,extended_r1_greedy_order,,,0.9369908151856936,0.995466925249982,0.9999551237065181
118,Macrobrachium amazonicum,,Malacostraca,Decapoda,Palaemonidae,Arthropoda,False,False,very_sparse_1_4,Very limited (1-4 protective contexts),2,2,1,0,1,False,6.653087094129795e-05,0.9985217274484722,0.0006121641702296898,,extended_r1_greedy_order,,Very limited direct protective support; confirmatory testing is a high priority.,0.9376029793559233,0.9955415134247809,0.9999563575465635
119,Salmo trutta,,Actinopterygii,Salmoniformes,Salmonidae,Chordata,False,False,strong_50_plus,Strong (50+ protective contexts),169,91,24,2,4,False,6.355152832774049e-05,0.9985852789767997,0.0006023846156639756,,extended_r1_greedy_order,,,0.9382053639715873,0.9956062832099957,0.9999572714535864
120,Macrobrachium superbum,,Malacostraca,Decapoda,Palaemonidae,Arthropoda,False,False,very_sparse_1_4,Very limited (1-4 protective contexts),3,2,0,0,1,False,6.0761677535708456e-05,0.9986460406543353,0.0005930846735190398,,extended_r1_greedy_order,,Very limited direct protective support; confirmatory testing is a high priority.,0.9387984486451063,0.9956771360583925,0.9999584110201547
121,Simocephalus sp.,,Branchiopoda,Diplostraca,Daphniidae,Arthropoda,False,False,very_sparse_1_4,Very limited (1-4 protective contexts),1,1,0,0,1,False,5.812620275307406e-05,0.9987041668570885,0.0005751722279832006,,extended_r1_greedy_order,,Very limited direct protective support; confirmatory testing is a high priority.,0.9393736208730895,0.9957454162480608,0.999959463224299
122,Simocephalus exspinosus,,Branchiopoda,Diplostraca,Daphniidae,Arthropoda,False,False,very_sparse_1_4,Very limited (1-4 protective contexts),3,2,0,5,1,False,5.558256435758717e-05,0.9987597494214462,0.000566722988079138,,extended_r1_greedy_order,,Very limited direct protective support; confirmatory testing is a high priority.,0.9399403438611686,0.995812197406067,0.9999604810900342
123,Dugesia lugubris,,Turbellaria,Tricladida,Planariidae,Platyhelminthes,False,False,sparse_5_19,Limited (5-19 protective contexts),19,15,0,0,1,False,5.314716053451802e-05,0.9988128965819807,0.0005767172452187941,,extended_r1_greedy_order,,Limited direct protective support; interpret the rank with the reported uncertainty.,0.9405170611063874,0.9958693618774425,0.9999611479617342
124,Macrobrachium carcinus,,Malacostraca,Decapoda,Palaemonidae,Arthropoda,False,False,very_sparse_1_4,Very limited (1-4 protective contexts),2,2,2,2,1,False,5.0833564847122294e-05,0.9988637301468276,0.0005591889490875745,,extended_r1_greedy_order,,Very limited direct protective support; confirmatory testing is a high priority.,0.941076250055475,0.9959352186586714,0.9999621849182688
125,Palaemonetes argentinus,,Malacostraca,Decapoda,Palaemonidae,Arthropoda,False,False,sparse_5_19,Limited (5-19 protective contexts),7,3,3,0,1,False,4.838839792657211e-05,0.9989121185447544,0.0005491827488181,,extended_r1_greedy_order,,Limited direct protective support; interpret the rank with the reported uncertainty.,0.9416254328042931,0.995999922598223,0.999963182994259
126,Echinogammarus meridionalis,,Malacostraca,Amphipoda,Gammaridae,Arthropoda,False,False,very_sparse_1_4,Very limited (1-4 protective contexts),3,3,3,0,1,False,4.615468449790958e-05,0.9989582732292522,0.0005391780694443682,,extended_r1_greedy_order,,Very limited direct protective support; confirmatory testing is a high priority.,0.9421646108737375,0.9960592504310272,0.9999639909553568
127,Hyla chrysoscelis,,Amphibia,Anura,Hylidae,Chordata,False,False,moderate_20_49,Moderate (20-49 protective contexts),23,8,2,31,2,False,4.417717658012388e-05,0.9990024504058322,0.0005291660678503618,,extended_r1_greedy_order,,,0.9426937769415878,0.996118875407928,0.99996485959806
128,Macrobrachium lar,,Malacostraca,Decapoda,Palaemonidae,Arthropoda,False,False,sparse_5_19,Limited (5-19 protective contexts),9,5,0,0,1,False,4.227162144630781e-05,0.9990447220272787,0.00052299169775194,,extended_r1_greedy_order,,Limited direct protective support; interpret the rank with the reported uncertainty.,0.9432167686393398,0.9961790862541907,0.9999657713785434
129,Macrobrachium lanchesteri,,Malacostraca,Decapoda,Palaemonidae,Arthropoda,False,False,sparse_5_19,Limited (5-19 protective contexts),15,7,0,0,1,False,4.044059114908364e-05,0.9990851626184278,0.000515323003186019,,extended_r1_greedy_order,,Limited direct protective support; interpret the rank with the reported uncertainty.,0.9437320916425258,0.9962414938317885,0.9999667734608242
130,Palaemonetes africanus,,Malacostraca,Decapoda,Palaemonidae,Arthropoda,False,False,very_sparse_1_4,Very limited (1-4 protective contexts),1,1,0,0,1,False,3.8638355384538046e-05,0.9991238009738124,0.0005081700408954282,,extended_r1_greedy_order,,Very limited direct protective support; confirmatory testing is a high priority.,0.9442402616834212,0.9963003415874561,0.9999676682231694
131,Macrobrachium ferreirai,,Malacostraca,Decapoda,Palaemonidae,Arthropoda,False,False,very_sparse_1_4,Very limited (1-4 protective contexts),2,2,0,0,1,False,3.687155903528543e-05,0.9991606725328473,0.0004992598079283095,,extended_r1_greedy_order,,Very limited direct protective support; confirmatory testing is a high priority.,0.9447395214913495,0.9963559103988144,0.9999684757993319
132,Macrobrachium naso,,Malacostraca,Decapoda,Palaemonidae,Arthropoda,False,False,very_sparse_1_4,Very limited (1-4 protective contexts),2,2,0,0,1,False,3.502285108413144e-05,0.9991956953839318,0.00048612198564035314,,extended_r1_greedy_order,,Very limited direct protective support; confirmatory testing is a high priority.,0.9452256434769899,0.9964096967508551,0.99996924887525
133,Macrobrachium sp.,,Malacostraca,Decapoda,Palaemonidae,Arthropoda,False,False,very_sparse_1_4,Very limited (1-4 protective contexts),3,3,0,0,1,False,3.3470757439274926e-05,0.9992291661413708,0.0004782789907056273,,extended_r1_greedy_order,,Very limited direct protective support; confirmatory testing is a high priority.,0.9457039224676955,0.996462324279856,0.9999700057483155
134,Caridina rajadhari,,Malacostraca,Decapoda,Atyidae,Arthropoda,False,False,sparse_5_19,Limited (5-19 protective contexts),6,6,1,0,2,False,3.194236392136666e-05,0.9992611085052925,0.0004725643334355656,,extended_r1_greedy_order,,Limited direct protective support; interpret the rank with the reported uncertainty.,0.9461764868011311,0.9965129229221469,0.9999706375715555
135,Echinogammarus berilloni,,Malacostraca,Amphipoda,Gammaridae,Arthropoda,False,False,very_sparse_1_4,Very limited (1-4 protective contexts),3,3,0,0,1,False,3.0602040197338835e-05,0.9992917105454898,0.00046508414492563155,,extended_r1_greedy_order,,Very limited direct protective support; confirmatory testing is a high priority.,0.9466415709460567,0.9965607599685106,0.9999712287032084
136,Margaritifera margaritifera,,Bivalvia,Unionoida,Margaritiferidae,Mollusca,False,False,sparse_5_19,Limited (5-19 protective contexts),12,5,1,9,1,False,2.9299974819949492e-05,0.9993210105203096,0.00045977201433189396,,extended_r1_greedy_order,,Limited direct protective support; interpret the rank with the reported uncertainty.,0.9471013429603886,0.9966057682331535,0.9999717522945233
137,Oryzias latipes,,Actinopterygii,Beloniformes,Adrianichthyidae,Chordata,False,False,strong_50_plus,Strong (50+ protective contexts),380,170,60,0,5,False,2.807670921136656e-05,0.999349087229521,0.00045372273218446946,,extended_r1_greedy_order,,,0.9475550656925731,0.9966451060378293,0.9999721341149795
138,Palaemonetes vulgaris,,Malacostraca,Decapoda,Palaemonidae,Arthropoda,False,False,very_sparse_1_4,Very limited (1-4 protective contexts),2,1,0,8,1,False,2.689735759913679e-05,0.9993759845871202,0.0004521595458547578,,extended_r1_greedy_order,,Very limited direct protective support; confirmatory testing is a high priority.,0.9480072252384278,0.9966937859594758,0.999972813447712
139,Aedes sticticus,,Insecta,Diptera,Culicidae,Arthropoda,False,False,sparse_5_19,Limited (5-19 protective contexts),15,13,0,21,1,False,2.5772291552237698e-05,0.9994017568786726,0.0004382624128406176,,extended_r1_greedy_order,,Limited direct protective support; interpret the rank with the reported uncertainty.,0.9484454876512685,0.9967405887993436,0.9999734753004083
140,Planorbella trivolvis,,Gastropoda,Basommatophora,Planorbidae,Mollusca,False,False,moderate_20_49,Moderate (20-49 protective contexts),39,22,4,44,3,False,2.4540759240599568e-05,0.999426297637913,0.0004334017294703729,,extended_r1_greedy_order,,,0.9488788893807388,0.9967784223003464,0.9999738417757862
141,Simocephalus mixtus,,Branchiopoda,Diplostraca,Daphniidae,Arthropoda,False,False,very_sparse_1_4,Very limited (1-4 protective contexts),2,2,0,3,1,False,2.34632343267357e-05,0.9994497608722397,0.0004135984879952703,,extended_r1_greedy_order,,Very limited direct protective support; confirmatory testing is a high priority.,0.9492924878687341,0.9968214132433817,0.999974396825339
142,Marisa cornuarietis,,Gastropoda,Architaenioglossa,Ampullariidae,Mollusca,False,False,moderate_20_49,Moderate (20-49 protective contexts),30,13,0,0,2,False,2.2474842472502322e-05,0.9994722357147121,0.000421566650671501,,extended_r1_greedy_order,,,0.9497140545194056,0.9968590461453747,0.9999747828742215
143,Aedes cantans,,Insecta,Diptera,Culicidae,Arthropoda,False,False,moderate_20_49,Moderate (20-49 protective contexts),23,22,0,0,2,False,2.1511025466785982e-05,0.999493746740179,0.00041216733762938773,,extended_r1_greedy_order,,,0.950126221857035,0.9969064438246386,0.999975563956751
144,Macrobrachium hendersodayanus,,Malacostraca,Decapoda,Palaemonidae,Arthropoda,False,False,very_sparse_1_4,Very limited (1-4 protective contexts),4,4,3,0,1,False,2.0577864698337828e-05,0.9995143246048772,0.00040536908940769223,,extended_r1_greedy_order,,Very limited direct protective support; confirmatory testing is a high priority.,0.9505315909464427,0.9969483230078853,0.9999761100911682
145,Palaemonetes varians,,Malacostraca,Decapoda,Palaemonidae,Arthropoda,False,False,very_sparse_1_4,Very limited (1-4 protective contexts),1,1,0,0,1,False,1.9724756603128615e-05,0.9995340493614807,0.0004013566802019142,,extended_r1_greedy_order,,Very limited direct protective support; confirmatory testing is a high priority.,0.9509329476266446,0.9969906545099745,0.999976675379546
146,Lampsilis fasciola,,Bivalvia,Unionoida,Unionidae,Mollusca,False,False,sparse_5_19,Limited (5-19 protective contexts),18,7,2,12,2,False,1.8889241401495976e-05,0.9995529386028819,0.0003956621546981065,,extended_r1_greedy_order,,Limited direct protective support; interpret the rank with the reported uncertainty.,0.9513286097813427,0.9970292156511529,0.9999771331082602
147,Culiseta annulata,,Insecta,Diptera,Culicidae,Arthropoda,False,False,moderate_20_49,Moderate (20-49 protective contexts),21,21,0,0,1,False,1.8100051133467777e-05,0.9995710386540153,0.000389821764103071,,extended_r1_greedy_order,,,0.9517184315454458,0.997069588270658,0.9999776509159377
148,Lecane quadridentata,,Monogononta,Ploima,Lecanidae,Rotifera,False,False,sparse_5_19,Limited (5-19 protective contexts),14,10,0,9,1,False,1.7339888423125663e-05,0.9995883785424386,0.00038868213595089074,,extended_r1_greedy_order,,Limited direct protective support; interpret the rank with the reported uncertainty.,0.9521071136813967,0.9971020124711364,0.999977951808545
149,Culex quinquefasciatus,,Insecta,Diptera,Culicidae,Arthropoda,False,False,strong_50_plus,Strong (50+ protective contexts),117,65,1,16,3,False,1.6598915048822832e-05,0.9996049774574876,0.0003804751441982557,,extended_r1_greedy_order,,,0.9524875888255949,0.9971384072982822,0.9999783880864754
150,Caridina sp.,,Malacostraca,Decapoda,Atyidae,Arthropoda,False,False,very_sparse_1_4,Very limited (1-4 protective contexts),1,1,0,0,1,False,1.588565854002927e-05,0.9996208631160275,0.0003753546219071868,,extended_r1_greedy_order,,Very limited direct protective support; confirmatory testing is a high priority.,0.9528629434475021,0.9971757298418256,0.9999788002286868
151,Simocephalus serrulatus,,Branchiopoda,Diplostraca,Daphniidae,Arthropoda,False,False,moderate_20_49,Moderate (20-49 protective contexts),27,23,1,11,1,False,1.5221702743921569e-05,0.9996360848187714,0.0003577072888396593,,extended_r1_greedy_order,,,0.9532206507363418,0.9972117678649575,0.999979241405755
152,Caridina weberi,,Malacostraca,Decapoda,Atyidae,Arthropoda,False,False,very_sparse_1_4,Very limited (1-4 protective contexts),1,1,1,0,2,False,1.4574352543566583e-05,0.9996506591713148,0.00036521144823831175,,extended_r1_greedy_order,,Very limited direct protective support; confirmatory testing is a high priority.,0.9535858621845801,0.9972475992617477,0.9999796303169033
153,Lepomis macrochirus,,Actinopterygii,Perciformes,Centrarchidae,Chordata,False,False,strong_50_plus,Strong (50+ protective contexts),704,402,63,14,4,True,1.396005657500693e-05,0.9996646192278899,0.00037798505488340073,,extended_r1_greedy_order,,,0.9539638472394635,0.9972761187725391,0.9999798893709605
154,Anodonta imbecillis,,Bivalvia,Unionoida,Unionidae,Mollusca,False,False,sparse_5_19,Limited (5-19 protective contexts),13,13,0,34,2,False,1.338467221863773e-05,0.9996780039001087,0.0003539446171499927,,extended_r1_greedy_order,,Limited direct protective support; interpret the rank with the reported uncertainty.,0.9543177918566135,0.9973064809137373,0.9999801885198023
155,Macrobrachium kistnensis,,Malacostraca,Decapoda,Palaemonidae,Arthropoda,False,False,sparse_5_19,Limited (5-19 protective contexts),8,8,3,0,2,False,1.2823515000475304e-05,0.9996908274151091,0.0003482028130242787,,extended_r1_greedy_order,,Limited direct protective support; interpret the rank with the reported uncertainty.,0.9546659946696378,0.9973404939236913,0.9999806011277803
156,Hydra vulgaris,,Hydrozoa,Hydroida,Hydridae,Cnidaria,False,False,moderate_20_49,Moderate (20-49 protective contexts),26,15,5,3,1,False,1.2297454420437307e-05,0.9997031248695296,0.00034792522295989947,,extended_r1_greedy_order,,,0.9550139198925977,0.9973708816696014,0.9999808985347202
157,Chironomus xanthus,,Insecta,Diptera,Chironomidae,Arthropoda,False,False,sparse_5_19,Limited (5-19 protective contexts),5,3,1,0,1,False,1.179850436350342e-05,0.999714923373893,0.00033111644354921754,,extended_r1_greedy_order,,Limited direct protective support; interpret the rank with the reported uncertainty.,0.9553450363361469,0.9974004713812235,0.9999812157118012
158,Caridina indistincta,,Malacostraca,Decapoda,Atyidae,Arthropoda,False,False,very_sparse_1_4,Very limited (1-4 protective contexts),2,2,0,0,1,False,1.1301978936044292e-05,0.9997262253528291,0.0003375498503102037,,extended_r1_greedy_order,,Very limited direct protective support; confirmatory testing is a high priority.,0.9556825861864571,0.9974326764353085,0.9999815552611923
159,Aedes aegypti,,Insecta,Diptera,Culicidae,Arthropoda,False,False,strong_50_plus,Strong (50+ protective contexts),180,97,20,14,3,False,1.083908926313207e-05,0.9997370644420921,0.0003364998171110356,,extended_r1_greedy_order,,,0.9560190860035681,0.9974621792508277,0.9999818688351484
160,Chironomus sp.,,Insecta,Diptera,Chironomidae,Arthropoda,False,False,moderate_20_49,Moderate (20-49 protective contexts),32,24,1,0,1,False,1.0380261522472363e-05,0.9997474447036145,0.00031870782422227517,,extended_r1_greedy_order,,,0.9563377938277904,0.9974898430745812,0.9999821413416573
161,Palaemonetes paludosus,,Malacostraca,Decapoda,Palaemonidae,Arthropoda,False,False,sparse_5_19,Limited (5-19 protective contexts),5,2,0,13,1,False,9.967223285047977e-06,0.9997574119268997,0.00032560381472079847,,extended_r1_greedy_order,,Limited direct protective support; interpret the rank with the reported uncertainty.,0.9566633976425112,0.9975215287814719,0.9999825215175908
162,Moina micrura,,Branchiopoda,Cladocera,Moinidae,Arthropoda,False,False,moderate_20_49,Moderate (20-49 protective contexts),20,11,2,0,2,False,9.563397106566442e-06,0.9997669753240066,0.0003190757191773308,,extended_r1_greedy_order,,,0.9569824733616885,0.9975526637049617,0.9999828771182973
163,Cottus bairdi,,Actinopterygii,Scorpaeniformes,Cottidae,Chordata,False,False,moderate_20_49,Moderate (20-49 protective contexts),33,8,0,23,2,False,9.14518019809206e-06,0.9997761205042044,0.00031640276913746934,,extended_r1_greedy_order,,,0.957298876130826,0.9975835264521268,0.9999832482494445
164,Cottus confusus,,Actinopterygii,Scorpaeniformes,Cottidae,Chordata,False,False,very_sparse_1_4,Very limited (1-4 protective contexts),4,2,0,3,2,False,8.768196205958459e-06,0.9997848887004105,0.00031164061295230194,,extended_r1_greedy_order,,Very limited direct protective support; confirmatory testing is a high priority.,0.9576105167437783,0.9976139617443499,0.9999836100448888
165,Brachionus rubens,,Monogononta,Ploima,Brachionidae,Rotifera,False,False,moderate_20_49,Moderate (20-49 protective contexts),20,12,0,0,1,False,8.410139434610045e-06,0.999793298839845,0.0003087569713566829,,extended_r1_greedy_order,,,0.957919273715135,0.9976394268381298,0.9999838395013461
166,Aedes taeniorhynchus,,Insecta,Diptera,Culicidae,Arthropoda,False,False,sparse_5_19,Limited (5-19 protective contexts),16,13,0,14,1,False,8.02466190736826e-06,0.999801323501752,0.00029789867845153584,,extended_r1_greedy_order,,Limited direct protective support; interpret the rank with the reported uncertainty.,0.9582171723935865,0.9976686752018609,0.9999842087641396
167,Esox lucius,,Actinopterygii,Esociformes,Esocidae,Chordata,False,False,moderate_20_49,Moderate (20-49 protective contexts),43,35,4,4,2,False,7.678107359095504e-06,0.9998090016091116,0.0002988325048994822,,extended_r1_greedy_order,,,0.958516004898486,0.9976937260195438,0.9999844469845005
168,Perca flavescens,,Actinopterygii,Perciformes,Percidae,Chordata,False,False,strong_50_plus,Strong (50+ protective contexts),76,68,3,14,2,False,7.3675916299631785e-06,0.9998163692007412,0.00029469546301774674,,extended_r1_greedy_order,,,0.9588107003615037,0.9977162894174118,0.9999846386041974
169,Ictalurus punctatus,,Actinopterygii,Siluriformes,Ictaluridae,Chordata,False,False,strong_50_plus,Strong (50+ protective contexts),349,237,15,21,4,False,7.064688411260209e-06,0.9998234338891527,0.00029627593474612635,,extended_r1_greedy_order,,,0.9591069762962499,0.9977382114645382,0.9999848224950707
170,Corixa punctata,,Insecta,Heteroptera,Corixidae,Arthropoda,False,False,sparse_5_19,Limited (5-19 protective contexts),18,16,1,0,2,False,6.788571639865435e-06,0.9998302224607925,0.00028500372041717625,,extended_r1_greedy_order,,Limited direct protective support; interpret the rank with the reported uncertainty.,0.959391980016667,0.9977601963468603,0.9999850129764432
171,Chironomus stigmaterus,,Insecta,Diptera,Chironomidae,Arthropoda,False,False,very_sparse_1_4,Very limited (1-4 protective contexts),1,1,0,1,1,False,6.521426480057263e-06,0.9998367438872726,0.0002715303633379351,,extended_r1_greedy_order,,Very limited direct protective support; confirmatory testing is a high priority.,0.959663510380005,0.9977830118607797,0.9999852383973594
172,Physalaemus cuvieri,,Amphibia,Anura,Leptodactylidae,Chordata,False,False,sparse_5_19,Limited (5-19 protective contexts),19,11,2,0,1,False,6.26672324625384e-06,0.9998430106105188,0.0002838695641702582,,extended_r1_greedy_order,,Limited direct protective support; interpret the rank with the reported uncertainty.,0.9599473799441752,0.9978036826788598,0.9999853988254164
173,Ameiurus melas,,Actinopterygii,Siluriformes,Ictaluridae,Chordata,False,False,strong_50_plus,Strong (50+ protective contexts),71,67,0,16,2,False,6.021663893869276e-06,0.9998490322744126,0.0002789061734380649,,extended_r1_greedy_order,,,0.9602262861176133,0.9978242053570537,0.9999855641182065
174,Macrobrachium dayanum,,Malacostraca,Decapoda,Palaemonidae,Arthropoda,False,False,sparse_5_19,Limited (5-19 protective contexts),5,5,0,0,1,False,5.782332161358743e-06,0.999854814606574,0.00027180635997015035,,extended_r1_greedy_order,,Limited direct protective support; interpret the rank with the reported uncertainty.,0.9604980924775834,0.9978487507470196,0.9999858348464638
175,Lecane lunaris,,Monogononta,Ploima,Lecanidae,Rotifera,False,False,very_sparse_1_4,Very limited (1-4 protective contexts),1,1,0,0,1,False,5.552232256323762e-06,0.9998603668388303,0.0002721457587422371,,extended_r1_greedy_order,,Very limited direct protective support; confirmatory testing is a high priority.,0.9607702382363257,0.9978691099891291,0.999986000345771
176,Lecane closterocerca,,Monogononta,Ploima,Lecanidae,Rotifera,False,False,very_sparse_1_4,Very limited (1-4 protective contexts),1,1,0,0,1,False,5.335065505753153e-06,0.9998657019043362,0.00026934088151264746,,extended_r1_greedy_order,,Very limited direct protective support; confirmatory testing is a high priority.,0.9610395791178383,0.9978892109167284,0.9999861634088191
177,Lecane bulla,,Monogononta,Ploima,Lecanidae,Rotifera,False,False,very_sparse_1_4,Very limited (1-4 protective contexts),1,1,0,1,1,False,5.127651208091834e-06,0.9998708295555442,0.000266620203814405,,extended_r1_greedy_order,,Very limited direct protective support; confirmatory testing is a high priority.,0.9613061993216527,0.9979090610527092,0.9999863241111299
178,Myriophyllum spicatum,,Magnoliopsida,Haloragales,Haloragaceae,Magnoliophyta,False,False,sparse_5_19,Limited (5-19 protective contexts),16,15,6,1,2,False,4.925035793619213e-06,0.9998757545913378,0.0002620942655211511,,extended_r1_greedy_order,,Limited direct protective support; interpret the rank with the reported uncertainty.,0.9615682935871739,0.9979306255734898,0.9999865290598933
179,Chironomus piger,,Insecta,Diptera,Chironomidae,Arthropoda,False,False,very_sparse_1_4,Very limited (1-4 protective contexts),4,1,0,0,1,False,4.731319938562325e-06,0.9998804859112764,0.00024797450562030754,,extended_r1_greedy_order,,Very limited direct protective support; confirmatory testing is a high priority.,0.9618162680927942,0.9979509228384272,0.9999867240635419
180,Chironomus maddeni,,Insecta,Diptera,Chironomidae,Arthropoda,False,False,very_sparse_1_4,Very limited (1-4 protective contexts),1,1,0,0,1,False,4.546098437545718e-06,0.9998850320097139,0.00024488383898169097,,extended_r1_greedy_order,,Very limited direct protective support; confirmatory testing is a high priority.,0.9620611519317759,0.9979708898029522,0.999986914619617
181,Chironomus luridus,,Insecta,Diptera,Chironomidae,Arthropoda,False,False,very_sparse_1_4,Very limited (1-4 protective contexts),1,1,0,0,1,False,4.3717798467406526e-06,0.9998894037895608,0.0002424693432115932,,extended_r1_greedy_order,,Very limited direct protective support; confirmatory testing is a high priority.,0.9623036212749875,0.997990585503633,0.9999871015203482
182,Puntius sophore,,Actinopterygii,Cypriniformes,Cyprinidae,Chordata,False,False,moderate_20_49,Moderate (20-49 protective contexts),29,15,6,0,2,False,4.204595324475971e-06,0.999893608384885,0.000249922679286918,,extended_r1_greedy_order,,,0.9625535439542744,0.998009165044523,0.999987253531908
183,Hydra americana,,Hydrozoa,Hydroida,Hydridae,Cnidaria,False,False,very_sparse_1_4,Very limited (1-4 protective contexts),2,2,0,3,1,False,4.032033731054026e-06,0.9998976404186162,0.0002493373083120032,,extended_r1_greedy_order,,Very limited direct protective support; confirmatory testing is a high priority.,0.9628028812625864,0.9980285481336177,0.9999874195404389
184,Chironomus ramosus,,Insecta,Diptera,Chironomidae,Arthropoda,False,False,very_sparse_1_4,Very limited (1-4 protective contexts),3,1,1,0,1,False,3.878299648805028e-06,0.999901518718265,0.00023479946352211734,,extended_r1_greedy_order,,Very limited direct protective support; confirmatory testing is a high priority.,0.9630376807261085,0.9980474344063489,0.9999875965813018
185,Pimephales promelas,,Actinopterygii,Cypriniformes,Cyprinidae,Chordata,False,False,strong_50_plus,Strong (50+ protective contexts),899,375,76,12,5,True,3.7290702309313096e-06,0.9999052477884959,0.00025320956786001325,,extended_r1_greedy_order,,,0.9632908902939685,0.9980650775106129,0.999987741701444
186,Hyla versicolor,,Amphibia,Anura,Hylidae,Chordata,False,False,strong_50_plus,Strong (50+ protective contexts),52,13,4,30,2,False,3.5835350964314865e-06,0.9999088313235924,0.00023617215819660142,,extended_r1_greedy_order,,,0.9635270624521651,0.9980828506294128,0.9999878884925294
187,Moinodaphnia macleayi,,Branchiopoda,Cladocera,Moinidae,Arthropoda,False,False,sparse_5_19,Limited (5-19 protective contexts),14,7,1,0,2,False,3.445216339332697e-06,0.9999122765399318,0.0002361479617697393,,extended_r1_greedy_order,,Limited direct protective support; interpret the rank with the reported uncertainty.,0.9637632104139349,0.9981020978579622,0.9999880668576271
188,Lumbriculus variegatus,,Clitellata,Lumbriculida,Lumbriculidae,Annelida,False,False,strong_50_plus,Strong (50+ protective contexts),88,48,19,1,3,False,3.3120585582861314e-06,0.9999155885984901,0.00023874305924476147,,extended_r1_greedy_order,,,0.9640019534731796,0.9981194636545083,0.99998819665666
189,Caridina nilotica,,Malacostraca,Decapoda,Atyidae,Arthropoda,False,False,sparse_5_19,Limited (5-19 protective contexts),17,10,2,0,1,False,3.1840098826465665e-06,0.9999187726083726,0.00023418752051396208,,extended_r1_greedy_order,,Limited direct protective support; interpret the rank with the reported uncertainty.,0.9642361409936936,0.9981388687216767,0.9999883678182498
190,Scapholeberis microcephala,,Branchiopoda,Diplostraca,Daphniidae,Arthropoda,False,False,very_sparse_1_4,Very limited (1-4 protective contexts),1,1,0,0,1,False,3.0527012029704007e-06,0.9999218253095754,0.00022065595340159394,,extended_r1_greedy_order,,Very limited direct protective support; confirmatory testing is a high priority.,0.9644567969470952,0.9981569133771495,0.9999885422485008
191,Sander vitreus,,Actinopterygii,Perciformes,Percidae,Chordata,False,False,strong_50_plus,Strong (50+ protective contexts),57,39,1,7,3,False,2.9363382603475995e-06,0.9999247616478358,0.00022934710793343083,,extended_r1_greedy_order,,,0.9646861440550286,0.9981744285997526,0.9999886936050638
192,Scapholeberis kingi,,Branchiopoda,Diplostraca,Daphniidae,Arthropoda,False,False,very_sparse_1_4,Very limited (1-4 protective contexts),2,2,0,0,1,False,2.8234058759337384e-06,0.9999275850537118,0.00021640162110503347,,extended_r1_greedy_order,,Very limited direct protective support; confirmatory testing is a high priority.,0.9649025456761336,0.9981920030149851,0.9999888617539027
193,Pteronarcys comstocki,,Insecta,Plecoptera,Pteronarcyidae,Arthropoda,False,False,very_sparse_1_4,Very limited (1-4 protective contexts),1,1,1,1,1,False,2.7160653576320138e-06,0.9999303011190696,0.00022289204272296637,,extended_r1_greedy_order,,Very limited direct protective support; confirmatory testing is a high priority.,0.9651254377188566,0.9982107931675115,0.9999890493949422
194,Ischnura elegans,,Insecta,Odonata,Coenagrionidae,Arthropoda,False,False,sparse_5_19,Limited (5-19 protective contexts),15,13,2,0,1,False,2.6107998693149835e-06,0.9999329119189386,0.00022122302854521436,,extended_r1_greedy_order,,Limited direct protective support; interpret the rank with the reported uncertainty.,0.9653466607474018,0.9982267465074769,0.9999891757970574
195,Chironomus anthracinus,,Insecta,Diptera,Chironomidae,Arthropoda,False,False,sparse_5_19,Limited (5-19 protective contexts),6,4,0,1,1,False,2.5122090196493783e-06,0.9999354241279583,0.00020856028872406895,,extended_r1_greedy_order,,Limited direct protective support; interpret the rank with the reported uncertainty.,0.9655552210361259,0.9982430454250788,0.9999893235089082
196,Bufo americanus,,Amphibia,Anura,Bufonidae,Chordata,False,False,strong_50_plus,Strong (50+ protective contexts),53,18,8,36,2,False,2.412787743992113e-06,0.9999378369157024,0.00021579732685772512,,extended_r1_greedy_order,,,0.9657710183629836,0.9982579756212006,0.9999894275761984
197,Culex tarsalis,,Insecta,Diptera,Culicidae,Arthropoda,False,False,moderate_20_49,Moderate (20-49 protective contexts),26,19,1,25,1,False,2.319146917038621e-06,0.9999401560626193,0.00020953875241103148,,extended_r1_greedy_order,,,0.9659805571153947,0.9982769981086377,0.9999896476945761
198,Lampsilis rafinesqueana,,Bivalvia,Unionoida,Unionidae,Mollusca,False,False,sparse_5_19,Limited (5-19 protective contexts),16,9,0,2,1,False,2.2312438593959035e-06,0.9999423873064788,0.00021134376759934792,,extended_r1_greedy_order,,Limited direct protective support; interpret the rank with the reported uncertainty.,0.966191900882994,0.9982941963503011,0.9999898091742878
199,Lemna minor,,Liliopsida,Arales,Lemnaceae,Magnoliophyta,False,False,strong_50_plus,Strong (50+ protective contexts),59,34,29,50,3,False,2.1462682483230974e-06,0.9999445335747271,0.0002106362707138265,,extended_r1_greedy_order,,,0.9664025371537078,0.9983086856824864,0.9999899105601011
200,Simulium vittatum,,Insecta,Diptera,Simuliidae,Arthropoda,False,False,moderate_20_49,Moderate (20-49 protective contexts),24,12,0,2,2,False,2.0596515990456795e-06,0.9999465932263264,0.00020801414048277067,,extended_r1_greedy_order,,,0.9666105512941906,0.9983273028462302,0.9999900990990953
201,Chironomus crassiforceps,,Insecta,Diptera,Chironomidae,Arthropoda,False,False,very_sparse_1_4,Very limited (1-4 protective contexts),2,2,0,0,1,False,1.978893283692132e-06,0.9999485721196101,0.00019397301513512932,,extended_r1_greedy_order,,Very limited direct protective support; confirmatory testing is a high priority.,0.9668045243093257,0.9983419850924365,0.9999902261943181
202,Ambystoma jeffersonianum,,Amphibia,Caudata,Ambystomatidae,Chordata,False,False,sparse_5_19,Limited (5-19 protective contexts),12,7,3,13,2,False,1.9053030746968124e-06,0.9999504774226847,0.00020041047004604184,,extended_r1_greedy_order,,Limited direct protective support; interpret the rank with the reported uncertainty.,0.9670049347793718,0.9983567739484356,0.9999903441831437
203,Chironomus attenuatus,,Insecta,Diptera,Chironomidae,Arthropoda,False,False,very_sparse_1_4,Very limited (1-4 protective contexts),3,3,3,0,1,False,1.8334877152819683e-06,0.9999523109103998,0.00019070395547793328,,extended_r1_greedy_order,,Very limited direct protective support; confirmatory testing is a high priority.,0.9671956387348497,0.9983711218272977,0.9999904679048819
204,Tanytarsus sp.,,Insecta,Diptera,Chironomidae,Arthropoda,False,False,sparse_5_19,Limited (5-19 protective contexts),9,9,0,0,1,False,1.7653576626038127e-06,0.9999540762680625,0.00019661190339104184,,extended_r1_greedy_order,,Limited direct protective support; interpret the rank with the reported uncertainty.,0.9673922506382407,0.9983860699529725,0.9999905992155158
205,Myriophyllum sp.,,Magnoliopsida,Haloragales,Haloragaceae,Magnoliophyta,False,False,very_sparse_1_4,Very limited (1-4 protective contexts),1,1,0,0,1,False,1.699058496549786e-06,0.9999557753265592,0.00019866114346411834,,extended_r1_greedy_order,,Very limited direct protective support; confirmatory testing is a high priority.,0.9675909117817049,0.9984008532102255,0.9999907215335248
206,Elodea canadensis,,Liliopsida,Hydrocharitales,Hydrocharitaceae,Magnoliophyta,False,False,moderate_20_49,Moderate (20-49 protective contexts),24,21,14,0,2,False,1.6325247165906531e-06,0.9999574078512756,0.00019852879104187426,,extended_r1_greedy_order,,,0.9677894405727467,0.9984155450511214,0.999990833688803
207,Chironomus utahensis,,Insecta,Diptera,Chironomidae,Arthropoda,False,False,sparse_5_19,Limited (5-19 protective contexts),11,11,0,0,1,False,1.5696152665155626e-06,0.9999589774665424,0.00018355659424129644,,extended_r1_greedy_order,,Limited direct protective support; interpret the rank with the reported uncertainty.,0.967972997166988,0.9984300653265784,0.9999909675694825
208,Lecane inermis,,Monogononta,Ploima,Lecanidae,Rotifera,False,False,very_sparse_1_4,Very limited (1-4 protective contexts),2,2,0,1,1,False,1.5100141121019896e-06,0.9999604874806544,0.00019377591148450612,,extended_r1_greedy_order,,Very limited direct protective support; confirmatory testing is a high priority.,0.9681667730784725,0.9984431197605866,0.9999910604478773
209,Villosa iris,,Bivalvia,Unionoida,Unionidae,Mollusca,False,False,moderate_20_49,Moderate (20-49 protective contexts),41,12,5,11,1,False,1.4530211527173886e-06,0.9999619405018069,0.00018922053941083927,,extended_r1_greedy_order,,,0.9683559936178834,0.9984591477125061,0.999991225985377
210,Pteronarcys sp.,,Insecta,Plecoptera,Pteronarcyidae,Arthropoda,False,False,very_sparse_1_4,Very limited (1-4 protective contexts),1,1,0,0,1,False,1.398800105705341e-06,0.9999633393019126,0.00018776825697786048,,extended_r1_greedy_order,,Very limited direct protective support; confirmatory testing is a high priority.,0.9685437618748612,0.9984741556359551,0.9999913644212132
211,Myriophyllum sibiricum,,Magnoliopsida,Haloragales,Haloragaceae,Magnoliophyta,False,False,sparse_5_19,Limited (5-19 protective contexts),18,8,8,24,1,False,1.346369228424454e-06,0.999964685671141,0.00018789433687749213,,extended_r1_greedy_order,,Limited direct protective support; interpret the rank with the reported uncertainty.,0.9687316562117387,0.9984878408371678,0.9999914738981119
212,Lampsilis sp.,,Bivalvia,Unionoida,Unionidae,Mollusca,False,False,very_sparse_1_4,Very limited (1-4 protective contexts),1,1,0,0,1,False,1.295807929606187e-06,0.9999659814790708,0.00018384063070220336,,extended_r1_greedy_order,,Very limited direct protective support; confirmatory testing is a high priority.,0.9689154968424409,0.9985013933536641,0.9999915848269731
213,Oncorhynchus kisutch,,Actinopterygii,Salmoniformes,Salmonidae,Chordata,False,False,strong_50_plus,Strong (50+ protective contexts),228,159,183,0,4,False,1.2467050518054913e-06,0.9999672281841225,0.00018324192392626948,,extended_r1_greedy_order,,,0.9690987387663672,0.9985139562415182,0.999991681143406
214,Macrobrachium rude,,Malacostraca,Decapoda,Palaemonidae,Arthropoda,False,False,sparse_5_19,Limited (5-19 protective contexts),7,4,0,0,1,False,1.2001522227951402e-06,0.9999684283363454,0.00017999733276963248,,extended_r1_greedy_order,,Limited direct protective support; interpret the rank with the reported uncertainty.,0.9692787360991368,0.998528739988117,0.9999918262768772
215,Dreissena polymorpha,,Bivalvia,Veneroida,Dreissenidae,Mollusca,False,False,strong_50_plus,Strong (50+ protective contexts),54,33,24,0,3,False,1.1544055570010982e-06,0.9999695827419022,0.00018111806768772443,,extended_r1_greedy_order,,,0.9694598541668246,0.9985412738129075,0.9999919149835853
216,Lithobates sphenocephalus,,Amphibia,Anura,Ranidae,Chordata,False,False,moderate_20_49,Moderate (20-49 protective contexts),38,18,3,22,2,False,1.1100872397327286e-06,0.999970692829142,0.00017325756047292806,,extended_r1_greedy_order,,,0.9696331117272975,0.9985530149694176,0.9999919973510151
217,Chironomus yoshimatsui,,Insecta,Diptera,Chironomidae,Arthropoda,False,False,sparse_5_19,Limited (5-19 protective contexts),5,4,9,0,1,False,1.0685809685501765e-06,0.9999717614101107,0.000165153714588695,,extended_r1_greedy_order,,Limited direct protective support; interpret the rank with the reported uncertainty.,0.9697982654418862,0.9985650346398631,0.9999920960756221
218,Scapholeberis mucronata,,Branchiopoda,Diplostraca,Daphniidae,Arthropoda,False,False,sparse_5_19,Limited (5-19 protective contexts),6,3,0,0,1,False,1.0294106171269166e-06,0.9999727908207278,0.0001690063470418668,,extended_r1_greedy_order,,Limited direct protective support; interpret the rank with the reported uncertainty.,0.969967271788928,0.9985773297815266,0.999992198032586
219,Hydropsyche sp.,,Insecta,Trichoptera,Hydropsychidae,Arthropoda,False,False,moderate_20_49,Moderate (20-49 protective contexts),26,21,1,0,1,False,9.906493022278216e-07,0.9999737814700302,0.00017140820895744646,,extended_r1_greedy_order,,,0.9701386799978855,0.9985904507028188,0.9999923062438777
220,Actinonaias pectorosa,,Bivalvia,Unionoida,Unionidae,Mollusca,False,False,sparse_5_19,Limited (5-19 protective contexts),19,9,3,3,1,False,9.537527017129158e-07,0.9999747352227316,0.0001711876508988519,,extended_r1_greedy_order,,Limited direct protective support; interpret the rank with the reported uncertainty.,0.9703098676487844,0.9986038595039312,0.999992424931055
221,Paratanytarsus parthenogeneticus,,Insecta,Diptera,Chironomidae,Arthropoda,False,False,moderate_20_49,Moderate (20-49 protective contexts),20,13,5,0,2,False,9.170783644564326e-07,0.999975652301096,0.00016468807015213027,,extended_r1_greedy_order,,,0.9704745557189365,0.9986144877994845,0.9999924957326812
222,Potamopyrgus antipodarum,,Gastropoda,Neotaenioglossa,Hydrobiidae,Mollusca,False,False,moderate_20_49,Moderate (20-49 protective contexts),42,14,5,1,2,False,8.819421323133088e-07,0.9999765342432284,0.00016717794754550486,,extended_r1_greedy_order,,,0.970641733666482,0.9986253189788347,0.9999925720470892
223,Dugesia gonocephala,,Turbellaria,Tricladida,Planariidae,Platyhelminthes,False,False,very_sparse_1_4,Very limited (1-4 protective contexts),2,2,1,0,1,False,8.4875572798073e-07,0.9999773829989564,0.0001700598162535094,,extended_r1_greedy_order,,Very limited direct protective support; confirmatory testing is a high priority.,0.9708117934827355,0.998636311990547,0.9999926448572214
224,Chironomus zealandicus,,Insecta,Diptera,Chironomidae,Arthropoda,False,False,very_sparse_1_4,Very limited (1-4 protective contexts),4,3,0,0,1,False,8.152166715411388e-07,0.9999781982156282,0.00015318520815132963,,extended_r1_greedy_order,,Very limited direct protective support; confirmatory testing is a high priority.,0.9709649786908868,0.9986470525322488,0.999992728333753
225,Salvelinus namaycush,,Actinopterygii,Salmoniformes,Salmonidae,Chordata,False,False,strong_50_plus,Strong (50+ protective contexts),83,66,6,1,3,False,7.840028008106624e-07,0.9999789822184288,0.00016196204338470022,,extended_r1_greedy_order,,,0.9711269407342715,0.9986579501478333,0.9999928080839495
226,Acipenser transmontanus,,Actinopterygii,Acipenseriformes,Acipenseridae,Chordata,False,False,moderate_20_49,Moderate (20-49 protective contexts),42,10,1,0,2,False,7.552444261953014e-07,0.9999797374628552,0.00016355469436424297,,extended_r1_greedy_order,,,0.9712904954286358,0.998669051734236,0.9999928949793352
227,Ambystoma maculatum,,Amphibia,Caudata,Ambystomatidae,Chordata,False,False,moderate_20_49,Moderate (20-49 protective contexts),31,12,3,31,2,False,7.262530324438165e-07,0.9999804637158873,0.00015860366148767735,,extended_r1_greedy_order,,,0.9714490990901234,0.9986797423522185,0.9999929697623774
228,Rutilus rutilus,,Actinopterygii,Cypriniformes,Cyprinidae,Chordata,False,False,moderate_20_49,Moderate (20-49 protective contexts),44,28,4,0,2,False,6.996429629402589e-07,0.9999811633588506,0.00016155432165110284,,extended_r1_greedy_order,,,0.9716106534117745,0.9986902462343263,0.9999930419142987
229,Alonella sp.,,Branchiopoda,Diplostraca,Chydoridae,Arthropoda,False,False,sparse_5_19,Limited (5-19 protective contexts),8,8,0,0,1,False,6.741116769127832e-07,0.9999818374705274,0.0001542530159063249,,extended_r1_greedy_order,,Limited direct protective support; interpret the rank with the reported uncertainty.,0.9717649064276809,0.9987011889316696,0.9999931270300129
230,Pteronarcys dorsata,,Insecta,Plecoptera,Pteronarcyidae,Arthropoda,False,False,sparse_5_19,Limited (5-19 protective contexts),15,13,4,8,1,False,6.493910619901297e-07,0.9999824868615893,0.0001547346185040155,,extended_r1_greedy_order,,Limited direct protective support; interpret the rank with the reported uncertainty.,0.9719196410461849,0.998712608059362,0.9999932211940958
231,Lithobates palustris,,Amphibia,Anura,Ranidae,Chordata,False,False,sparse_5_19,Limited (5-19 protective contexts),14,10,0,33,2,False,6.259823958012993e-07,0.9999831128439852,0.000147410814674509,,extended_r1_greedy_order,,Limited direct protective support; interpret the rank with the reported uncertainty.,0.9720670518608594,0.9987223487420318,0.9999932887055348
232,Dugesia bengalensis,,Turbellaria,Tricladida,Planariidae,Platyhelminthes,False,False,very_sparse_1_4,Very limited (1-4 protective contexts),1,1,0,0,1,False,6.02745848341913e-07,0.9999837155898335,0.00015650473804840193,,extended_r1_greedy_order,,Very limited direct protective support; confirmatory testing is a high priority.,0.9722235565989078,0.9987322253113767,0.9999933521167638
233,Dugesia schubarti,,Turbellaria,Tricladida,Planariidae,Platyhelminthes,False,False,very_sparse_1_4,Very limited (1-4 protective contexts),1,1,0,0,1,False,5.804499221895802e-07,0.9999842960397556,0.00015516208527999176,,extended_r1_greedy_order,,Very limited direct protective support; confirmatory testing is a high priority.,0.9723787186841878,0.9987419884879513,0.9999934145382151
234,Hyla squirella,,Amphibia,Anura,Hylidae,Chordata,False,False,sparse_5_19,Limited (5-19 protective contexts),5,2,0,21,1,False,5.590521664460089e-07,0.9999848550919221,0.0001480333147325652,,extended_r1_greedy_order,,Limited direct protective support; interpret the rank with the reported uncertainty.,0.9725267519989204,0.9987521560730244,0.9999934904889767
235,Baetis pygmaeus,,Insecta,Ephemeroptera,Baetidae,Arthropoda,False,False,very_sparse_1_4,Very limited (1-4 protective contexts),1,1,0,8,1,False,5.385345020414313e-07,0.9999853936264239,0.0001481776656092615,,extended_r1_greedy_order,,Very limited direct protective support; confirmatory testing is a high priority.,0.9726749296645296,0.9987629150582344,0.9999935761517189
236,Lecane luna,,Monogononta,Ploima,Lecanidae,Rotifera,False,False,sparse_5_19,Limited (5-19 protective contexts),9,7,0,0,1,False,5.187758492357711e-07,0.9999859124022734,0.00015051761245643558,,extended_r1_greedy_order,,Limited direct protective support; interpret the rank with the reported uncertainty.,0.972825447276986,0.9987722028663405,0.9999936351958582
237,Corbicula fluminea,,Bivalvia,Veneroida,Corbiculidae,Mollusca,False,False,moderate_20_49,Moderate (20-49 protective contexts),39,22,19,0,4,False,4.994852617512041e-07,0.9999864118875349,0.00014839745456274311,,extended_r1_greedy_order,,,0.9729738447315488,0.9987812397439384,0.9999936922042917
238,Salmo salar,,Actinopterygii,Salmoniformes,Salmonidae,Chordata,False,False,strong_50_plus,Strong (50+ protective contexts),122,59,37,1,5,False,4.80887005435486e-07,0.9999868927745406,0.00014211668840036218,,extended_r1_greedy_order,,,0.9731159614199492,0.9987909453338527,0.9999937635907992
239,Orconectes nais,,Malacostraca,Decapoda,Cambaridae,Arthropoda,False,False,moderate_20_49,Moderate (20-49 protective contexts),33,29,0,2,3,False,4.634958907892324e-07,0.9999873562704311,0.0001462559351016468,,extended_r1_greedy_order,,,0.9732622173550508,0.9988006519435809,0.9999938278068895
240,Chironomus crassicaudatus,,Insecta,Diptera,Chironomidae,Arthropoda,False,False,sparse_5_19,Limited (5-19 protective contexts),8,8,0,26,1,False,4.4687820001761476e-07,0.9999878031486313,0.00013105202949659223,,extended_r1_greedy_order,,Limited direct protective support; interpret the rank with the reported uncertainty.,0.9733932693845474,0.9988096070452936,0.9999938962336364
241,Sander sp.,,Actinopterygii,Perciformes,Percidae,Chordata,False,False,very_sparse_1_4,Very limited (1-4 protective contexts),2,2,0,0,1,False,4.308900082677333e-07,0.9999882340386398,0.00014127350291293084,,extended_r1_greedy_order,,Very limited direct protective support; confirmatory testing is a high priority.,0.9735345428874603,0.9988188567026268,0.9999939606473212
242,Salvelinus curilus,,Actinopterygii,Salmoniformes,Salmonidae,Chordata,False,False,very_sparse_1_4,Very limited (1-4 protective contexts),1,1,1,0,1,False,4.1546737375578807e-07,0.9999886495060132,0.00013461355704702527,,extended_r1_greedy_order,,Very limited direct protective support; confirmatory testing is a high priority.,0.9736691564445074,0.9988279837577081,0.9999940288346212
243,Oncorhynchus clarkii,,Actinopterygii,Salmoniformes,Salmonidae,Chordata,False,False,strong_50_plus,Strong (50+ protective contexts),80,53,7,1,2,False,3.999307016822855e-07,0.9999890494367152,0.00013583966334451691,,extended_r1_greedy_order,,,0.9738049961078519,0.9988371140272543,0.9999940951663349
244,Salvelinus sp.,,Actinopterygii,Salmoniformes,Salmonidae,Chordata,False,False,very_sparse_1_4,Very limited (1-4 protective contexts),3,3,0,0,1,False,3.855141863520874e-07,0.9999894349509011,0.00013253124628764823,,extended_r1_greedy_order,,Very limited direct protective support; confirmatory testing is a high priority.,0.9739375273541395,0.9988460300016531,0.9999941610095626
245,Aedes albopictus,,Insecta,Diptera,Culicidae,Arthropoda,False,False,moderate_20_49,Moderate (20-49 protective contexts),41,20,1,35,1,False,3.7163182541522535e-07,0.9999898065827267,0.00013486142854468586,,extended_r1_greedy_order,,,0.9740723887826842,0.9988554490186422,0.9999942334836063
246,Cloeon sp.,,Insecta,Ephemeroptera,Baetidae,Arthropoda,False,False,sparse_5_19,Limited (5-19 protective contexts),6,6,0,0,1,False,3.5793942370325843e-07,0.9999901645221504,0.00013446611397294195,,extended_r1_greedy_order,,Limited direct protective support; interpret the rank with the reported uncertainty.,0.9742068548966571,0.9988650171215464,0.9999943075518299
247,Caridina africana,,Malacostraca,Decapoda,Atyidae,Arthropoda,False,False,very_sparse_1_4,Very limited (1-4 protective contexts),4,4,0,0,1,False,3.448325091219599e-07,0.9999905093546598,0.0001350495499566895,,extended_r1_greedy_order,,Very limited direct protective support; confirmatory testing is a high priority.,0.9743419044466138,0.9988745732465345,0.9999943754809005
248,Aedes communis,,Insecta,Diptera,Culicidae,Arthropoda,False,False,sparse_5_19,Limited (5-19 protective contexts),11,10,0,10,1,False,3.3249740768946477e-07,0.9999908418520675,0.00012995598078491266,,extended_r1_greedy_order,,Limited direct protective support; interpret the rank with the reported uncertainty.,0.9744718604273988,0.9988839554951879,0.9999944520343605
249,Pseudacris regilla,,Amphibia,Anura,Hylidae,Chordata,False,False,strong_50_plus,Strong (50+ protective contexts),60,19,10,10,2,False,3.2070387177558304e-07,0.9999911625559392,0.00013067508977049336,,extended_r1_greedy_order,,,0.9746025355171692,0.9988916422127423,0.9999944959831046
250,Culex tritaeniorhynchus,,Insecta,Diptera,Culicidae,Arthropoda,False,False,moderate_20_49,Moderate (20-49 protective contexts),31,23,0,0,1,False,3.091281176476446e-07,0.9999914716840569,0.0001255521043471708,,extended_r1_greedy_order,,,0.9747280876215164,0.9989001688757992,0.9999945612135012
251,Americamysis bahia,,Malacostraca,Mysida,Mysidae,Arthropoda,False,False,sparse_5_19,Limited (5-19 protective contexts),10,7,0,0,1,False,2.9792200435012983e-07,0.9999917696060611,0.00013068324218046268,,extended_r1_greedy_order,,Limited direct protective support; interpret the rank with the reported uncertainty.,0.9748587708636969,0.9989083394926789,0.9999946153248463
252,Hexagenia bilineata,,Insecta,Ephemeroptera,Ephemeridae,Arthropoda,False,False,sparse_5_19,Limited (5-19 protective contexts),10,8,0,25,2,False,2.87296351762276e-07,0.9999920569024129,0.00012878354167644712,,extended_r1_greedy_order,,Limited direct protective support; interpret the rank with the reported uncertainty.,0.9749875544053733,0.9989163640258913,0.9999946679834713
253,Hyla intermedia,,Amphibia,Anura,Hylidae,Chordata,False,False,very_sparse_1_4,Very limited (1-4 protective contexts),3,1,0,0,1,False,2.7673259818210363e-07,0.9999923336350109,0.00012713384480056433,,extended_r1_greedy_order,,Very limited direct protective support; confirmatory testing is a high priority.,0.9751146882501739,0.9989245137249603,0.9999947229456158
254,Myriophyllum alterniflorum,,Magnoliopsida,Haloragales,Haloragaceae,Magnoliophyta,False,False,very_sparse_1_4,Very limited (1-4 protective contexts),1,1,1,4,1,False,2.667423152104374e-07,0.9999926003773263,0.0001275826448808859,,extended_r1_greedy_order,,Very limited direct protective support; confirmatory testing is a high priority.,0.9752422708950548,0.9989327704864979,0.9999947793570311
255,Oncorhynchus tshawytscha,,Actinopterygii,Salmoniformes,Salmonidae,Chordata,False,False,strong_50_plus,Strong (50+ protective contexts),178,112,155,2,3,False,2.5701241335268405e-07,0.9999928573897394,0.00012415168152923872,,extended_r1_greedy_order,,,0.975366422576584,0.99894043907693,0.9999948291191877
256,Hydra littoralis,,Hydrozoa,Hydroida,Hydridae,Cnidaria,False,False,sparse_5_19,Limited (5-19 protective contexts),5,3,0,3,1,False,2.478418573882247e-07,0.999993105231597,0.0001263287677675251,,extended_r1_greedy_order,,Limited direct protective support; interpret the rank with the reported uncertainty.,0.9754927513443515,0.9989483744216451,0.9999948804270835
257,Etheostoma flabellare,,Actinopterygii,Perciformes,Percidae,Chordata,False,False,very_sparse_1_4,Very limited (1-4 protective contexts),3,1,1,21,1,False,2.3895059604491233e-07,0.9999933441821931,0.00012386781851514428,,extended_r1_greedy_order,,Very limited direct protective support; confirmatory testing is a high priority.,0.9756166191628667,0.9989567575617463,0.9999949398919513
258,Hyla japonica,,Amphibia,Anura,Hylidae,Chordata,False,False,very_sparse_1_4,Very limited (1-4 protective contexts),1,1,0,0,1,False,2.3044196580460424e-07,0.9999935746241587,0.00011962639810414455,,extended_r1_greedy_order,,Very limited direct protective support; confirmatory testing is a high priority.,0.9757362455609708,0.9989644007435237,0.9999949909058664
259,Cyprinus carpio,,Actinopterygii,Cypriniformes,Cyprinidae,Chordata,False,False,strong_50_plus,Strong (50+ protective contexts),427,221,77,0,4,False,2.221784063663569e-07,0.9999937968025654,0.00012755547743248385,,extended_r1_greedy_order,,,0.9758638010384033,0.9989712027745851,0.9999950285625901
260,Chironomus tepperi,,Insecta,Diptera,Chironomidae,Arthropoda,False,False,sparse_5_19,Limited (5-19 protective contexts),10,8,0,0,1,False,2.1435660363795825e-07,0.999994011159169,0.00010899633596950231,,extended_r1_greedy_order,,Limited direct protective support; interpret the rank with the reported uncertainty.,0.9759727973743728,0.9989782681211843,0.9999950786519558
261,Leptodora kindtii,,Branchiopoda,Diplostraca,Leptodoridae,Arthropoda,False,False,sparse_5_19,Limited (5-19 protective contexts),7,6,0,0,2,False,2.063595844979823e-07,0.9999942175187534,0.00011575254753259934,,extended_r1_greedy_order,,Limited direct protective support; interpret the rank with the reported uncertainty.,0.9760885499219054,0.9989855898147668,0.9999951285775129
262,Hyla cinerea,,Amphibia,Anura,Hylidae,Chordata,False,False,very_sparse_1_4,Very limited (1-4 protective contexts),1,1,2,29,1,False,1.9891169800987685e-07,0.9999944164304514,0.00011534023442349994,,extended_r1_greedy_order,,Very limited direct protective support; confirmatory testing is a high priority.,0.9762038901563289,0.9989929001963287,0.9999951768397685
263,Procladius sp.,,Insecta,Diptera,Chironomidae,Arthropoda,False,False,sparse_5_19,Limited (5-19 protective contexts),13,13,1,0,2,False,1.9200397833128777e-07,0.9999946084344297,0.00011245250816094288,,extended_r1_greedy_order,,Limited direct protective support; interpret the rank with the reported uncertainty.,0.9763163426644899,0.9990009599876166,0.9999952400758807
264,Xenopus tropicalis,,Amphibia,Anura,Pipidae,Chordata,False,False,moderate_20_49,Moderate (20-49 protective contexts),41,20,0,1,2,False,1.8515543073355495e-07,0.9999947935898602,0.00011596906008215502,,extended_r1_greedy_order,,,0.976432311724572,0.9990071409462905,0.9999952714993212
265,Asellus sp.,,Malacostraca,Isopoda,Asellidae,Arthropoda,False,False,sparse_5_19,Limited (5-19 protective contexts),16,14,1,0,2,False,1.785429280679058e-07,0.9999949721327884,0.00011551560186062737,,extended_r1_greedy_order,,Limited direct protective support; interpret the rank with the reported uncertainty.,0.9765478273264326,0.9990137388850097,0.9999953079181211
266,Hydra sp.,,Hydrozoa,Hydroida,Hydridae,Cnidaria,False,False,very_sparse_1_4,Very limited (1-4 protective contexts),4,4,3,0,1,False,1.7228474989217234e-07,0.9999951444175385,0.00011654453579723612,,extended_r1_greedy_order,,Very limited direct protective support; confirmatory testing is a high priority.,0.9766643718622299,0.9990208458391919,0.9999953517006205
267,Notonecta unifasciata,,Insecta,Heteroptera,Notonectidae,Arthropoda,False,False,very_sparse_1_4,Very limited (1-4 protective contexts),2,2,0,2,2,False,1.6616966039845295e-07,0.9999953105871989,0.00011207933830637007,,extended_r1_greedy_order,,Very limited direct protective support; confirmatory testing is a high priority.,0.9767764512005362,0.999028326991338,0.9999954062022964
268,Dugesia etrusca,,Turbellaria,Tricladida,Planariidae,Platyhelminthes,False,False,sparse_5_19,Limited (5-19 protective contexts),5,3,0,0,1,False,1.6024423640851774e-07,0.999995470831435,0.00011673652255461686,,extended_r1_greedy_order,,Limited direct protective support; interpret the rank with the reported uncertainty.,0.9768931877230909,0.999035089282157,0.9999954449232604
269,Hexagenia limbata,,Insecta,Ephemeroptera,Ephemeridae,Arthropoda,False,False,sparse_5_19,Limited (5-19 protective contexts),6,5,1,43,2,False,1.5462097861809738e-07,0.9999956254524139,0.00011150663344361433,,extended_r1_greedy_order,,Limited direct protective support; interpret the rank with the reported uncertainty.,0.9770046943565345,0.9990417859093086,0.9999954868177273
270,Nemoura sp.,,Insecta,Plecoptera,Nemouridae,Arthropoda,False,False,very_sparse_1_4,Very limited (1-4 protective contexts),1,1,0,0,1,False,1.4908528923039852e-07,0.9999957745377032,0.00010939799719389409,,extended_r1_greedy_order,,Very limited direct protective support; confirmatory testing is a high priority.,0.9771140923537284,0.9990483016385916,0.9999955278377863
271,Hyla femoralis,,Amphibia,Anura,Hylidae,Chordata,False,False,very_sparse_1_4,Very limited (1-4 protective contexts),1,1,0,5,1,False,1.4393112012927206e-07,0.9999959184688231,0.00010734035369763806,,extended_r1_greedy_order,,Very limited direct protective support; confirmatory testing is a high priority.,0.977221432707426,0.999054953883333,0.9999955705138175
272,Lampsilis teres,,Bivalvia,Unionoida,Unionidae,Mollusca,False,False,very_sparse_1_4,Very limited (1-4 protective contexts),4,4,0,19,1,False,1.3890280591507893e-07,0.9999960573716293,0.00010855502392936867,,extended_r1_greedy_order,,Very limited direct protective support; confirmatory testing is a high priority.,0.9773299877313554,0.9990618132184664,0.9999956161002659
273,Cirrhinus mrigala,,Actinopterygii,Cypriniformes,Cyprinidae,Chordata,False,False,strong_50_plus,Strong (50+ protective contexts),90,45,12,0,3,False,1.3383214437563836e-07,0.9999961912037734,0.00011020827233676478,,extended_r1_greedy_order,,,0.9774401960036921,0.9990682370963319,0.9999956540062006
274,Culex pipiens,,Insecta,Diptera,Culicidae,Arthropoda,False,False,moderate_20_49,Moderate (20-49 protective contexts),44,26,0,22,2,False,1.291948979849845e-07,0.9999963203986715,0.0001041967422313883,,extended_r1_greedy_order,,,0.9775443927459235,0.9990753975780008,0.9999957092559086
275,Etheostoma nigrum,,Actinopterygii,Perciformes,Percidae,Chordata,False,False,sparse_5_19,Limited (5-19 protective contexts),7,5,1,23,1,False,1.2472857269185165e-07,0.9999964451272441,0.00010724506459591776,,extended_r1_greedy_order,,Limited direct protective support; interpret the rank with the reported uncertainty.,0.9776516378105194,0.9990824398662602,0.9999957566903025
276,Caecidotea brevicauda,,Malacostraca,Isopoda,Asellidae,Arthropoda,False,False,moderate_20_49,Moderate (20-49 protective contexts),33,31,0,4,2,False,1.2033371035807556e-07,0.9999965654609546,0.00010738971319279589,,extended_r1_greedy_order,,,0.9777590275237122,0.9990888378076643,0.9999957947300315
277,Lepomis humilis,,Actinopterygii,Perciformes,Centrarchidae,Chordata,False,False,sparse_5_19,Limited (5-19 protective contexts),16,15,1,8,1,False,1.160790250552827e-07,0.9999966815399796,0.00010262801922966691,,extended_r1_greedy_order,,Limited direct protective support; interpret the rank with the reported uncertainty.,0.9778616555429419,0.9990944815670282,0.9999958250582177
278,Gobiocypris rarus,,Actinopterygii,Cypriniformes,Cyprinidae,Chordata,False,False,strong_50_plus,Strong (50+ protective contexts),53,29,9,0,4,False,1.121025670568355e-07,0.9999967936425463,0.00010415102366301277,,extended_r1_greedy_order,,,0.9779658065666049,0.9991004467351755,0.9999958569355967
279,Chaoborus crystallinus,,Insecta,Diptera,Chaoboridae,Arthropoda,False,False,sparse_5_19,Limited (5-19 protective contexts),7,7,3,0,2,False,1.0818536276491849e-07,0.9999969018279095,0.00010223880424842235,,extended_r1_greedy_order,,Limited direct protective support; interpret the rank with the reported uncertainty.,0.9780680453708533,0.9991073226302736,0.9999959062405536
280,Diaptomus leptopus,,Maxillopoda,Calanoida,Diaptomidae,Arthropoda,False,False,very_sparse_1_4,Very limited (1-4 protective contexts),4,4,0,0,1,False,1.0441770828510846e-07,0.9999970062456177,0.0001052439783448822,,extended_r1_greedy_order,,Very limited direct protective support; confirmatory testing is a high priority.,0.9781732893491982,0.9991140419551049,0.9999959492962646
281,Hesperoperla pacifica,,Insecta,Plecoptera,Perlidae,Arthropoda,False,False,sparse_5_19,Limited (5-19 protective contexts),18,13,0,9,2,False,1.0077564770717769e-07,0.9999971070212654,0.00010197997727146024,,extended_r1_greedy_order,,Limited direct protective support; interpret the rank with the reported uncertainty.,0.9782752693264697,0.9991232926876248,0.9999960350330167
282,Oncorhynchus gilae,,Actinopterygii,Salmoniformes,Salmonidae,Chordata,False,False,sparse_5_19,Limited (5-19 protective contexts),5,2,0,1,1,False,9.736177733759331e-08,0.9999972043830425,9.248930286620549e-05,,extended_r1_greedy_order,,Limited direct protective support; interpret the rank with the reported uncertainty.,0.9783677586293359,0.9991288185850883,0.9999960702212545
283,Chironomus decorus,,Insecta,Diptera,Chironomidae,Arthropoda,False,False,sparse_5_19,Limited (5-19 protective contexts),17,15,0,0,3,False,9.403580108880839e-08,0.9999972984188438,8.910926844485356e-05,,extended_r1_greedy_order,,Limited direct protective support; interpret the rank with the reported uncertainty.,0.9784568678977807,0.99913410271461,0.9999961035024881
284,Hydra viridissima,,Hydrozoa,Hydroida,Hydridae,Cnidaria,False,False,sparse_5_19,Limited (5-19 protective contexts),17,9,0,27,2,False,9.08206774143546e-08,0.9999973892395213,0.00010238125225126016,,extended_r1_greedy_order,,Limited direct protective support; interpret the rank with the reported uncertainty.,0.978559249150032,0.9991401010541332,0.9999961382906702
285,Lymnaea sp.,,Gastropoda,Basommatophora,Lymnaeidae,Mollusca,False,False,sparse_5_19,Limited (5-19 protective contexts),17,15,0,0,2,False,8.764855183614624e-08,0.9999974768880731,9.973335717150533e-05,,extended_r1_greedy_order,,Limited direct protective support; interpret the rank with the reported uncertainty.,0.9786589825072035,0.9991454966339761,0.9999961656340516
286,Heptagenia sulphurea,,Insecta,Ephemeroptera,Heptageniidae,Arthropoda,False,False,sparse_5_19,Limited (5-19 protective contexts),9,6,1,0,1,False,8.463620959076684e-08,0.9999975615242827,9.824865772700697e-05,,extended_r1_greedy_order,,Limited direct protective support; interpret the rank with the reported uncertainty.,0.9787572311649305,0.9991514543507012,0.9999962035487389
287,Salvelinus fontinalis,,Actinopterygii,Salmoniformes,Salmonidae,Chordata,False,False,strong_50_plus,Strong (50+ protective contexts),197,90,23,10,4,True,8.162520924508018e-08,0.9999976431494918,9.642269042631213e-05,,extended_r1_greedy_order,,,0.9788536538553568,0.9991572088854574,0.9999962395455424
288,Epioblasma triquetra,,Bivalvia,Unionoida,Unionidae,Mollusca,False,False,very_sparse_1_4,Very limited (1-4 protective contexts),1,1,0,11,1,False,7.881835995154705e-08,0.9999977219678517,9.653584835978002e-05,,extended_r1_greedy_order,,Very limited direct protective support; confirmatory testing is a high priority.,0.9789501897037166,0.9991633219899783,0.999996279046629
289,Nais elinguis,,Oligochaeta,Haplotaxida,Naididae,Annelida,False,False,sparse_5_19,Limited (5-19 protective contexts),14,8,0,0,1,False,7.608240556697433e-08,0.9999977980502576,0.00010085400301362846,,extended_r1_greedy_order,,Limited direct protective support; interpret the rank with the reported uncertainty.,0.9790510437067302,0.9991701095528106,0.9999963268035209
290,Chironomus javanus,,Insecta,Diptera,Chironomidae,Arthropoda,False,False,sparse_5_19,Limited (5-19 protective contexts),8,8,0,0,1,False,7.348641075581934e-08,0.9999978715366683,8.35229228461909e-05,,extended_r1_greedy_order,,Limited direct protective support; interpret the rank with the reported uncertainty.,0.9791345666295764,0.9991751044440148,0.9999963588179607
291,Lampsilis cardium,,Bivalvia,Unionoida,Unionidae,Mollusca,False,False,sparse_5_19,Limited (5-19 protective contexts),11,7,0,18,1,False,7.100175643474635e-08,0.9999979425384246,9.443145678489362e-05,,extended_r1_greedy_order,,Limited direct protective support; interpret the rank with the reported uncertainty.,0.9792289980863613,0.9991805879058814,0.9999963910567459
292,Epioblasma rangiana,,Bivalvia,Unionoida,Unionidae,Mollusca,False,False,very_sparse_1_4,Very limited (1-4 protective contexts),2,2,0,3,1,False,6.854337689117789e-08,0.9999980110818016,9.383915278471378e-05,,extended_r1_greedy_order,,Very limited direct protective support; confirmatory testing is a high priority.,0.979322837239146,0.9991864127057374,0.9999964278736299
293,Lithobates berlandieri,,Amphibia,Anura,Ranidae,Chordata,False,False,very_sparse_1_4,Very limited (1-4 protective contexts),3,1,0,2,1,False,6.619421587397342e-08,0.9999980772760174,8.577898513129067e-05,,extended_r1_greedy_order,,Very limited direct protective support; confirmatory testing is a high priority.,0.9794086162242773,0.9991912145238525,0.9999964545746849
294,Poecilia reticulata,,Actinopterygii,Cyprinodontiformes,Poeciliidae,Chordata,False,False,strong_50_plus,Strong (50+ protective contexts),324,180,46,2,3,False,6.3950946536251e-08,0.999998141226964,8.944196078675137e-05,,extended_r1_greedy_order,,,0.9794980581850641,0.9991957686221642,0.9999964777295413
295,Notonecta glauca,,Insecta,Heteroptera,Notonectidae,Arthropoda,False,False,very_sparse_1_4,Very limited (1-4 protective contexts),4,3,1,0,2,False,6.178579340160254e-08,0.9999982030127571,9.148213493281876e-05,,extended_r1_greedy_order,,Very limited direct protective support; confirmatory testing is a high priority.,0.9795895403199969,0.9992014331191139,0.9999965148560651
296,Lampsilis abrupta,,Bivalvia,Unionoida,Unionidae,Mollusca,False,False,sparse_5_19,Limited (5-19 protective contexts),8,4,0,3,1,False,5.960029773315793e-08,0.9999982626130551,9.120075262858407e-05,,extended_r1_greedy_order,,Limited direct protective support; interpret the rank with the reported uncertainty.,0.9796807410726255,0.9992069078248234,0.9999965490679288
297,Rana temporaria,,Amphibia,Anura,Ranidae,Chordata,False,False,moderate_20_49,Moderate (20-49 protective contexts),29,15,8,0,1,False,5.752046681131616e-08,0.9999983201335219,8.691875587574227e-05,,extended_r1_greedy_order,,,0.9797676598285012,0.9992115464160151,0.9999965731023093
298,Physa fontinalis,,Gastropoda,Basommatophora,Physidae,Mollusca,False,False,sparse_5_19,Limited (5-19 protective contexts),18,15,3,0,1,False,5.557621288534467e-08,0.9999983757097348,9.090833099523188e-05,,extended_r1_greedy_order,,Limited direct protective support; interpret the rank with the reported uncertainty.,0.9798585681594965,0.9992164758161565,0.9999965986629831
299,Cyprinodon variegatus,,Actinopterygii,Cyprinodontiformes,Cyprinodontidae,Chordata,False,False,sparse_5_19,Limited (5-19 protective contexts),15,13,0,14,1,True,5.3683782434939814e-08,0.999998429393517,8.962214319896411e-05,,extended_r1_greedy_order,,Limited direct protective support; interpret the rank with the reported uncertainty.,0.9799481903026954,0.9992215655365717,0.9999966282805619
300,Rana cascadae,,Amphibia,Anura,Ranidae,Chordata,False,False,sparse_5_19,Limited (5-19 protective contexts),8,3,2,3,2,False,5.186610379134099e-08,0.9999984812596208,8.40507198838214e-05,,extended_r1_greedy_order,,Limited direct protective support; interpret the rank with the reported uncertainty.,0.9800322410225792,0.999226002837566,0.9999966508471149
301,Baetis sp.,,Insecta,Ephemeroptera,Baetidae,Arthropoda,False,False,sparse_5_19,Limited (5-19 protective contexts),17,14,0,0,2,False,5.011644264878456e-08,0.9999985313760635,8.950282331665615e-05,,extended_r1_greedy_order,,Limited direct protective support; interpret the rank with the reported uncertainty.,0.9801217438458959,0.9992316844404,0.9999966885386308
302,Aedes excrucians,,Insecta,Diptera,Culicidae,Arthropoda,False,False,sparse_5_19,Limited (5-19 protective contexts),10,10,0,10,1,False,4.839432610951346e-08,0.9999985797703896,8.453201306057867e-05,,extended_r1_greedy_order,,Limited direct protective support; interpret the rank with the reported uncertainty.,0.9802062758589565,0.9992370462240798,0.9999967278132461
303,Danio rerio,,Actinopterygii,Cypriniformes,Cyprinidae,Chordata,False,False,strong_50_plus,Strong (50+ protective contexts),561,200,128,0,4,False,4.677440164024808e-08,0.9999986265447913,9.352542258944663e-05,,extended_r1_greedy_order,,,0.9802998012815459,0.9992416041192571,0.9999967499787223
304,Physa heterostropha,,Gastropoda,Basommatophora,Physidae,Mollusca,False,False,moderate_20_49,Moderate (20-49 protective contexts),26,18,0,45,2,False,4.5205047824448884e-08,0.9999986717498389,8.701879953998404e-05,,extended_r1_greedy_order,,,0.9803868200810859,0.9992460634066535,0.9999967708042844
305,Culex gelidus,,Insecta,Diptera,Culicidae,Arthropoda,False,False,sparse_5_19,Limited (5-19 protective contexts),5,5,0,0,1,False,4.366866194145425e-08,0.9999987154185012,8.003297640746254e-05,,extended_r1_greedy_order,,Limited direct protective support; interpret the rank with the reported uncertainty.,0.9804668530574934,0.9992511840126814,0.9999968069693149
306,Canthocamptus sp.,,Maxillopoda,Harpacticoida,Canthocamptidae,Arthropoda,False,False,sparse_5_19,Limited (5-19 protective contexts),9,4,0,0,1,False,4.2184543166622717e-08,0.9999987576030441,8.867811994162089e-05,,extended_r1_greedy_order,,Limited direct protective support; interpret the rank with the reported uncertainty.,0.980555531177435,0.9992563469746811,0.9999968370569144
307,Brachionus caudatus,,Monogononta,Ploima,Brachionidae,Rotifera,False,False,very_sparse_1_4,Very limited (1-4 protective contexts),1,1,0,0,1,False,4.0753457666225954e-08,0.9999987983565016,8.644939912905159e-05,,extended_r1_greedy_order,,Very limited direct protective support; confirmatory testing is a high priority.,0.980641980576564,0.9992610401138795,0.9999968614657667
308,Aedes epactius,,Insecta,Diptera,Culicidae,Arthropoda,False,False,very_sparse_1_4,Very limited (1-4 protective contexts),2,2,0,7,1,False,3.9371656251871957e-08,0.999998837728158,8.091297681200871e-05,,extended_r1_greedy_order,,Very limited direct protective support; confirmatory testing is a high priority.,0.980722893553376,0.9992660105205923,0.999996894694143
309,Tallaperla maria,,Insecta,Plecoptera,Peltoperlidae,Arthropoda,False,False,sparse_5_19,Limited (5-19 protective contexts),15,12,0,5,2,False,3.806295246202744e-08,0.9999988757911105,8.232374845495993e-05,,extended_r1_greedy_order,,Limited direct protective support; interpret the rank with the reported uncertainty.,0.980805217301831,0.9992702679064324,0.999996915983799
310,Aedes vigilax,,Insecta,Diptera,Culicidae,Arthropoda,False,False,very_sparse_1_4,Very limited (1-4 protective contexts),2,2,0,0,1,False,3.679191292766684e-08,0.9999989125830236,8.003527882205486e-05,,extended_r1_greedy_order,,Very limited direct protective support; confirmatory testing is a high priority.,0.9808852525806531,0.9992751966949669,0.9999969490269962
311,Aedes funereus,,Insecta,Diptera,Culicidae,Arthropoda,False,False,very_sparse_1_4,Very limited (1-4 protective contexts),1,1,0,0,1,False,3.544144153796654e-08,0.9999989480244651,7.889237961700157e-05,,extended_r1_greedy_order,,Very limited direct protective support; confirmatory testing is a high priority.,0.9809641449602701,0.9992800448479994,0.9999969814096354
312,Lithobates blairi,,Amphibia,Anura,Ranidae,Chordata,False,False,very_sparse_1_4,Very limited (1-4 protective contexts),4,1,0,10,1,False,3.423005789820571e-08,0.9999989822545232,7.396114080138183e-05,,extended_r1_greedy_order,,Very limited direct protective support; confirmatory testing is a high priority.,0.9810381061010714,0.9992840010898442,0.9999970021042938
313,Aedes cantator,,Insecta,Diptera,Culicidae,Arthropoda,False,False,very_sparse_1_4,Very limited (1-4 protective contexts),1,1,0,4,1,False,3.310123345389065e-08,0.9999990153557565,7.777334356950938e-05,,extended_r1_greedy_order,,Very limited direct protective support; confirmatory testing is a high priority.,0.981115879444641,0.9992887736523152,0.9999970339230783
314,Aedes notoscriptus,,Insecta,Diptera,Culicidae,Arthropoda,False,False,very_sparse_1_4,Very limited (1-4 protective contexts),1,1,0,1,1,False,3.198680819008536e-08,0.9999990473425646,7.720369189645471e-05,,extended_r1_greedy_order,,Very limited direct protective support; confirmatory testing is a high priority.,0.9811930831365374,0.9992934806945349,0.999997064993089
315,Aedes sp.,,Insecta,Diptera,Culicidae,Arthropoda,False,False,very_sparse_1_4,Very limited (1-4 protective contexts),3,3,0,0,2,False,3.0924702049790355e-08,0.9999990782672666,7.669826636114152e-05,,extended_r1_greedy_order,,Very limited direct protective support; confirmatory testing is a high priority.,0.9812697814028986,0.9992980908702649,0.9999970951182428
316,Aedes euedes,,Insecta,Diptera,Culicidae,Arthropoda,False,False,very_sparse_1_4,Very limited (1-4 protective contexts),1,1,0,2,1,False,2.990575710712512e-08,0.999999108173024,7.622914362270805e-05,,extended_r1_greedy_order,,Very limited direct protective support; confirmatory testing is a high priority.,0.9813460105465213,0.9993027238500796,0.9999971255553433
317,Notonecta maculata,,Insecta,Heteroptera,Notonectidae,Arthropoda,False,False,sparse_5_19,Limited (5-19 protective contexts),5,2,0,0,1,False,2.8907006646613875e-08,0.9999991370800304,7.766778427031884e-05,,extended_r1_greedy_order,,Limited direct protective support; interpret the rank with the reported uncertainty.,0.9814236783307916,0.9993073027840008,0.9999971535601255
318,Oncorhynchus nerka,,Actinopterygii,Salmoniformes,Salmonidae,Chordata,False,False,moderate_20_49,Moderate (20-49 protective contexts),41,28,2,1,2,False,2.795293867525532e-08,0.999999165032969,7.585030766432688e-05,,extended_r1_greedy_order,,,0.9814995286384559,0.9993114222497905,0.9999971761353081
319,Lithobates clamitans,,Amphibia,Anura,Ranidae,Chordata,False,False,sparse_5_19,Limited (5-19 protective contexts),12,8,0,36,1,False,2.7041236008238318e-08,0.9999991920742051,7.06121161442308e-05,,extended_r1_greedy_order,,Limited direct protective support; interpret the rank with the reported uncertainty.,0.9815701407546001,0.9993151657655001,0.9999971955262943
320,Aedes koreicus,,Insecta,Diptera,Culicidae,Arthropoda,False,False,very_sparse_1_4,Very limited (1-4 protective contexts),1,1,0,0,1,False,2.614650988189198e-08,0.999999218220715,7.432074481750206e-05,,extended_r1_greedy_order,,Very limited direct protective support; confirmatory testing is a high priority.,0.9816444614994176,0.9993196293791602,0.9999972243380135
321,Micropterus salmoides,,Actinopterygii,Perciformes,Centrarchidae,Chordata,False,False,strong_50_plus,Strong (50+ protective contexts),165,116,49,18,3,False,2.526434635469633e-08,0.9999992434850613,8.021693228077442e-05,,extended_r1_greedy_order,,,0.9817246784316984,0.999323839954199,0.9999972456752816
322,Aedes diantaeus,,Insecta,Diptera,Culicidae,Arthropoda,False,False,very_sparse_1_4,Very limited (1-4 protective contexts),2,1,0,5,1,False,2.4420356041195865e-08,0.9999992679054175,7.322024587774756e-05,,extended_r1_greedy_order,,Very limited direct protective support; confirmatory testing is a high priority.,0.9817978986775762,0.9993281858175374,0.999997273259623
323,Aedes fitchii,,Insecta,Diptera,Culicidae,Arthropoda,False,False,very_sparse_1_4,Very limited (1-4 protective contexts),2,1,0,12,1,False,2.3614582691644044e-08,0.99999929152,7.274913333421562e-05,,extended_r1_greedy_order,,Very limited direct protective support; confirmatory testing is a high priority.,0.9818706478109104,0.9993324920315362,0.9999973004711765
324,Aedes abserratus,,Insecta,Diptera,Culicidae,Arthropoda,False,False,very_sparse_1_4,Very limited (1-4 protective contexts),2,1,0,3,1,False,2.2840734671847784e-08,0.9999993143607347,7.230883459963255e-05,,extended_r1_greedy_order,,Very limited direct protective support; confirmatory testing is a high priority.,0.98194295664551,0.9993367608686752,0.9999973273291161
325,Aedes provocans,,Insecta,Diptera,Culicidae,Arthropoda,False,False,very_sparse_1_4,Very limited (1-4 protective contexts),3,2,0,9,1,False,2.2093347020704678e-08,0.9999993364540819,7.187620233584102e-05,,extended_r1_greedy_order,,Very limited direct protective support; confirmatory testing is a high priority.,0.9820148328478459,0.9993409695103368,0.9999973534764932
326,Oncorhynchus keta,,Actinopterygii,Salmoniformes,Salmonidae,Chordata,False,False,moderate_20_49,Moderate (20-49 protective contexts),20,18,3,4,1,False,2.1369409153202974e-08,0.9999993578234911,7.123692622668099e-05,,extended_r1_greedy_order,,,0.9820860697740725,0.9993447729076681,0.9999973737755732
327,Leptodea fragilis,,Bivalvia,Unionoida,Unionidae,Mollusca,False,False,sparse_5_19,Limited (5-19 protective contexts),11,6,0,23,1,False,2.0625896345985532e-08,0.9999993784493872,7.374560497397376e-05,,extended_r1_greedy_order,,Limited direct protective support; interpret the rank with the reported uncertainty.,0.9821598153790465,0.9993486577018307,0.9999973933626115
328,Aplexa hypnorum,,Gastropoda,Basommatophora,Physidae,Mollusca,False,False,sparse_5_19,Limited (5-19 protective contexts),14,11,0,0,1,False,1.9914293083196747e-08,0.9999993983636802,7.453473541196853e-05,,extended_r1_greedy_order,,Limited direct protective support; interpret the rank with the reported uncertainty.,0.9822343501144585,0.9993525284135243,0.9999974119393763
329,Ambystoma texanum,,Amphibia,Caudata,Ambystomatidae,Chordata,False,False,very_sparse_1_4,Very limited (1-4 protective contexts),4,2,1,16,1,False,1.9256337447614222e-08,0.9999994176200181,7.085746857460329e-05,,extended_r1_greedy_order,,Very limited direct protective support; confirmatory testing is a high priority.,0.9823052075830331,0.9993561853283562,0.9999974299336325
330,Chaoborus sp.,,Insecta,Diptera,Chaoboridae,Arthropoda,False,False,sparse_5_19,Limited (5-19 protective contexts),13,11,0,0,1,False,1.8617325149945357e-08,0.9999994362373429,7.120939793503478e-05,,extended_r1_greedy_order,,Limited direct protective support; interpret the rank with the reported uncertainty.,0.9823764169809681,0.999360480364808,0.9999974564535489
331,Notonecta undulata,,Insecta,Heteroptera,Notonectidae,Arthropoda,False,False,sparse_5_19,Limited (5-19 protective contexts),10,10,0,30,1,False,1.800846804867851e-08,0.9999994542458109,7.07683591069097e-05,,extended_r1_greedy_order,,Limited direct protective support; interpret the rank with the reported uncertainty.,0.982447185340075,0.999364644720188,0.9999974824500498
332,Hyla meridionalis,,Amphibia,Anura,Hylidae,Chordata,False,False,sparse_5_19,Limited (5-19 protective contexts),5,3,0,0,2,False,1.741203467814839e-08,0.9999994716578459,6.878919994202093e-05,,extended_r1_greedy_order,,Limited direct protective support; interpret the rank with the reported uncertainty.,0.982515974540017,0.9993683033905877,0.9999975014256862
333,Culex vagans,,Insecta,Diptera,Culicidae,Arthropoda,False,False,very_sparse_1_4,Very limited (1-4 protective contexts),2,2,0,0,1,False,1.68503198471048e-08,0.9999994885081658,6.50489504979701e-05,,extended_r1_greedy_order,,Very limited direct protective support; confirmatory testing is a high priority.,0.982581023490515,0.9993721514453504,0.9999975261850219
334,Ambystoma sp.,,Amphibia,Caudata,Ambystomatidae,Chordata,False,False,very_sparse_1_4,Very limited (1-4 protective contexts),2,2,0,0,1,False,1.6304972738808696e-08,0.9999995048131385,6.904605426238941e-05,,extended_r1_greedy_order,,Very limited direct protective support; confirmatory testing is a high priority.,0.9826500695447774,0.9993756779441577,0.9999975431296434
335,Oncorhynchus gorbuscha,,Actinopterygii,Salmoniformes,Salmonidae,Chordata,False,False,sparse_5_19,Limited (5-19 protective contexts),19,18,1,3,1,False,1.5764161402820454e-08,0.9999995205772997,6.628079572845724e-05,,extended_r1_greedy_order,,Limited direct protective support; interpret the rank with the reported uncertainty.,0.9827163503405059,0.9993791476544782,0.9999975613142895
336,Etheostoma spectabile,,Actinopterygii,Perciformes,Percidae,Chordata,False,False,sparse_5_19,Limited (5-19 protective contexts),9,7,0,12,1,False,1.524999198383282e-08,0.9999995358272915,7.073615639230368e-05,,extended_r1_greedy_order,,Limited direct protective support; interpret the rank with the reported uncertainty.,0.9827870864968982,0.9993831152236147,0.9999975833421308
337,Diaptomus forbesi,,Maxillopoda,Calanoida,Diaptomidae,Arthropoda,False,False,sparse_5_19,Limited (5-19 protective contexts),13,12,0,0,1,False,1.4750389777567997e-08,0.9999995505776816,7.206158577510724e-05,,extended_r1_greedy_order,,Limited direct protective support; interpret the rank with the reported uncertainty.,0.9828591480826733,0.9993871076146608,0.9999976037506068
338,Aedes caspius,,Insecta,Diptera,Culicidae,Arthropoda,False,False,very_sparse_1_4,Very limited (1-4 protective contexts),2,2,0,0,1,False,1.4264500852026531e-08,0.9999995648421822,6.566210314407073e-05,,extended_r1_greedy_order,,Very limited direct protective support; confirmatory testing is a high priority.,0.9829248101858173,0.9993908942428233,0.9999976269795467
339,Aedes cinereus,,Insecta,Diptera,Culicidae,Arthropoda,False,False,very_sparse_1_4,Very limited (1-4 protective contexts),3,1,0,6,1,False,1.3795705782888276e-08,0.9999995786378882,6.508959410966852e-05,,extended_r1_greedy_order,,Very limited direct protective support; confirmatory testing is a high priority.,0.982989899779927,0.9993945915628506,0.9999976490963687
340,Lepomis cyanellus,,Actinopterygii,Perciformes,Centrarchidae,Chordata,False,False,strong_50_plus,Strong (50+ protective contexts),93,80,23,15,2,False,1.3348834206370635e-08,0.9999995919867224,6.910138044158298e-05,,extended_r1_greedy_order,,,0.9830590011603686,0.9993977640448858,0.9999976627152161
341,Culex alpicalis,,Insecta,Diptera,Culicidae,Arthropoda,False,False,very_sparse_1_4,Very limited (1-4 protective contexts),1,1,0,1,1,False,1.2920197902503447e-08,0.9999996049069203,6.157118158933717e-05,,extended_r1_greedy_order,,Very limited direct protective support; confirmatory testing is a high priority.,0.9831205723419579,0.9994013520508099,0.9999976853447025
342,Culex annulirostris,,Insecta,Diptera,Culicidae,Arthropoda,False,False,sparse_5_19,Limited (5-19 protective contexts),5,5,0,0,1,False,1.250257047376232e-08,0.9999996174094906,6.150724632758564e-05,,extended_r1_greedy_order,,Limited direct protective support; interpret the rank with the reported uncertainty.,0.9831820795882855,0.9994049186898604,0.9999977074846436
343,Rana arvalis,,Amphibia,Anura,Ranidae,Chordata,False,False,sparse_5_19,Limited (5-19 protective contexts),5,2,1,0,1,False,1.2104235840140982e-08,0.9999996295137265,6.171137130717153e-05,,extended_r1_greedy_order,,Limited direct protective support; interpret the rank with the reported uncertainty.,0.9832437909595927,0.99940784609273,0.9999977203338769
344,Chaoborus punctipennis,,Insecta,Diptera,Chaoboridae,Arthropoda,False,False,very_sparse_1_4,Very limited (1-4 protective contexts),1,1,0,39,1,False,1.1704270635308953e-08,0.9999996412179971,6.474755444263458e-05,,extended_r1_greedy_order,,Very limited direct protective support; confirmatory testing is a high priority.,0.9833085385140353,0.9994116084044092,0.9999977425177949
345,Anacystis aeruginosa,,Cyanophyceae,Chroococcales,Chroococcaceae,Cyanophycota,False,False,sparse_5_19,Limited (5-19 protective contexts),16,15,8,0,2,False,1.13236458656159e-08,0.999999652541643,6.757800535128755e-05,,extended_r1_greedy_order,,Limited direct protective support; interpret the rank with the reported uncertainty.,0.9833761165193866,0.9994150102970938,0.9999977588118839
346,Myriophyllum aquaticum,,Magnoliopsida,Haloragales,Haloragaceae,Magnoliophyta,False,False,sparse_5_19,Limited (5-19 protective contexts),9,6,4,2,1,False,1.0948248995356087e-08,0.999999663489892,6.711244781520964e-05,,extended_r1_greedy_order,,Limited direct protective support; interpret the rank with the reported uncertainty.,0.9834432289672018,0.9994184558706123,0.9999977760372633
347,Ambystoma tigrinum,,Amphibia,Caudata,Ambystomatidae,Chordata,False,False,moderate_20_49,Moderate (20-49 protective contexts),23,8,0,26,2,False,1.0591166337052573e-08,0.9999996740810584,6.377036439197958e-05,,extended_r1_greedy_order,,,0.9835069993315938,0.9994216787368931,0.9999977914042769
348,Chaoborus astictopus,,Insecta,Diptera,Chaoboridae,Arthropoda,False,False,very_sparse_1_4,Very limited (1-4 protective contexts),1,1,0,2,1,False,1.0249959858888056e-08,0.9999996843310183,6.305344688484205e-05,,extended_r1_greedy_order,,Very limited direct protective support; confirmatory testing is a high priority.,0.9835700527784786,0.9994253196020907,0.9999978127479475
349,Culex salinarius,,Insecta,Diptera,Culicidae,Arthropoda,False,False,very_sparse_1_4,Very limited (1-4 protective contexts),1,1,0,17,1,False,9.92090047286627e-09,0.9999996942519188,5.8384982623782555e-05,,extended_r1_greedy_order,,Very limited direct protective support; confirmatory testing is a high priority.,0.9836284377611024,0.999428654732434,0.9999978333046506
350,Aedes cyprius,,Insecta,Diptera,Culicidae,Arthropoda,False,False,very_sparse_1_4,Very limited (1-4 protective contexts),3,1,0,0,2,False,9.603667857432668e-09,0.9999997038555865,6.086826966023029e-05,,extended_r1_greedy_order,,Very limited direct protective support; confirmatory testing is a high priority.,0.9836893060307627,0.9994320579947407,0.9999978532964513
351,Ambystoma macrodactylum,,Amphibia,Caudata,Ambystomatidae,Chordata,False,False,sparse_5_19,Limited (5-19 protective contexts),9,5,2,6,1,False,9.29664515439512e-09,0.9999997131522317,6.239113135708685e-05,,extended_r1_greedy_order,,Limited direct protective support; interpret the rank with the reported uncertainty.,0.9837516971621197,0.9994351223575061,0.9999978673824241
352,Culex restuans,,Insecta,Diptera,Culicidae,Arthropoda,False,False,sparse_5_19,Limited (5-19 protective contexts),9,6,0,29,1,False,8.997090829798904e-09,0.9999997221493225,5.761720782238022e-05,,extended_r1_greedy_order,,Limited direct protective support; interpret the rank with the reported uncertainty.,0.9838093143699421,0.999438525259227,0.9999978893468943
353,Chaoborus americanus,,Insecta,Diptera,Chaoboridae,Arthropoda,False,False,very_sparse_1_4,Very limited (1-4 protective contexts),1,1,0,0,1,False,8.708124437115712e-09,0.9999997308574472,6.122891467053027e-05,,extended_r1_greedy_order,,Very limited direct protective support; confirmatory testing is a high priority.,0.9838705432846127,0.9994420141899903,0.9999979094206578
354,Lithobates grylio,,Amphibia,Anura,Ranidae,Chordata,False,False,sparse_5_19,Limited (5-19 protective contexts),9,2,1,7,1,False,8.43274787574842e-09,0.9999997392901949,5.51573657379123e-05,,extended_r1_greedy_order,,Limited direct protective support; interpret the rank with the reported uncertainty.,0.9839257006503506,0.9994447322251581,0.9999979224282033
355,Aedes atropalpus,,Insecta,Diptera,Culicidae,Arthropoda,False,False,very_sparse_1_4,Very limited (1-4 protective contexts),3,3,0,9,1,False,8.155774070727926e-09,0.999999747445969,5.882697131820436e-05,,extended_r1_greedy_order,,Very limited direct protective support; confirmatory testing is a high priority.,0.9839845276216688,0.9994480380004293,0.9999979419242714
356,Micropterus dolomieu,,Actinopterygii,Perciformes,Centrarchidae,Chordata,False,False,moderate_20_49,Moderate (20-49 protective contexts),41,33,2,6,2,False,7.89014972249237e-09,0.9999997553361186,6.388430938986112e-05,,extended_r1_greedy_order,,,0.9840484119310586,0.9994510914464927,0.9999979557013424
357,Rana luteiventris,,Amphibia,Anura,Ranidae,Chordata,False,False,very_sparse_1_4,Very limited (1-4 protective contexts),2,1,0,8,1,False,7.638480222063103e-09,0.9999997629745989,5.60647459038055e-05,,extended_r1_greedy_order,,Very limited direct protective support; confirmatory testing is a high priority.,0.9841044766769624,0.9994536492680032,0.99999796631632
358,Aedes togoi,,Insecta,Diptera,Culicidae,Arthropoda,False,False,sparse_5_19,Limited (5-19 protective contexts),5,5,0,1,1,False,7.396280840417423e-09,0.9999997703708796,5.773664510422272e-05,,extended_r1_greedy_order,,Limited direct protective support; interpret the rank with the reported uncertainty.,0.9841622133220667,0.9994568519759571,0.999997984732022
359,Aedes sollicitans,,Insecta,Diptera,Culicidae,Arthropoda,False,False,sparse_5_19,Limited (5-19 protective contexts),6,4,0,26,1,False,7.162625022669447e-09,0.9999997775335047,5.7432792437639435e-05,,extended_r1_greedy_order,,Limited direct protective support; interpret the rank with the reported uncertainty.,0.9842196461145043,0.9994600136492171,0.9999980033620067
360,Lecane hamata,,Monogononta,Ploima,Lecanidae,Rotifera,False,False,sparse_5_19,Limited (5-19 protective contexts),9,7,0,0,1,False,6.930075046163605e-09,0.9999997844635797,6.322026086713617e-05,,extended_r1_greedy_order,,Limited direct protective support; interpret the rank with the reported uncertainty.,0.9842828663753714,0.9994629096381965,0.999998015484696
361,Rana muscosa,,Amphibia,Anura,Ranidae,Chordata,False,False,very_sparse_1_4,Very limited (1-4 protective contexts),2,1,0,1,1,False,6.70853187607224e-09,0.9999997911721115,5.476005378879378e-05,,extended_r1_greedy_order,,Very limited direct protective support; confirmatory testing is a high priority.,0.9843376264291602,0.9994653930909596,0.9999980256756079
362,Hydropsyche siltalai,,Insecta,Trichoptera,Hydropsychidae,Arthropoda,False,False,sparse_5_19,Limited (5-19 protective contexts),5,4,0,0,1,False,6.497846064772747e-09,0.9999997976699576,5.712836687554734e-05,,extended_r1_greedy_order,,Limited direct protective support; interpret the rank with the reported uncertainty.,0.9843947547960358,0.9994683307823732,0.9999980402452685
363,Gasterosteus aculeatus,,Actinopterygii,Gasterosteiformes,Gasterosteidae,Chordata,False,False,strong_50_plus,Strong (50+ protective contexts),68,42,2,5,3,False,6.2859308731031945e-09,0.9999998039558886,6.130753416278001e-05,,extended_r1_greedy_order,,,0.9844560623301986,0.999471320817319,0.9999980540828803
364,Drunella grandis,,Insecta,Ephemeroptera,Ephemerellidae,Arthropoda,False,False,moderate_20_49,Moderate (20-49 protective contexts),24,17,0,7,1,False,6.0837911948675806e-09,0.9999998100396796,5.793244272433995e-05,,extended_r1_greedy_order,,,0.9845139947729229,0.9994744650905529,0.9999980703745681
365,Aedes canadensis,,Insecta,Diptera,Culicidae,Arthropoda,False,False,sparse_5_19,Limited (5-19 protective contexts),6,5,0,32,2,False,5.889864379800391e-09,0.9999998159295442,5.522993258189057e-05,,extended_r1_greedy_order,,Limited direct protective support; interpret the rank with the reported uncertainty.,0.9845692247055048,0.9994774517080373,0.9999980874116234
366,Faxonius rusticus,,Malacostraca,Decapoda,Cambaridae,Arthropoda,False,False,sparse_5_19,Limited (5-19 protective contexts),19,16,3,1,4,False,5.702467253416351e-09,0.9999998216320115,6.0270465238154713e-05,,extended_r1_greedy_order,,Limited direct protective support; interpret the rank with the reported uncertainty.,0.9846294951707429,0.9994801737110883,0.9999980984758651
367,Aedes trivittatus,,Insecta,Diptera,Culicidae,Arthropoda,False,False,very_sparse_1_4,Very limited (1-4 protective contexts),4,2,0,33,1,False,5.520813371728313e-09,0.9999998271528246,5.4548111623864415e-05,,extended_r1_greedy_order,,Very limited direct protective support; confirmatory testing is a high priority.,0.9846840432823668,0.9994831285770047,0.9999981151013136
368,Diaptomus clavipes,,Maxillopoda,Calanoida,Diaptomidae,Arthropoda,False,False,very_sparse_1_4,Very limited (1-4 protective contexts),1,1,0,0,1,False,5.345148220548122e-09,0.999999832497973,6.009853378019514e-05,,extended_r1_greedy_order,,Very limited direct protective support; confirmatory testing is a high priority.,0.984744141816147,0.9994862512039195,0.9999981302659534
369,Paratanytarsus dissimilis,,Insecta,Diptera,Chironomidae,Arthropoda,False,False,very_sparse_1_4,Very limited (1-4 protective contexts),3,2,0,1,1,False,5.17728098446614e-09,0.999999837675254,5.1096020342367154e-05,,extended_r1_greedy_order,,Very limited direct protective support; confirmatory testing is a high priority.,0.9847952378364894,0.9994887020052267,0.9999981416310549
370,Culex melanurus,,Insecta,Diptera,Culicidae,Arthropoda,False,False,very_sparse_1_4,Very limited (1-4 protective contexts),2,2,0,14,2,False,5.015458286464324e-09,0.9999998426907124,5.084816630063216e-05,,extended_r1_greedy_order,,Very limited direct protective support; confirmatory testing is a high priority.,0.98484608600279,0.9994915221545742,0.9999981583479245
371,Paratanytarsus sp.,,Insecta,Diptera,Chironomidae,Arthropoda,False,False,very_sparse_1_4,Very limited (1-4 protective contexts),3,3,0,0,1,False,4.859702945373704e-09,0.9999998475504153,5.05670943666825e-05,,extended_r1_greedy_order,,Very limited direct protective support; confirmatory testing is a high priority.,0.9848966530971567,0.9994939732295178,0.9999981698611748
372,Streptocephalus seali,,Branchiopoda,Anostraca,Streptocephalidae,Arthropoda,False,False,sparse_5_19,Limited (5-19 protective contexts),6,6,0,6,1,False,4.699093116309136e-09,0.9999998522495083,5.270223452957801e-05,,extended_r1_greedy_order,,Limited direct protective support; interpret the rank with the reported uncertainty.,0.9849493553316863,0.9994966832590996,0.9999981840096984
373,Anaxyrus boreas,,Amphibia,Anura,Bufonidae,Chordata,False,False,moderate_20_49,Moderate (20-49 protective contexts),24,8,6,11,1,False,4.551021557003747e-09,0.99999985680053,5.483168348807688e-05,,extended_r1_greedy_order,,,0.9850041870151743,0.9994990928476372,0.9999981932100258
374,Perca sp.,,Actinopterygii,Perciformes,Percidae,Chordata,False,False,sparse_5_19,Limited (5-19 protective contexts),11,11,0,0,1,False,4.403632177001456e-09,0.9999998612041621,5.6198775647886556e-05,,extended_r1_greedy_order,,Limited direct protective support; interpret the rank with the reported uncertainty.,0.9850603857908222,0.9995016230453648,0.9999982038026892
375,Culex vishnui,,Insecta,Diptera,Culicidae,Arthropoda,False,False,very_sparse_1_4,Very limited (1-4 protective contexts),2,1,0,0,1,False,4.266762574026627e-09,0.9999998654709245,4.9152916632433374e-05,,extended_r1_greedy_order,,Very limited direct protective support; confirmatory testing is a high priority.,0.9851095387074547,0.9995042887252885,0.9999982192546476
376,Glyptotendipes paripes,,Insecta,Diptera,Chironomidae,Arthropoda,False,False,sparse_5_19,Limited (5-19 protective contexts),10,10,0,3,1,False,4.1344479429559885e-09,0.9999998696053726,4.967384123388818e-05,,extended_r1_greedy_order,,Limited direct protective support; interpret the rank with the reported uncertainty.,0.9851592125486885,0.9995068739498821,0.9999982329115313
377,Lithobates heckscheri,,Amphibia,Anura,Ranidae,Chordata,False,False,sparse_5_19,Limited (5-19 protective contexts),9,2,0,3,2,False,4.00465361304026e-09,0.9999998736100258,4.7332596133764504e-05,,extended_r1_greedy_order,,Limited direct protective support; interpret the rank with the reported uncertainty.,0.9852065451448223,0.9995090720606291,0.999998242701566
378,Notonecta indica,,Insecta,Heteroptera,Notonectidae,Arthropoda,False,False,very_sparse_1_4,Very limited (1-4 protective contexts),4,4,0,7,1,False,3.87932421455929e-09,0.9999998774893505,5.271901349090946e-05,,extended_r1_greedy_order,,Very limited direct protective support; confirmatory testing is a high priority.,0.9852592641583132,0.9995117814159212,0.9999982566887962
379,Brachionus havanaensis,,Monogononta,Ploima,Brachionidae,Rotifera,False,False,very_sparse_1_4,Very limited (1-4 protective contexts),1,1,0,2,1,False,3.756764506999505e-09,0.999999881246115,5.581925566988666e-05,,extended_r1_greedy_order,,Very limited direct protective support; confirmatory testing is a high priority.,0.9853150834139831,0.9995143754592221,0.9999982677208109
380,Rana limnocharis,,Amphibia,Anura,Ranidae,Chordata,False,False,sparse_5_19,Limited (5-19 protective contexts),5,3,0,0,1,False,3.6393068021389167e-09,0.9999998848854218,4.8494770688911615e-05,,extended_r1_greedy_order,,Limited direct protective support; interpret the rank with the reported uncertainty.,0.985363578184672,0.9995164830808039,0.9999982760596664
381,Brachionus plicatilis,,Monogononta,Ploima,Brachionidae,Rotifera,False,False,very_sparse_1_4,Very limited (1-4 protective contexts),3,3,0,0,1,False,3.5235772817986495e-09,0.999999888408999,5.529102655854601e-05,,extended_r1_greedy_order,,Very limited direct protective support; confirmatory testing is a high priority.,0.9854188692112306,0.9995190461731771,0.9999982869423127
382,Culex peus,,Insecta,Diptera,Culicidae,Arthropoda,False,False,very_sparse_1_4,Very limited (1-4 protective contexts),2,2,0,1,1,False,3.413087334299245e-09,0.9999998918220863,4.707992002450645e-05,,extended_r1_greedy_order,,Very limited direct protective support; confirmatory testing is a high priority.,0.9854659491312551,0.9995215637204027,0.9999983015730763
383,Aedes stimulans,,Insecta,Diptera,Culicidae,Arthropoda,False,False,very_sparse_1_4,Very limited (1-4 protective contexts),4,4,0,8,1,False,3.3065673163988015e-09,0.9999998951286535,4.957606758071442e-05,,extended_r1_greedy_order,,Very limited direct protective support; confirmatory testing is a high priority.,0.9855155251988358,0.999524129734549,0.9999983158607294
384,Hydropsyche bulbifera,,Insecta,Trichoptera,Hydropsychidae,Arthropoda,False,False,very_sparse_1_4,Very limited (1-4 protective contexts),1,1,1,0,2,False,3.1990472705042196e-09,0.999999898327701,4.966875663858783e-05,,extended_r1_greedy_order,,Very limited direct protective support; confirmatory testing is a high priority.,0.9855651939554744,0.9995266174326609,0.999998327635569
385,Velesunio angasi,,Bivalvia,Unionoida,Hyriidae,Mollusca,False,False,very_sparse_1_4,Very limited (1-4 protective contexts),1,1,0,0,1,False,3.099307506314715e-09,0.9999999014270087,5.410471125266714e-05,,extended_r1_greedy_order,,Very limited direct protective support; confirmatory testing is a high priority.,0.985619298666727,0.9995295958319866,0.9999983437532909
386,Hydropsyche lobata,,Insecta,Trichoptera,Hydropsychidae,Arthropoda,False,False,very_sparse_1_4,Very limited (1-4 protective contexts),1,1,1,0,2,False,3.0029095560961637e-09,0.999999904429918,4.9141831331422914e-05,,extended_r1_greedy_order,,Very limited direct protective support; confirmatory testing is a high priority.,0.9856684404980585,0.9995320450113964,0.999998355280437
387,Poecilia sphenops,,Actinopterygii,Cyprinodontiformes,Poeciliidae,Chordata,False,False,very_sparse_1_4,Very limited (1-4 protective contexts),1,1,0,5,1,False,2.9098099418301467e-09,0.9999999073397283,4.3909507212114285e-05,,extended_r1_greedy_order,,Very limited direct protective support; confirmatory testing is a high priority.,0.9857123500052706,0.999533926413469,0.9999983626941126
388,Rana sp.,,Amphibia,Anura,Ranidae,Chordata,False,False,very_sparse_1_4,Very limited (1-4 protective contexts),2,2,1,0,1,False,2.814691739239171e-09,0.9999999101544197,4.593159112886713e-05,,extended_r1_greedy_order,,Very limited direct protective support; confirmatory testing is a high priority.,0.9857582815963994,0.9995359012713312,0.9999983703594447
389,Streptocephalus dichotomus,,Branchiopoda,Anostraca,Streptocephalidae,Arthropoda,False,False,very_sparse_1_4,Very limited (1-4 protective contexts),1,1,0,0,1,False,2.7253330197576406e-09,0.9999999128797527,4.7205107551517855e-05,,extended_r1_greedy_order,,Very limited direct protective support; confirmatory testing is a high priority.,0.985805486703951,0.999538265493843,0.9999983824367599
390,Claassenia sabulosa,,Insecta,Plecoptera,Perlidae,Arthropoda,False,False,sparse_5_19,Limited (5-19 protective contexts),10,10,0,11,1,False,2.640144290132228e-09,0.9999999155198972,4.979174531816177e-05,,extended_r1_greedy_order,,Limited direct protective support; interpret the rank with the reported uncertainty.,0.9858552784492691,0.99954125573165,0.9999984007890306
391,Etheostoma caeruleum,,Actinopterygii,Perciformes,Percidae,Chordata,False,False,sparse_5_19,Limited (5-19 protective contexts),6,3,0,15,1,False,2.5572251288596892e-09,0.9999999180771223,5.0959941719330715e-05,,extended_r1_greedy_order,,Limited direct protective support; interpret the rank with the reported uncertainty.,0.9859062383909885,0.9995437741958284,0.9999984126938359
392,Rana chensinensis,,Amphibia,Anura,Ranidae,Chordata,False,False,very_sparse_1_4,Very limited (1-4 protective contexts),2,1,0,0,2,False,2.4779817636079262e-09,0.999999920555104,4.472123864540656e-05,,extended_r1_greedy_order,,Very limited direct protective support; confirmatory testing is a high priority.,0.9859509596296339,0.9995456753612145,0.9999984199708412
393,Ambystoma opacum,,Amphibia,Caudata,Ambystomatidae,Chordata,False,False,sparse_5_19,Limited (5-19 protective contexts),17,14,1,27,1,False,2.4022776216053572e-09,0.9999999229573816,4.867313871725898e-05,,extended_r1_greedy_order,,Limited direct protective support; interpret the rank with the reported uncertainty.,0.9859996327683511,0.9995478896164435,0.9999984291552834
394,Hydropsyche occidentalis,,Insecta,Trichoptera,Hydropsychidae,Arthropoda,False,False,very_sparse_1_4,Very limited (1-4 protective contexts),2,2,0,2,1,False,2.32806507482454e-09,0.9999999252854463,4.682861504234914e-05,,extended_r1_greedy_order,,Very limited direct protective support; confirmatory testing is a high priority.,0.9860464613833935,0.9995501885321177,0.9999984398316062
395,Culiseta inornata,,Insecta,Diptera,Culicidae,Arthropoda,False,False,very_sparse_1_4,Very limited (1-4 protective contexts),1,1,0,30,1,False,2.2566555043658193e-09,0.9999999275421021,4.617854350474904e-05,,extended_r1_greedy_order,,Very limited direct protective support; confirmatory testing is a high priority.,0.9860926399268982,0.9995525402976352,0.9999984520906575
396,Culex sitiens,,Insecta,Diptera,Culicidae,Arthropoda,False,False,very_sparse_1_4,Very limited (1-4 protective contexts),3,3,0,0,1,False,2.1879590538142746e-09,0.999999929730061,4.3001286281540985e-05,,extended_r1_greedy_order,,Very limited direct protective support; confirmatory testing is a high priority.,0.9861356412131798,0.9995548352851941,0.9999984653420531
397,Culex fuscocephala,,Insecta,Diptera,Culicidae,Arthropoda,False,False,sparse_5_19,Limited (5-19 protective contexts),6,6,0,0,1,False,2.119756644450873e-09,0.9999999318498177,4.2808451283349314e-05,,extended_r1_greedy_order,,Limited direct protective support; interpret the rank with the reported uncertainty.,0.9861784496644631,0.9995571403671035,0.9999984786672897
398,Micropterus sp.,,Actinopterygii,Perciformes,Centrarchidae,Chordata,False,False,very_sparse_1_4,Very limited (1-4 protective contexts),1,1,0,0,1,False,2.054734871808579e-09,0.9999999339045526,4.8509676177865835e-05,,extended_r1_greedy_order,,Very limited direct protective support; confirmatory testing is a high priority.,0.986226959340641,0.999559313660276,0.9999984877487855
399,Asellus hilgendorfii,,Malacostraca,Isopoda,Asellidae,Arthropoda,False,False,very_sparse_1_4,Very limited (1-4 protective contexts),3,3,0,0,1,False,1.9910950536086428e-09,0.999999935895648,4.842813542627056e-05,,extended_r1_greedy_order,,Very limited direct protective support; confirmatory testing is a high priority.,0.9862753874760672,0.9995614453745091,0.9999984962537267
400,Rana boylii,,Amphibia,Anura,Ranidae,Chordata,False,False,moderate_20_49,Moderate (20-49 protective contexts),25,7,7,2,2,False,1.929404642930965e-09,0.9999999378250525,4.38048704962668e-05,,extended_r1_greedy_order,,,0.9863191923465635,0.9995632435132048,0.9999985027521129
401,Villosa fabalis,,Bivalvia,Unionoida,Unionidae,Mollusca,False,False,very_sparse_1_4,Very limited (1-4 protective contexts),1,1,0,2,1,False,1.870514412860823e-09,0.9999999396955666,4.7856776031696135e-05,,extended_r1_greedy_order,,Very limited direct protective support; confirmatory testing is a high priority.,0.9863670491225952,0.999565596340341,0.9999985142483678
402,Culiseta longiareolata,,Insecta,Diptera,Culicidae,Arthropoda,False,False,very_sparse_1_4,Very limited (1-4 protective contexts),1,1,0,0,1,False,1.8118641614880027e-09,0.999999941507431,4.4373962268862144e-05,,extended_r1_greedy_order,,Very limited direct protective support; confirmatory testing is a high priority.,0.9864114230848641,0.9995678336504975,0.9999985257808484
403,Deleatidium sp.,,Insecta,Ephemeroptera,Leptophlebiidae,Arthropoda,False,False,moderate_20_49,Moderate (20-49 protective contexts),21,13,1,0,3,False,1.754699823668224e-09,0.9999999432621306,4.7538538900604443e-05,,extended_r1_greedy_order,,,0.9864589616237647,0.9995701551517078,0.9999985377292454
404,Streptocephalus torvicornis,,Branchiopoda,Anostraca,Streptocephalidae,Arthropoda,False,False,very_sparse_1_4,Very limited (1-4 protective contexts),3,3,3,0,1,False,1.700511925626567e-09,0.9999999449626428,4.345557447638093e-05,,extended_r1_greedy_order,,Very limited direct protective support; confirmatory testing is a high priority.,0.986502417198241,0.9995722656769325,0.9999985481310288
405,Hexagenia rigida,,Insecta,Ephemeroptera,Ephemeridae,Arthropoda,False,False,sparse_5_19,Limited (5-19 protective contexts),5,3,0,2,1,False,1.6465593034607077e-09,0.9999999466092018,4.622101708229298e-05,,extended_r1_greedy_order,,Limited direct protective support; interpret the rank with the reported uncertainty.,0.9865486382153233,0.9995743375510148,0.9999985570847254
406,Aedes polynesiensis,,Insecta,Diptera,Culicidae,Arthropoda,False,False,sparse_5_19,Limited (5-19 protective contexts),6,6,0,0,1,False,1.5965359902803506e-09,0.9999999482057379,4.343987374610947e-05,,extended_r1_greedy_order,,Limited direct protective support; interpret the rank with the reported uncertainty.,0.9865920780890695,0.9995765588155512,0.9999985690394374
407,Hydropsyche elissoma,,Insecta,Trichoptera,Hydropsychidae,Arthropoda,False,False,very_sparse_1_4,Very limited (1-4 protective contexts),1,1,0,0,1,False,1.546752628721836e-09,0.9999999497524906,4.305236059243267e-05,,extended_r1_greedy_order,,Very limited direct protective support; confirmatory testing is a high priority.,0.9866351304496619,0.9995786182135499,0.999998578351669
408,Rana pretiosa,,Amphibia,Anura,Ranidae,Chordata,False,False,very_sparse_1_4,Very limited (1-4 protective contexts),4,2,2,2,1,False,1.4992119578202778e-09,0.9999999512517024,4.071090766921692e-05,,extended_r1_greedy_order,,Very limited direct protective support; confirmatory testing is a high priority.,0.9866758413573311,0.9995803126344964,0.9999985847300349
409,Ambystoma barbouri,,Amphibia,Caudata,Ambystomatidae,Chordata,False,False,sparse_5_19,Limited (5-19 protective contexts),14,3,4,4,2,False,1.4540871321714293e-09,0.9999999527057898,4.457173030780748e-05,,extended_r1_greedy_order,,Limited direct protective support; interpret the rank with the reported uncertainty.,0.9867204130876389,0.9995823558351751,0.9999985936705605
410,Physalaemus santafecinus,,Amphibia,Anura,Leptodactylidae,Chordata,False,False,very_sparse_1_4,Very limited (1-4 protective contexts),2,1,0,0,1,False,1.409073921982971e-09,0.9999999541148635,4.682080966866842e-05,,extended_r1_greedy_order,,Very limited direct protective support; confirmatory testing is a high priority.,0.9867672338973076,0.9995842716776482,0.9999986007484355
411,Hydropsyche sparna,,Insecta,Trichoptera,Hydropsychidae,Arthropoda,False,False,very_sparse_1_4,Very limited (1-4 protective contexts),1,1,0,9,1,False,1.3660798543141907e-09,0.9999999554809432,4.2088517605787246e-05,,extended_r1_greedy_order,,Very limited direct protective support; confirmatory testing is a high priority.,0.9868093224149134,0.9995862735814139,0.9999986097797083
412,Villosa constricta,,Bivalvia,Unionoida,Unionidae,Mollusca,False,False,very_sparse_1_4,Very limited (1-4 protective contexts),1,1,0,0,1,False,1.3246374595203998e-09,0.9999999568055808,4.495420317962573e-05,,extended_r1_greedy_order,,Very limited direct protective support; confirmatory testing is a high priority.,0.986854276618093,0.9995884380150035,0.9999986201392336
413,Baetis tricaudatus,,Insecta,Ephemeroptera,Baetidae,Arthropoda,False,False,sparse_5_19,Limited (5-19 protective contexts),13,8,1,21,1,False,1.2843044506042726e-09,0.9999999580898852,4.419654934162409e-05,,extended_r1_greedy_order,,Limited direct protective support; interpret the rank with the reported uncertainty.,0.9868984731674346,0.9995905065943128,0.9999986296735381
414,Pseudacris crucifer,,Amphibia,Anura,Hylidae,Chordata,False,False,moderate_20_49,Moderate (20-49 protective contexts),20,10,0,35,1,False,1.2451237419926223e-09,0.999999959335009,4.2581679416620055e-05,,extended_r1_greedy_order,,,0.9869410548468512,0.9995923355744658,0.999998636912626
415,Poecilia mexicana,,Actinopterygii,Cyprinodontiformes,Poeciliidae,Chordata,False,False,very_sparse_1_4,Very limited (1-4 protective contexts),2,1,0,0,1,False,1.2080615505590822e-09,0.9999999605430705,3.63098120298444e-05,,extended_r1_greedy_order,,Very limited direct protective support; confirmatory testing is a high priority.,0.9869773646588811,0.9995938307409787,0.9999986426389943
416,Hydropsyche exocellata,,Insecta,Trichoptera,Hydropsychidae,Arthropoda,False,False,very_sparse_1_4,Very limited (1-4 protective contexts),3,2,1,0,2,False,1.1713553464973545e-09,0.9999999617144258,4.117829242589188e-05,,extended_r1_greedy_order,,Very limited direct protective support; confirmatory testing is a high priority.,0.987018542951307,0.9995957751565614,0.9999986513648825
417,Rasbora heteromorpha,,Actinopterygii,Cypriniformes,Cyprinidae,Chordata,False,False,moderate_20_49,Moderate (20-49 protective contexts),42,40,0,0,1,False,1.1352168313130416e-09,0.9999999628496428,4.200404073106956e-05,,extended_r1_greedy_order,,,0.987060546992038,0.9995974740282708,0.9999986573621527
418,Ambystoma gracile,,Amphibia,Caudata,Ambystomatidae,Chordata,False,False,sparse_5_19,Limited (5-19 protective contexts),10,5,2,3,1,False,1.1008480913110355e-09,0.999999963950491,4.247437807858301e-05,,extended_r1_greedy_order,,Limited direct protective support; interpret the rank with the reported uncertainty.,0.9871030213701166,0.9995992979279046,0.999998664631532
419,Villosa delumbis,,Bivalvia,Unionoida,Unionidae,Mollusca,False,False,very_sparse_1_4,Very limited (1-4 protective contexts),1,1,0,3,1,False,1.0669616084502345e-09,0.9999999650174526,4.335997445736872e-05,,extended_r1_greedy_order,,Very limited direct protective support; confirmatory testing is a high priority.,0.987146381344574,0.9996013650826494,0.9999986744589039
420,Etheostoma lepidum,,Actinopterygii,Perciformes,Percidae,Chordata,False,False,sparse_5_19,Limited (5-19 protective contexts),8,5,0,3,1,False,1.0344795250907545e-09,0.9999999660519321,4.362684390246674e-05,,extended_r1_greedy_order,,Limited direct protective support; interpret the rank with the reported uncertainty.,0.9871900081884765,0.9996034116476589,0.9999986837749633
421,Acroperus harpae,,Branchiopoda,Diplostraca,Chydoridae,Arthropoda,False,False,very_sparse_1_4,Very limited (1-4 protective contexts),1,1,0,5,1,False,1.0029779231656628e-09,0.9999999670549099,3.8578664310895405e-05,,extended_r1_greedy_order,,Very limited direct protective support; confirmatory testing is a high priority.,0.9872285868527874,0.9996052112621674,0.9999986920749272
422,Procambarus clarkii,,Malacostraca,Decapoda,Cambaridae,Arthropoda,False,False,strong_50_plus,Strong (50+ protective contexts),86,55,12,9,3,False,9.727697455503462e-10,0.9999999680276797,4.598103020914124e-05,,extended_r1_greedy_order,,,0.9872745678829965,0.9996070747701475,0.9999986984366963
423,Disparalona rostrata,,Branchiopoda,Diplostraca,Chydoridae,Arthropoda,False,False,very_sparse_1_4,Very limited (1-4 protective contexts),1,1,0,0,1,False,9.429948178120842e-10,0.9999999689706744,3.819213046618586e-05,,extended_r1_greedy_order,,Very limited direct protective support; confirmatory testing is a high priority.,0.9873127600134627,0.999608851288396,0.9999987066168227
424,Cnesterodon decemmaculatus,,Actinopterygii,Cyprinodontiformes,Poeciliidae,Chordata,False,False,sparse_5_19,Limited (5-19 protective contexts),17,11,1,0,2,False,9.146623101948775e-10,0.9999999698853369,3.95051687002157e-05,,extended_r1_greedy_order,,Limited direct protective support; interpret the rank with the reported uncertainty.,0.9873522651821629,0.9996105578344482,0.9999987132069225
425,Acroperus elongatus,,Branchiopoda,Diplostraca,Chydoridae,Arthropoda,False,False,very_sparse_1_4,Very limited (1-4 protective contexts),3,2,0,0,1,False,8.872577104358227e-10,0.9999999707725946,3.784359456160402e-05,,extended_r1_greedy_order,,Very limited direct protective support; confirmatory testing is a high priority.,0.9873901087767245,0.9996123126606784,0.9999987212689442
426,Caenis horaria,,Insecta,Ephemeroptera,Caenidae,Arthropoda,False,False,sparse_5_19,Limited (5-19 protective contexts),11,3,1,2,1,False,8.606498830908408e-10,0.9999999716332446,3.932994779554111e-05,,extended_r1_greedy_order,,Limited direct protective support; interpret the rank with the reported uncertainty.,0.98742943872452,0.9996141745130203,0.9999987303416796
427,Corynoneura sp.,,Insecta,Diptera,Chironomidae,Arthropoda,False,False,very_sparse_1_4,Very limited (1-4 protective contexts),1,1,0,0,1,False,8.338017318737698e-10,0.999999972467046,3.511507348108456e-05,,extended_r1_greedy_order,,Very limited direct protective support; confirmatory testing is a high priority.,0.9874645537980011,0.9996157647469004,0.9999987375364662
428,Fallceon quilleri,,Insecta,Ephemeroptera,Baetidae,Arthropoda,False,False,very_sparse_1_4,Very limited (1-4 protective contexts),1,1,1,3,1,False,8.083510149731786e-10,0.9999999732753972,3.992001607799889e-05,,extended_r1_greedy_order,,Very limited direct protective support; confirmatory testing is a high priority.,0.9875044738140791,0.9996176301465431,0.9999987461960451
429,Aedes nigromaculis,,Insecta,Diptera,Culicidae,Arthropoda,False,False,sparse_5_19,Limited (5-19 protective contexts),11,11,0,11,1,False,7.835511369655644e-10,0.9999999740589482,3.7715843408947514e-05,,extended_r1_greedy_order,,Limited direct protective support; interpret the rank with the reported uncertainty.,0.9875421896574881,0.9996194685964366,0.9999987556038322
430,Physalaemus nattereri,,Amphibia,Anura,Leptodactylidae,Chordata,False,False,very_sparse_1_4,Very limited (1-4 protective contexts),1,1,0,0,1,False,7.602227033462961e-10,0.9999999748191711,4.201683897975261e-05,,extended_r1_greedy_order,,Very limited direct protective support; confirmatory testing is a high priority.,0.9875842064964678,0.9996211465595207,0.9999987616606109
431,Diaphanosoma brachyurum,,Branchiopoda,Cladocera,Sididae,Arthropoda,False,False,sparse_5_19,Limited (5-19 protective contexts),7,7,0,0,1,False,7.373971069556655e-10,0.999999975556568,3.810746319088398e-05,,extended_r1_greedy_order,,Limited direct protective support; interpret the rank with the reported uncertainty.,0.9876223139596587,0.9996228420288931,0.9999987691423222
432,Culex sp.,,Insecta,Diptera,Culicidae,Arthropoda,False,False,sparse_5_19,Limited (5-19 protective contexts),10,10,0,0,2,False,7.154701397566172e-10,0.9999999762720382,3.4792805828520734e-05,,extended_r1_greedy_order,,Limited direct protective support; interpret the rank with the reported uncertainty.,0.9876571067654872,0.9996245003157509,0.9999987773838903
433,Spicodiaptomus chelospinus,,Maxillopoda,Calanoida,Diaptomidae,Arthropoda,False,False,sparse_5_19,Limited (5-19 protective contexts),9,9,0,0,1,False,6.939219712338226e-10,0.9999999769659602,4.2460387930542964e-05,,extended_r1_greedy_order,,Limited direct protective support; interpret the rank with the reported uncertainty.,0.9876995671534178,0.9996264320896718,0.9999987860104201
434,Culex nigripalpus,,Insecta,Diptera,Culicidae,Arthropoda,False,False,sparse_5_19,Limited (5-19 protective contexts),7,7,0,7,1,False,6.725623463878135e-10,0.9999999776385226,3.392419639258737e-05,,extended_r1_greedy_order,,Limited direct protective support; interpret the rank with the reported uncertainty.,0.9877334913498104,0.9996280976042963,0.999998796080665
435,Rana sierrae,,Amphibia,Anura,Ranidae,Chordata,False,False,sparse_5_19,Limited (5-19 protective contexts),8,3,0,1,1,False,6.525628131224589e-10,0.9999999782910854,3.5057313985564775e-05,,extended_r1_greedy_order,,Limited direct protective support; interpret the rank with the reported uncertainty.,0.9877685486637959,0.9996294882123051,0.9999988010737368
436,Carassius auratus,,Actinopterygii,Cypriniformes,Cyprinidae,Chordata,False,False,strong_50_plus,Strong (50+ protective contexts),338,223,45,0,4,False,6.331074064226015e-10,0.9999999789241926,4.205224640596583e-05,,extended_r1_greedy_order,,,0.9878106009102019,0.9996310658007912,0.9999988064629893
437,Lemna sp.,,Liliopsida,Arales,Lemnaceae,Magnoliophyta,False,False,sparse_5_19,Limited (5-19 protective contexts),7,6,5,0,1,False,6.139711070101826e-10,0.9999999795381639,4.243638050294152e-05,,extended_r1_greedy_order,,Limited direct protective support; interpret the rank with the reported uncertainty.,0.9878530372907048,0.999632770018536,0.9999988127123773
438,Obliquaria reflexa,,Bivalvia,Unionoida,Unionidae,Mollusca,False,False,sparse_5_19,Limited (5-19 protective contexts),7,7,0,20,1,False,5.953950978242011e-10,0.9999999801335591,3.8671520329436326e-05,,extended_r1_greedy_order,,Limited direct protective support; interpret the rank with the reported uncertainty.,0.9878917088110343,0.9996343854938643,0.9999988191954335
439,Anopheles culicifacies,,Insecta,Diptera,Culicidae,Arthropoda,False,False,sparse_5_19,Limited (5-19 protective contexts),10,6,0,0,2,False,5.77628210020575e-10,0.9999999807111872,3.729290308185362e-05,,extended_r1_greedy_order,,Limited direct protective support; interpret the rank with the reported uncertainty.,0.9879290017141161,0.9996361017242968,0.9999988272930969
440,Aedes triseriatus,,Insecta,Diptera,Culicidae,Arthropoda,False,False,sparse_5_19,Limited (5-19 protective contexts),8,3,0,36,2,False,5.589744303030235e-10,0.9999999812701617,3.5480501778040185e-05,,extended_r1_greedy_order,,Limited direct protective support; interpret the rank with the reported uncertainty.,0.9879644822158942,0.9996378902176343,0.9999988369058792
441,Poecilia latipinna,,Actinopterygii,Cyprinodontiformes,Poeciliidae,Chordata,False,False,sparse_5_19,Limited (5-19 protective contexts),11,10,1,7,1,False,5.422520660465014e-10,0.9999999818124138,3.0501868086951767e-05,,extended_r1_greedy_order,,Limited direct protective support; interpret the rank with the reported uncertainty.,0.9879949840839811,0.9996390988217588,0.9999988414238059
442,Camptocercus lilljeborgi,,Branchiopoda,Diplostraca,Chydoridae,Arthropoda,False,False,very_sparse_1_4,Very limited (1-4 protective contexts),1,1,0,0,1,False,5.263609675620073e-10,0.9999999823387745,3.385734996852463e-05,,extended_r1_greedy_order,,Very limited direct protective support; confirmatory testing is a high priority.,0.9880288414339496,0.9996406250894931,0.9999988482602542
443,Asellus militaris,,Malacostraca,Isopoda,Asellidae,Arthropoda,False,False,sparse_5_19,Limited (5-19 protective contexts),6,5,0,1,3,False,5.108704857124624e-10,0.9999999828496452,3.8147509307751015e-05,,extended_r1_greedy_order,,Limited direct protective support; interpret the rank with the reported uncertainty.,0.9880669889432574,0.9996421799848123,0.9999988540537755
444,Pleuroxus truncatus,,Branchiopoda,Diplostraca,Chydoridae,Arthropoda,False,False,very_sparse_1_4,Very limited (1-4 protective contexts),1,1,0,0,1,False,4.957363577381093e-10,0.9999999833453814,3.355241907587736e-05,,extended_r1_greedy_order,,Very limited direct protective support; confirmatory testing is a high priority.,0.9881005413623333,0.9996436880777034,0.9999988607939506
445,Physalaemus gracilis,,Amphibia,Anura,Leptodactylidae,Chordata,False,False,very_sparse_1_4,Very limited (1-4 protective contexts),2,1,1,0,1,False,4.810431175977729e-10,0.9999999838264246,3.8784026528015936e-05,,extended_r1_greedy_order,,Very limited direct protective support; confirmatory testing is a high priority.,0.9881393253888613,0.9996452010065758,0.9999988661378433
446,Ctenopharyngodon idella,,Actinopterygii,Cypriniformes,Cyprinidae,Chordata,False,False,strong_50_plus,Strong (50+ protective contexts),65,47,8,0,3,False,4.66737935766806e-10,0.9999999842931626,3.838658504107251e-05,,extended_r1_greedy_order,,,0.9881777119739024,0.9996466656859142,0.9999988712388068
447,Physalaemus biligonigerus,,Amphibia,Anura,Leptodactylidae,Chordata,False,False,very_sparse_1_4,Very limited (1-4 protective contexts),1,1,0,0,1,False,4.5291610344154276e-10,0.9999999847460788,3.841444470964461e-05,,extended_r1_greedy_order,,Very limited direct protective support; confirmatory testing is a high priority.,0.988216126418612,0.9996481610693064,0.9999988765166931
448,Rana aurora,,Amphibia,Anura,Ranidae,Chordata,False,False,sparse_5_19,Limited (5-19 protective contexts),15,6,2,3,2,False,4.392606181327291e-10,0.9999999851853394,3.264915059064677e-05,,extended_r1_greedy_order,,Limited direct protective support; interpret the rank with the reported uncertainty.,0.9882487755692027,0.9996494400385126,0.9999988811263213
449,Bufo quercicus,,Amphibia,Anura,Bufonidae,Chordata,False,False,very_sparse_1_4,Very limited (1-4 protective contexts),1,1,1,7,1,False,4.2643926225669294e-10,0.9999999856117785,3.4131485982191734e-05,,extended_r1_greedy_order,,Very limited direct protective support; confirmatory testing is a high priority.,0.9882829070551848,0.99965076320787,0.9999988856390696
450,Streptocephalus sudanicus,,Branchiopoda,Anostraca,Streptocephalidae,Arthropoda,False,False,sparse_5_19,Limited (5-19 protective contexts),9,9,0,0,1,False,4.140657611619237e-10,0.9999999860258444,3.334595637194404e-05,,extended_r1_greedy_order,,Limited direct protective support; interpret the rank with the reported uncertainty.,0.9883162530115568,0.9996522760798497,0.9999988926808675
451,Villosa villosa,,Bivalvia,Unionoida,Unionidae,Mollusca,False,False,very_sparse_1_4,Very limited (1-4 protective contexts),2,2,0,2,2,False,4.016925775037866e-10,0.9999999864275371,3.651372610524728e-05,,extended_r1_greedy_order,,Very limited direct protective support; confirmatory testing is a high priority.,0.988352766737662,0.9996539304802403,0.9999989002075692
452,Vallisneria americana,,Liliopsida,Hydrocharitales,Hydrocharitaceae,Magnoliophyta,False,False,moderate_20_49,Moderate (20-49 protective contexts),22,18,6,28,1,False,3.897568224744258e-10,0.9999999868172937,3.941187131939472e-05,,extended_r1_greedy_order,,,0.9883921786089814,0.9996556091382864,0.9999989065976242
453,Bufo cognatus,,Amphibia,Anura,Bufonidae,Chordata,False,False,very_sparse_1_4,Very limited (1-4 protective contexts),2,1,0,16,1,False,3.77776616259144e-10,0.9999999871950702,3.3688082951122134e-05,,extended_r1_greedy_order,,Very limited direct protective support; confirmatory testing is a high priority.,0.9884258666919326,0.999656901741606,0.9999989110207584
454,Diaphanosoma birgei,,Branchiopoda,Cladocera,Sididae,Arthropoda,False,False,very_sparse_1_4,Very limited (1-4 protective contexts),4,2,0,0,1,False,3.6663909306795904e-10,0.9999999875617094,3.302071921762462e-05,,extended_r1_greedy_order,,Very limited direct protective support; confirmatory testing is a high priority.,0.9884588874111502,0.9996583521872889,0.999998917402675
455,Hydropsyche pellucidula,,Insecta,Trichoptera,Hydropsychidae,Arthropoda,False,False,sparse_5_19,Limited (5-19 protective contexts),12,10,1,0,2,False,3.5586306621065395e-10,0.9999999879175723,3.286730534124427e-05,,extended_r1_greedy_order,,Limited direct protective support; interpret the rank with the reported uncertainty.,0.9884917547164914,0.999659764813944,0.9999989232051113
456,Salvelinus confluentus,,Actinopterygii,Salmoniformes,Salmonidae,Chordata,False,False,sparse_5_19,Limited (5-19 protective contexts),11,5,0,3,1,False,3.452554263366198e-10,0.9999999882628279,3.287864234280402e-05,,extended_r1_greedy_order,,Limited direct protective support; interpret the rank with the reported uncertainty.,0.9885246333588342,0.9996612024490631,0.9999989294708802
457,Bufo terrestris,,Amphibia,Anura,Bufonidae,Chordata,False,False,very_sparse_1_4,Very limited (1-4 protective contexts),1,1,0,8,1,False,3.351155534038961e-10,0.9999999885979433,3.255355084497147e-05,,extended_r1_greedy_order,,Very limited direct protective support; confirmatory testing is a high priority.,0.9885571869096792,0.9996624546059287,0.9999989337569836
458,Culiseta incidens,,Insecta,Diptera,Culicidae,Arthropoda,False,False,very_sparse_1_4,Very limited (1-4 protective contexts),3,3,0,10,1,False,3.2526695998285395e-10,0.9999999889232105,3.1956667397636807e-05,,extended_r1_greedy_order,,Very limited direct protective support; confirmatory testing is a high priority.,0.9885891435770768,0.9996639183956156,0.9999989407928912
459,Isonychia bicolor,,Insecta,Ephemeroptera,Isonychiidae,Arthropoda,False,False,sparse_5_19,Limited (5-19 protective contexts),9,6,0,19,1,False,3.156300871226377e-10,0.9999999892388404,3.453114928630985e-05,,extended_r1_greedy_order,,Limited direct protective support; interpret the rank with the reported uncertainty.,0.9886236747263631,0.999665417870698,0.9999989472481134
460,Diaphanosoma excisum,,Branchiopoda,Cladocera,Sididae,Arthropoda,False,False,very_sparse_1_4,Very limited (1-4 protective contexts),3,2,0,0,1,False,3.0650625402804435e-10,0.999999989545347,3.203302075016623e-05,,extended_r1_greedy_order,,Very limited direct protective support; confirmatory testing is a high priority.,0.9886557077471133,0.9996667990105667,0.9999989532334966
461,Branchinecta lynchi,,Branchiopoda,Anostraca,Branchinectidae,Arthropoda,False,False,very_sparse_1_4,Very limited (1-4 protective contexts),4,3,0,2,1,False,2.974326441089989e-10,0.9999999898427793,3.072973510531707e-05,,extended_r1_greedy_order,,Very limited direct protective support; confirmatory testing is a high priority.,0.9886864374822186,0.9996680940309828,0.9999989588295399
462,Eucyclops sp.,,Maxillopoda,Cyclopoida,Cyclopidae,Arthropoda,False,False,sparse_5_19,Limited (5-19 protective contexts),8,8,0,0,1,False,2.887695131266429e-10,0.999999990131549,3.8257825280996194e-05,,extended_r1_greedy_order,,Limited direct protective support; interpret the rank with the reported uncertainty.,0.9887246953074996,0.9996697366913577,0.9999989656130025
463,Dugesia dorotocephala,,Turbellaria,Tricladida,Planariidae,Platyhelminthes,False,False,moderate_20_49,Moderate (20-49 protective contexts),25,18,9,5,2,False,2.801138147278741e-10,0.9999999904116631,3.931588623462545e-05,,extended_r1_greedy_order,,,0.9887640111937342,0.9996712621270052,0.9999989708598382
464,Eulimnogammarus toletanus,,Malacostraca,Amphipoda,Gammaridae,Arthropoda,False,False,sparse_5_19,Limited (5-19 protective contexts),5,2,1,0,1,False,2.716982644618807e-10,0.9999999906833611,3.368872555120639e-05,,extended_r1_greedy_order,,Limited direct protective support; interpret the rank with the reported uncertainty.,0.9887976999192855,0.9996728036185724,0.999998977793384
465,Hydropsyche californica,,Insecta,Trichoptera,Hydropsychidae,Arthropoda,False,False,sparse_5_19,Limited (5-19 protective contexts),7,7,0,1,2,False,2.63820725063706e-10,0.9999999909471816,3.068788577009762e-05,,extended_r1_greedy_order,,Limited direct protective support; interpret the rank with the reported uncertainty.,0.9888283878050556,0.9996741653005896,0.9999989836847158
466,Poecilia sp.,,Actinopterygii,Cyprinodontiformes,Poeciliidae,Chordata,False,False,sparse_5_19,Limited (5-19 protective contexts),7,7,0,0,1,False,2.5621210943475986e-10,0.9999999912033939,2.5640590662789897e-05,,extended_r1_greedy_order,,Limited direct protective support; interpret the rank with the reported uncertainty.,0.9888540283957183,0.9996751511440892,0.9999989873064581
467,Orconectes immunis,,Malacostraca,Decapoda,Cambaridae,Arthropoda,False,False,moderate_20_49,Moderate (20-49 protective contexts),25,20,4,20,1,False,2.4867630745458365e-10,0.9999999914520702,3.4923852622381624e-05,,extended_r1_greedy_order,,,0.9888889522483407,0.9996764780135717,0.9999989915201348
468,Phaenopsectra sp.,,Insecta,Diptera,Chironomidae,Arthropoda,False,False,very_sparse_1_4,Very limited (1-4 protective contexts),1,1,0,0,1,False,2.414179625461659e-10,0.9999999916934881,2.6905609647576156e-05,,extended_r1_greedy_order,,Very limited direct protective support; confirmatory testing is a high priority.,0.9889158578579883,0.9996776239891626,0.9999989964905867
469,Bufo canorus,,Amphibia,Anura,Bufonidae,Chordata,False,False,very_sparse_1_4,Very limited (1-4 protective contexts),2,1,0,1,1,False,2.3448792020172606e-10,0.999999991927976,3.045867419060322e-05,,extended_r1_greedy_order,,Very limited direct protective support; confirmatory testing is a high priority.,0.9889463165321789,0.9996787798534597,0.9999990004205008
470,Glyptotendipes barbipes,,Insecta,Diptera,Chironomidae,Arthropoda,False,False,very_sparse_1_4,Very limited (1-4 protective contexts),2,1,0,10,1,False,2.277866179682969e-10,0.9999999921557627,2.736523209634356e-05,,extended_r1_greedy_order,,Very limited direct protective support; confirmatory testing is a high priority.,0.9889736817642752,0.9996799778672019,0.9999990057920334
471,Kiefferulus sp.,,Insecta,Diptera,Chironomidae,Arthropoda,False,False,very_sparse_1_4,Very limited (1-4 protective contexts),1,1,0,0,1,False,2.2134460207552003e-10,0.9999999923771073,2.6422516345880886e-05,,extended_r1_greedy_order,,Very limited direct protective support; confirmatory testing is a high priority.,0.9890001042806211,0.9996811036732974,0.9999990106865331
472,Asellus meridianus,,Malacostraca,Isopoda,Asellidae,Arthropoda,False,False,sparse_5_19,Limited (5-19 protective contexts),6,3,0,0,2,False,2.1501977375320992e-10,0.999999992592127,3.2826902546911896e-05,,extended_r1_greedy_order,,Limited direct protective support; interpret the rank with the reported uncertainty.,0.989032931183168,0.9996824103747319,0.9999990155960509
473,Psectrocladius sp.,,Insecta,Diptera,Chironomidae,Arthropoda,False,False,very_sparse_1_4,Very limited (1-4 protective contexts),1,1,9,0,1,False,2.0883930357382384e-10,0.9999999928009664,2.6244206453696073e-05,,extended_r1_greedy_order,,Very limited direct protective support; confirmatory testing is a high priority.,0.9890591753896217,0.9996835226998558,0.9999990204012332
474,Villosa lienosa,,Bivalvia,Unionoida,Unionidae,Mollusca,False,False,very_sparse_1_4,Very limited (1-4 protective contexts),2,1,0,9,2,False,2.0293447273849017e-10,0.999999993003901,3.247619452528827e-05,,extended_r1_greedy_order,,Very limited direct protective support; confirmatory testing is a high priority.,0.989091651584147,0.9996849432639963,0.9999990266958624
475,Camptocercus rectirostris,,Branchiopoda,Diplostraca,Chydoridae,Arthropoda,False,False,very_sparse_1_4,Very limited (1-4 protective contexts),1,1,0,1,1,False,1.9711498884349984e-10,0.9999999932010158,2.7712116371536588e-05,,extended_r1_greedy_order,,Very limited direct protective support; confirmatory testing is a high priority.,0.9891193637005186,0.9996861362097843,0.9999990318996067
476,Streptocephalus proboscideus,,Branchiopoda,Anostraca,Streptocephalidae,Arthropoda,False,False,sparse_5_19,Limited (5-19 protective contexts),13,13,0,0,2,False,1.9148985682497858e-10,0.9999999933925059,2.846439411319235e-05,,extended_r1_greedy_order,,Limited direct protective support; interpret the rank with the reported uncertainty.,0.9891478280946318,0.9996873566883019,0.9999990375127565
477,Pleuroxus denticulatus,,Branchiopoda,Diplostraca,Chydoridae,Arthropoda,False,False,very_sparse_1_4,Very limited (1-4 protective contexts),1,1,0,16,1,False,1.8606248727983398e-10,0.9999999935785681,2.7492885743218842e-05,,extended_r1_greedy_order,,Very limited direct protective support; confirmatory testing is a high priority.,0.989175320980375,0.9996885367513009,0.9999990426438871
478,Chydorus ovalis,,Branchiopoda,Diplostraca,Chydoridae,Arthropoda,False,False,very_sparse_1_4,Very limited (1-4 protective contexts),4,3,1,0,1,False,1.807263322387942e-10,0.9999999937592945,2.782876030493764e-05,,extended_r1_greedy_order,,Very limited direct protective support; confirmatory testing is a high priority.,0.9892031497406799,0.9996897222626524,0.9999990477411576
479,Glyptotendipes pallens,,Insecta,Diptera,Chironomidae,Arthropoda,False,False,very_sparse_1_4,Very limited (1-4 protective contexts),2,1,1,0,1,False,1.7563097309532934e-10,0.9999999939349254,2.6076811602271377e-05,,extended_r1_greedy_order,,Very limited direct protective support; confirmatory testing is a high priority.,0.9892292265522822,0.9996908466040411,0.999999052707483
480,Bufo arabicus,,Amphibia,Anura,Bufonidae,Chordata,False,False,sparse_5_19,Limited (5-19 protective contexts),6,2,0,0,1,False,1.7063663765817167e-10,0.9999999941055621,2.92689082637132e-05,,extended_r1_greedy_order,,Limited direct protective support; interpret the rank with the reported uncertainty.,0.9892584954605459,0.9996919412056661,0.9999990564033335
481,Barbus ticto,,Actinopterygii,Cypriniformes,Cyprinidae,Chordata,False,False,moderate_20_49,Moderate (20-49 protective contexts),22,15,3,0,1,False,1.6576537183382841e-10,0.9999999942713275,3.089607159800778e-05,,extended_r1_greedy_order,,,0.9892893915321439,0.999693065614317,0.9999990600875699
482,Brachythemis contaminata,,Insecta,Odonata,Libellulidae,Arthropoda,False,False,very_sparse_1_4,Very limited (1-4 protective contexts),4,4,0,0,1,False,1.610194275893333e-10,0.9999999944323469,3.0436707285530495e-05,,extended_r1_greedy_order,,Very limited direct protective support; confirmatory testing is a high priority.,0.9893198282394294,0.9996942540268069,0.9999990648960738
483,Catostomus commersoni,,Actinopterygii,Cypriniformes,Catostomidae,Chordata,False,False,strong_50_plus,Strong (50+ protective contexts),68,39,5,37,2,False,1.563546160392828e-10,0.9999999945887015,3.262293758676815e-05,,extended_r1_greedy_order,,,0.9893524511770162,0.9996954855867526,0.9999990693664904
484,Oncorhynchus sp.,,Actinopterygii,Salmoniformes,Salmonidae,Chordata,False,False,very_sparse_1_4,Very limited (1-4 protective contexts),1,1,0,0,1,False,1.5187019343140172e-10,0.9999999947405718,2.7179516921438385e-05,,extended_r1_greedy_order,,Very limited direct protective support; confirmatory testing is a high priority.,0.9893796306939376,0.9996965919715612,0.9999990739241724
485,Procloeon sp.,,Insecta,Ephemeroptera,Baetidae,Arthropoda,False,False,very_sparse_1_4,Very limited (1-4 protective contexts),4,4,0,0,1,False,1.4752060020935472e-10,0.9999999948880921,2.9790548711217113e-05,,extended_r1_greedy_order,,Very limited direct protective support; confirmatory testing is a high priority.,0.9894094212426489,0.9996978740087918,0.9999990795317095
486,Caenis miliaria,,Insecta,Ephemeroptera,Caenidae,Arthropoda,False,False,very_sparse_1_4,Very limited (1-4 protective contexts),2,2,0,0,1,False,1.4321410437860763e-10,0.9999999950313064,2.8600929259936514e-05,,extended_r1_greedy_order,,Very limited direct protective support; confirmatory testing is a high priority.,0.9894380221719088,0.9996991136529493,0.9999990850463432
487,Physalaemus olfersii,,Amphibia,Anura,Leptodactylidae,Chordata,False,False,very_sparse_1_4,Very limited (1-4 protective contexts),2,2,0,0,1,False,1.389941410600812e-10,0.9999999951703006,3.1756402864124844e-05,,extended_r1_greedy_order,,Very limited direct protective support; confirmatory testing is a high priority.,0.9894697785747729,0.999700290377421,0.9999990890813022
488,Culex fatigans,,Insecta,Diptera,Culicidae,Arthropoda,False,False,sparse_5_19,Limited (5-19 protective contexts),9,8,0,16,1,False,1.3509430577546377e-10,0.9999999953053947,2.4475596070550054e-05,,extended_r1_greedy_order,,Limited direct protective support; interpret the rank with the reported uncertainty.,0.9894942541708435,0.9997013738584785,0.9999990942318223
489,Caenis moesta,,Insecta,Ephemeroptera,Caenidae,Arthropoda,False,False,very_sparse_1_4,Very limited (1-4 protective contexts),1,1,0,0,1,False,1.3121737178019926e-10,0.9999999954366123,2.78742504331575e-05,,extended_r1_greedy_order,,Very limited direct protective support; confirmatory testing is a high priority.,0.9895221284212766,0.9997025778584698,0.9999990995724465
490,Eurycercus lamellatus,,Branchiopoda,Diplostraca,Chydoridae,Arthropoda,False,False,very_sparse_1_4,Very limited (1-4 protective contexts),2,2,0,0,1,False,1.2753172579416885e-10,0.9999999955641442,2.5912198990507562e-05,,extended_r1_greedy_order,,Very limited direct protective support; confirmatory testing is a high priority.,0.9895480406202671,0.9997036719853328,0.9999991042803966
491,Rutilus kutum,,Actinopterygii,Cypriniformes,Cyprinidae,Chordata,False,False,sparse_5_19,Limited (5-19 protective contexts),5,2,0,0,1,False,1.2386062721513102e-10,0.9999999956880046,2.8060075261793216e-05,,extended_r1_greedy_order,,Limited direct protective support; interpret the rank with the reported uncertainty.,0.9895761006955289,0.9997047446303801,0.9999991082419698
492,Chaetogammarus marinus,,Malacostraca,Amphipoda,Gammaridae,Arthropoda,False,False,very_sparse_1_4,Very limited (1-4 protective contexts),1,1,0,0,1,False,1.2033931204650933e-10,0.9999999958083439,2.9720226766172253e-05,,extended_r1_greedy_order,,Very limited direct protective support; confirmatory testing is a high priority.,0.9896058209222951,0.9997060174982056,0.9999991136717018
493,Pentaneura sp.,,Insecta,Diptera,Chironomidae,Arthropoda,False,False,very_sparse_1_4,Very limited (1-4 protective contexts),2,2,0,0,1,False,1.1691933210461955e-10,0.9999999959252632,2.3506634253323e-05,,extended_r1_greedy_order,,Very limited direct protective support; confirmatory testing is a high priority.,0.9896293275565484,0.9997070001062401,0.9999991179023426
494,Cyprinus sp.,,Actinopterygii,Cypriniformes,Cyprinidae,Chordata,False,False,very_sparse_1_4,Very limited (1-4 protective contexts),1,1,0,0,1,False,1.136322275970447e-10,0.9999999960388953,2.738768292309679e-05,,extended_r1_greedy_order,,Very limited direct protective support; confirmatory testing is a high priority.,0.9896567152394715,0.9997079932376622,0.9999991212710477
495,Branchinecta lindahli,,Branchiopoda,Anostraca,Branchinectidae,Arthropoda,False,False,very_sparse_1_4,Very limited (1-4 protective contexts),1,1,0,4,1,False,1.1041578673166293e-10,0.999999996149311,2.586284908545622e-05,,extended_r1_greedy_order,,Very limited direct protective support; confirmatory testing is a high priority.,0.989682578088557,0.999709049286839,0.9999991257412921
496,Rana dalmatina,,Amphibia,Anura,Ranidae,Chordata,False,False,sparse_5_19,Limited (5-19 protective contexts),10,1,0,0,1,False,1.0730102379406487e-10,0.9999999962566125,2.5419563814632617e-05,,extended_r1_greedy_order,,Limited direct protective support; interpret the rank with the reported uncertainty.,0.9897079976523716,0.9997099674519995,0.9999991287931796
497,Planorbella duryi,,Gastropoda,Basommatophora,Planorbidae,Mollusca,False,False,very_sparse_1_4,Very limited (1-4 protective contexts),1,1,0,5,1,False,1.0428378711551746e-10,0.9999999963608962,2.7092574049314422e-05,,extended_r1_greedy_order,,Very limited direct protective support; confirmatory testing is a high priority.,0.9897350902264209,0.9997109685708082,0.9999991322363969
498,Oryzias melastigma,,Actinopterygii,Beloniformes,Adrianichthyidae,Chordata,False,False,very_sparse_1_4,Very limited (1-4 protective contexts),1,1,1,0,1,False,1.0134941998536413e-10,0.9999999964622454,2.745789252189823e-05,,extended_r1_greedy_order,,Very limited direct protective support; confirmatory testing is a high priority.,0.9897625481189428,0.999712006280833,0.9999991359147066
499,Asellus racovitzai,,Malacostraca,Isopoda,Asellidae,Arthropoda,False,False,very_sparse_1_4,Very limited (1-4 protective contexts),3,3,0,1,1,False,9.84319655134132e-11,0.9999999965606773,2.923790201203591e-05,,extended_r1_greedy_order,,Very limited direct protective support; confirmatory testing is a high priority.,0.9897917860209549,0.9997131109710519,0.9999991398163949
500,Chaoborus obscuripes,,Insecta,Diptera,Chaoboridae,Arthropoda,False,False,sparse_5_19,Limited (5-19 protective contexts),18,5,1,0,2,False,9.561679616889126e-11,0.9999999966562941,2.7524324968331015e-05,,extended_r1_greedy_order,,Limited direct protective support; interpret the rank with the reported uncertainty.,0.9898193103459232,0.9997143388824127,0.9999991455322185
501,Hydropsyche angustipennis,,Insecta,Trichoptera,Hydropsychidae,Arthropoda,False,False,sparse_5_19,Limited (5-19 protective contexts),6,6,4,0,1,False,9.29325536457415e-11,0.9999999967492267,2.5844243843886616e-05,,extended_r1_greedy_order,,Limited direct protective support; interpret the rank with the reported uncertainty.,0.9898451545897671,0.9997154326171047,0.9999991500762369
502,Bufo bufo,,Amphibia,Anura,Bufonidae,Chordata,False,False,sparse_5_19,Limited (5-19 protective contexts),17,7,2,0,1,False,9.032923242469021e-11,0.9999999968395558,2.6641832403750954e-05,,extended_r1_greedy_order,,Limited direct protective support; interpret the rank with the reported uncertainty.,0.9898717964221708,0.9997164143021102,0.9999991533773994
503,Anopheles vagus,,Insecta,Diptera,Culicidae,Arthropoda,False,False,very_sparse_1_4,Very limited (1-4 protective contexts),1,1,0,0,1,False,8.775995780430238e-11,0.999999996927316,2.6572191169305093e-05,,extended_r1_greedy_order,,Very limited direct protective support; confirmatory testing is a high priority.,0.9898983686133401,0.9997175415091313,0.9999991583871211
504,Peracantha truncata,,Branchiopoda,Diplostraca,Chydoridae,Arthropoda,False,False,very_sparse_1_4,Very limited (1-4 protective contexts),4,1,0,0,1,False,8.530922390896307e-11,0.9999999970126252,2.4819005637888303e-05,,extended_r1_greedy_order,,Very limited direct protective support; confirmatory testing is a high priority.,0.989923187618978,0.999718573559488,0.9999991627700314
505,Stictochironomus sticticus,,Insecta,Diptera,Chironomidae,Arthropoda,False,False,very_sparse_1_4,Very limited (1-4 protective contexts),4,2,0,1,1,False,8.293416588287137e-11,0.9999999970955593,2.288230338132191e-05,,extended_r1_greedy_order,,Very limited direct protective support; confirmatory testing is a high priority.,0.9899460699223593,0.9997195117648294,0.9999991667402562
506,Bufo gargarizans,,Amphibia,Anura,Bufonidae,Chordata,False,False,moderate_20_49,Moderate (20-49 protective contexts),23,7,1,0,1,False,8.060908826389414e-11,0.9999999971761685,2.6788110785047614e-05,,extended_r1_greedy_order,,,0.9899728580331444,0.9997204796753125,0.9999991698905246
507,Hydropsyche recurvata,,Insecta,Trichoptera,Hydropsychidae,Arthropoda,False,False,very_sparse_1_4,Very limited (1-4 protective contexts),4,4,0,1,1,False,7.833513829669098e-11,0.9999999972545036,2.514388285779212e-05,,extended_r1_greedy_order,,Very limited direct protective support; confirmatory testing is a high priority.,0.9899980019160022,0.999721509867003,0.9999991740244217
508,Palaemon pugio,,Malacostraca,Decapoda,Palaemonidae,Arthropoda,False,False,sparse_5_19,Limited (5-19 protective contexts),8,5,0,7,1,False,7.608155697063634e-11,0.9999999973305852,2.8239560092235827e-05,,extended_r1_greedy_order,,Limited direct protective support; interpret the rank with the reported uncertainty.,0.9900262414760944,0.9997228091677667,0.9999991801542414
509,Chydorus sp.,,Branchiopoda,Diplostraca,Chydoridae,Arthropoda,False,False,very_sparse_1_4,Very limited (1-4 protective contexts),1,1,0,0,1,False,7.393805901713032e-11,0.9999999974045233,2.3686416518620135e-05,,extended_r1_greedy_order,,Very limited direct protective support; confirmatory testing is a high priority.,0.990049927892613,0.9997237775889186,0.9999991842076907
510,Caenis maxima,,Insecta,Ephemeroptera,Caenidae,Arthropoda,False,False,very_sparse_1_4,Very limited (1-4 protective contexts),1,1,0,0,1,False,7.187048075893905e-11,0.9999999974763938,2.54733451935385e-05,,extended_r1_greedy_order,,Very limited direct protective support; confirmatory testing is a high priority.,0.9900754012378066,0.9997248496443164,0.999999188871724
511,Dikerogammarus villosus,,Malacostraca,Amphipoda,Gammaridae,Arthropoda,False,False,very_sparse_1_4,Very limited (1-4 protective contexts),1,1,0,0,1,False,6.984775469267317e-11,0.9999999975462415,2.7486639259444168e-05,,extended_r1_greedy_order,,Very limited direct protective support; confirmatory testing is a high priority.,0.990102887877066,0.9997259985162711,0.9999991936833514
512,Caenis diminuta,,Insecta,Ephemeroptera,Caenidae,Arthropoda,False,False,very_sparse_1_4,Very limited (1-4 protective contexts),2,2,0,1,1,False,6.785560965007299e-11,0.9999999976140971,2.514537720510468e-05,,extended_r1_greedy_order,,Very limited direct protective support; confirmatory testing is a high priority.,0.9901280332542711,0.9997270491928151,0.9999991982231036
513,Xenopus sp.,,Amphibia,Anura,Pipidae,Chordata,False,False,sparse_5_19,Limited (5-19 protective contexts),10,6,0,0,1,False,6.596208687224068e-11,0.9999999976800592,2.5956882442002005e-05,,extended_r1_greedy_order,,Limited direct protective support; interpret the rank with the reported uncertainty.,0.9901539901367131,0.9997279534137958,0.9999992010970867
514,Oryzias dancena,,Actinopterygii,Beloniformes,Adrianichthyidae,Chordata,False,False,very_sparse_1_4,Very limited (1-4 protective contexts),1,1,0,0,3,False,6.410047933279957e-11,0.9999999977441595,2.54288871792685e-05,,extended_r1_greedy_order,,Very limited direct protective support; confirmatory testing is a high priority.,0.9901794190238924,0.9997288929585133,0.9999992043643265
515,Einfeldia natchitocheae,,Insecta,Diptera,Chironomidae,Arthropoda,False,False,very_sparse_1_4,Very limited (1-4 protective contexts),2,2,0,1,1,False,6.232016531890011e-11,0.9999999978064797,2.1161126701363386e-05,,extended_r1_greedy_order,,Very limited direct protective support; confirmatory testing is a high priority.,0.9902005801505938,0.9997297436369015,0.9999992079001799
516,Anopheles balabacensis,,Insecta,Diptera,Culicidae,Arthropoda,False,False,very_sparse_1_4,Very limited (1-4 protective contexts),1,1,0,0,1,False,6.059066488577494e-11,0.9999999978670704,2.5086055846945676e-05,,extended_r1_greedy_order,,Very limited direct protective support; confirmatory testing is a high priority.,0.9902256662064407,0.9997307917740358,0.9999992125088137
517,Anopheles maculatus,,Insecta,Diptera,Culicidae,Arthropoda,False,False,very_sparse_1_4,Very limited (1-4 protective contexts),1,1,0,0,1,False,5.888942385057336e-11,0.99999999792596,2.495361045562472e-05,,extended_r1_greedy_order,,Very limited direct protective support; confirmatory testing is a high priority.,0.9902506198168963,0.9997318334066212,0.9999992170841087
518,Anopheles farauti,,Insecta,Diptera,Culicidae,Arthropoda,False,False,very_sparse_1_4,Very limited (1-4 protective contexts),2,2,0,0,1,False,5.7242524032754986e-11,0.9999999979832025,2.497986034666333e-05,,extended_r1_greedy_order,,Very limited direct protective support; confirmatory testing is a high priority.,0.990275599677243,0.9997328736669039,0.9999992216368192
519,Anopheles sundaicus,,Insecta,Diptera,Culicidae,Arthropoda,False,False,very_sparse_1_4,Very limited (1-4 protective contexts),4,2,0,0,1,False,5.56159261561327e-11,0.9999999980388183,2.481548447763604e-05,,extended_r1_greedy_order,,Very limited direct protective support; confirmatory testing is a high priority.,0.9903004151617206,0.9997339085841876,0.9999992261677694
520,Alona glabra,,Branchiopoda,Diplostraca,Chydoridae,Arthropoda,False,False,very_sparse_1_4,Very limited (1-4 protective contexts),1,1,0,0,1,False,5.406688156118912e-11,0.9999999980928851,2.2926531085376567e-05,,extended_r1_greedy_order,,Very limited direct protective support; confirmatory testing is a high priority.,0.990323341692806,0.9997348468978964,0.9999992300998852
521,Bufo anderssoni,,Amphibia,Anura,Bufonidae,Chordata,False,False,very_sparse_1_4,Very limited (1-4 protective contexts),3,1,0,0,1,False,5.256828828812286e-11,0.9999999981454534,2.424011257251557e-05,,extended_r1_greedy_order,,Very limited direct protective support; confirmatory testing is a high priority.,0.9903475818053785,0.9997357074229019,0.9999992328802797
522,Oncorhynchus masou,,Actinopterygii,Salmoniformes,Salmonidae,Chordata,False,False,sparse_5_19,Limited (5-19 protective contexts),5,4,0,0,1,False,5.1105216422434505e-11,0.9999999981965587,2.2594546867926724e-05,,extended_r1_greedy_order,,Limited direct protective support; interpret the rank with the reported uncertainty.,0.9903701763522464,0.9997365884895809,0.9999992364068357
523,Clinotanypus pinguis,,Insecta,Diptera,Chironomidae,Arthropoda,False,False,very_sparse_1_4,Very limited (1-4 protective contexts),2,2,0,5,1,False,4.9690791835033286e-11,0.9999999982462494,2.037058413750792e-05,,extended_r1_greedy_order,,Very limited direct protective support; confirmatory testing is a high priority.,0.990390546936384,0.9997374014554129,0.9999992397669699
524,Alona quadrangularis,,Branchiopoda,Diplostraca,Chydoridae,Arthropoda,False,False,very_sparse_1_4,Very limited (1-4 protective contexts),1,1,0,3,1,False,4.8302038788197733e-11,0.9999999982945513,2.2608750228525487e-05,,extended_r1_greedy_order,,Very limited direct protective support; confirmatory testing is a high priority.,0.9904131556866125,0.999738322976554,0.9999992436177034
525,Anopheles stephensi,,Insecta,Diptera,Culicidae,Arthropoda,False,False,strong_50_plus,Strong (50+ protective contexts),62,33,1,0,2,False,4.695569829517575e-11,0.9999999983415074,2.625256762067707e-05,,extended_r1_greedy_order,,,0.9904394082542332,0.9997393359926011,0.9999992476999817
526,Macropelopia sp.,,Insecta,Diptera,Chironomidae,Arthropoda,False,False,very_sparse_1_4,Very limited (1-4 protective contexts),2,1,1,0,1,False,4.565639541609035e-11,0.9999999983871637,2.0079788935145615e-05,,extended_r1_greedy_order,,Very limited direct protective support; confirmatory testing is a high priority.,0.9904594880431683,0.9997401328897602,0.9999992509813158
527,Cricotopus trifasciatus,,Insecta,Diptera,Chironomidae,Arthropoda,False,False,very_sparse_1_4,Very limited (1-4 protective contexts),2,2,0,0,1,False,4.437275538578392e-11,0.9999999984315362,1.9910337954565094e-05,,extended_r1_greedy_order,,Very limited direct protective support; confirmatory testing is a high priority.,0.9904793983811229,0.9997409540167043,0.9999992545769396
528,Pseudacris feriarum,,Amphibia,Anura,Hylidae,Chordata,False,False,very_sparse_1_4,Very limited (1-4 protective contexts),3,1,0,12,1,False,4.31491831058846e-11,0.9999999984746855,2.3502542969122686e-05,,extended_r1_greedy_order,,Very limited direct protective support; confirmatory testing is a high priority.,0.990502900924092,0.9997418003098408,0.9999992574777581
529,Raphidocelis subcapitata,,Chlorophyceae,Sphaeropleales,Selenastraceae,Chlorophyta,False,False,moderate_20_49,Moderate (20-49 protective contexts),29,23,52,0,3,True,4.1957699522504156e-11,0.9999999985166435,1.9105792800400145e-05,,extended_r1_greedy_order,,,0.9905220067168924,0.9997425283288719,0.9999992602374734
530,Cricotopus sp.,,Insecta,Diptera,Chironomidae,Arthropoda,False,False,sparse_5_19,Limited (5-19 protective contexts),13,12,0,0,1,False,4.079568485571327e-11,0.9999999985574388,2.0093167153456548e-05,,extended_r1_greedy_order,,Limited direct protective support; interpret the rank with the reported uncertainty.,0.9905420998840458,0.9997434156087898,0.9999992645532068
531,Villosa vibex,,Bivalvia,Unionoida,Unionidae,Mollusca,False,False,sparse_5_19,Limited (5-19 protective contexts),5,5,0,5,1,False,3.967218153327109e-11,0.9999999985971113,2.57706283236514e-05,,extended_r1_greedy_order,,Limited direct protective support; interpret the rank with the reported uncertainty.,0.9905678705123695,0.9997444727991714,0.9999992690227525
532,Morone saxatilis,,Actinopterygii,Perciformes,Moronidae,Chordata,False,False,strong_50_plus,Strong (50+ protective contexts),91,50,9,9,3,False,3.853983268048816e-11,0.9999999986356511,2.778636031752768e-05,,extended_r1_greedy_order,,,0.990595656872687,0.9997455594193614,0.999999273166159
533,Planorbella campanulata,,Gastropoda,Basommatophora,Planorbidae,Mollusca,False,False,very_sparse_1_4,Very limited (1-4 protective contexts),4,4,0,14,1,False,3.74563387020417e-11,0.9999999986731073,2.3263965073794246e-05,,extended_r1_greedy_order,,Very limited direct protective support; confirmatory testing is a high priority.,0.9906189208377608,0.9997463853901192,0.9999992759432003
534,Anodonta sp.,,Bivalvia,Unionoida,Unionidae,Mollusca,False,False,very_sparse_1_4,Very limited (1-4 protective contexts),2,2,0,0,1,False,3.639725568229464e-11,0.9999999987095046,2.5500819914481276e-05,,extended_r1_greedy_order,,Very limited direct protective support; confirmatory testing is a high priority.,0.9906444216576753,0.9997473191845202,0.9999992792274764
535,Pseudacris sierra,,Amphibia,Anura,Hylidae,Chordata,False,False,sparse_5_19,Limited (5-19 protective contexts),7,2,0,1,1,False,3.536404565667869e-11,0.9999999987448684,2.339514048810276e-05,,extended_r1_greedy_order,,Limited direct protective support; interpret the rank with the reported uncertainty.,0.9906678167981634,0.9997481502514087,0.9999992820210081
536,Anopheles pseudopunctipennis,,Insecta,Diptera,Culicidae,Arthropoda,False,False,sparse_5_19,Limited (5-19 protective contexts),5,3,0,3,1,False,3.4381133128904935e-11,0.9999999987792497,2.3917475871937377e-05,,extended_r1_greedy_order,,Limited direct protective support; interpret the rank with the reported uncertainty.,0.9906917342740353,0.999749107862227,0.999999286158464
537,Brachionus angularis,,Monogononta,Ploima,Brachionidae,Rotifera,False,False,sparse_5_19,Limited (5-19 protective contexts),5,5,0,0,1,False,3.342285215394329e-11,0.9999999988126727,2.6665708188544635e-05,,extended_r1_greedy_order,,Limited direct protective support; interpret the rank with the reported uncertainty.,0.9907183999822239,0.9997500911805198,0.9999992895982383
538,Oryzias mekongensis,,Actinopterygii,Beloniformes,Adrianichthyidae,Chordata,False,False,very_sparse_1_4,Very limited (1-4 protective contexts),2,2,0,0,1,False,3.2477233626618446e-11,0.9999999988451498,2.2997624035681064e-05,,extended_r1_greedy_order,,Very limited direct protective support; confirmatory testing is a high priority.,0.9907413976062596,0.9997509213134179,0.999999292446686
539,Potamopyrgus jenkinsi,,Gastropoda,Neotaenioglossa,Hydrobiidae,Mollusca,False,False,sparse_5_19,Limited (5-19 protective contexts),12,5,2,20,2,False,3.157552436067593e-11,0.9999999988767257,2.20671094116609e-05,,extended_r1_greedy_order,,Limited direct protective support; interpret the rank with the reported uncertainty.,0.9907634647156712,0.9997517569387958,0.9999992956854528
540,Anaxyrus americanus,,Amphibia,Anura,Bufonidae,Chordata,False,False,moderate_20_49,Moderate (20-49 protective contexts),27,8,0,36,2,False,3.0690888958832574e-11,0.9999999989074165,2.3770764294162028e-05,,extended_r1_greedy_order,,,0.9907872354799654,0.9997526017323785,0.9999992985049547
541,Puntius tetrazona,,Actinopterygii,Cypriniformes,Cyprinidae,Chordata,False,False,very_sparse_1_4,Very limited (1-4 protective contexts),1,1,0,1,1,False,2.9837630377802776e-11,0.9999999989372538,2.2448256645657416e-05,,extended_r1_greedy_order,,Very limited direct protective support; confirmatory testing is a high priority.,0.990809683736611,0.9997534022956943,0.9999993012995991
542,Goeldichironomus holoprasinus,,Insecta,Diptera,Chironomidae,Arthropoda,False,False,sparse_5_19,Limited (5-19 protective contexts),12,9,0,3,1,False,2.9018448718000668e-11,0.9999999989662723,1.9716303807482127e-05,,extended_r1_greedy_order,,Limited direct protective support; interpret the rank with the reported uncertainty.,0.9908294000404185,0.9997541815453054,0.999999304511035
543,Polypedilum nubifer,,Insecta,Diptera,Chironomidae,Arthropoda,False,False,very_sparse_1_4,Very limited (1-4 protective contexts),2,2,9,7,1,False,2.8224622622136032e-11,0.999999998994497,1.885913878918455e-05,,extended_r1_greedy_order,,Very limited direct protective support; confirmatory testing is a high priority.,0.9908482591792077,0.9997549125694387,0.9999993074451738
544,Oncorhynchus aguabonita,,Actinopterygii,Salmoniformes,Salmonidae,Chordata,False,False,sparse_5_19,Limited (5-19 protective contexts),5,4,2,0,2,False,2.7448680421056868e-11,0.9999999990219455,2.046000080890842e-05,,extended_r1_greedy_order,,Limited direct protective support; interpret the rank with the reported uncertainty.,0.9908687191800166,0.9997556885396065,0.9999993104986247
545,Ischnura heterosticta,,Insecta,Odonata,Coenagrionidae,Arthropoda,False,False,very_sparse_1_4,Very limited (1-4 protective contexts),1,1,0,0,1,False,2.669240508816144e-11,0.999999999048638,2.418377602531052e-05,,extended_r1_greedy_order,,Very limited direct protective support; confirmatory testing is a high priority.,0.9908929029560419,0.9997565775682737,0.9999993137485869
546,Tanypus bilobatus,,Insecta,Diptera,Chironomidae,Arthropoda,False,False,very_sparse_1_4,Very limited (1-4 protective contexts),1,1,0,0,1,False,2.594391502300243e-11,0.9999999990745819,1.8522477095328505e-05,,extended_r1_greedy_order,,Very limited direct protective support; confirmatory testing is a high priority.,0.9909114254331373,0.9997573061575912,0.9999993167438181
547,Puntius sarana,,Actinopterygii,Cypriniformes,Cyprinidae,Chordata,False,False,very_sparse_1_4,Very limited (1-4 protective contexts),1,1,0,0,1,False,2.523399074429149e-11,0.9999999990998159,2.2039800451012503e-05,,extended_r1_greedy_order,,Very limited direct protective support; confirmatory testing is a high priority.,0.9909334652335883,0.9997580852966812,0.9999993194438487
548,Centroptilum sp.,,Insecta,Ephemeroptera,Baetidae,Arthropoda,False,False,very_sparse_1_4,Very limited (1-4 protective contexts),1,1,0,0,1,False,2.4524701513565503e-11,0.9999999991243407,2.275007836005649e-05,,extended_r1_greedy_order,,Very limited direct protective support; confirmatory testing is a high priority.,0.9909562153119483,0.9997589902471227,0.9999993231754788
549,Physalaemus centralis,,Amphibia,Anura,Leptodactylidae,Chordata,False,False,sparse_5_19,Limited (5-19 protective contexts),6,3,0,0,1,False,2.383670567299417e-11,0.9999999991481773,2.5102599327975206e-05,,extended_r1_greedy_order,,Limited direct protective support; interpret the rank with the reported uncertainty.,0.9909813179112763,0.9997598607087064,0.9999993260309584
550,Elachistocleis bicolor,,Amphibia,Anura,Microhylidae,Chordata,False,False,very_sparse_1_4,Very limited (1-4 protective contexts),2,1,0,0,1,False,2.317191813771224e-11,0.9999999991713491,2.4752660397142634e-05,,extended_r1_greedy_order,,Very limited direct protective support; confirmatory testing is a high priority.,0.9910060705716734,0.9997607799788846,0.9999993294410846
551,Physa virgata,,Gastropoda,Basommatophora,Physidae,Mollusca,False,False,very_sparse_1_4,Very limited (1-4 protective contexts),3,2,1,45,1,False,2.2526680612710136e-11,0.9999999991938756,2.3670346907200823e-05,,extended_r1_greedy_order,,Very limited direct protective support; confirmatory testing is a high priority.,0.9910297409185806,0.9997616184529459,0.9999993322371027
552,Rasbora sumatrana,,Actinopterygii,Cypriniformes,Cyprinidae,Chordata,False,False,sparse_5_19,Limited (5-19 protective contexts),7,7,0,0,1,False,2.1895620305205527e-11,0.9999999992157717,2.1374753803926616e-05,,extended_r1_greedy_order,,Limited direct protective support; interpret the rank with the reported uncertainty.,0.9910511156723846,0.9997624039841725,0.9999993350981384
553,Stenonema frontale,,Insecta,Ephemeroptera,Heptageniidae,Arthropoda,False,False,very_sparse_1_4,Very limited (1-4 protective contexts),1,1,0,32,1,False,2.128801966219042e-11,0.9999999992370597,2.2942605516607095e-05,,extended_r1_greedy_order,,Very limited direct protective support; confirmatory testing is a high priority.,0.9910740582779012,0.9997633358455598,0.9999993390139951
554,Stenonema luteum,,Insecta,Ephemeroptera,Heptageniidae,Arthropoda,False,False,very_sparse_1_4,Very limited (1-4 protective contexts),1,1,0,5,1,False,2.069922738592073e-11,0.9999999992577588,2.2855319358527915e-05,,extended_r1_greedy_order,,Very limited direct protective support; confirmatory testing is a high priority.,0.9910969135972597,0.9997642627856739,0.9999993429032755
555,Diamesa zernyi,,Insecta,Diptera,Chironomidae,Arthropoda,False,False,sparse_5_19,Limited (5-19 protective contexts),5,3,2,0,1,False,2.0135985021678158e-11,0.9999999992778947,1.7188483130703425e-05,,extended_r1_greedy_order,,Limited direct protective support; interpret the rank with the reported uncertainty.,0.9911141020803904,0.9997649228483789,0.9999993455516668
556,Rana cyanophlyctis,,Amphibia,Anura,Ranidae,Chordata,False,False,sparse_5_19,Limited (5-19 protective contexts),9,8,1,0,3,False,1.958234997610224e-11,0.9999999992974771,1.815279722794383e-05,,extended_r1_greedy_order,,Limited direct protective support; interpret the rank with the reported uncertainty.,0.9911322548776184,0.9997655209275544,0.9999993473770002
557,Alona rectangula,,Branchiopoda,Diplostraca,Chydoridae,Arthropoda,False,False,very_sparse_1_4,Very limited (1-4 protective contexts),4,2,0,0,2,False,1.905086940109082e-11,0.9999999993165283,1.922130124876187e-05,,extended_r1_greedy_order,,Very limited direct protective support; confirmatory testing is a high priority.,0.9911514761788671,0.9997662809064554,0.9999993505001283
558,Alona costata,,Branchiopoda,Diplostraca,Chydoridae,Arthropoda,False,False,very_sparse_1_4,Very limited (1-4 protective contexts),1,1,0,0,1,False,1.8521676410041914e-11,0.9999999993350499,1.9124566518202712e-05,,extended_r1_greedy_order,,Very limited direct protective support; confirmatory testing is a high priority.,0.9911706007453853,0.9997670317567379,0.99999935356447
559,Salvelinus leucomaenis,,Actinopterygii,Salmoniformes,Salmonidae,Chordata,False,False,very_sparse_1_4,Very limited (1-4 protective contexts),2,1,0,0,1,False,1.801573888576785e-11,0.9999999993530654,2.0718841890254858e-05,,extended_r1_greedy_order,,Very limited direct protective support; confirmatory testing is a high priority.,0.9911913195872756,0.9997678160577529,0.9999993566318497
560,Polypedilum sp.,,Insecta,Diptera,Chironomidae,Arthropoda,False,False,very_sparse_1_4,Very limited (1-4 protective contexts),2,2,0,0,1,False,1.752625417543497e-11,0.9999999993705917,1.703146445675152e-05,,extended_r1_greedy_order,,Very limited direct protective support; confirmatory testing is a high priority.,0.9912083510517323,0.9997684635910998,0.9999993591921622
561,Chydorus sphaericus,,Branchiopoda,Diplostraca,Chydoridae,Arthropoda,False,False,sparse_5_19,Limited (5-19 protective contexts),15,10,0,1,2,False,1.7037901484913234e-11,0.9999999993876296,1.915746413794217e-05,,extended_r1_greedy_order,,Limited direct protective support; interpret the rank with the reported uncertainty.,0.9912275085158703,0.9997691957370964,0.9999993620905322
562,Stenonema vicarium,,Insecta,Ephemeroptera,Heptageniidae,Arthropoda,False,False,very_sparse_1_4,Very limited (1-4 protective contexts),2,2,0,18,1,False,1.6572698108283633e-11,0.9999999994042024,2.2268228086264052e-05,,extended_r1_greedy_order,,Very limited direct protective support; confirmatory testing is a high priority.,0.9912497767439565,0.9997700915562413,0.9999993658224
563,Anopheles gambiae,,Insecta,Diptera,Culicidae,Arthropoda,False,False,sparse_5_19,Limited (5-19 protective contexts),17,13,0,0,1,False,1.611814033648403e-11,0.9999999994203205,2.1524411848883318e-05,,extended_r1_greedy_order,,Limited direct protective support; interpret the rank with the reported uncertainty.,0.9912713011558054,0.9997709428468389,0.9999993694353626
564,Anopheles dirus,,Insecta,Diptera,Culicidae,Arthropoda,False,False,very_sparse_1_4,Very limited (1-4 protective contexts),2,1,0,0,1,False,1.565687967410452e-11,0.9999999994359773,2.037958095280068e-05,,extended_r1_greedy_order,,Very limited direct protective support; confirmatory testing is a high priority.,0.9912916807367582,0.9997717481056678,0.9999993728298587
565,Caenis sp.,,Insecta,Ephemeroptera,Caenidae,Arthropoda,False,False,very_sparse_1_4,Very limited (1-4 protective contexts),2,1,0,0,1,False,1.5217415947673412e-11,0.9999999994511947,1.9997268433713522e-05,,extended_r1_greedy_order,,Very limited direct protective support; confirmatory testing is a high priority.,0.9913116780051919,0.9997725343323828,0.9999993760643017
566,Tanypus neopunctipennis,,Insecta,Diptera,Chironomidae,Arthropoda,False,False,very_sparse_1_4,Very limited (1-4 protective contexts),2,2,0,3,1,False,1.4805928218889852e-11,0.9999999994660006,1.6791188533482604e-05,,extended_r1_greedy_order,,Very limited direct protective support; confirmatory testing is a high priority.,0.9913284691937254,0.9997731795723124,0.9999993786669533
567,Pseudacris triseriata,,Amphibia,Anura,Hylidae,Chordata,False,False,sparse_5_19,Limited (5-19 protective contexts),14,12,0,8,1,False,1.4403138371999113e-11,0.9999999994804036,2.025369988767345e-05,,extended_r1_greedy_order,,Limited direct protective support; interpret the rank with the reported uncertainty.,0.9913487228936131,0.9997738472786699,0.9999993807364876
568,Salvelinus alpinus,,Actinopterygii,Salmoniformes,Salmonidae,Chordata,False,False,very_sparse_1_4,Very limited (1-4 protective contexts),3,3,0,1,1,False,1.4002826282643888e-11,0.9999999994944067,1.986755536786955e-05,,extended_r1_greedy_order,,Very limited direct protective support; confirmatory testing is a high priority.,0.991368590448981,0.9997745913173919,0.9999993836175243
569,Cyrnus trimaculatus,,Insecta,Trichoptera,Polycentropodidae,Arthropoda,False,False,sparse_5_19,Limited (5-19 protective contexts),6,2,0,0,1,False,1.3617864081247546e-11,0.9999999995080243,2.0352466754025578e-05,,extended_r1_greedy_order,,Limited direct protective support; interpret the rank with the reported uncertainty.,0.991388942915735,0.999775391798636,0.9999993868126975
570,Lemna aequinoctialis,,Liliopsida,Arales,Lemnaceae,Magnoliophyta,False,False,very_sparse_1_4,Very limited (1-4 protective contexts),1,1,0,10,1,False,1.3239198337056344e-11,0.9999999995212633,2.440127679592674e-05,,extended_r1_greedy_order,,Very limited direct protective support; confirmatory testing is a high priority.,0.9914133441925309,0.9997762224765459,0.9999993894398989
571,Stenonema terminatum,,Insecta,Ephemeroptera,Heptageniidae,Arthropoda,False,False,very_sparse_1_4,Very limited (1-4 protective contexts),1,1,0,26,1,False,1.2875197791200107e-11,0.9999999995341389,2.1098032310096215e-05,,extended_r1_greedy_order,,Very limited direct protective support; confirmatory testing is a high priority.,0.991434442224841,0.9997770599863537,0.9999993928913972
572,Alona affinis,,Branchiopoda,Diplostraca,Chydoridae,Arthropoda,False,False,very_sparse_1_4,Very limited (1-4 protective contexts),4,3,0,2,1,False,1.2518902289094608e-11,0.9999999995466577,1.8328022040714487e-05,,extended_r1_greedy_order,,Very limited direct protective support; confirmatory testing is a high priority.,0.9914527702468817,0.9997777685725633,0.9999993957405979
573,Euphlyctis hexadactylus,,Amphibia,Anura,Dicroglossidae,Chordata,False,False,moderate_20_49,Moderate (20-49 protective contexts),23,21,0,0,2,False,1.2177098119040259e-11,0.9999999995588349,2.1989298529145884e-05,,extended_r1_greedy_order,,,0.9914747595454109,0.999778614443474,0.9999993986536218
574,Cheumatopsyche brevilineata,,Insecta,Trichoptera,Hydropsychidae,Arthropoda,False,False,sparse_5_19,Limited (5-19 protective contexts),6,6,0,0,1,False,1.1839896927503933e-11,0.9999999995706746,1.6821683544221422e-05,,extended_r1_greedy_order,,Limited direct protective support; interpret the rank with the reported uncertainty.,0.9914915812289551,0.9997792679017354,0.9999994012790314
575,Lemna trisulca,,Liliopsida,Arales,Lemnaceae,Magnoliophyta,False,False,very_sparse_1_4,Very limited (1-4 protective contexts),2,2,0,21,2,False,1.1509690671838618e-11,0.9999999995821846,2.3976497912747696e-05,,extended_r1_greedy_order,,Very limited direct protective support; confirmatory testing is a high priority.,0.9915155577268678,0.9997800793038506,0.9999994038354751
576,Ptychadena bibroni,,Amphibia,Anura,Ranidae,Chordata,False,False,very_sparse_1_4,Very limited (1-4 protective contexts),2,2,0,0,1,False,1.1192530327205666e-11,0.999999999593377,1.816546785304851e-05,,extended_r1_greedy_order,,Very limited direct protective support; confirmatory testing is a high priority.,0.9915337231947209,0.9997807332665097,0.9999994061950261
577,Pelophylax nigromaculatus,,Amphibia,Anura,Ranidae,Chordata,False,False,sparse_5_19,Limited (5-19 protective contexts),13,12,0,0,2,False,1.088683262264604e-11,0.9999999996042639,1.8522567748813223e-05,,extended_r1_greedy_order,,Limited direct protective support; interpret the rank with the reported uncertainty.,0.9915522457624697,0.9997813524533685,0.9999994082069289
578,Anopheles pharoensis,,Insecta,Diptera,Culicidae,Arthropoda,False,False,very_sparse_1_4,Very limited (1-4 protective contexts),4,2,0,0,1,False,1.0588619232982394e-11,0.9999999996148524,1.905595976214869e-05,,extended_r1_greedy_order,,Very limited direct protective support; confirmatory testing is a high priority.,0.9915713017222318,0.9997820985298344,0.9999994113265736
579,Tanypus nubifer,,Insecta,Diptera,Chironomidae,Arthropoda,False,False,sparse_5_19,Limited (5-19 protective contexts),6,5,0,0,1,False,1.0292911883774587e-11,0.9999999996251456,1.6089407523067756e-05,,extended_r1_greedy_order,,Limited direct protective support; interpret the rank with the reported uncertainty.,0.9915873911297549,0.9997827158092997,0.9999994138332322
580,Rasbora trilineata,,Actinopterygii,Cypriniformes,Cyprinidae,Chordata,False,False,very_sparse_1_4,Very limited (1-4 protective contexts),2,2,0,0,1,False,1.0015565420111128e-11,0.999999999635161,1.8798665013419757e-05,,extended_r1_greedy_order,,Very limited direct protective support; confirmatory testing is a high priority.,0.9916061897947683,0.9997833608304438,0.999999415990318
581,Puntius parrah,,Actinopterygii,Cypriniformes,Cyprinidae,Chordata,False,False,very_sparse_1_4,Very limited (1-4 protective contexts),2,2,0,0,1,False,9.745747134484122e-12,0.9999999996449067,1.877241209768954e-05,,extended_r1_greedy_order,,Very limited direct protective support; confirmatory testing is a high priority.,0.991624962206866,0.999784002645739,0.9999994181658494
582,Stenonema tripunctatum,,Insecta,Ephemeroptera,Heptageniidae,Arthropoda,False,False,very_sparse_1_4,Very limited (1-4 protective contexts),1,1,0,30,1,False,9.48258245485413e-12,0.9999999996543892,2.008690145516301e-05,,extended_r1_greedy_order,,Very limited direct protective support; confirmatory testing is a high priority.,0.9916450491083212,0.9997847917906569,0.9999994213988113
583,Cheumatopsyche oxa,,Insecta,Trichoptera,Hydropsychidae,Arthropoda,False,False,very_sparse_1_4,Very limited (1-4 protective contexts),1,1,0,3,1,False,9.22568712148533e-12,0.9999999996636149,1.611494851205819e-05,,extended_r1_greedy_order,,Very limited direct protective support; confirmatory testing is a high priority.,0.9916611640568332,0.9997854185743036,0.9999994239249765
584,Hydropsyche betteni,,Insecta,Trichoptera,Hydropsychidae,Arthropoda,False,False,sparse_5_19,Limited (5-19 protective contexts),8,6,1,8,1,False,8.976553498989176e-12,0.9999999996725913,1.8029476508751863e-05,,extended_r1_greedy_order,,Limited direct protective support; interpret the rank with the reported uncertainty.,0.991679193533342,0.9997860869319826,0.9999994263773335
585,Cheumatopsyche pettiti,,Insecta,Trichoptera,Hydropsychidae,Arthropoda,False,False,very_sparse_1_4,Very limited (1-4 protective contexts),2,2,0,0,1,False,8.73344512737716e-12,0.999999999681325,1.6344870254147992e-05,,extended_r1_greedy_order,,Very limited direct protective support; confirmatory testing is a high priority.,0.9916955384035961,0.9997867220723327,0.9999994289231259
586,Salvelinus malma,,Actinopterygii,Salmoniformes,Salmonidae,Chordata,False,False,very_sparse_1_4,Very limited (1-4 protective contexts),3,3,0,1,1,False,8.497540777781338e-12,0.9999999996898224,1.8276469626710146e-05,,extended_r1_greedy_order,,Very limited direct protective support; confirmatory testing is a high priority.,0.9917138148732229,0.9997873916905202,0.9999994314664078
587,Anaxyrus terrestris,,Amphibia,Anura,Bufonidae,Chordata,False,False,sparse_5_19,Limited (5-19 protective contexts),9,3,2,8,1,False,8.265660461829201e-12,0.9999999996980881,1.9297677934182467e-05,,extended_r1_greedy_order,,Limited direct protective support; interpret the rank with the reported uncertainty.,0.991733112551157,0.9997880553293772,0.9999994336363769
588,Branchinecta longiantenna,,Branchiopoda,Anostraca,Branchinectidae,Arthropoda,False,False,very_sparse_1_4,Very limited (1-4 protective contexts),3,3,0,1,1,False,8.038894610855273e-12,0.9999999997061271,1.679580374891465e-05,,extended_r1_greedy_order,,Very limited direct protective support; confirmatory testing is a high priority.,0.991749908354906,0.9997886766052687,0.9999994360923393
589,Barbus anoplus,,Actinopterygii,Cypriniformes,Cyprinidae,Chordata,False,False,very_sparse_1_4,Very limited (1-4 protective contexts),1,1,0,0,1,False,7.823268919539157e-12,0.9999999997139504,1.8701211532579087e-05,,extended_r1_greedy_order,,Very limited direct protective support; confirmatory testing is a high priority.,0.9917686095664385,0.9997892921504871,0.9999994380316085
590,Potamilus ohiensis,,Bivalvia,Unionoida,Unionidae,Mollusca,False,False,sparse_5_19,Limited (5-19 protective contexts),6,6,0,18,1,False,7.610978550743244e-12,0.9999999997215613,1.992582177212654e-05,,extended_r1_greedy_order,,Limited direct protective support; interpret the rank with the reported uncertainty.,0.9917885353882107,0.9997900152285463,0.9999994406929248
591,Stenonema ithaca,,Insecta,Ephemeroptera,Heptageniidae,Arthropoda,False,False,very_sparse_1_4,Very limited (1-4 protective contexts),1,1,0,6,1,False,7.40573915112609e-12,0.9999999997289669,1.9453425880611164e-05,,extended_r1_greedy_order,,Very limited direct protective support; confirmatory testing is a high priority.,0.9918079888140913,0.9997907740103188,0.9999994437918646
592,Anopheles fluviatilis,,Insecta,Diptera,Culicidae,Arthropoda,False,False,very_sparse_1_4,Very limited (1-4 protective contexts),4,4,0,0,1,False,7.206557514048071e-12,0.9999999997361735,1.798264882224565e-05,,extended_r1_greedy_order,,Very limited direct protective support; confirmatory testing is a high priority.,0.9918259714629135,0.9997914630808784,0.9999994466123774
593,Anopheles freeborni,,Insecta,Diptera,Culicidae,Arthropoda,False,False,sparse_5_19,Limited (5-19 protective contexts),10,6,0,3,1,False,7.013052586232154e-12,0.9999999997431867,1.8292393524355077e-05,,extended_r1_greedy_order,,Limited direct protective support; interpret the rank with the reported uncertainty.,0.9918442638564379,0.9997921762378822,0.9999994496003377
594,Barbus natalensis,,Actinopterygii,Cypriniformes,Cyprinidae,Chordata,False,False,very_sparse_1_4,Very limited (1-4 protective contexts),1,1,0,0,1,False,6.824313482849891e-12,0.999999999750011,1.8348521422018038e-05,,extended_r1_greedy_order,,Very limited direct protective support; confirmatory testing is a high priority.,0.9918626123778599,0.9997927770376346,0.9999994514838172
595,Danio devario,,Actinopterygii,Cypriniformes,Cyprinidae,Chordata,False,False,very_sparse_1_4,Very limited (1-4 protective contexts),1,1,1,0,1,False,6.6394332236664604e-12,0.9999999997566504,1.8558973450821803e-05,,extended_r1_greedy_order,,Very limited direct protective support; confirmatory testing is a high priority.,0.9918811713513107,0.9997933876040809,0.9999994534290947
596,Stenonema candidum,,Insecta,Ephemeroptera,Heptageniidae,Arthropoda,False,False,very_sparse_1_4,Very limited (1-4 protective contexts),1,1,0,2,1,False,6.460852256961553e-12,0.9999999997631113,1.903727215513129e-05,,extended_r1_greedy_order,,Very limited direct protective support; confirmatory testing is a high priority.,0.9919002086234658,0.999794126528739,0.9999994564351441
597,Ischnura sp.,,Insecta,Odonata,Coenagrionidae,Arthropoda,False,False,very_sparse_1_4,Very limited (1-4 protective contexts),2,2,0,0,1,False,6.283587817726431e-12,0.9999999997693947,1.9529105812265968e-05,,extended_r1_greedy_order,,Very limited direct protective support; confirmatory testing is a high priority.,0.9919197377292781,0.999794804760557,0.999999458805583
598,Anopheles dthali,,Insecta,Diptera,Culicidae,Arthropoda,False,False,sparse_5_19,Limited (5-19 protective contexts),7,5,0,0,1,False,6.114037018167665e-12,0.9999999997755089,1.753150917027657e-05,,extended_r1_greedy_order,,Limited direct protective support; interpret the rank with the reported uncertainty.,0.9919372692384484,0.9997954674100978,0.9999994614618521
599,Hypophthalmichthys nobilis,,Actinopterygii,Cypriniformes,Cyprinidae,Chordata,False,False,sparse_5_19,Limited (5-19 protective contexts),11,11,1,0,1,False,5.9470483674316375e-12,0.9999999997814557,1.939866886802033e-05,,extended_r1_greedy_order,,Limited direct protective support; interpret the rank with the reported uncertainty.,0.9919566679073164,0.9997961348764348,0.9999994638174671
600,Coquillettidia richardii,,Insecta,Diptera,Culicidae,Arthropoda,False,False,very_sparse_1_4,Very limited (1-4 protective contexts),1,1,0,0,1,False,5.788242646594018e-12,0.9999999997872443,1.643816748697624e-05,,extended_r1_greedy_order,,Very limited direct protective support; confirmatory testing is a high priority.,0.9919731060748034,0.9997967674244476,0.9999994664629045
601,Anopheles albimanus,,Insecta,Diptera,Culicidae,Arthropoda,False,False,moderate_20_49,Moderate (20-49 protective contexts),20,17,0,0,1,False,5.625395606148289e-12,0.9999999997928694,1.7765385859958016e-05,,extended_r1_greedy_order,,,0.9919908714606633,0.9997974386390528,0.9999994691633876
602,Anopheles arabiensis,,Insecta,Diptera,Culicidae,Arthropoda,False,False,sparse_5_19,Limited (5-19 protective contexts),6,3,0,0,1,False,5.4747643487389604e-12,0.9999999997983441,1.78758156030856e-05,,extended_r1_greedy_order,,Limited direct protective support; interpret the rank with the reported uncertainty.,0.9920087472762664,0.9997981129688263,0.9999994718731848
603,Boana pardalis,,Amphibia,Anura,Hylidae,Chordata,False,False,sparse_5_19,Limited (5-19 protective contexts),16,7,2,0,1,False,5.327914730690402e-12,0.9999999998036722,1.7632592387073487e-05,,extended_r1_greedy_order,,Limited direct protective support; interpret the rank with the reported uncertainty.,0.9920263798686535,0.9997987009140643,0.9999994737844672
604,Barbus gurneyi,,Actinopterygii,Cypriniformes,Cyprinidae,Chordata,False,False,very_sparse_1_4,Very limited (1-4 protective contexts),1,1,0,0,1,False,5.184689925115355e-12,0.999999999808857,1.7535635107979175e-05,,extended_r1_greedy_order,,Very limited direct protective support; confirmatory testing is a high priority.,0.9920439155037615,0.9997992697812265,0.9999994755548549
605,Alona sp.,,Branchiopoda,Diplostraca,Chydoridae,Arthropoda,False,False,very_sparse_1_4,Very limited (1-4 protective contexts),4,3,0,0,1,False,5.045150419720311e-12,0.9999999998139022,1.557330145440794e-05,,extended_r1_greedy_order,,Very limited direct protective support; confirmatory testing is a high priority.,0.9920594888052159,0.9997998496151124,0.9999994778168195
606,Paratelphusa jacquemontii,,Malacostraca,Decapoda,Parathelphusidae,Arthropoda,False,False,sparse_5_19,Limited (5-19 protective contexts),6,6,7,0,1,False,4.911401904442894e-12,0.9999999998188133,1.9141292727620218e-05,,extended_r1_greedy_order,,Limited direct protective support; interpret the rank with the reported uncertainty.,0.9920786300979435,0.9998005299085594,0.999999480151187
607,Corixa sp.,,Insecta,Heteroptera,Corixidae,Arthropoda,False,False,very_sparse_1_4,Very limited (1-4 protective contexts),2,1,0,0,1,False,4.7764542169680814e-12,0.9999999998235898,1.8079161394957133e-05,,extended_r1_greedy_order,,Very limited direct protective support; confirmatory testing is a high priority.,0.9920967092593385,0.9998011542472994,0.9999994823501266
608,Dicrotendipes californicus,,Insecta,Diptera,Chironomidae,Arthropoda,False,False,sparse_5_19,Limited (5-19 protective contexts),8,8,0,0,1,False,4.650910229353325e-12,0.999999999828241,1.314052953038658e-05,,extended_r1_greedy_order,,Limited direct protective support; interpret the rank with the reported uncertainty.,0.9921098497888688,0.9998016252409048,0.99999948417119
609,Physella acuta,,Gastropoda,Basommatophora,Physidae,Mollusca,False,False,moderate_20_49,Moderate (20-49 protective contexts),45,34,3,38,1,False,4.524788965473898e-12,0.9999999998327654,2.0193966430603894e-05,,extended_r1_greedy_order,,,0.9921300437552995,0.9998022383263258,0.9999994857363254
610,Epeorus longimanus,,Insecta,Ephemeroptera,Heptageniidae,Arthropoda,False,False,very_sparse_1_4,Very limited (1-4 protective contexts),1,1,1,8,1,False,4.403510254476386e-12,0.999999999837169,1.865945966650351e-05,,extended_r1_greedy_order,,Very limited direct protective support; confirmatory testing is a high priority.,0.992148703214966,0.99980291459398,0.9999994882640318
611,Stenonema modestum,,Insecta,Ephemeroptera,Heptageniidae,Arthropoda,False,False,sparse_5_19,Limited (5-19 protective contexts),6,2,0,27,1,False,4.2851764998536526e-12,0.9999999998414545,1.825226837925964e-05,,extended_r1_greedy_order,,Limited direct protective support; interpret the rank with the reported uncertainty.,0.9921669554833452,0.9998036074247321,0.9999994910053086
612,Stenonema femoratum,,Insecta,Ephemeroptera,Heptageniidae,Arthropoda,False,False,very_sparse_1_4,Very limited (1-4 protective contexts),3,3,0,30,1,False,4.1702169597970264e-12,0.9999999998456245,1.8058419671729276e-05,,extended_r1_greedy_order,,Very limited direct protective support; confirmatory testing is a high priority.,0.9921850139030169,0.9998042962104235,0.999999493755858
613,Barbus filamentosus,,Actinopterygii,Cypriniformes,Cyprinidae,Chordata,False,False,very_sparse_1_4,Very limited (1-4 protective contexts),1,1,0,0,1,False,4.055025794673892e-12,0.9999999998496795,1.6844288235562388e-05,,extended_r1_greedy_order,,Very limited direct protective support; confirmatory testing is a high priority.,0.9922018581912525,0.9998048368118738,0.9999994954235879
614,Lemna perpusilla,,Liliopsida,Arales,Lemnaceae,Magnoliophyta,False,False,sparse_5_19,Limited (5-19 protective contexts),7,6,0,2,2,False,3.942917537695975e-12,0.9999999998536223,2.1032070848026052e-05,,extended_r1_greedy_order,,Limited direct protective support; interpret the rank with the reported uncertainty.,0.9922228902621005,0.9998055239391537,0.9999994975289896
615,Glandirana rugosa,,Amphibia,Anura,Ranidae,Chordata,False,False,very_sparse_1_4,Very limited (1-4 protective contexts),1,1,0,0,1,False,3.8370016478930725e-12,0.9999999998574594,1.5656782566542127e-05,,extended_r1_greedy_order,,Very limited direct protective support; confirmatory testing is a high priority.,0.9922385470446671,0.999806055010079,0.9999994993360842
616,Plectomerus sp.,,Bivalvia,Unionoida,Unionidae,Mollusca,False,False,very_sparse_1_4,Very limited (1-4 protective contexts),1,1,0,0,1,False,3.7357733150969285e-12,0.9999999998611953,1.789662451234797e-05,,extended_r1_greedy_order,,Very limited direct protective support; confirmatory testing is a high priority.,0.9922564436691794,0.9998066924912486,0.9999995016596696
617,Gambusia sp.,,Actinopterygii,Cyprinodontiformes,Poeciliidae,Chordata,False,False,very_sparse_1_4,Very limited (1-4 protective contexts),3,3,0,0,1,False,3.6364446307713135e-12,0.9999999998648316,1.5819031787267512e-05,,extended_r1_greedy_order,,Very limited direct protective support; confirmatory testing is a high priority.,0.9922722627009667,0.999807200180259,0.9999995032357804
618,Asellus communis,,Malacostraca,Isopoda,Asellidae,Arthropoda,False,False,sparse_5_19,Limited (5-19 protective contexts),11,9,1,8,1,False,3.539505359232904e-12,0.9999999998683713,1.8000864433598274e-05,,extended_r1_greedy_order,,Limited direct protective support; interpret the rank with the reported uncertainty.,0.9922902635654003,0.999807795595109,0.9999995051166588
619,Anopheles subpictus,,Insecta,Diptera,Culicidae,Arthropoda,False,False,very_sparse_1_4,Very limited (1-4 protective contexts),4,4,0,0,1,False,3.4460503947172103e-12,0.9999999998718173,1.591962513680656e-05,,extended_r1_greedy_order,,Very limited direct protective support; confirmatory testing is a high priority.,0.9923061831905371,0.9998083880688311,0.9999995075028111
620,Epeorus vitreus,,Insecta,Ephemeroptera,Heptageniidae,Arthropoda,False,False,very_sparse_1_4,Very limited (1-4 protective contexts),1,1,0,9,2,False,3.353472614574081e-12,0.9999999998751706,1.7737353253277632e-05,,extended_r1_greedy_order,,Very limited direct protective support; confirmatory testing is a high priority.,0.9923239205437904,0.9998090244623254,0.9999995098727741
621,Prosopium williamsoni,,Actinopterygii,Salmoniformes,Salmonidae,Chordata,False,False,sparse_5_19,Limited (5-19 protective contexts),13,3,0,8,2,False,3.2639872793163078e-12,0.9999999998784346,1.660453015095431e-05,,extended_r1_greedy_order,,Limited direct protective support; interpret the rank with the reported uncertainty.,0.9923405250739413,0.9998096087402887,0.9999995120167299
622,Danio malabaricus,,Actinopterygii,Cypriniformes,Cyprinidae,Chordata,False,False,very_sparse_1_4,Very limited (1-4 protective contexts),2,2,0,0,1,False,3.177603866542476e-12,0.9999999998816123,1.6401949044952957e-05,,extended_r1_greedy_order,,Very limited direct protective support; confirmatory testing is a high priority.,0.9923569270229863,0.9998101362593923,0.9999995136751602
623,Leptodea leptodon,,Bivalvia,Unionoida,Unionidae,Mollusca,False,False,very_sparse_1_4,Very limited (1-4 protective contexts),3,2,0,1,1,False,3.0934647535966855e-12,0.9999999998847058,1.746851544381922e-05,,extended_r1_greedy_order,,Very limited direct protective support; confirmatory testing is a high priority.,0.9923743955384301,0.9998107642254774,0.9999995159722266
624,Venustaconcha ellipsiformis,,Bivalvia,Unionoida,Unionidae,Mollusca,False,False,sparse_5_19,Limited (5-19 protective contexts),6,6,0,6,1,False,3.011602753379565e-12,0.9999999998877174,1.7368897115566106e-05,,extended_r1_greedy_order,,Limited direct protective support; interpret the rank with the reported uncertainty.,0.9923917644355457,0.9998113871373422,0.9999995182671414
625,Ischnura verticalis,,Insecta,Odonata,Coenagrionidae,Arthropoda,False,False,sparse_5_19,Limited (5-19 protective contexts),8,8,0,36,2,False,2.931602332145995e-12,0.999999999890649,1.740037137409889e-05,,extended_r1_greedy_order,,Limited direct protective support; interpret the rank with the reported uncertainty.,0.9924091648069198,0.9998119925343888,0.9999995204581872
626,Anodonta anatina,,Bivalvia,Unionoida,Unionidae,Mollusca,False,False,sparse_5_19,Limited (5-19 protective contexts),5,4,8,0,2,False,2.8499130334309993e-12,0.999999999893499,1.753449426888931e-05,,extended_r1_greedy_order,,Limited direct protective support; interpret the rank with the reported uncertainty.,0.9924266993011887,0.9998125737595572,0.999999522350357
627,Pacifastacus leniusculus,,Malacostraca,Decapoda,Astacidae,Arthropoda,False,False,sparse_5_19,Limited (5-19 protective contexts),17,11,3,2,1,False,2.7738218805664185e-12,0.9999999998962728,1.7538109134518365e-05,,extended_r1_greedy_order,,Limited direct protective support; interpret the rank with the reported uncertainty.,0.9924442374103232,0.9998131190618599,0.9999995239471205
628,Anaxyrus fowleri,,Amphibia,Anura,Bufonidae,Chordata,False,False,sparse_5_19,Limited (5-19 protective contexts),6,3,0,30,1,False,2.7002922350591096e-12,0.9999999998989728,1.5813876044767916e-05,,extended_r1_greedy_order,,Limited direct protective support; interpret the rank with the reported uncertainty.,0.9924600512863679,0.9998136365505619,0.9999995255755396
629,Bufo punctatus,,Amphibia,Anura,Bufonidae,Chordata,False,False,sparse_5_19,Limited (5-19 protective contexts),10,2,0,9,1,False,2.628695052847218e-12,0.9999999999016016,1.4910033433457315e-05,,extended_r1_greedy_order,,Limited direct protective support; interpret the rank with the reported uncertainty.,0.9924749613198014,0.9998141123383624,0.9999995270076014
630,Ochlerotatus caspius,,Insecta,Diptera,Culicidae,Arthropoda,False,False,very_sparse_1_4,Very limited (1-4 protective contexts),2,2,0,0,1,False,2.5587771023761862e-12,0.9999999999041604,1.419896507393048e-05,,extended_r1_greedy_order,,Very limited direct protective support; confirmatory testing is a high priority.,0.9924891602848753,0.9998146361678273,0.9999995291163444
631,Cheumatopsyche sp.,,Insecta,Trichoptera,Hydropsychidae,Arthropoda,False,False,sparse_5_19,Limited (5-19 protective contexts),8,7,0,0,1,False,2.492061649057878e-12,0.9999999999066527,1.3576894512978832e-05,,extended_r1_greedy_order,,Limited direct protective support; interpret the rank with the reported uncertainty.,0.9925027371793883,0.9998151478078258,0.9999995311378918
632,Anisops sardeus,,Insecta,Heteroptera,Notonectidae,Arthropoda,False,False,sparse_5_19,Limited (5-19 protective contexts),11,11,0,0,2,False,2.4247747329268252e-12,0.9999999999090774,1.610754815983828e-05,,extended_r1_greedy_order,,Limited direct protective support; interpret the rank with the reported uncertainty.,0.9925188447275481,0.9998158112033001,0.9999995340515746
633,Artemia salina,,Branchiopoda,Anostraca,Artemiidae,Arthropoda,False,False,moderate_20_49,Moderate (20-49 protective contexts),21,21,0,0,2,False,2.3607921957252244e-12,0.9999999999114382,1.3502971068279912e-05,,extended_r1_greedy_order,,,0.9925323476986164,0.9998162145224453,0.9999995351839686
634,Physa sp.,,Gastropoda,Basommatophora,Physidae,Mollusca,False,False,sparse_5_19,Limited (5-19 protective contexts),14,12,1,0,2,False,2.2990721091176535e-12,0.9999999999137371,1.622906145881675e-05,,extended_r1_greedy_order,,Limited direct protective support; interpret the rank with the reported uncertainty.,0.9925485767600752,0.9998167387849509,0.9999995368157097
635,Protonemura meyeri,,Insecta,Plecoptera,Nemouridae,Arthropoda,False,False,very_sparse_1_4,Very limited (1-4 protective contexts),1,1,0,0,1,False,2.2364552705739456e-12,0.9999999999159735,1.5178822167283279e-05,,extended_r1_greedy_order,,Very limited direct protective support; confirmatory testing is a high priority.,0.9925637555822425,0.999817265598015,0.9999995387506149
636,Mansonia uniformis,,Insecta,Diptera,Culicidae,Arthropoda,False,False,very_sparse_1_4,Very limited (1-4 protective contexts),1,1,0,0,1,False,2.176724544702207e-12,0.9999999999181505,1.3834643856514006e-05,,extended_r1_greedy_order,,Very limited direct protective support; confirmatory testing is a high priority.,0.992577590226099,0.9998177811287172,0.9999995408481597
637,Brachionus patulus,,Monogononta,Ploima,Brachionidae,Rotifera,False,False,sparse_5_19,Limited (5-19 protective contexts),7,6,0,12,1,False,2.119643597630164e-12,0.9999999999202699,1.814043777381702e-05,,extended_r1_greedy_order,,Limited direct protective support; interpret the rank with the reported uncertainty.,0.9925957306638729,0.9998183875084993,0.9999995428239496
638,Pelophylax esculentus,,Amphibia,Anura,Ranidae,Chordata,False,False,very_sparse_1_4,Very limited (1-4 protective contexts),2,2,0,0,1,False,2.0625608143044752e-12,0.9999999999223326,1.3945625409794715e-05,,extended_r1_greedy_order,,Very limited direct protective support; confirmatory testing is a high priority.,0.9926096762892826,0.9998188316310894,0.9999995442064563
639,Amphinemura sulcicollis,,Insecta,Plecoptera,Nemouridae,Arthropoda,False,False,very_sparse_1_4,Very limited (1-4 protective contexts),1,1,0,0,1,False,2.008998426186272e-12,0.9999999999243417,1.4971216999670744e-05,,extended_r1_greedy_order,,Very limited direct protective support; confirmatory testing is a high priority.,0.9926246475062823,0.9998193455708445,0.9999995460763945
640,Barbus guganio,,Actinopterygii,Cypriniformes,Cyprinidae,Chordata,False,False,very_sparse_1_4,Very limited (1-4 protective contexts),2,2,0,0,1,False,1.95632505498966e-12,0.9999999999262976,1.4950887495146503e-05,,extended_r1_greedy_order,,Very limited direct protective support; confirmatory testing is a high priority.,0.9926395983937775,0.99981981558377,0.9999995475113047
641,Barbus grypus,,Actinopterygii,Cypriniformes,Cyprinidae,Chordata,False,False,very_sparse_1_4,Very limited (1-4 protective contexts),2,1,0,0,1,False,1.9051057718587418e-12,0.9999999999282031,1.4896677592579621e-05,,extended_r1_greedy_order,,Very limited direct protective support; confirmatory testing is a high priority.,0.99265449507137,0.9998202831832991,0.9999995489348741
642,Planorbella pilsbryi,,Gastropoda,Basommatophora,Planorbidae,Mollusca,False,False,sparse_5_19,Limited (5-19 protective contexts),9,4,0,2,1,False,1.85538674684799e-12,0.9999999999300583,1.5116736028164546e-05,,extended_r1_greedy_order,,Limited direct protective support; interpret the rank with the reported uncertainty.,0.9926696118073982,0.9998207620497035,0.99999955041308
643,Palaemon adspersus,,Malacostraca,Decapoda,Palaemonidae,Arthropoda,False,False,very_sparse_1_4,Very limited (1-4 protective contexts),1,1,0,0,1,False,1.80563343914014e-12,0.9999999999318641,1.605082117706047e-05,,extended_r1_greedy_order,,Very limited direct protective support; confirmatory testing is a high priority.,0.9926856626285753,0.9998213781841969,0.999999552927271
644,Anacystis incerta,,Cyanophyceae,Chroococcales,Chroococcaceae,Cyanophycota,False,False,very_sparse_1_4,Very limited (1-4 protective contexts),2,2,0,0,1,False,1.7580534415083168e-12,0.9999999999336222,1.8915939541952476e-05,,extended_r1_greedy_order,,Very limited direct protective support; confirmatory testing is a high priority.,0.9927045785681172,0.9998220213331511,0.99999955506644
645,Macrostemum sp.,,Insecta,Trichoptera,Hydropsychidae,Arthropoda,False,False,very_sparse_1_4,Very limited (1-4 protective contexts),1,1,0,0,1,False,1.7096432192140251e-12,0.9999999999353316,1.2925954181008947e-05,,extended_r1_greedy_order,,Very limited direct protective support; confirmatory testing is a high priority.,0.9927175045222982,0.9998224883164474,0.9999995568367517
646,Potamyia flava,,Insecta,Trichoptera,Hydropsychidae,Arthropoda,False,False,very_sparse_1_4,Very limited (1-4 protective contexts),1,1,0,21,1,False,1.66559600081522e-12,0.9999999999369973,1.2891732044995052e-05,,extended_r1_greedy_order,,Very limited direct protective support; confirmatory testing is a high priority.,0.9927303962543432,0.9998229536585592,0.9999995585991078
647,Potamilus alatus,,Bivalvia,Unionoida,Unionidae,Mollusca,False,False,very_sparse_1_4,Very limited (1-4 protective contexts),3,3,0,18,1,False,1.6224799349573491e-12,0.9999999999386197,1.5604098927424204e-05,,extended_r1_greedy_order,,Very limited direct protective support; confirmatory testing is a high priority.,0.9927460003532707,0.9998234835586008,0.9999995604628031
648,Sida crystallina,,Branchiopoda,Cladocera,Sididae,Arthropoda,False,False,very_sparse_1_4,Very limited (1-4 protective contexts),2,1,1,1,1,False,1.5802891821091808e-12,0.9999999999402,1.3701878139871226e-05,,extended_r1_greedy_order,,Very limited direct protective support; confirmatory testing is a high priority.,0.9927597022314105,0.9998239650813272,0.999999562250526
649,Lymnaea emarginata,,Gastropoda,Basommatophora,Lymnaeidae,Mollusca,False,False,very_sparse_1_4,Very limited (1-4 protective contexts),3,3,0,4,1,False,1.5391768853657176e-12,0.9999999999417394,1.6479294851157178e-05,,extended_r1_greedy_order,,Very limited direct protective support; confirmatory testing is a high priority.,0.9927761815262617,0.99982448745454,0.9999995638321708
650,Isogenus sp.,,Insecta,Plecoptera,Perlodidae,Arthropoda,False,False,sparse_5_19,Limited (5-19 protective contexts),6,6,0,0,1,False,1.4992105900939439e-12,0.9999999999432384,1.4795929870525804e-05,,extended_r1_greedy_order,,Limited direct protective support; interpret the rank with the reported uncertainty.,0.9927909774561322,0.9998250181007887,0.9999995658113201
651,Carassius carassius,,Actinopterygii,Cypriniformes,Cyprinidae,Chordata,False,False,moderate_20_49,Moderate (20-49 protective contexts),40,36,4,0,1,False,1.4597769153771178e-12,0.9999999999446982,1.6005955930431526e-05,,extended_r1_greedy_order,,,0.9928069834120626,0.9998255059336337,0.9999995672234283
652,Ochlerotatus nigromaculis,,Insecta,Diptera,Culicidae,Arthropoda,False,False,very_sparse_1_4,Very limited (1-4 protective contexts),1,1,0,11,1,False,1.4210838148478866e-12,0.9999999999461195,1.2824806912892228e-05,,extended_r1_greedy_order,,Very limited direct protective support; confirmatory testing is a high priority.,0.9928198082189755,0.9998259720490177,0.9999995690733754
653,Puntius stigma,,Actinopterygii,Cypriniformes,Cyprinidae,Chordata,False,False,sparse_5_19,Limited (5-19 protective contexts),5,5,0,0,1,False,1.3835525316073914e-12,0.9999999999475028,1.3628180814517776e-05,,extended_r1_greedy_order,,Limited direct protective support; interpret the rank with the reported uncertainty.,0.99283343639979,0.9998264106051309,0.9999995705053243
654,Spirostomum teres,,Ciliatea,Heterotrichida,Spirostomidae,Ciliophora,False,False,sparse_5_19,Limited (5-19 protective contexts),18,18,0,5,2,False,1.3466676760000303e-12,0.9999999999488496,2.002186029426145e-05,,extended_r1_greedy_order,,Limited direct protective support; interpret the rank with the reported uncertainty.,0.9928534582600843,0.9998271128577176,0.9999995727683689
655,Wyeomyia smithii,,Insecta,Diptera,Culicidae,Arthropoda,False,False,sparse_5_19,Limited (5-19 protective contexts),14,9,0,11,1,False,1.3108269471929097e-12,0.9999999999501605,1.4424571314508583e-05,,extended_r1_greedy_order,,Limited direct protective support; interpret the rank with the reported uncertainty.,0.9928678828313988,0.9998276476683199,0.9999995748966396
656,Leuciscus idus,,Actinopterygii,Cypriniformes,Cyprinidae,Chordata,False,False,sparse_5_19,Limited (5-19 protective contexts),19,15,4,0,1,False,1.2750315873415123e-12,0.9999999999514353,1.5614736220470604e-05,,extended_r1_greedy_order,,Limited direct protective support; interpret the rank with the reported uncertainty.,0.9928834975676193,0.9998281523727757,0.9999995765235552
657,Anopheles sp.,,Insecta,Diptera,Culicidae,Arthropoda,False,False,sparse_5_19,Limited (5-19 protective contexts),8,8,0,0,1,False,1.2416907407478647e-12,0.9999999999526771,1.343448234358835e-05,,extended_r1_greedy_order,,Limited direct protective support; interpret the rank with the reported uncertainty.,0.9928969320499629,0.9998286419512963,0.9999995784726928
658,Amphinemura delosa,,Insecta,Plecoptera,Nemouridae,Arthropoda,False,False,very_sparse_1_4,Very limited (1-4 protective contexts),2,2,0,8,1,False,1.2098226856245064e-12,0.9999999999538871,1.366901050903202e-05,,extended_r1_greedy_order,,Very limited direct protective support; confirmatory testing is a high priority.,0.9929106010604719,0.9998291075253654,0.9999995801581795
659,Pelophylax perezi,,Amphibia,Anura,Ranidae,Chordata,False,False,moderate_20_49,Moderate (20-49 protective contexts),26,8,5,0,2,False,1.1780665872247469e-12,0.999999999955065,1.278223280398727e-05,,extended_r1_greedy_order,,,0.9929233832932759,0.9998295070998826,0.99999958138842
660,Gambusia yucatana,,Actinopterygii,Cyprinodontiformes,Poeciliidae,Chordata,False,False,sparse_5_19,Limited (5-19 protective contexts),6,3,0,0,1,False,1.1479266960570492e-12,0.9999999999562129,1.304193489093386e-05,,extended_r1_greedy_order,,Limited direct protective support; interpret the rank with the reported uncertainty.,0.9929364252281668,0.9998299182111704,0.9999995826772665
661,Notropis blennius,,Actinopterygii,Cypriniformes,Cyprinidae,Chordata,False,False,very_sparse_1_4,Very limited (1-4 protective contexts),1,1,0,12,1,False,1.1176555645352296e-12,0.9999999999573305,1.3507285632985422e-05,,extended_r1_greedy_order,,Very limited direct protective support; confirmatory testing is a high priority.,0.9929499325137998,0.9998303619981853,0.9999995841424547
662,Physa integra,,Gastropoda,Basommatophora,Physidae,Mollusca,False,False,sparse_5_19,Limited (5-19 protective contexts),8,8,0,45,1,False,1.0886000622514422e-12,0.999999999958419,1.5321539631241166e-05,,extended_r1_greedy_order,,Limited direct protective support; interpret the rank with the reported uncertainty.,0.9929652540534311,0.9998308585928463,0.9999995857101518
663,Poecilia vivipara,,Actinopterygii,Cyprinodontiformes,Poeciliidae,Chordata,False,False,sparse_5_19,Limited (5-19 protective contexts),6,6,2,0,1,False,1.0597236534555167e-12,0.9999999999594789,1.2069308362283593e-05,,extended_r1_greedy_order,,Limited direct protective support; interpret the rank with the reported uncertainty.,0.9929773233617933,0.9998312515204331,0.9999995870219643
664,Perca fluviatilis,,Actinopterygii,Perciformes,Percidae,Chordata,False,False,moderate_20_49,Moderate (20-49 protective contexts),21,14,6,0,2,False,1.0323733512545524e-12,0.9999999999605114,1.6552881279552345e-05,,extended_r1_greedy_order,,,0.9929938762430729,0.9998318068632907,0.9999995889035324
665,Pantala flavescens,,Insecta,Odonata,Libellulidae,Arthropoda,False,False,very_sparse_1_4,Very limited (1-4 protective contexts),1,1,0,47,1,False,1.005764653774264e-12,0.9999999999615169,1.383939365862119e-05,,extended_r1_greedy_order,,Very limited direct protective support; confirmatory testing is a high priority.,0.9930077156367315,0.9998322701016135,0.9999995905521507
666,Notropis rubellus,,Actinopterygii,Cypriniformes,Cyprinidae,Chordata,False,False,very_sparse_1_4,Very limited (1-4 protective contexts),1,1,1,12,1,False,9.800404890272697e-13,0.9999999999624971,1.3235303654046682e-05,,extended_r1_greedy_order,,Very limited direct protective support; confirmatory testing is a high priority.,0.9930209509403856,0.9998327021960288,0.999999591969788
667,Epeorus latifolium,,Insecta,Ephemeroptera,Heptageniidae,Arthropoda,False,False,sparse_5_19,Limited (5-19 protective contexts),6,2,0,0,1,False,9.546788890869748e-13,0.9999999999634516,1.4894199115267348e-05,,extended_r1_greedy_order,,Limited direct protective support; interpret the rank with the reported uncertainty.,0.9930358451395008,0.9998332208873201,0.9999995938535102
668,Stenonema sp.,,Insecta,Ephemeroptera,Heptageniidae,Arthropoda,False,False,very_sparse_1_4,Very limited (1-4 protective contexts),4,4,0,0,1,False,9.298113524892823e-13,0.9999999999643815,1.4022604110652814e-05,,extended_r1_greedy_order,,Very limited direct protective support; confirmatory testing is a high priority.,0.9930498677436115,0.9998337353116118,0.9999995958555479
669,Diphetor hageni,,Insecta,Ephemeroptera,Baetidae,Arthropoda,False,False,sparse_5_19,Limited (5-19 protective contexts),5,5,1,13,1,False,9.057744028187099e-13,0.9999999999652872,1.3408777052914544e-05,,extended_r1_greedy_order,,Limited direct protective support; interpret the rank with the reported uncertainty.,0.9930632765206644,0.9998342161279118,0.9999995977057384
670,Ladona deplanata,,Insecta,Odonata,Libellulidae,Arthropoda,False,False,very_sparse_1_4,Very limited (1-4 protective contexts),1,1,0,30,1,False,8.824320598045078e-13,0.9999999999661698,1.362981138686159e-05,,extended_r1_greedy_order,,Very limited direct protective support; confirmatory testing is a high priority.,0.9930769063320513,0.9998346703848646,0.9999995993141159
671,Obovaria subrotunda,,Bivalvia,Unionoida,Unionidae,Mollusca,False,False,very_sparse_1_4,Very limited (1-4 protective contexts),1,1,0,6,1,False,8.591608601920387e-13,0.999999999967029,1.4124309391738699e-05,,extended_r1_greedy_order,,Very limited direct protective support; confirmatory testing is a high priority.,0.993091030641443,0.9998351530665318,0.9999996010266174
672,Barbus javanicus,,Actinopterygii,Cypriniformes,Cyprinidae,Chordata,False,False,sparse_5_19,Limited (5-19 protective contexts),7,5,0,0,1,False,8.371501698945505e-13,0.9999999999678661,1.300566370243672e-05,,extended_r1_greedy_order,,Limited direct protective support; interpret the rank with the reported uncertainty.,0.9931040363051454,0.9998355556407701,0.999999602257689
673,Lymnaea palustris,,Gastropoda,Basommatophora,Lymnaeidae,Mollusca,False,False,very_sparse_1_4,Very limited (1-4 protective contexts),4,3,1,0,1,False,8.155259520729947e-13,0.9999999999686816,1.4984245088500714e-05,,extended_r1_greedy_order,,Very limited direct protective support; confirmatory testing is a high priority.,0.9931190205502339,0.9998360185081707,0.9999996036242166
674,Bosmina coregoni,,Branchiopoda,Diplostraca,Bosminidae,Arthropoda,False,False,very_sparse_1_4,Very limited (1-4 protective contexts),1,1,0,1,1,False,7.945381836589855e-13,0.999999999969476,1.2177639319599365e-05,,extended_r1_greedy_order,,Very limited direct protective support; confirmatory testing is a high priority.,0.9931311981895535,0.9998364422916217,0.9999996052125038
675,Cyprinella whipplei,,Actinopterygii,Cypriniformes,Cyprinidae,Chordata,False,False,very_sparse_1_4,Very limited (1-4 protective contexts),3,2,0,9,1,False,7.732819049643465e-13,0.9999999999702495,1.2256538969190878e-05,,extended_r1_greedy_order,,Very limited direct protective support; confirmatory testing is a high priority.,0.9931434547285227,0.9998368457184358,0.9999996065870955
676,Asellus intermedius,,Malacostraca,Isopoda,Asellidae,Arthropoda,False,False,sparse_5_19,Limited (5-19 protective contexts),10,10,0,0,1,False,7.527159374943193e-13,0.9999999999710021,1.4183387108124279e-05,,extended_r1_greedy_order,,Limited direct protective support; interpret the rank with the reported uncertainty.,0.9931576381156308,0.9998372871470251,0.9999996078990897
677,Artemia sp.,,Branchiopoda,Anostraca,Artemiidae,Arthropoda,False,False,very_sparse_1_4,Very limited (1-4 protective contexts),1,1,0,0,1,False,7.333789476945447e-13,0.9999999999717355,1.0892415351237972e-05,,extended_r1_greedy_order,,Very limited direct protective support; confirmatory testing is a high priority.,0.9931685305309821,0.9998376291605461,0.9999996089811413
678,Plathemis lydia,,Insecta,Odonata,Libellulidae,Arthropoda,False,False,very_sparse_1_4,Very limited (1-4 protective contexts),1,1,0,49,1,False,7.146804597385536e-13,0.9999999999724501,1.3314292077071244e-05,,extended_r1_greedy_order,,Very limited direct protective support; confirmatory testing is a high priority.,0.9931818448230592,0.9998380706756264,0.999999610538165
679,Leptestheria compleximanus,,Branchiopoda,Diplostraca,Leptestheriidae,Arthropoda,False,False,very_sparse_1_4,Very limited (1-4 protective contexts),1,1,0,3,1,False,6.963984602166163e-13,0.9999999999731467,1.0794492635746167e-05,,extended_r1_greedy_order,,Very limited direct protective support; confirmatory testing is a high priority.,0.9931926393156949,0.9998384485040375,0.9999996119645966
680,Eulimnadia sp.,,Branchiopoda,Diplostraca,Limnadiidae,Arthropoda,False,False,very_sparse_1_4,Very limited (1-4 protective contexts),1,1,0,0,1,False,6.786740537519382e-13,0.9999999999738253,1.0717476414345839e-05,,extended_r1_greedy_order,,Very limited direct protective support; confirmatory testing is a high priority.,0.9932033567921092,0.9998388209835036,0.9999996133614072
681,Ligumia subrostrata,,Bivalvia,Unionoida,Unionidae,Mollusca,False,False,sparse_5_19,Limited (5-19 protective contexts),10,5,0,14,1,False,6.614400521467029e-13,0.9999999999744865,1.3739277922586446e-05,,extended_r1_greedy_order,,Limited direct protective support; interpret the rank with the reported uncertainty.,0.9932170960700318,0.9998392645217727,0.9999996147708656
682,Cyrtonaias tampicoensis,,Bivalvia,Unionoida,Unionidae,Mollusca,False,False,very_sparse_1_4,Very limited (1-4 protective contexts),1,1,0,1,1,False,6.445390929855439e-13,0.9999999999751311,1.3541169817221643e-05,,extended_r1_greedy_order,,Very limited direct protective support; confirmatory testing is a high priority.,0.9932306372398491,0.9998397214953113,0.99999961637308
683,Toxolasma texasensis,,Bivalvia,Unionoida,Unionidae,Mollusca,False,False,very_sparse_1_4,Very limited (1-4 protective contexts),1,1,0,5,1,False,6.281293843977063e-13,0.9999999999757594,1.3501425994544292e-05,,extended_r1_greedy_order,,Very limited direct protective support; confirmatory testing is a high priority.,0.9932441386658436,0.9998401767637607,0.9999996179678678
684,Erimonax monachus,,Actinopterygii,Cypriniformes,Cyprinidae,Chordata,False,False,sparse_5_19,Limited (5-19 protective contexts),14,7,0,2,1,False,6.121249911807186e-13,0.9999999999763716,1.2331584845370891e-05,,extended_r1_greedy_order,,Limited direct protective support; interpret the rank with the reported uncertainty.,0.993256470250689,0.9998405927002173,0.9999996194472806
685,Fejervarya limnocharis,,Amphibia,Anura,Ranidae,Chordata,False,False,sparse_5_19,Limited (5-19 protective contexts),10,3,1,0,1,False,5.963605396787569e-13,0.9999999999769678,1.1907332352012467e-05,,extended_r1_greedy_order,,Limited direct protective support; interpret the rank with the reported uncertainty.,0.993268377583041,0.9998409757121068,0.9999996206930846
686,Toxorhynchites splendens,,Insecta,Diptera,Culicidae,Arthropoda,False,False,sparse_5_19,Limited (5-19 protective contexts),7,7,0,0,1,False,5.811990626344729e-13,0.9999999999775491,1.099408003268909e-05,,extended_r1_greedy_order,,Limited direct protective support; interpret the rank with the reported uncertainty.,0.9932793716630737,0.9998413751446451,0.9999996222908468
687,Cyprinella leedsi,,Actinopterygii,Cypriniformes,Cyprinidae,Chordata,False,False,very_sparse_1_4,Very limited (1-4 protective contexts),3,1,0,1,1,True,5.66468302919824e-13,0.9999999999781155,1.1728019517542876e-05,,extended_r1_greedy_order,,Very limited direct protective support; confirmatory testing is a high priority.,0.9932910996825912,0.9998417583610896,0.9999996235886612
688,Chaetopteryx villosa,,Insecta,Trichoptera,Limnephilidae,Arthropoda,False,False,very_sparse_1_4,Very limited (1-4 protective contexts),1,1,1,0,1,False,5.516830376020095e-13,0.9999999999786671,1.2275558451291246e-05,,extended_r1_greedy_order,,Very limited direct protective support; confirmatory testing is a high priority.,0.9933033752410425,0.999842190020721,0.999999625175599
689,Barbus arulius,,Actinopterygii,Cypriniformes,Cyprinidae,Chordata,False,False,very_sparse_1_4,Very limited (1-4 protective contexts),4,4,2,0,1,False,5.375533896349911e-13,0.9999999999792049,1.214755223399866e-05,,extended_r1_greedy_order,,Very limited direct protective support; confirmatory testing is a high priority.,0.9933155227932765,0.9998425568219567,0.999999626257131
690,Cyprinella lutrensis,,Actinopterygii,Cypriniformes,Cyprinidae,Chordata,False,False,sparse_5_19,Limited (5-19 protective contexts),5,5,1,10,1,False,5.237877420384783e-13,0.9999999999797287,1.1639604268087744e-05,,extended_r1_greedy_order,,Limited direct protective support; interpret the rank with the reported uncertainty.,0.9933271623975446,0.9998429380820185,0.9999996275616462
691,Epeorus sp.,,Insecta,Ephemeroptera,Heptageniidae,Arthropoda,False,False,very_sparse_1_4,Very limited (1-4 protective contexts),2,2,0,0,1,False,5.101443359823333e-13,0.9999999999802387,1.3146541765540753e-05,,extended_r1_greedy_order,,Very limited direct protective support; confirmatory testing is a high priority.,0.9933403089393101,0.9998433869860538,0.999999629160792
692,Simulium latigonium,,Insecta,Diptera,Simuliidae,Arthropoda,False,False,very_sparse_1_4,Very limited (1-4 protective contexts),3,3,0,0,1,False,4.97154263837668e-13,0.9999999999807359,1.3681908076712546e-05,,extended_r1_greedy_order,,Very limited direct protective support; confirmatory testing is a high priority.,0.9933539908473868,0.9998438811362164,0.9999996310394625
693,Crangonyx pseudogracilis,,Malacostraca,Amphipoda,Crangonyctidae,Arthropoda,False,False,moderate_20_49,Moderate (20-49 protective contexts),20,20,0,1,2,False,4.845010307423714e-13,0.9999999999812202,1.3783149789503568e-05,,extended_r1_greedy_order,,,0.9933677739971764,0.9998443282427301,0.9999996323822045
694,Isthmohyla pseudopuma,,Amphibia,Anura,Hylidae,Chordata,False,False,very_sparse_1_4,Very limited (1-4 protective contexts),1,1,0,0,1,False,4.721995010447127e-13,0.9999999999816924,1.1866859973452826e-05,,extended_r1_greedy_order,,Very limited direct protective support; confirmatory testing is a high priority.,0.9933796408571498,0.9998447099638463,0.999999633645551
695,Holopedium gibberum,,Branchiopoda,Diplostraca,Holopediidae,Arthropoda,False,False,very_sparse_1_4,Very limited (1-4 protective contexts),1,1,0,1,1,False,4.602674946757148e-13,0.9999999999821529,1.008281542569378e-05,,extended_r1_greedy_order,,Very limited direct protective support; confirmatory testing is a high priority.,0.9933897236725755,0.9998450591264068,0.9999996349487553
696,Agalychnis callidryas,,Amphibia,Anura,Hylidae,Chordata,False,False,very_sparse_1_4,Very limited (1-4 protective contexts),1,1,1,0,1,False,4.4862055361924367e-13,0.9999999999826015,1.179913027116175e-05,,extended_r1_greedy_order,,Very limited direct protective support; confirmatory testing is a high priority.,0.9934015228028467,0.9998454382504154,0.9999996362016423
697,Atyaephyra desmarestii,,Malacostraca,Decapoda,Atyidae,Arthropoda,False,False,very_sparse_1_4,Very limited (1-4 protective contexts),2,2,2,0,1,False,4.3723560052420597e-13,0.9999999999830386,1.374898306416572e-05,,extended_r1_greedy_order,,Very limited direct protective support; confirmatory testing is a high priority.,0.9934152717859108,0.999845934438519,0.9999996380226309
698,Ptychobranchus fasciolaris,,Bivalvia,Unionoida,Unionidae,Mollusca,False,False,very_sparse_1_4,Very limited (1-4 protective contexts),1,1,0,10,1,False,4.261369250619311e-13,0.999999999983465,1.282409417968644e-05,,extended_r1_greedy_order,,Very limited direct protective support; confirmatory testing is a high priority.,0.9934280958800905,0.9998463664247701,0.9999996395353837
699,Sigara arguta,,Insecta,Heteroptera,Corixidae,Arthropoda,False,False,very_sparse_1_4,Very limited (1-4 protective contexts),2,2,0,0,1,False,4.1532511233225406e-13,0.9999999999838802,1.2287060336846345e-05,,extended_r1_greedy_order,,Very limited direct protective support; confirmatory testing is a high priority.,0.9934403829404274,0.9998467671648039,0.9999996408810068
700,Triops longicaudatus,,Branchiopoda,Notostraca,Triopsidae,Arthropoda,False,False,very_sparse_1_4,Very limited (1-4 protective contexts),4,4,0,7,1,False,4.048047293462835e-13,0.999999999984285,9.901342726825746e-06,,extended_r1_greedy_order,,Very limited direct protective support; confirmatory testing is a high priority.,0.9934502842831542,0.9998471090349944,0.9999996421577124
701,Smilisca baudinii,,Amphibia,Anura,Hylidae,Chordata,False,False,very_sparse_1_4,Very limited (1-4 protective contexts),1,1,0,2,1,False,3.945955476224809e-13,0.9999999999846796,1.1606001231068142e-05,,extended_r1_greedy_order,,Very limited direct protective support; confirmatory testing is a high priority.,0.9934618902843853,0.9998474807044877,0.9999996433806184
702,Sinanodonta woodiana,,Bivalvia,Unionoida,Unionidae,Mollusca,False,False,very_sparse_1_4,Very limited (1-4 protective contexts),2,2,0,0,1,False,3.8448744320404964e-13,0.999999999985064,1.2662920597317218e-05,,extended_r1_greedy_order,,Very limited direct protective support; confirmatory testing is a high priority.,0.9934745532049826,0.9998479038302803,0.9999996448480326
703,Buenoa sp.,,Insecta,Heteroptera,Notonectidae,Arthropoda,False,False,very_sparse_1_4,Very limited (1-4 protective contexts),1,1,0,0,1,False,3.747548943264465e-13,0.9999999999854388,1.1889267124476355e-05,,extended_r1_greedy_order,,Very limited direct protective support; confirmatory testing is a high priority.,0.993486442472107,0.9998483244449653,0.9999996464421053
704,Barbus conchonius,,Actinopterygii,Cypriniformes,Cyprinidae,Chordata,False,False,sparse_5_19,Limited (5-19 protective contexts),10,8,2,1,2,False,3.6532039337546795e-13,0.999999999985804,1.166835680821432e-05,,extended_r1_greedy_order,,Limited direct protective support; interpret the rank with the reported uncertainty.,0.9934981108289153,0.9998486766816809,0.9999996474919907
705,Phoxinus eos,,Actinopterygii,Cypriniformes,Cyprinidae,Chordata,False,False,very_sparse_1_4,Very limited (1-4 protective contexts),1,1,0,10,1,False,3.560138495336315e-13,0.9999999999861602,1.1113415416375005e-05,,extended_r1_greedy_order,,Very limited direct protective support; confirmatory testing is a high priority.,0.9935092242443316,0.9998490295628994,0.9999996486744545
706,Cyprinodon bovinus,,Actinopterygii,Cyprinodontiformes,Cyprinodontidae,Chordata,False,False,very_sparse_1_4,Very limited (1-4 protective contexts),4,4,0,0,1,False,3.469930117863353e-13,0.9999999999865071,1.2813979743064863e-05,,extended_r1_greedy_order,,Very limited direct protective support; confirmatory testing is a high priority.,0.9935220382240747,0.9998494466587473,0.9999996500799923
707,Notropis mekistocholas,,Actinopterygii,Cypriniformes,Cyprinidae,Chordata,False,False,sparse_5_19,Limited (5-19 protective contexts),8,7,0,0,1,False,3.3820528911974044e-13,0.9999999999868453,1.1623683055517198e-05,,extended_r1_greedy_order,,Limited direct protective support; interpret the rank with the reported uncertainty.,0.9935336619071302,0.9998498204389485,0.999999651295177
708,Lymnaea rubiginosa,,Gastropoda,Basommatophora,Lymnaeidae,Mollusca,False,False,very_sparse_1_4,Very limited (1-4 protective contexts),2,1,0,0,2,False,3.296244099595302e-13,0.9999999999871751,1.3346079387965837e-05,,extended_r1_greedy_order,,Very limited direct protective support; confirmatory testing is a high priority.,0.9935470079865182,0.9998502217990838,0.9999996524419814
709,Notropis atherinoides,,Actinopterygii,Cypriniformes,Cyprinidae,Chordata,False,False,sparse_5_19,Limited (5-19 protective contexts),11,8,0,19,3,False,3.2130111351432754e-13,0.9999999999874962,1.1257119703178553e-05,,extended_r1_greedy_order,,Limited direct protective support; interpret the rank with the reported uncertainty.,0.9935582651062214,0.9998505793522429,0.9999996535941593
710,Ligumia recta,,Bivalvia,Unionoida,Unionidae,Mollusca,False,False,very_sparse_1_4,Very limited (1-4 protective contexts),3,3,4,18,1,False,3.1303960691107313e-13,0.9999999999878091,1.2409774760357983e-05,,extended_r1_greedy_order,,Very limited direct protective support; confirmatory testing is a high priority.,0.9935706748809817,0.9998509812207873,0.9999996549144999
711,Poeciliopsis occidentalis,,Actinopterygii,Cyprinodontiformes,Poeciliidae,Chordata,False,False,sparse_5_19,Limited (5-19 protective contexts),6,5,0,0,1,False,3.051779893953206e-13,0.9999999999881142,9.454907370143317e-06,,extended_r1_greedy_order,,Limited direct protective support; interpret the rank with the reported uncertainty.,0.9935801297883519,0.9998512789679271,0.99999965587565
712,Oreochromis niloticus,,Actinopterygii,Perciformes,Cichlidae,Chordata,False,False,strong_50_plus,Strong (50+ protective contexts),196,85,28,7,3,False,2.9745076493555606e-13,0.999999999988412,1.3473254789175826e-05,,extended_r1_greedy_order,,,0.993593603043141,0.9998516591055174,0.9999996569236298
713,Buenoa unguis,,Insecta,Heteroptera,Notonectidae,Arthropoda,False,False,very_sparse_1_4,Very limited (1-4 protective contexts),2,2,0,0,1,False,2.899515294844381e-13,0.9999999999887019,1.16498844784374e-05,,extended_r1_greedy_order,,Very limited direct protective support; confirmatory testing is a high priority.,0.9936052529276195,0.9998520628149402,0.9999996584200118
714,Rhinichthys osculus,,Actinopterygii,Cypriniformes,Cyprinidae,Chordata,False,False,very_sparse_1_4,Very limited (1-4 protective contexts),2,2,0,6,1,False,2.8260450079433224e-13,0.9999999999889846,1.0625305992495448e-05,,extended_r1_greedy_order,,Very limited direct protective support; confirmatory testing is a high priority.,0.993615878233612,0.9998524018607463,0.9999996595492542
715,Sigara substriata,,Insecta,Heteroptera,Corixidae,Arthropoda,False,False,very_sparse_1_4,Very limited (1-4 protective contexts),1,1,0,0,1,False,2.754732621822779e-13,0.99999999998926,1.1661930083950445e-05,,extended_r1_greedy_order,,Very limited direct protective support; confirmatory testing is a high priority.,0.9936275401636959,0.9998527775159186,0.9999996607902878
716,Drunella cornuta,,Insecta,Ephemeroptera,Ephemerellidae,Arthropoda,False,False,very_sparse_1_4,Very limited (1-4 protective contexts),1,1,0,3,2,False,2.6854054621847355e-13,0.9999999999895285,1.1770203769079224e-05,,extended_r1_greedy_order,,Very limited direct protective support; confirmatory testing is a high priority.,0.993639310367465,0.999853185228894,0.9999996622332875
717,Ceratophyllum demersum,,Magnoliopsida,Nymphaeales,Ceratophyllaceae,Magnoliophyta,False,False,moderate_20_49,Moderate (20-49 protective contexts),20,17,6,49,2,False,2.617609711645696e-13,0.9999999999897903,1.0699717668205544e-05,,extended_r1_greedy_order,,,0.9936500100851332,0.9998535408631088,0.9999996634702932
718,Notropis buccatus,,Actinopterygii,Cypriniformes,Cyprinidae,Chordata,False,False,very_sparse_1_4,Very limited (1-4 protective contexts),3,2,0,12,1,False,2.551725928388079e-13,0.9999999999900454,1.092350757281313e-05,,extended_r1_greedy_order,,Very limited direct protective support; confirmatory testing is a high priority.,0.993660933592706,0.999853884564206,0.9999996645579092
719,Drunella doddsi,,Insecta,Ephemeroptera,Ephemerellidae,Arthropoda,False,False,very_sparse_1_4,Very limited (1-4 protective contexts),1,1,0,7,1,False,2.486017526511708e-13,0.9999999999902943,1.1349721486753062e-05,,extended_r1_greedy_order,,Very limited direct protective support; confirmatory testing is a high priority.,0.9936722833141928,0.9998542757554285,0.9999996659388706
720,Pomacea paludosa,,Gastropoda,Architaenioglossa,Ampullariidae,Mollusca,False,False,sparse_5_19,Limited (5-19 protective contexts),18,7,0,1,3,False,2.4220698014971656e-13,0.9999999999905363,1.4435692569092495e-05,,extended_r1_greedy_order,,Limited direct protective support; interpret the rank with the reported uncertainty.,0.9936867190067619,0.9998547315658225,0.9999996673559122
721,Bosmina sp.,,Branchiopoda,Diplostraca,Bosminidae,Arthropoda,False,False,very_sparse_1_4,Very limited (1-4 protective contexts),1,1,0,0,1,False,2.360478579107271e-13,0.9999999999907723,1.0035258981244688e-05,,extended_r1_greedy_order,,Very limited direct protective support; confirmatory testing is a high priority.,0.9936967542657431,0.9998550695352755,0.9999996685834374
722,Sigara sp.,,Insecta,Heteroptera,Corixidae,Arthropoda,False,False,very_sparse_1_4,Very limited (1-4 protective contexts),1,1,1,0,1,False,2.301135169298305e-13,0.9999999999910024,1.1364912626432577e-05,,extended_r1_greedy_order,,Very limited direct protective support; confirmatory testing is a high priority.,0.9937081191783695,0.9998554336062573,0.999999669778796
723,Bosmina longirostris,,Branchiopoda,Diplostraca,Bosminidae,Arthropoda,False,False,sparse_5_19,Limited (5-19 protective contexts),12,7,0,6,1,False,2.2432475786652401e-13,0.9999999999912268,1.0173274017866163e-05,,extended_r1_greedy_order,,Limited direct protective support; interpret the rank with the reported uncertainty.,0.9937182924523874,0.9998557756616981,0.9999996710156228
724,Poeciliopsis sp.,,Actinopterygii,Cyprinodontiformes,Poeciliidae,Chordata,False,False,very_sparse_1_4,Very limited (1-4 protective contexts),1,1,0,0,1,False,2.1872451539717597e-13,0.9999999999914452,8.95070864515013e-06,,extended_r1_greedy_order,,Very limited direct protective support; confirmatory testing is a high priority.,0.9937272431610326,0.9998560572673969,0.9999996719298642
725,Pimephales notatus,,Actinopterygii,Cypriniformes,Cyprinidae,Chordata,False,False,sparse_5_19,Limited (5-19 protective contexts),12,6,3,20,2,False,2.1319834799908983e-13,0.9999999999916586,1.0235787799572904e-05,,extended_r1_greedy_order,,Limited direct protective support; interpret the rank with the reported uncertainty.,0.9937374789488321,0.9998563923909048,0.9999996730550919
726,Anacystis alpicola,,Cyanophyceae,Chroococcales,Chroococcaceae,Cyanophycota,False,False,very_sparse_1_4,Very limited (1-4 protective contexts),2,2,0,0,1,False,2.0783558289103743e-13,0.9999999999918663,1.4601318753193482e-05,,extended_r1_greedy_order,,Very limited direct protective support; confirmatory testing is a high priority.,0.9937520802675853,0.9998568604569197,0.9999996745202643
727,Sigara dorsalis,,Insecta,Heteroptera,Corixidae,Arthropoda,False,False,very_sparse_1_4,Very limited (1-4 protective contexts),1,1,0,0,1,False,2.025906915414657e-13,0.999999999992069,1.1190370227787128e-05,,extended_r1_greedy_order,,Very limited direct protective support; confirmatory testing is a high priority.,0.9937632706378131,0.9998572172916865,0.9999996756848034
728,Hyriopsis cumingii,,Bivalvia,Unionoida,Unionidae,Mollusca,False,False,very_sparse_1_4,Very limited (1-4 protective contexts),1,1,0,0,1,False,1.9749637329489096e-13,0.9999999999922665,1.1643092053148507e-05,,extended_r1_greedy_order,,Very limited direct protective support; confirmatory testing is a high priority.,0.9937749137298663,0.999857598112312,0.9999996769736337
729,Orthemis sp.,,Insecta,Odonata,Libellulidae,Arthropoda,False,False,very_sparse_1_4,Very limited (1-4 protective contexts),1,1,0,0,1,False,1.9255328691592002e-13,0.9999999999924591,1.0749628512218834e-05,,extended_r1_greedy_order,,Very limited direct protective support; confirmatory testing is a high priority.,0.9937856633583785,0.9998579442524803,0.9999996781607587
730,Hamiota subangulata,,Bivalvia,Unionoida,Unionidae,Mollusca,False,False,very_sparse_1_4,Very limited (1-4 protective contexts),1,1,0,2,1,False,1.8773417874020078e-13,0.9999999999926469,1.1581664469462183e-05,,extended_r1_greedy_order,,Very limited direct protective support; confirmatory testing is a high priority.,0.9937972450228479,0.9998583224889414,0.9999996794365947
731,Claassenia sp.,,Insecta,Plecoptera,Perlidae,Arthropoda,False,False,very_sparse_1_4,Very limited (1-4 protective contexts),1,1,0,0,1,False,1.8298260365432143e-13,0.9999999999928297,1.1029740669243893e-05,,extended_r1_greedy_order,,Very limited direct protective support; confirmatory testing is a high priority.,0.9938082747635172,0.9998587451972609,0.9999996811584333
732,Libellula sp.,,Insecta,Odonata,Libellulidae,Arthropoda,False,False,very_sparse_1_4,Very limited (1-4 protective contexts),2,2,0,0,1,False,1.782884201311509e-13,0.9999999999930081,1.0623502823881026e-05,,extended_r1_greedy_order,,Very limited direct protective support; confirmatory testing is a high priority.,0.9938188982663411,0.9998590865850197,0.9999996823263735
733,Lymnaea peregra,,Gastropoda,Basommatophora,Lymnaeidae,Mollusca,False,False,sparse_5_19,Limited (5-19 protective contexts),7,6,1,0,2,False,1.7382690554524952e-13,0.999999999993182,1.2379554500285828e-05,,extended_r1_greedy_order,,Limited direct protective support; interpret the rank with the reported uncertainty.,0.9938312778208414,0.9998594608610839,0.9999996834128004
734,Rhinichthys cataractae,,Actinopterygii,Cypriniformes,Cyprinidae,Chordata,False,False,very_sparse_1_4,Very limited (1-4 protective contexts),4,2,0,28,1,False,1.6945633400843476e-13,0.9999999999933512,9.87881775349475e-06,,extended_r1_greedy_order,,Very limited direct protective support; confirmatory testing is a high priority.,0.9938411566385948,0.9998597726448745,0.9999996844372212
735,Sympetrum flaveolum,,Insecta,Odonata,Libellulidae,Arthropoda,False,False,very_sparse_1_4,Very limited (1-4 protective contexts),1,1,0,0,1,False,1.6521306606996802e-13,0.9999999999935167,1.0590208599281503e-05,,extended_r1_greedy_order,,Very limited direct protective support; confirmatory testing is a high priority.,0.9938517468471941,0.999860112103877,0.9999996855948271
736,Megalobrama amblycephala,,Actinopterygii,Cypriniformes,Cyprinidae,Chordata,False,False,very_sparse_1_4,Very limited (1-4 protective contexts),2,1,0,0,1,False,1.6108267389112833e-13,0.9999999999936776,1.0047473545382601e-05,,extended_r1_greedy_order,,Very limited direct protective support; confirmatory testing is a high priority.,0.9938617943207395,0.9998604223295947,0.9999996865743488
737,Fejervarya multistriata,,Amphibia,Anura,Ranidae,Chordata,False,False,very_sparse_1_4,Very limited (1-4 protective contexts),2,2,0,0,1,False,1.5705020885173232e-13,0.9999999999938347,9.377180997249823e-06,,extended_r1_greedy_order,,Very limited direct protective support; confirmatory testing is a high priority.,0.9938711715017368,0.9998607156794231,0.9999996875123116
738,Callibaetis skokianus,,Insecta,Ephemeroptera,Baetidae,Arthropoda,False,False,very_sparse_1_4,Very limited (1-4 protective contexts),2,2,0,0,1,False,1.5309387405817285e-13,0.9999999999939877,1.0711996156431702e-05,,extended_r1_greedy_order,,Very limited direct protective support; confirmatory testing is a high priority.,0.9938818834978932,0.9998610733244492,0.9999996887639151
739,Wyeomyia mitchellii,,Insecta,Diptera,Culicidae,Arthropoda,False,False,very_sparse_1_4,Very limited (1-4 protective contexts),1,1,0,2,1,False,1.492327023570648e-13,0.999999999994137,9.706509742635205e-06,,extended_r1_greedy_order,,Very limited direct protective support; confirmatory testing is a high priority.,0.9938915900076358,0.9998614078876277,0.9999996900128607
740,Simulium decorum,,Insecta,Diptera,Simuliidae,Arthropoda,False,False,very_sparse_1_4,Very limited (1-4 protective contexts),1,1,0,2,1,False,1.4550610012202262e-13,0.9999999999942825,1.1762960656303001e-05,,extended_r1_greedy_order,,Very limited direct protective support; confirmatory testing is a high priority.,0.9939033529682921,0.9998618225779008,0.9999996915398714
741,Arctopsyche grandis,,Insecta,Trichoptera,Hydropsychidae,Arthropoda,False,False,very_sparse_1_4,Very limited (1-4 protective contexts),4,4,0,2,2,False,1.4188708279284878e-13,0.9999999999944246,8.6632508441431e-06,,extended_r1_greedy_order,,Very limited direct protective support; confirmatory testing is a high priority.,0.9939120162191363,0.9998621189879668,0.9999996926121295
742,Ameletus sp.,,Insecta,Ephemeroptera,Ameletidae,Arthropoda,False,False,very_sparse_1_4,Very limited (1-4 protective contexts),4,2,0,0,1,False,1.3834960465804765e-13,0.9999999999945629,1.0045036614947378e-05,,extended_r1_greedy_order,,Very limited direct protective support; confirmatory testing is a high priority.,0.9939220612557512,0.999862454012394,0.9999996937977726
743,Ligumia sp.,,Bivalvia,Unionoida,Unionidae,Mollusca,False,False,very_sparse_1_4,Very limited (1-4 protective contexts),2,1,0,0,1,False,1.3486454850473422e-13,0.9999999999946977,1.1305878140577263e-05,,extended_r1_greedy_order,,Very limited direct protective support; confirmatory testing is a high priority.,0.9939333671338918,0.999862811660754,0.9999996949330431
744,Anacystis dimidiata,,Cyanophyceae,Chroococcales,Chroococcaceae,Cyanophycota,False,False,very_sparse_1_4,Very limited (1-4 protective contexts),2,2,0,3,1,False,1.3143830396484088e-13,0.999999999994829,1.3909349721452635e-05,,extended_r1_greedy_order,,Very limited direct protective support; confirmatory testing is a high priority.,0.9939472764836133,0.9998632512350919,0.9999996962818598
745,Erythemis simplicicollis,,Insecta,Odonata,Libellulidae,Arthropoda,False,False,very_sparse_1_4,Very limited (1-4 protective contexts),1,1,0,40,1,False,1.2807627659837251e-13,0.999999999994957,1.0164656577438258e-05,,extended_r1_greedy_order,,Very limited direct protective support; confirmatory testing is a high priority.,0.9939574411401907,0.9998635739399402,0.9999996973675744
746,Labeo boga,,Actinopterygii,Cypriniformes,Cyprinidae,Chordata,False,False,very_sparse_1_4,Very limited (1-4 protective contexts),1,1,0,0,1,False,1.2488570018988468e-13,0.999999999995082,9.86798274738021e-06,,extended_r1_greedy_order,,Very limited direct protective support; confirmatory testing is a high priority.,0.9939673091229381,0.9998638646078549,0.9999996981993183
747,Actinonaias ligamentina,,Bivalvia,Unionoida,Unionidae,Mollusca,False,False,sparse_5_19,Limited (5-19 protective contexts),6,6,0,14,1,False,1.2177315872448187e-13,0.999999999995204,1.1161524498981557e-05,,extended_r1_greedy_order,,Limited direct protective support; interpret the rank with the reported uncertainty.,0.993978470647437,0.9998642474620008,0.9999996996314926
748,Pseudosida ramosa,,Branchiopoda,Cladocera,Sididae,Arthropoda,False,False,sparse_5_19,Limited (5-19 protective contexts),6,2,0,0,1,False,1.1871141856090758e-13,0.9999999999953227,9.653123634323357e-06,,extended_r1_greedy_order,,Limited direct protective support; interpret the rank with the reported uncertainty.,0.9939881237710714,0.9998645614120563,0.9999997006997313
749,Epidalea calamita,,Amphibia,Anura,Bufonidae,Chordata,False,False,sparse_5_19,Limited (5-19 protective contexts),8,5,4,0,2,False,1.1574984483345062e-13,0.9999999999954382,1.0722502989390925e-05,,extended_r1_greedy_order,,Limited direct protective support; interpret the rank with the reported uncertainty.,0.9939988462740608,0.99986489570523,0.9999997017370117
750,Ceratopsyche morosa,,Insecta,Trichoptera,Hydropsychidae,Arthropoda,False,False,sparse_5_19,Limited (5-19 protective contexts),9,7,0,6,1,False,1.1283373540247561e-13,0.9999999999955512,9.120382468030819e-06,,extended_r1_greedy_order,,Limited direct protective support; interpret the rank with the reported uncertainty.,0.9940079666565288,0.99986518222437,0.9999997026554225
751,Paratelphusa spinigera,,Malacostraca,Decapoda,Parathelphusidae,Arthropoda,False,False,very_sparse_1_4,Very limited (1-4 protective contexts),2,2,1,0,1,False,1.1003082001279292e-13,0.9999999999956612,1.12693744546144e-05,,extended_r1_greedy_order,,Very limited direct protective support; confirmatory testing is a high priority.,0.9940192360309834,0.9998655349453749,0.999999703723103
752,Ceratopsyche slossonae,,Insecta,Trichoptera,Hydropsychidae,Arthropoda,False,False,very_sparse_1_4,Very limited (1-4 protective contexts),1,1,0,7,1,False,1.0727593442465801e-13,0.9999999999957684,8.602275061608822e-06,,extended_r1_greedy_order,,Very limited direct protective support; confirmatory testing is a high priority.,0.994027838306045,0.9998658166347116,0.9999997046826536
753,Ceratopsyche bronta,,Insecta,Trichoptera,Hydropsychidae,Arthropoda,False,False,very_sparse_1_4,Very limited (1-4 protective contexts),1,1,0,7,1,False,1.0462137934215352e-13,0.9999999999958731,8.813030312304626e-06,,extended_r1_greedy_order,,Very limited direct protective support; confirmatory testing is a high priority.,0.9940366513363573,0.999866104592908,0.9999997056577715
754,Boana faber,,Amphibia,Anura,Hylidae,Chordata,False,False,very_sparse_1_4,Very limited (1-4 protective contexts),3,3,0,0,1,False,1.0202863698504878e-13,0.9999999999959752,9.54521821228127e-06,,extended_r1_greedy_order,,Very limited direct protective support; confirmatory testing is a high priority.,0.9940461965545696,0.9998663985190941,0.9999997065711411
755,Bosmina fatalis,,Branchiopoda,Diplostraca,Bosminidae,Arthropoda,False,False,very_sparse_1_4,Very limited (1-4 protective contexts),4,1,0,0,1,False,9.949020925760664e-14,0.9999999999960747,9.34455600665185e-06,,extended_r1_greedy_order,,Very limited direct protective support; confirmatory testing is a high priority.,0.9940555411105763,0.9998667060994434,0.9999997076521825
756,Corbicula striatella,,Bivalvia,Veneroida,Corbiculidae,Mollusca,False,False,sparse_5_19,Limited (5-19 protective contexts),5,5,0,0,1,False,9.698258408705745e-14,0.9999999999961715,1.3238436608831172e-05,,extended_r1_greedy_order,,Limited direct protective support; interpret the rank with the reported uncertainty.,0.9940687795471851,0.9998670941034048,0.9999997087389122
757,Osteopilus septentrionalis,,Amphibia,Anura,Hylidae,Chordata,False,False,very_sparse_1_4,Very limited (1-4 protective contexts),3,2,1,23,1,False,9.446520065851883e-14,0.999999999996266,9.66255489220913e-06,,extended_r1_greedy_order,,Very limited direct protective support; confirmatory testing is a high priority.,0.9940784421020773,0.9998673962417224,0.9999997097017495
758,Sclerophrys maculata,,Amphibia,Anura,Bufonidae,Chordata,False,False,very_sparse_1_4,Very limited (1-4 protective contexts),2,2,0,0,1,False,9.21237634067813e-14,0.9999999999963581,9.85138122566731e-06,,extended_r1_greedy_order,,Very limited direct protective support; confirmatory testing is a high priority.,0.994088293483303,0.9998677000228053,0.9999997106300538
759,Simulium verecundum,,Insecta,Diptera,Simuliidae,Arthropoda,False,False,very_sparse_1_4,Very limited (1-4 protective contexts),2,2,0,0,1,False,8.983264849619546e-14,0.9999999999964478,1.1206314635248127e-05,,extended_r1_greedy_order,,Very limited direct protective support; confirmatory testing is a high priority.,0.9940994997979382,0.9998680902852009,0.9999997120431622
760,Corisella decolor,,Insecta,Heteroptera,Corixidae,Arthropoda,False,False,very_sparse_1_4,Very limited (1-4 protective contexts),1,1,0,2,1,False,8.758678924866013e-14,0.9999999999965357,9.888002510782812e-06,,extended_r1_greedy_order,,Very limited direct protective support; confirmatory testing is a high priority.,0.994109387800449,0.9998684038561503,0.9999997130768231
761,Macrothrix sp.,,Branchiopoda,Diplostraca,Macrothricidae,Arthropoda,False,False,very_sparse_1_4,Very limited (1-4 protective contexts),1,1,0,0,2,False,8.542043346205104e-14,0.9999999999966211,8.060493940309499e-06,,extended_r1_greedy_order,,Very limited direct protective support; confirmatory testing is a high priority.,0.9941174482943893,0.9998686746976858,0.9999997140501251
762,Lepomis sp.,,Actinopterygii,Perciformes,Centrarchidae,Chordata,False,False,very_sparse_1_4,Very limited (1-4 protective contexts),2,2,0,0,1,False,8.328372701241306e-14,0.9999999999967042,1.0260451223764733e-05,,extended_r1_greedy_order,,Very limited direct protective support; confirmatory testing is a high priority.,0.9941277087456131,0.9998689874246035,0.9999997150233637
763,Stenacron interpunctatum,,Insecta,Ephemeroptera,Heptageniidae,Arthropoda,False,False,very_sparse_1_4,Very limited (1-4 protective contexts),3,3,0,32,1,False,8.121271454780584e-14,0.9999999999967856,1.0003727729857026e-05,,extended_r1_greedy_order,,Very limited direct protective support; confirmatory testing is a high priority.,0.9941377124733429,0.9998693112289267,0.9999997161135781
764,Tricorythus sp.,,Insecta,Ephemeroptera,Tricorythidae,Arthropoda,False,False,sparse_5_19,Limited (5-19 protective contexts),5,2,0,0,1,False,7.919441045942245e-14,0.9999999999968647,9.2940206820602e-06,,extended_r1_greedy_order,,Limited direct protective support; interpret the rank with the reported uncertainty.,0.994147006494025,0.9998696078948008,0.999999717108356
765,Cryophila lapponica,,Insecta,Diptera,Chaoboridae,Arthropoda,False,False,very_sparse_1_4,Very limited (1-4 protective contexts),1,1,0,0,2,False,7.723887138954795e-14,0.9999999999969418,9.582306382371897e-06,,extended_r1_greedy_order,,Very limited direct protective support; confirmatory testing is a high priority.,0.9941565888004074,0.9998699356233383,0.999999718297193
766,Richardsonius balteatus,,Actinopterygii,Cypriniformes,Cyprinidae,Chordata,False,False,very_sparse_1_4,Very limited (1-4 protective contexts),1,1,0,3,1,False,7.532862624309827e-14,0.999999999997017,8.851996357250869e-06,,extended_r1_greedy_order,,Very limited direct protective support; confirmatory testing is a high priority.,0.9941654407967646,0.9998702066936523,0.999999719150151
767,Limnephilus bipunctatus,,Insecta,Trichoptera,Limnephilidae,Arthropoda,False,False,very_sparse_1_4,Very limited (1-4 protective contexts),1,1,0,0,1,False,7.346642808761127e-14,0.9999999999970908,9.635186691725472e-06,,extended_r1_greedy_order,,Very limited direct protective support; confirmatory testing is a high priority.,0.9941750759834563,0.9998705352285561,0.999999720318471
768,Maccaffertium vicarium,,Insecta,Ephemeroptera,Heptageniidae,Arthropoda,False,False,very_sparse_1_4,Very limited (1-4 protective contexts),1,1,0,18,1,False,7.163934535269049e-14,0.9999999999971623,9.942519191175059e-06,,extended_r1_greedy_order,,Very limited direct protective support; confirmatory testing is a high priority.,0.9941850185026475,0.9998708567599274,0.9999997214007267
769,Neocaridina heteropoda,,Malacostraca,Decapoda,Atyidae,Arthropoda,False,False,very_sparse_1_4,Very limited (1-4 protective contexts),1,1,0,0,1,False,6.985756300794366e-14,0.9999999999972321,1.1229897998732419e-05,,extended_r1_greedy_order,,Very limited direct protective support; confirmatory testing is a high priority.,0.9941962484006462,0.9998712361517934,0.999999722680876
770,Macrothrix flabelligera,,Branchiopoda,Diplostraca,Macrothricidae,Arthropoda,False,False,very_sparse_1_4,Very limited (1-4 protective contexts),1,1,0,0,1,False,6.812720281693334e-14,0.9999999999973004,7.826933345111975e-06,,extended_r1_greedy_order,,Very limited direct protective support; confirmatory testing is a high priority.,0.9942040753339914,0.9998714965394305,0.999999723605005
771,Opsopoeodus emiliae,,Actinopterygii,Cypriniformes,Cyprinidae,Chordata,False,False,very_sparse_1_4,Very limited (1-4 protective contexts),1,1,0,11,1,False,6.644315691354043e-14,0.9999999999973668,8.7215670108165e-06,,extended_r1_greedy_order,,Very limited direct protective support; confirmatory testing is a high priority.,0.9942127969010022,0.9998717628378525,0.9999997244390211
772,Fusconaia flava,,Bivalvia,Unionoida,Unionidae,Mollusca,False,False,very_sparse_1_4,Very limited (1-4 protective contexts),1,1,0,18,1,False,6.48013605161963e-14,0.9999999999974316,1.0168785944619785e-05,,extended_r1_greedy_order,,Very limited direct protective support; confirmatory testing is a high priority.,0.9942229656869468,0.9998720870961613,0.9999997255014779
773,Anisops bouvieri,,Insecta,Heteroptera,Notonectidae,Arthropoda,False,False,very_sparse_1_4,Very limited (1-4 protective contexts),2,2,1,0,1,False,6.3190206540427e-14,0.9999999999974947,9.484401879422677e-06,,extended_r1_greedy_order,,Very limited direct protective support; confirmatory testing is a high priority.,0.9942324500888262,0.9998724214411562,0.9999997267469504
774,Simulium pugetense,,Insecta,Diptera,Simuliidae,Arthropoda,False,False,very_sparse_1_4,Very limited (1-4 protective contexts),2,1,0,0,1,False,6.162396290245478e-14,0.9999999999975563,1.064098971981231e-05,,extended_r1_greedy_order,,Very limited direct protective support; confirmatory testing is a high priority.,0.994243091078546,0.9998727864241431,0.9999997280427075
775,Maccaffertium sp.,,Insecta,Ephemeroptera,Heptageniidae,Arthropoda,False,False,very_sparse_1_4,Very limited (1-4 protective contexts),1,1,0,0,1,False,6.009766625203661e-14,0.9999999999976165,9.677326032853095e-06,,extended_r1_greedy_order,,Very limited direct protective support; confirmatory testing is a high priority.,0.9942527684045789,0.9998730987568155,0.9999997290910783
776,Hypophthalmichthys molitrix,,Actinopterygii,Cypriniformes,Cyprinidae,Chordata,False,False,sparse_5_19,Limited (5-19 protective contexts),15,12,1,1,1,False,5.859730939804336e-14,0.9999999999976751,1.0481064386724803e-05,,extended_r1_greedy_order,,Limited direct protective support; interpret the rank with the reported uncertainty.,0.9942632494689656,0.9998734113783811,0.9999997300562724
777,Gambusia affinis,,Actinopterygii,Cyprinodontiformes,Poeciliidae,Chordata,False,False,strong_50_plus,Strong (50+ protective contexts),182,126,21,8,3,False,5.713928762797723e-14,0.9999999999977323,1.1317835651669661e-05,,extended_r1_greedy_order,,,0.9942745673046173,0.9998737193681243,0.9999997308366592
778,Tipula sp.,,Insecta,Diptera,Tipulidae,Arthropoda,False,False,sparse_5_19,Limited (5-19 protective contexts),7,5,1,0,1,False,5.570523418612498e-14,0.999999999997788,9.002248844147687e-06,,extended_r1_greedy_order,,Limited direct protective support; interpret the rank with the reported uncertainty.,0.9942835695534614,0.9998740044128934,0.9999997317817353
779,Gibelion catla,,Actinopterygii,Cypriniformes,Cyprinidae,Chordata,False,False,moderate_20_49,Moderate (20-49 protective contexts),35,24,3,0,2,False,5.4330142132349277e-14,0.9999999999978424,8.497782478689153e-06,,extended_r1_greedy_order,,,0.9942920673359401,0.9998742219196256,0.9999997322926439
780,Limnephilus lunatus,,Insecta,Trichoptera,Limnephilidae,Arthropoda,False,False,very_sparse_1_4,Very limited (1-4 protective contexts),4,3,0,0,1,False,5.2980462780310906e-14,0.9999999999978954,9.252816028038069e-06,,extended_r1_greedy_order,,Very limited direct protective support; confirmatory testing is a high priority.,0.9943013201519681,0.9998745362081389,0.9999997334050843
781,Puntigrus tetrazona,,Actinopterygii,Cypriniformes,Cyprinidae,Chordata,False,False,very_sparse_1_4,Very limited (1-4 protective contexts),3,1,0,1,1,False,5.167123356964369e-14,0.999999999997947,8.477536086792803e-06,,extended_r1_greedy_order,,Very limited direct protective support; confirmatory testing is a high priority.,0.9943097976880549,0.9998747926167155,0.9999997342018412
782,Labeo niloticus,,Actinopterygii,Cypriniformes,Cyprinidae,Chordata,False,False,very_sparse_1_4,Very limited (1-4 protective contexts),1,1,0,0,1,False,5.039815662019951e-14,0.9999999999979973,8.792310309702067e-06,,extended_r1_greedy_order,,Very limited direct protective support; confirmatory testing is a high priority.,0.9943185899983646,0.9998750451567152,0.9999997349007149
783,Hydatophylax argus,,Insecta,Trichoptera,Limnephilidae,Arthropoda,False,False,very_sparse_1_4,Very limited (1-4 protective contexts),1,1,1,21,1,False,4.914251010717627e-14,0.9999999999980463,8.926879737525262e-06,,extended_r1_greedy_order,,Very limited direct protective support; confirmatory testing is a high priority.,0.9943275168781022,0.9998753390275851,0.9999997358999219
784,Acrocheilus alutaceus,,Actinopterygii,Cypriniformes,Cyprinidae,Chordata,False,False,very_sparse_1_4,Very limited (1-4 protective contexts),1,1,0,3,1,False,4.7932267660168194e-14,0.9999999999980944,8.360318449196491e-06,,extended_r1_greedy_order,,Very limited direct protective support; confirmatory testing is a high priority.,0.9943358771965514,0.9998755926971054,0.999999736687048
785,Rhamdia quelen,,Actinopterygii,Siluriformes,Heptapteridae,Chordata,False,False,moderate_20_49,Moderate (20-49 protective contexts),20,10,3,1,2,False,4.674976234236184e-14,0.9999999999981412,1.2048435416467385e-05,,extended_r1_greedy_order,,,0.9943479256319678,0.9998759617245109,0.9999997377825278
786,Anopheles sinensis,,Insecta,Diptera,Culicidae,Arthropoda,False,False,sparse_5_19,Limited (5-19 protective contexts),11,11,0,0,1,False,4.5596645005321455e-14,0.9999999999981869,8.42091296027192e-06,,extended_r1_greedy_order,,Limited direct protective support; interpret the rank with the reported uncertainty.,0.9943563465449281,0.9998762225771552,0.9999997385982176
787,Pycnopsyche lepida,,Insecta,Trichoptera,Limnephilidae,Arthropoda,False,False,very_sparse_1_4,Very limited (1-4 protective contexts),2,1,0,2,1,False,4.447572936813859e-14,0.9999999999982314,8.832547036985439e-06,,extended_r1_greedy_order,,Very limited direct protective support; confirmatory testing is a high priority.,0.9943651790919651,0.9998765097213995,0.9999997395641722
788,Percina caprodes,,Actinopterygii,Perciformes,Percidae,Chordata,False,False,very_sparse_1_4,Very limited (1-4 protective contexts),1,1,0,21,1,False,4.337177463686966e-14,0.9999999999982748,1.0092839082931349e-05,,extended_r1_greedy_order,,Very limited direct protective support; confirmatory testing is a high priority.,0.994375271931048,0.9998768210782432,0.9999997405416383
789,Medionidus conradicus,,Bivalvia,Unionoida,Unionidae,Mollusca,False,False,very_sparse_1_4,Very limited (1-4 protective contexts),4,2,0,3,1,False,4.2299415194788897e-14,0.9999999999983169,9.679475529988935e-06,,extended_r1_greedy_order,,Very limited direct protective support; confirmatory testing is a high priority.,0.994384951406578,0.9998771346147002,0.9999997415904331
790,Hydroperla crosbyi,,Insecta,Plecoptera,Perlodidae,Arthropoda,False,False,very_sparse_1_4,Very limited (1-4 protective contexts),1,1,2,2,1,False,4.124546440506502e-14,0.9999999999983582,8.721700366143281e-06,,extended_r1_greedy_order,,Very limited direct protective support; confirmatory testing is a high priority.,0.9943936731069442,0.9998774241059447,0.9999997425793566
791,Rhithrogena semicolorata,,Insecta,Ephemeroptera,Heptageniidae,Arthropoda,False,False,very_sparse_1_4,Very limited (1-4 protective contexts),1,1,0,0,1,False,4.0218894977348504e-14,0.9999999999983985,9.212206499742415e-06,,extended_r1_greedy_order,,Very limited direct protective support; confirmatory testing is a high priority.,0.9944028853134439,0.9998777126055112,0.999999743494531
792,Philarctus quaeris,,Insecta,Trichoptera,Limnephilidae,Arthropoda,False,False,very_sparse_1_4,Very limited (1-4 protective contexts),1,1,0,0,1,False,3.923074926554232e-14,0.9999999999984376,8.688474403606428e-06,,extended_r1_greedy_order,,Very limited direct protective support; confirmatory testing is a high priority.,0.9944115737878475,0.9998779967714893,0.9999997444513403
793,Dasycorixa hybrida,,Insecta,Heteroptera,Corixidae,Arthropoda,False,False,very_sparse_1_4,Very limited (1-4 protective contexts),1,1,0,0,1,False,3.826124207496132e-14,0.9999999999984757,8.966400153131993e-06,,extended_r1_greedy_order,,Very limited direct protective support; confirmatory testing is a high priority.,0.9944205401880006,0.9998782765723665,0.9999997453501487
794,Caecidotea bicrenata,,Malacostraca,Isopoda,Asellidae,Arthropoda,False,False,very_sparse_1_4,Very limited (1-4 protective contexts),2,2,0,3,1,False,3.7314427767362816e-14,0.9999999999985132,1.0314681674894466e-05,,extended_r1_greedy_order,,Very limited direct protective support; confirmatory testing is a high priority.,0.9944308548696755,0.9998785927353516,0.9999997463030772
795,Ephoron virgo,,Insecta,Ephemeroptera,Polymitarcyidae,Arthropoda,False,False,sparse_5_19,Limited (5-19 protective contexts),6,2,0,0,1,False,3.639807918380289e-14,0.9999999999985495,8.454417245618018e-06,,extended_r1_greedy_order,,Limited direct protective support; interpret the rank with the reported uncertainty.,0.9944393092869211,0.9998788899224628,0.9999997473942746
796,Nuria danrica,,Actinopterygii,Cypriniformes,Cyprinidae,Chordata,False,False,very_sparse_1_4,Very limited (1-4 protective contexts),1,1,0,0,1,False,3.550496363232788e-14,0.9999999999985849,8.054444001204253e-06,,extended_r1_greedy_order,,Very limited direct protective support; confirmatory testing is a high priority.,0.9944473637309224,0.9998791332191185,0.9999997481486816
797,Margariscus margarita,,Actinopterygii,Cypriniformes,Cyprinidae,Chordata,False,False,very_sparse_1_4,Very limited (1-4 protective contexts),1,1,0,6,1,False,3.463278753650452e-14,0.9999999999986197,8.034707673520991e-06,,extended_r1_greedy_order,,Very limited direct protective support; confirmatory testing is a high priority.,0.9944553984385959,0.9998793744230311,0.9999997488855412
798,Simulium argus,,Insecta,Diptera,Simuliidae,Arthropoda,False,False,very_sparse_1_4,Very limited (1-4 protective contexts),2,2,0,1,1,False,3.377408047580178e-14,0.9999999999986534,9.80623760071797e-06,,extended_r1_greedy_order,,Very limited direct protective support; confirmatory testing is a high priority.,0.9944652046761966,0.9998797060659934,0.9999997500409414
799,Megarasbora elanga,,Actinopterygii,Cypriniformes,Cyprinidae,Chordata,False,False,very_sparse_1_4,Very limited (1-4 protective contexts),1,1,0,0,1,False,3.293828620888406e-14,0.9999999999986863,7.978763444493886e-06,,extended_r1_greedy_order,,Very limited direct protective support; confirmatory testing is a high priority.,0.9944731834396411,0.9998799450785657,0.999999750769
800,Pycnopsyche sp.,,Insecta,Trichoptera,Limnephilidae,Arthropoda,False,False,sparse_5_19,Limited (5-19 protective contexts),6,5,0,0,1,False,3.2117237803038804e-14,0.9999999999987185,8.537067729186276e-06,,extended_r1_greedy_order,,Limited direct protective support; interpret the rank with the reported uncertainty.,0.9944817205073703,0.9998802267088487,0.999999751734646
801,Anodonta cygnea,,Bivalvia,Unionoida,Unionidae,Mollusca,False,False,sparse_5_19,Limited (5-19 protective contexts),14,10,19,0,2,False,3.132836053717937e-14,0.9999999999987498,1.0296637248941032e-05,,extended_r1_greedy_order,,Limited direct protective support; interpret the rank with the reported uncertainty.,0.9944920171446192,0.9998805296802735,0.9999997525916616
802,Pycnopsyche guttifera,,Insecta,Trichoptera,Limnephilidae,Arthropoda,False,False,very_sparse_1_4,Very limited (1-4 protective contexts),3,2,1,5,1,False,3.0546083115551246e-14,0.9999999999987802,8.420559889366075e-06,,extended_r1_greedy_order,,Very limited direct protective support; confirmatory testing is a high priority.,0.9945004377045086,0.9998808000285316,0.9999997534847113
803,Hesperophylax sp.,,Insecta,Trichoptera,Limnephilidae,Arthropoda,False,False,very_sparse_1_4,Very limited (1-4 protective contexts),1,1,0,0,1,False,2.9780006789096856e-14,0.9999999999988101,8.381348280961376e-06,,extended_r1_greedy_order,,Very limited direct protective support; confirmatory testing is a high priority.,0.9945088190527895,0.9998810716714277,0.9999997543864533
804,Paracheirodon axelrodi,,Actinopterygii,Characiformes,Characidae,Chordata,False,False,sparse_5_19,Limited (5-19 protective contexts),10,8,0,0,1,False,2.904931783742937e-14,0.9999999999988392,1.0152258839823958e-05,,extended_r1_greedy_order,,Limited direct protective support; interpret the rank with the reported uncertainty.,0.9945189713116294,0.9998813816413495,0.9999997553205404
805,Trichocorixa reticulata,,Insecta,Heteroptera,Corixidae,Arthropoda,False,False,very_sparse_1_4,Very limited (1-4 protective contexts),1,1,0,3,1,False,2.8336854882257506e-14,0.9999999999988675,8.699804331269156e-06,,extended_r1_greedy_order,,Very limited direct protective support; confirmatory testing is a high priority.,0.9945276711159606,0.9998816491523534,0.9999997561630054
806,Ephemera danica,,Insecta,Ephemeroptera,Ephemeridae,Arthropoda,False,False,very_sparse_1_4,Very limited (1-4 protective contexts),1,1,0,0,1,False,2.7634510579866534e-14,0.9999999999988952,8.589551082183178e-06,,extended_r1_greedy_order,,Very limited direct protective support; confirmatory testing is a high priority.,0.9945362606670428,0.999881915325906,0.9999997570172541
807,Ephemera simulans,,Insecta,Ephemeroptera,Ephemeridae,Arthropoda,False,False,very_sparse_1_4,Very limited (1-4 protective contexts),2,1,0,4,1,False,2.695801833258186e-14,0.9999999999989221,8.568737902558965e-06,,extended_r1_greedy_order,,Very limited direct protective support; confirmatory testing is a high priority.,0.9945448294049454,0.999882180835313,0.9999997578694919
808,Ephemera orientalis,,Insecta,Ephemeroptera,Ephemeridae,Arthropoda,False,False,very_sparse_1_4,Very limited (1-4 protective contexts),1,1,0,0,1,False,2.629686946460182e-14,0.9999999999989483,8.546434865919217e-06,,extended_r1_greedy_order,,Very limited direct protective support; confirmatory testing is a high priority.,0.9945533758398113,0.9998824454818724,0.9999997587181382
809,Simulium medusaeforme,,Insecta,Diptera,Simuliidae,Arthropoda,False,False,sparse_5_19,Limited (5-19 protective contexts),7,7,0,0,1,False,2.5650607110987303e-14,0.9999999999989739,9.740631352506135e-06,,extended_r1_greedy_order,,Limited direct protective support; interpret the rank with the reported uncertainty.,0.9945631164711638,0.9998827727593167,0.999999759859362
810,Lepomis microlophus,,Actinopterygii,Perciformes,Centrarchidae,Chordata,False,False,moderate_20_49,Moderate (20-49 protective contexts),20,16,0,7,1,False,2.50168160998876e-14,0.999999999998999,9.32422577504255e-06,,extended_r1_greedy_order,,,0.9945724406969388,0.9998830451278495,0.9999997606504247
811,Ptychocheilus oregonensis,,Actinopterygii,Cypriniformes,Cyprinidae,Chordata,False,False,strong_50_plus,Strong (50+ protective contexts),86,76,156,4,2,False,2.4396508987176075e-14,0.9999999999990234,9.565917795217871e-06,,extended_r1_greedy_order,,,0.9945820066147341,0.9998833063400722,0.9999997613100586
812,Labeo calbasu,,Actinopterygii,Cypriniformes,Cyprinidae,Chordata,False,False,very_sparse_1_4,Very limited (1-4 protective contexts),2,1,0,0,1,False,2.3796917299444708e-14,0.9999999999990472,7.991607205659612e-06,,extended_r1_greedy_order,,Very limited direct protective support; confirmatory testing is a high priority.,0.9945899982219397,0.9998835324125005,0.9999997619232108
813,Labeo bata,,Actinopterygii,Cypriniformes,Cyprinidae,Chordata,False,False,very_sparse_1_4,Very limited (1-4 protective contexts),2,1,0,0,1,False,2.3214738366804807e-14,0.9999999999990705,7.971867655776066e-06,,extended_r1_greedy_order,,Very limited direct protective support; confirmatory testing is a high priority.,0.9945979700895955,0.9998837578205235,0.9999997625342122
814,Tumeodiaptomus diabolicus,,Maxillopoda,Calanoida,Diaptomidae,Arthropoda,False,False,very_sparse_1_4,Very limited (1-4 protective contexts),1,1,0,0,1,False,2.2645767164901463e-14,0.999999999999093,1.0832293477203159e-05,,extended_r1_greedy_order,,Very limited direct protective support; confirmatory testing is a high priority.,0.9946088023830727,0.9998841080749064,0.999999763661823
815,Leiopotherapon unicolor,,Actinopterygii,Perciformes,Percidae,Chordata,False,False,very_sparse_1_4,Very limited (1-4 protective contexts),1,1,3,0,1,False,2.208903160079285e-14,0.9999999999991152,9.336423218098133e-06,,extended_r1_greedy_order,,Very limited direct protective support; confirmatory testing is a high priority.,0.9946181388062908,0.9998843921071334,0.9999997645325935
816,Orconectes neglectus,,Malacostraca,Decapoda,Cambaridae,Arthropoda,False,False,very_sparse_1_4,Very limited (1-4 protective contexts),1,1,0,10,1,False,2.154446208736637e-14,0.9999999999991367,1.0315354266099419e-05,,extended_r1_greedy_order,,Very limited direct protective support; confirmatory testing is a high priority.,0.9946284541605569,0.9998846971278191,0.9999997653672507
817,Sigara alternata,,Insecta,Heteroptera,Corixidae,Arthropoda,False,False,very_sparse_1_4,Very limited (1-4 protective contexts),4,3,0,4,1,False,2.1012743554216623e-14,0.9999999999991579,8.703685250632809e-06,,extended_r1_greedy_order,,Very limited direct protective support; confirmatory testing is a high priority.,0.9946371578458075,0.9998849589844628,0.9999997661548119
818,Echinisca triserialis,,Branchiopoda,Diplostraca,Macrothricidae,Arthropoda,False,False,very_sparse_1_4,Very limited (1-4 protective contexts),2,1,0,0,1,False,2.049647836332915e-14,0.9999999999991783,6.9578880262932685e-06,,extended_r1_greedy_order,,Very limited direct protective support; confirmatory testing is a high priority.,0.9946441157338338,0.9998851834540539,0.999999766921715
819,Calineuria californica,,Insecta,Plecoptera,Perlidae,Arthropoda,False,False,sparse_5_19,Limited (5-19 protective contexts),5,2,1,5,1,False,1.999266168578006e-14,0.9999999999991983,8.378825971822046e-06,,extended_r1_greedy_order,,Limited direct protective support; interpret the rank with the reported uncertainty.,0.9946524945598056,0.9998854782426904,0.9999997679806997
820,Skwala sp.,,Insecta,Plecoptera,Perlodidae,Arthropoda,False,False,very_sparse_1_4,Very limited (1-4 protective contexts),2,2,0,0,1,False,1.9502711231691477e-14,0.9999999999992177,8.001491833886654e-06,,extended_r1_greedy_order,,Very limited direct protective support; confirmatory testing is a high priority.,0.9946604960516395,0.9998857399983895,0.9999997688546229
821,Isogenoides sp.,,Insecta,Plecoptera,Perlodidae,Arthropoda,False,False,very_sparse_1_4,Very limited (1-4 protective contexts),1,1,0,0,1,False,1.9021709278828547e-14,0.9999999999992367,7.906669742152594e-06,,extended_r1_greedy_order,,Very limited direct protective support; confirmatory testing is a high priority.,0.9946684027213817,0.9998859962973601,0.9999997696997394
822,Tribolodon hakonensis,,Actinopterygii,Cypriniformes,Cyprinidae,Chordata,False,False,very_sparse_1_4,Very limited (1-4 protective contexts),4,4,0,0,1,False,1.8557225071486272e-14,0.9999999999992553,7.387592211194338e-06,,extended_r1_greedy_order,,Very limited direct protective support; confirmatory testing is a high priority.,0.9946757903135929,0.9998862187279667,0.9999997703850472
823,Garra mullya,,Actinopterygii,Cypriniformes,Cyprinidae,Chordata,False,False,very_sparse_1_4,Very limited (1-4 protective contexts),2,2,3,0,1,False,1.810560670118577e-14,0.9999999999992735,7.530293645641173e-06,,extended_r1_greedy_order,,Very limited direct protective support; confirmatory testing is a high priority.,0.9946833206072385,0.9998864410625335,0.9999997710468546
824,Limnephilus sp.,,Insecta,Trichoptera,Limnephilidae,Arthropoda,False,False,sparse_5_19,Limited (5-19 protective contexts),5,5,0,0,1,False,1.7661336662981414e-14,0.9999999999992911,8.408064270604143e-06,,extended_r1_greedy_order,,Limited direct protective support; interpret the rank with the reported uncertainty.,0.9946917286715091,0.9998867178223987,0.9999997719749864
825,Fusconaia masoni,,Bivalvia,Unionoida,Unionidae,Mollusca,False,False,very_sparse_1_4,Very limited (1-4 protective contexts),3,3,0,0,1,False,1.7227626528825505e-14,0.9999999999993086,8.713764537593427e-06,,extended_r1_greedy_order,,Very limited direct protective support; confirmatory testing is a high priority.,0.9947004424360467,0.9998869881825342,0.999999772826704
826,Coregonus muksun,,Actinopterygii,Salmoniformes,Salmonidae,Chordata,False,False,very_sparse_1_4,Very limited (1-4 protective contexts),2,2,0,0,1,False,1.680771071565017e-14,0.9999999999993253,7.625043996206671e-06,,extended_r1_greedy_order,,Very limited direct protective support; confirmatory testing is a high priority.,0.9947080674800429,0.9998872258323203,0.9999997735945658
827,Arcynopteryx sp.,,Insecta,Plecoptera,Perlodidae,Arthropoda,False,False,very_sparse_1_4,Very limited (1-4 protective contexts),1,1,0,0,1,False,1.6398085700534477e-14,0.9999999999993416,7.78556537339714e-06,,extended_r1_greedy_order,,Very limited direct protective support; confirmatory testing is a high priority.,0.9947158530454163,0.9998874772808154,0.9999997744186306
828,Simulium squamosum,,Insecta,Diptera,Simuliidae,Arthropoda,False,False,very_sparse_1_4,Very limited (1-4 protective contexts),2,1,0,0,1,False,1.5995879158734776e-14,0.9999999999993576,9.223887206810666e-06,,extended_r1_greedy_order,,Very limited direct protective support; confirmatory testing is a high priority.,0.9947250769326231,0.9998877845767423,0.9999997754630735
829,Acantholeberis curvirostris,,Branchiopoda,Diplostraca,Macrothricidae,Arthropoda,False,False,very_sparse_1_4,Very limited (1-4 protective contexts),2,2,0,3,1,False,1.5606813736728305e-14,0.9999999999993732,6.8525182590484235e-06,,extended_r1_greedy_order,,Very limited direct protective support; confirmatory testing is a high priority.,0.9947319294508822,0.9998880035836084,0.9999997761942574
830,Clioperla clio,,Insecta,Plecoptera,Perlodidae,Arthropoda,False,False,very_sparse_1_4,Very limited (1-4 protective contexts),1,1,0,10,1,False,1.52247052957446e-14,0.9999999999993885,7.722904780682605e-06,,extended_r1_greedy_order,,Very limited direct protective support; confirmatory testing is a high priority.,0.9947396523556629,0.9998882522307375,0.9999997770048065
831,Hypsiboas pulchellus,,Amphibia,Anura,Hylidae,Chordata,False,False,very_sparse_1_4,Very limited (1-4 protective contexts),2,2,0,0,2,False,1.4853558388781093e-14,0.9999999999994033,7.5696606776087805e-06,,extended_r1_greedy_order,,Very limited direct protective support; confirmatory testing is a high priority.,0.9947472220163405,0.9998884760252245,0.9999997776614913
832,Agosia chrysogaster,,Actinopterygii,Cypriniformes,Cyprinidae,Chordata,False,False,sparse_5_19,Limited (5-19 protective contexts),6,3,4,0,1,False,1.4478735279466975e-14,0.9999999999994177,7.167329178381365e-06,,extended_r1_greedy_order,,Limited direct protective support; interpret the rank with the reported uncertainty.,0.9947543893455189,0.9998886892019279,0.9999997783011539
833,Pyganodon grandis,,Bivalvia,Unionoida,Unionidae,Mollusca,False,False,very_sparse_1_4,Very limited (1-4 protective contexts),3,2,2,34,1,False,1.4125892189749227e-14,0.9999999999994317,8.805482985763113e-06,,extended_r1_greedy_order,,Very limited direct protective support; confirmatory testing is a high priority.,0.9947631948285046,0.9998889596870736,0.9999997791392238
834,Sander lucioperca,,Actinopterygii,Perciformes,Percidae,Chordata,False,False,moderate_20_49,Moderate (20-49 protective contexts),20,14,8,0,2,False,1.3778481326678991e-14,0.9999999999994456,9.86431001914756e-06,,extended_r1_greedy_order,,,0.9947730591385238,0.9998892560646623,0.9999997800092824
835,Lepomis gibbosus,,Actinopterygii,Perciformes,Centrarchidae,Chordata,False,False,sparse_5_19,Limited (5-19 protective contexts),8,8,3,14,4,False,1.3438438703954562e-14,0.9999999999994591,8.354946092081761e-06,,extended_r1_greedy_order,,Limited direct protective support; interpret the rank with the reported uncertainty.,0.9947814140846158,0.9998895004749541,0.9999997807212612
836,Skwala parallela,,Insecta,Plecoptera,Perlodidae,Arthropoda,False,False,very_sparse_1_4,Very limited (1-4 protective contexts),1,1,0,0,1,False,1.3111592991608559e-14,0.9999999999994722,7.562642119429697e-06,,extended_r1_greedy_order,,Very limited direct protective support; confirmatory testing is a high priority.,0.9947889767267353,0.9998897442384775,0.9999997815157002
837,Sigara striata,,Insecta,Heteroptera,Corixidae,Arthropoda,False,False,sparse_5_19,Limited (5-19 protective contexts),5,2,1,0,3,False,1.279308859612814e-14,0.9999999999994851,8.10591155497864e-06,,extended_r1_greedy_order,,Limited direct protective support; interpret the rank with the reported uncertainty.,0.9947970826382903,0.9998899835450005,0.9999997822164222
838,Stenacron sp.,,Insecta,Ephemeroptera,Heptageniidae,Arthropoda,False,False,very_sparse_1_4,Very limited (1-4 protective contexts),2,2,0,0,1,False,1.2482014834071164e-14,0.9999999999994974,8.021114394241025e-06,,extended_r1_greedy_order,,Very limited direct protective support; confirmatory testing is a high priority.,0.9948051037526845,0.9998902309290499,0.9999997829864213
839,Cinygmula reticulata,,Insecta,Ephemeroptera,Heptageniidae,Arthropoda,False,False,very_sparse_1_4,Very limited (1-4 protective contexts),2,1,0,1,1,False,1.2176891742140443e-14,0.9999999999995095,8.400115719897627e-06,,extended_r1_greedy_order,,Very limited direct protective support; confirmatory testing is a high priority.,0.9948135038684044,0.9998904916257512,0.9999997837998994
840,Hybognathus amarus,,Actinopterygii,Cypriniformes,Cyprinidae,Chordata,False,False,sparse_5_19,Limited (5-19 protective contexts),8,6,0,2,1,False,1.1873416575130465e-14,0.9999999999995216,6.980240470300103e-06,,extended_r1_greedy_order,,Limited direct protective support; interpret the rank with the reported uncertainty.,0.9948204841088747,0.9998906951723855,0.9999997843906733
841,Psychoglypha sp.,,Insecta,Trichoptera,Limnephilidae,Arthropoda,False,False,very_sparse_1_4,Very limited (1-4 protective contexts),4,2,0,0,1,False,1.158438680913462e-14,0.9999999999995332,7.468104783581175e-06,,extended_r1_greedy_order,,Very limited direct protective support; confirmatory testing is a high priority.,0.9948279522136583,0.9998909349071528,0.9999997851691268
842,Jappa kutera,,Insecta,Ephemeroptera,Leptophlebiidae,Arthropoda,False,False,sparse_5_19,Limited (5-19 protective contexts),6,4,0,0,1,False,1.1302584112445205e-14,0.9999999999995443,8.19614548297487e-06,,extended_r1_greedy_order,,Limited direct protective support; interpret the rank with the reported uncertainty.,0.9948361483591412,0.999891203919595,0.9999997861059648
843,Tropisternus lateralis,,Insecta,Coleoptera,Hydrophilidae,Arthropoda,False,False,sparse_5_19,Limited (5-19 protective contexts),8,5,0,45,2,False,1.102857192365107e-14,0.9999999999995554,7.4171456516669565e-06,,extended_r1_greedy_order,,Limited direct protective support; interpret the rank with the reported uncertainty.,0.9948435655047929,0.9998914308061022,0.9999997868065912
844,Serratella micheneri,,Insecta,Ephemeroptera,Ephemerellidae,Arthropoda,False,False,very_sparse_1_4,Very limited (1-4 protective contexts),1,1,1,1,1,False,1.075817663869264e-14,0.9999999999995661,7.497185011584584e-06,,extended_r1_greedy_order,,Very limited direct protective support; confirmatory testing is a high priority.,0.9948510626898045,0.9998916675759092,0.9999997875577294
845,Cyprinodon macularius,,Actinopterygii,Cyprinodontiformes,Cyprinodontidae,Chordata,False,False,sparse_5_19,Limited (5-19 protective contexts),5,5,0,0,1,False,1.049471322650819e-14,0.9999999999995767,8.564458710447198e-06,,extended_r1_greedy_order,,Limited direct protective support; interpret the rank with the reported uncertainty.,0.994859627148515,0.9998919218031029,0.9999997883198015
846,Hemibarbus mylodon,,Actinopterygii,Cypriniformes,Cyprinidae,Chordata,False,False,very_sparse_1_4,Very limited (1-4 protective contexts),3,2,0,0,1,False,1.0239045996049202e-14,0.999999999999587,6.860614249037944e-06,,extended_r1_greedy_order,,Very limited direct protective support; confirmatory testing is a high priority.,0.994866487762764,0.999892125984222,0.9999997889346186
847,Misgurnus anguillicaudatus,,Actinopterygii,Cypriniformes,Cobitidae,Chordata,False,False,moderate_20_49,Moderate (20-49 protective contexts),42,36,0,0,2,False,9.988806719370502e-15,0.9999999999995968,1.0530925833029947e-05,,extended_r1_greedy_order,,,0.994877018688597,0.9998924193537907,0.9999997896719504
848,Cinygma sp.,,Insecta,Ephemeroptera,Heptageniidae,Arthropoda,False,False,sparse_5_19,Limited (5-19 protective contexts),5,2,0,0,1,False,9.745740099322305e-15,0.9999999999996065,7.785797714321419e-06,,extended_r1_greedy_order,,Limited direct protective support; interpret the rank with the reported uncertainty.,0.9948848044863113,0.9998926693141456,0.9999997905017569
849,Litoria aurea,,Amphibia,Anura,Hylidae,Chordata,False,False,very_sparse_1_4,Very limited (1-4 protective contexts),1,1,0,0,1,False,9.508072291272018e-15,0.9999999999996162,7.453247349520353e-06,,extended_r1_greedy_order,,Very limited direct protective support; confirmatory testing is a high priority.,0.9948922577336609,0.9998928935769131,0.99999979117363
850,Alasmidonta raveneliana,,Bivalvia,Unionoida,Unionidae,Mollusca,False,False,very_sparse_1_4,Very limited (1-4 protective contexts),1,1,0,1,1,False,9.27519456415857e-15,0.9999999999996254,8.118065314643985e-06,,extended_r1_greedy_order,,Very limited direct protective support; confirmatory testing is a high priority.,0.9949003757989755,0.9998931368819688,0.9999997918973841
851,Rhyacophila dorsalis,,Insecta,Trichoptera,Rhyacophilidae,Arthropoda,False,False,sparse_5_19,Limited (5-19 protective contexts),6,6,0,0,1,False,9.048493346755915e-15,0.9999999999996344,7.165326555647056e-06,,extended_r1_greedy_order,,Limited direct protective support; interpret the rank with the reported uncertainty.,0.9949075411255311,0.9998933530369704,0.9999997925596098
852,Labeo fimbriatus,,Actinopterygii,Cypriniformes,Cyprinidae,Chordata,False,False,very_sparse_1_4,Very limited (1-4 protective contexts),3,3,0,0,1,False,8.827588686080547e-15,0.9999999999996433,7.072945031438849e-06,,extended_r1_greedy_order,,Very limited direct protective support; confirmatory testing is a high priority.,0.9949146140705626,0.9998935478415699,0.9999997930664165
853,Orconectes limosus,,Malacostraca,Decapoda,Cambaridae,Arthropoda,False,False,moderate_20_49,Moderate (20-49 protective contexts),24,16,0,12,1,False,8.613362369919937e-15,0.999999999999652,9.343269704586987e-06,,extended_r1_greedy_order,,,0.9949239573402672,0.9998938071918299,0.9999997936999334
854,Rhinichthys atratulus,,Actinopterygii,Cypriniformes,Cyprinidae,Chordata,False,False,sparse_5_19,Limited (5-19 protective contexts),5,4,3,17,1,False,8.404897313124035e-15,0.9999999999996604,6.716243572957303e-06,,extended_r1_greedy_order,,Limited direct protective support; interpret the rank with the reported uncertainty.,0.9949306735838401,0.9998940045516691,0.9999997942852967
855,Attaneuria ruralis,,Insecta,Plecoptera,Perlidae,Arthropoda,False,False,very_sparse_1_4,Very limited (1-4 protective contexts),1,1,0,1,1,False,8.201295108003206e-15,0.9999999999996685,7.556164838717905e-06,,extended_r1_greedy_order,,Very limited direct protective support; confirmatory testing is a high priority.,0.9949382297486788,0.9998942634770255,0.9999997951797235
856,Dinocras cephalotes,,Insecta,Plecoptera,Perlidae,Arthropoda,False,False,very_sparse_1_4,Very limited (1-4 protective contexts),1,1,0,0,1,False,8.001956797344985e-15,0.9999999999996765,7.536156428011864e-06,,extended_r1_greedy_order,,Very limited direct protective support; confirmatory testing is a high priority.,0.9949457659051069,0.9998945209082604,0.9999997960590383
857,Physella hendersoni,,Gastropoda,Basommatophora,Physidae,Mollusca,False,False,very_sparse_1_4,Very limited (1-4 protective contexts),1,1,0,0,1,False,7.807720730735096e-15,0.9999999999996844,9.096477764147792e-06,,extended_r1_greedy_order,,Very limited direct protective support; confirmatory testing is a high priority.,0.994954862382871,0.9998947688603593,0.9999997966623293
858,Simulium damnosum,,Insecta,Diptera,Simuliidae,Arthropoda,False,False,very_sparse_1_4,Very limited (1-4 protective contexts),4,3,0,0,1,False,7.614459920966729e-15,0.9999999999996919,8.258128383453744e-06,,extended_r1_greedy_order,,Very limited direct protective support; confirmatory testing is a high priority.,0.9949631205112545,0.9998950356751192,0.9999997975252917
859,Litoria citropa,,Amphibia,Anura,Hylidae,Chordata,False,False,very_sparse_1_4,Very limited (1-4 protective contexts),1,1,1,0,1,False,7.429382474301324e-15,0.9999999999996994,7.250759830657039e-06,,extended_r1_greedy_order,,Very limited direct protective support; confirmatory testing is a high priority.,0.9949703712710851,0.9998952527195025,0.9999997981708336
860,Hoplobatrachus tigerinus,,Amphibia,Anura,Ranidae,Chordata,False,False,sparse_5_19,Limited (5-19 protective contexts),13,8,2,0,2,False,7.249811295329887e-15,0.9999999999997067,6.354291232857356e-06,,extended_r1_greedy_order,,Limited direct protective support; interpret the rank with the reported uncertainty.,0.994976725562318,0.9998954244252553,0.9999997986020276
861,Isoperla sp.,,Insecta,Plecoptera,Perlodidae,Arthropoda,False,False,very_sparse_1_4,Very limited (1-4 protective contexts),2,2,0,0,1,False,7.0746276100847954e-15,0.9999999999997137,7.2248986145995175e-06,,extended_r1_greedy_order,,Very limited direct protective support; confirmatory testing is a high priority.,0.9949839504609326,0.9998956561873217,0.9999997993442346
862,Anacystis sp.,,Cyanophyceae,Chroococcales,Chroococcaceae,Cyanophycota,False,False,very_sparse_1_4,Very limited (1-4 protective contexts),3,3,1,0,1,False,6.9024755897272175e-15,0.9999999999997206,1.0368654194126137e-05,,extended_r1_greedy_order,,Very limited direct protective support; confirmatory testing is a high priority.,0.9949943191151267,0.9998959628765774,0.9999998001916957
863,Lestes sponsa,,Insecta,Zygoptera,Lestidae,Arthropoda,False,False,very_sparse_1_4,Very limited (1-4 protective contexts),2,2,0,0,1,False,6.734015836329667e-15,0.9999999999997272,6.973386817210603e-06,,extended_r1_greedy_order,,Very limited direct protective support; confirmatory testing is a high priority.,0.9950012925019439,0.9998961898164848,0.9999998009607257
864,Litoria freycineti,,Amphibia,Anura,Hylidae,Chordata,False,False,very_sparse_1_4,Very limited (1-4 protective contexts),2,1,1,0,1,False,6.568722590804046e-15,0.9999999999997337,7.2886064754751345e-06,,extended_r1_greedy_order,,Very limited direct protective support; confirmatory testing is a high priority.,0.9950085811084194,0.9998964074042833,0.9999998016031374
865,Niphargus rhenorhodanensis,,Malacostraca,Amphipoda,Niphargidae,Arthropoda,False,False,sparse_5_19,Limited (5-19 protective contexts),6,4,0,0,1,False,6.4092260142702786e-15,0.9999999999997401,8.169381850664514e-06,,extended_r1_greedy_order,,Limited direct protective support; interpret the rank with the reported uncertainty.,0.99501675049027,0.9998966593158884,0.9999998023672673
866,Isoperla longiseta,,Insecta,Plecoptera,Perlodidae,Arthropoda,False,False,very_sparse_1_4,Very limited (1-4 protective contexts),1,1,0,0,1,False,6.253610997816345e-15,0.9999999999997464,7.109372730629282e-06,,extended_r1_greedy_order,,Very limited direct protective support; confirmatory testing is a high priority.,0.9950238598630007,0.9998968855734598,0.9999998030846309
867,Physella sp.,,Gastropoda,Basommatophora,Physidae,Mollusca,False,False,very_sparse_1_4,Very limited (1-4 protective contexts),1,1,0,0,1,False,6.101853490385254e-15,0.9999999999997525,8.878885556007354e-06,,extended_r1_greedy_order,,Very limited direct protective support; confirmatory testing is a high priority.,0.9950327387485567,0.9998971260244537,0.9999998036634947
868,Physella heterostropha,,Gastropoda,Basommatophora,Physidae,Mollusca,False,False,very_sparse_1_4,Very limited (1-4 protective contexts),1,1,0,45,1,False,5.9528770575096146e-15,0.9999999999997586,8.829195354276287e-06,,extended_r1_greedy_order,,Very limited direct protective support; confirmatory testing is a high priority.,0.995041567943911,0.9998973649971056,0.9999998042382985
869,Cyprinion watsoni,,Actinopterygii,Cypriniformes,Cyprinidae,Chordata,False,False,very_sparse_1_4,Very limited (1-4 protective contexts),2,1,0,0,1,False,5.8091756691431506e-15,0.9999999999997644,6.382307126795439e-06,,extended_r1_greedy_order,,Very limited direct protective support; confirmatory testing is a high priority.,0.9950479502510378,0.9998975493823741,0.9999998047683963
870,Isoperla quinquepunctata,,Insecta,Plecoptera,Perlodidae,Arthropoda,False,False,very_sparse_1_4,Very limited (1-4 protective contexts),1,1,1,1,1,False,5.667810355321243e-15,0.99999999999977,7.091267794412381e-06,,extended_r1_greedy_order,,Very limited direct protective support; confirmatory testing is a high priority.,0.9950550415188322,0.9998977742938794,0.9999998054785876
871,Callibaetis sp.,,Insecta,Ephemeroptera,Baetidae,Arthropoda,False,False,sparse_5_19,Limited (5-19 protective contexts),8,7,0,0,1,False,5.53043498314526e-15,0.9999999999997755,7.443265019668743e-06,,extended_r1_greedy_order,,Limited direct protective support; interpret the rank with the reported uncertainty.,0.9950624847838518,0.9998980014740021,0.999999806167841
872,Simulium equinum,,Insecta,Diptera,Simuliidae,Arthropoda,False,False,very_sparse_1_4,Very limited (1-4 protective contexts),3,3,0,0,1,False,5.396687853901781e-15,0.999999999999781,7.965851024471782e-06,,extended_r1_greedy_order,,Very limited direct protective support; confirmatory testing is a high priority.,0.9950704506348763,0.9998982596115096,0.9999998070066025
873,Popenaias buckleyi,,Bivalvia,Unionoida,Unionidae,Mollusca,False,False,very_sparse_1_4,Very limited (1-4 protective contexts),2,2,0,2,1,False,5.2653790997381595e-15,0.9999999999997863,7.619495300148493e-06,,extended_r1_greedy_order,,Very limited direct protective support; confirmatory testing is a high priority.,0.9950780701301765,0.9998984865867687,0.9999998076729241
874,Isoperla transmarina,,Insecta,Plecoptera,Perlodidae,Arthropoda,False,False,very_sparse_1_4,Very limited (1-4 protective contexts),1,1,0,2,1,False,5.137251092856338e-15,0.9999999999997914,6.9427678508482416e-06,,extended_r1_greedy_order,,Very limited direct protective support; confirmatory testing is a high priority.,0.9950850128980273,0.9998987065110925,0.9999998083647151
875,Thymallus arcticus,,Actinopterygii,Salmoniformes,Salmonidae,Chordata,False,False,sparse_5_19,Limited (5-19 protective contexts),12,12,0,0,1,False,5.0132439836038766e-15,0.9999999999997963,6.6138582528463274e-06,,extended_r1_greedy_order,,Limited direct protective support; interpret the rank with the reported uncertainty.,0.9950916267562802,0.9998988986512928,0.9999998089301243
876,Barilius bendelisis,,Actinopterygii,Cypriniformes,Cyprinidae,Chordata,False,False,sparse_5_19,Limited (5-19 protective contexts),5,3,0,0,1,False,4.892007790599288e-15,0.9999999999998013,6.264436550940111e-06,,extended_r1_greedy_order,,Limited direct protective support; interpret the rank with the reported uncertainty.,0.9950978911928311,0.9998990795355681,0.999999809455865
877,Skistodiaptomus oregonensis,,Maxillopoda,Calanoida,Diaptomidae,Arthropoda,False,False,sparse_5_19,Limited (5-19 protective contexts),8,8,0,0,2,False,4.7740596888070965e-15,0.9999999999998059,9.41904347795397e-06,,extended_r1_greedy_order,,Limited direct protective support; interpret the rank with the reported uncertainty.,0.995107310236309,0.9998993728443423,0.9999998103384443
878,Isoperla slossonae,,Insecta,Plecoptera,Perlodidae,Arthropoda,False,False,very_sparse_1_4,Very limited (1-4 protective contexts),1,1,0,1,1,False,4.6564097532236315e-15,0.9999999999998106,7.1098167689909175e-06,,extended_r1_greedy_order,,Very limited direct protective support; confirmatory testing is a high priority.,0.995114420053078,0.999899597914348,0.9999998110416043
879,Lestes congener,,Insecta,Zygoptera,Lestidae,Arthropoda,False,False,sparse_5_19,Limited (5-19 protective contexts),7,7,0,35,1,False,4.543969262413312e-15,0.9999999999998154,6.606276559129043e-06,,extended_r1_greedy_order,,Limited direct protective support; interpret the rank with the reported uncertainty.,0.9951210263296372,0.9998998184590645,0.9999998118161096
880,Isoperla bilineata,,Insecta,Plecoptera,Perlodidae,Arthropoda,False,False,very_sparse_1_4,Very limited (1-4 protective contexts),1,1,0,5,1,False,4.4341598733702854e-15,0.9999999999998196,6.837613132248954e-06,,extended_r1_greedy_order,,Very limited direct protective support; confirmatory testing is a high priority.,0.9951278639427694,0.999900033797456,0.9999998124866651
881,Procambarus acutus,,Malacostraca,Decapoda,Cambaridae,Arthropoda,False,False,very_sparse_1_4,Very limited (1-4 protective contexts),1,1,0,20,1,False,4.327023562196853e-15,0.999999999999824,9.119208226771036e-06,,extended_r1_greedy_order,,Very limited direct protective support; confirmatory testing is a high priority.,0.9951369831509962,0.9999002879551897,0.9999998131121779
882,Clistoronia magnifica,,Insecta,Trichoptera,Limnephilidae,Arthropoda,False,False,very_sparse_1_4,Very limited (1-4 protective contexts),2,1,0,2,1,False,4.2226463151893865e-15,0.9999999999998282,6.616618041799249e-06,,extended_r1_greedy_order,,Very limited direct protective support; confirmatory testing is a high priority.,0.995143599769038,0.9999004916513816,0.9999998137341259
883,Isoperla grammatica,,Insecta,Plecoptera,Perlodidae,Arthropoda,False,False,very_sparse_1_4,Very limited (1-4 protective contexts),1,1,0,0,1,False,4.120990407754569e-15,0.9999999999998322,6.774181632862586e-06,,extended_r1_greedy_order,,Very limited direct protective support; confirmatory testing is a high priority.,0.9951503739506709,0.9999007046347822,0.9999998143950931
884,Procambarus virginalis,,Malacostraca,Decapoda,Cambaridae,Arthropoda,False,False,very_sparse_1_4,Very limited (1-4 protective contexts),1,1,1,0,2,False,4.0211015987564944e-15,0.9999999999998364,9.059449374904105e-06,,extended_r1_greedy_order,,Very limited direct protective support; confirmatory testing is a high priority.,0.9951594334000458,0.9999009566716218,0.9999998150134578
885,Hoplobatrachus rugulosus,,Amphibia,Anura,Ranidae,Chordata,False,False,sparse_5_19,Limited (5-19 protective contexts),9,3,0,0,1,False,3.923910630391707e-15,0.9999999999998402,6.1797230058724395e-06,,extended_r1_greedy_order,,Limited direct protective support; interpret the rank with the reported uncertainty.,0.9951656131230516,0.9999011264638047,0.9999998154546761
886,Procambarus sp.,,Malacostraca,Decapoda,Cambaridae,Arthropoda,False,False,moderate_20_49,Moderate (20-49 protective contexts),23,21,0,0,2,False,3.8280021948683804e-15,0.9999999999998441,9.254957654691864e-06,,extended_r1_greedy_order,,,0.9951748680807063,0.9999013555213072,0.9999998159287409
887,Cottus gobio,,Actinopterygii,Scorpaeniformes,Cottidae,Chordata,False,False,very_sparse_1_4,Very limited (1-4 protective contexts),1,1,1,0,1,False,3.7349835756462096e-15,0.999999999999848,9.118627391835332e-06,,extended_r1_greedy_order,,Very limited direct protective support; confirmatory testing is a high priority.,0.9951839867080982,0.9999016517219758,0.9999998168931086
888,Simulium virgatum,,Insecta,Diptera,Simuliidae,Arthropoda,False,False,very_sparse_1_4,Very limited (1-4 protective contexts),4,4,0,1,1,False,3.644467537948308e-15,0.9999999999998515,7.645073040629669e-06,,extended_r1_greedy_order,,Very limited direct protective support; confirmatory testing is a high priority.,0.9951916317811388,0.9999018965794287,0.9999998176729955
889,Physella virgata,,Gastropoda,Basommatophora,Physidae,Mollusca,False,False,very_sparse_1_4,Very limited (1-4 protective contexts),1,1,0,45,1,False,3.5566302773376405e-15,0.9999999999998551,8.371306519761035e-06,,extended_r1_greedy_order,,Very limited direct protective support; confirmatory testing is a high priority.,0.9952000030876585,0.9999021199578095,0.999999818197033
890,Enneacanthus gloriosus,,Actinopterygii,Perciformes,Centrarchidae,Chordata,False,False,very_sparse_1_4,Very limited (1-4 protective contexts),1,1,0,9,1,False,3.4699684511657906e-15,0.9999999999998584,6.968908581650446e-06,,extended_r1_greedy_order,,Very limited direct protective support; confirmatory testing is a high priority.,0.9952069719962402,0.9999023203399945,0.9999998187625313
891,Physella elliptica,,Gastropoda,Basommatophora,Physidae,Mollusca,False,False,very_sparse_1_4,Very limited (1-4 protective contexts),1,1,0,17,1,False,3.385768059530049e-15,0.9999999999998619,8.319997898076359e-06,,extended_r1_greedy_order,,Very limited direct protective support; confirmatory testing is a high priority.,0.9952152919941383,0.9999025420335946,0.9999998192815467
892,Ephemerella catawba,,Insecta,Ephemeroptera,Ephemerellidae,Arthropoda,False,False,very_sparse_1_4,Very limited (1-4 protective contexts),1,1,0,0,1,False,3.304326684058173e-15,0.9999999999998651,6.652357456560232e-06,,extended_r1_greedy_order,,Very limited direct protective support; confirmatory testing is a high priority.,0.9952219443515948,0.9999027445122709,0.9999998198790191
893,Lepomis megalotis,,Actinopterygii,Perciformes,Centrarchidae,Chordata,False,False,very_sparse_1_4,Very limited (1-4 protective contexts),1,1,0,10,1,False,3.224937552662449e-15,0.9999999999998684,7.2480434906152524e-06,,extended_r1_greedy_order,,Very limited direct protective support; confirmatory testing is a high priority.,0.9952291923950854,0.9999029449270076,0.9999998204118554
894,Scinax nasicus,,Amphibia,Anura,Hylidae,Chordata,False,False,very_sparse_1_4,Very limited (1-4 protective contexts),2,1,0,0,1,False,3.1472041595555636e-15,0.9999999999998715,6.264887388862661e-06,,extended_r1_greedy_order,,Very limited direct protective support; confirmatory testing is a high priority.,0.9952354572824743,0.9999031282703751,0.9999998209403099
895,Lythrurus umbratilis,,Actinopterygii,Cypriniformes,Cyprinidae,Chordata,False,False,very_sparse_1_4,Very limited (1-4 protective contexts),3,2,0,15,1,False,3.0710523548506557e-15,0.9999999999998747,5.8814370703652585e-06,,extended_r1_greedy_order,,Very limited direct protective support; confirmatory testing is a high priority.,0.9952413387195447,0.999903296878495,0.999999821416454
896,Oryzias sinensis,,Actinopterygii,Beloniformes,Adrianichthyidae,Chordata,False,False,very_sparse_1_4,Very limited (1-4 protective contexts),2,2,0,0,1,False,2.997505520983259e-15,0.9999999999998775,6.876302312774918e-06,,extended_r1_greedy_order,,Very limited direct protective support; confirmatory testing is a high priority.,0.9952482150218575,0.9999034901305697,0.9999998219329292
897,Oreochromis sp.,,Actinopterygii,Perciformes,Cichlidae,Chordata,False,False,very_sparse_1_4,Very limited (1-4 protective contexts),2,2,0,0,1,False,2.9253710203492885e-15,0.9999999999998804,6.212170919783766e-06,,extended_r1_greedy_order,,Very limited direct protective support; confirmatory testing is a high priority.,0.9952544271927772,0.9999036513735033,0.9999998223200021
898,Hybognathus placitus,,Actinopterygii,Cypriniformes,Cyprinidae,Chordata,False,False,very_sparse_1_4,Very limited (1-4 protective contexts),1,1,0,6,1,False,2.8540898262407502e-15,0.9999999999998833,5.832436814068309e-06,,extended_r1_greedy_order,,Very limited direct protective support; confirmatory testing is a high priority.,0.9952602596295913,0.9999038180930917,0.9999998227888758
899,Ephemerella lata,,Insecta,Ephemeroptera,Ephemerellidae,Arthropoda,False,False,very_sparse_1_4,Very limited (1-4 protective contexts),1,1,0,2,1,False,2.7851988986754956e-15,0.9999999999998862,6.550170019381518e-06,,extended_r1_greedy_order,,Very limited direct protective support; confirmatory testing is a high priority.,0.9952668097996107,0.9999040165328565,0.9999998233706329
900,Ephemerella doddsi,,Insecta,Ephemeroptera,Ephemerellidae,Arthropoda,False,False,very_sparse_1_4,Very limited (1-4 protective contexts),1,1,0,7,1,False,2.7184530430402803e-15,0.9999999999998889,6.5165166046599055e-06,,extended_r1_greedy_order,,Very limited direct protective support; confirmatory testing is a high priority.,0.9952733263162153,0.999904213876736,0.9999998239479743
901,Barilius vagra,,Actinopterygii,Cypriniformes,Cyprinidae,Chordata,False,False,very_sparse_1_4,Very limited (1-4 protective contexts),2,2,0,0,1,False,2.6532986301636427e-15,0.9999999999998916,5.790790349902153e-06,,extended_r1_greedy_order,,Very limited direct protective support; confirmatory testing is a high priority.,0.9952791171065652,0.9999043782900637,0.999999824409263
902,Scinax fuscovarius,,Amphibia,Anura,Hylidae,Chordata,False,False,very_sparse_1_4,Very limited (1-4 protective contexts),2,1,0,0,1,False,2.5897741933582936e-15,0.9999999999998942,6.300934570102612e-06,,extended_r1_greedy_order,,Very limited direct protective support; confirmatory testing is a high priority.,0.9952854180411354,0.9999045595424931,0.99999982491605
903,Coregonus peled,,Actinopterygii,Salmoniformes,Salmonidae,Chordata,False,False,very_sparse_1_4,Very limited (1-4 protective contexts),1,1,0,0,2,False,2.5274445151003765e-15,0.9999999999998966,6.31367222270196e-06,,extended_r1_greedy_order,,Very limited direct protective support; confirmatory testing is a high priority.,0.995291731713358,0.9999047462923486,0.9999998254675417
904,Unio tumidus,,Bivalvia,Unionoida,Unionidae,Mollusca,False,False,very_sparse_1_4,Very limited (1-4 protective contexts),1,1,0,0,1,False,2.4667023423127887e-15,0.9999999999998992,7.018190662400059e-06,,extended_r1_greedy_order,,Very limited direct protective support; confirmatory testing is a high priority.,0.9952987499040205,0.9999049463665248,0.9999998260107307
905,Gila elegans,,Actinopterygii,Cypriniformes,Cyprinidae,Chordata,False,False,moderate_20_49,Moderate (20-49 protective contexts),37,17,0,5,2,False,2.4070851890231393e-15,0.9999999999999016,6.510531163628208e-06,,extended_r1_greedy_order,,,0.9953052604351841,0.999905105442206,0.9999998263453019
906,Rutilus caspicus,,Actinopterygii,Cypriniformes,Cyprinidae,Chordata,False,False,very_sparse_1_4,Very limited (1-4 protective contexts),2,1,1,0,1,False,2.349288503711515e-15,0.999999999999904,7.286089353852887e-06,,extended_r1_greedy_order,,Very limited direct protective support; confirmatory testing is a high priority.,0.9953125465245379,0.9999053111469488,0.9999998269055157
907,Scinax nasica,,Amphibia,Anura,Hylidae,Chordata,False,False,very_sparse_1_4,Very limited (1-4 protective contexts),2,1,0,0,1,False,2.2929536876505317e-15,0.9999999999999061,6.060724457856992e-06,,extended_r1_greedy_order,,Very limited direct protective support; confirmatory testing is a high priority.,0.9953186072489958,0.9999054852692413,0.999999827391923
908,Physella gyrina,,Gastropoda,Basommatophora,Physidae,Mollusca,False,False,very_sparse_1_4,Very limited (1-4 protective contexts),2,1,0,17,1,False,2.2378214956183655e-15,0.9999999999999084,8.109198352923563e-06,,extended_r1_greedy_order,,Very limited direct protective support; confirmatory testing is a high priority.,0.9953267164473487,0.9999057006793511,0.9999998278918524
909,Litoria raniformis,,Amphibia,Anura,Hylidae,Chordata,False,False,very_sparse_1_4,Very limited (1-4 protective contexts),3,1,0,0,1,False,2.183678550489256e-15,0.9999999999999105,6.539962946083833e-06,,extended_r1_greedy_order,,Very limited direct protective support; confirmatory testing is a high priority.,0.9953332564102948,0.9999058914585671,0.9999998284323374
910,Coregonus hoyi,,Actinopterygii,Salmoniformes,Salmonidae,Chordata,False,False,very_sparse_1_4,Very limited (1-4 protective contexts),1,1,0,2,1,False,2.131388136769071e-15,0.9999999999999127,6.118799035781386e-06,,extended_r1_greedy_order,,Very limited direct protective support; confirmatory testing is a high priority.,0.9953393752093306,0.9999060721439558,0.9999998289655114
911,Ephemerella ignita,,Insecta,Ephemeroptera,Ephemerellidae,Arthropoda,False,False,very_sparse_1_4,Very limited (1-4 protective contexts),3,3,0,0,1,False,2.080188767627119e-15,0.9999999999999148,6.374512507845154e-06,,extended_r1_greedy_order,,Very limited direct protective support; confirmatory testing is a high priority.,0.9953457497218384,0.9999062634521733,0.999999829518795
912,Acroneuria abnormis,,Insecta,Plecoptera,Perlidae,Arthropoda,False,False,sparse_5_19,Limited (5-19 protective contexts),6,6,0,25,1,False,2.0297800846262397e-15,0.999999999999917,6.493625861914154e-06,,extended_r1_greedy_order,,Limited direct protective support; interpret the rank with the reported uncertainty.,0.9953522433477003,0.9999064702303094,0.9999998301585163
913,Phoxinus phoxinus,,Actinopterygii,Cypriniformes,Cyprinidae,Chordata,False,False,sparse_5_19,Limited (5-19 protective contexts),16,14,7,0,2,False,1.9811457218293817e-15,0.999999999999919,7.3881507087758536e-06,,extended_r1_greedy_order,,Limited direct protective support; interpret the rank with the reported uncertainty.,0.9953596314984091,0.9999066775953273,0.9999998307334911
914,Pomacea lineata,,Gastropoda,Architaenioglossa,Ampullariidae,Mollusca,False,False,sparse_5_19,Limited (5-19 protective contexts),6,3,0,0,1,False,1.932720250853437e-15,0.999999999999921,8.518176706551195e-06,,extended_r1_greedy_order,,Limited direct protective support; interpret the rank with the reported uncertainty.,0.9953681496751157,0.9999069118111182,0.999999831321285
915,Gila cypha,,Actinopterygii,Cypriniformes,Cyprinidae,Chordata,False,False,very_sparse_1_4,Very limited (1-4 protective contexts),3,3,0,1,1,False,1.8859003365553143e-15,0.9999999999999228,5.9063353614607905e-06,,extended_r1_greedy_order,,Very limited direct protective support; confirmatory testing is a high priority.,0.9953740560104771,0.999907068114516,0.999999831704706
916,Procambarus hayi,,Malacostraca,Decapoda,Cambaridae,Arthropoda,False,False,very_sparse_1_4,Very limited (1-4 protective contexts),1,1,0,0,1,False,1.840533608112156e-15,0.9999999999999247,8.493404982878872e-06,,extended_r1_greedy_order,,Very limited direct protective support; confirmatory testing is a high priority.,0.99538254941546,0.999907300175064,0.9999998322621578
917,Simulium venustum,,Insecta,Diptera,Simuliidae,Arthropoda,False,False,very_sparse_1_4,Very limited (1-4 protective contexts),4,4,0,0,1,False,1.7963583890441437e-15,0.9999999999999264,7.0989268792232e-06,,extended_r1_greedy_order,,Very limited direct protective support; confirmatory testing is a high priority.,0.9953896483423392,0.9999075247454102,0.9999998329654692
918,Simulium ornatum,,Insecta,Diptera,Simuliidae,Arthropoda,False,False,sparse_5_19,Limited (5-19 protective contexts),15,14,0,0,2,False,1.7526316412209e-15,0.9999999999999283,7.093647839906403e-06,,extended_r1_greedy_order,,Limited direct protective support; interpret the rank with the reported uncertainty.,0.9953967419901791,0.9999077346491083,0.9999998335532848
919,Mogurnda mogurnda,,Actinopterygii,Perciformes,Eleotridae,Chordata,False,False,sparse_5_19,Limited (5-19 protective contexts),8,4,0,0,2,False,1.7105885036266897e-15,0.99999999999993,7.236692474821282e-06,,extended_r1_greedy_order,,Limited direct protective support; interpret the rank with the reported uncertainty.,0.995403978682654,0.9999079535030796,0.9999998342159758
920,Coregonus lavaretus,,Actinopterygii,Salmoniformes,Salmonidae,Chordata,False,False,very_sparse_1_4,Very limited (1-4 protective contexts),4,3,2,0,2,False,1.6694362111556698e-15,0.9999999999999316,5.909927834113482e-06,,extended_r1_greedy_order,,Very limited direct protective support; confirmatory testing is a high priority.,0.9954098886104881,0.9999081297257727,0.9999998347412598
921,Litoria caerulea,,Amphibia,Anura,Hylidae,Chordata,False,False,very_sparse_1_4,Very limited (1-4 protective contexts),3,1,0,2,1,False,1.629508123147192e-15,0.9999999999999332,6.330973696733189e-06,,extended_r1_greedy_order,,Very limited direct protective support; confirmatory testing is a high priority.,0.9954162195841848,0.9999083129299015,0.9999998352528641
922,Paragnetina sp.,,Insecta,Plecoptera,Perlidae,Arthropoda,False,False,very_sparse_1_4,Very limited (1-4 protective contexts),1,1,0,0,1,False,1.5905757949564666e-15,0.9999999999999347,6.4348472483821695e-06,,extended_r1_greedy_order,,Very limited direct protective support; confirmatory testing is a high priority.,0.9954226544314332,0.9999085241315699,0.9999998359263433
923,Candidia barbatus,,Actinopterygii,Cypriniformes,Cyprinidae,Chordata,False,False,sparse_5_19,Limited (5-19 protective contexts),5,3,0,0,1,False,1.552002061473619e-15,0.9999999999999363,5.4115594319004146e-06,,extended_r1_greedy_order,,Limited direct protective support; interpret the rank with the reported uncertainty.,0.9954280659908651,0.9999086793285785,0.9999998363643829
924,Unio crassus,,Bivalvia,Unionoida,Unionidae,Mollusca,False,False,very_sparse_1_4,Very limited (1-4 protective contexts),2,1,0,0,1,False,1.5149082948176393e-15,0.9999999999999377,6.638202722286657e-06,,extended_r1_greedy_order,,Very limited direct protective support; confirmatory testing is a high priority.,0.9954347041935874,0.9999088662532005,0.9999998368627054
925,Anacystis nidulans,,Cyanophyceae,Chroococcales,Chroococcaceae,Cyanophycota,False,False,sparse_5_19,Limited (5-19 protective contexts),13,12,6,0,2,False,1.4785190533185787e-15,0.9999999999999393,9.070757160944964e-06,,extended_r1_greedy_order,,Limited direct protective support; interpret the rank with the reported uncertainty.,0.9954437749507483,0.9999091139823365,0.9999998374518287
926,Micronecta sp.,,Insecta,Heteroptera,Corixidae,Arthropoda,False,False,very_sparse_1_4,Very limited (1-4 protective contexts),4,1,0,0,1,False,1.443034190309507e-15,0.9999999999999407,6.638901731581548e-06,,extended_r1_greedy_order,,Very limited direct protective support; confirmatory testing is a high priority.,0.9954504138524799,0.9999093080256007,0.9999998380072351
927,Esox masquinongy,,Actinopterygii,Esociformes,Esocidae,Chordata,False,False,sparse_5_19,Limited (5-19 protective contexts),7,5,1,1,1,False,1.4078964343435907e-15,0.9999999999999422,8.359210362907099e-06,,extended_r1_greedy_order,,Limited direct protective support; interpret the rank with the reported uncertainty.,0.9954587730628428,0.9999095504565011,0.9999998386715134
928,Pogonichthys macrolepidotus,,Actinopterygii,Cypriniformes,Cyprinidae,Chordata,False,False,very_sparse_1_4,Very limited (1-4 protective contexts),3,2,0,1,2,False,1.3741379845243684e-15,0.9999999999999436,5.6232483746088135e-06,,extended_r1_greedy_order,,Very limited direct protective support; confirmatory testing is a high priority.,0.9954643963112174,0.9999097075483004,0.9999998390960583
929,Corbicula australis,,Bivalvia,Veneroida,Corbiculidae,Mollusca,False,False,very_sparse_1_4,Very limited (1-4 protective contexts),1,1,0,0,1,False,1.3412431007322068e-15,0.9999999999999449,8.641747722637483e-06,,extended_r1_greedy_order,,Very limited direct protective support; confirmatory testing is a high priority.,0.99547303805894,0.999909936445591,0.9999998396389395
930,Rhithrogena sp.,,Insecta,Ephemeroptera,Heptageniidae,Arthropoda,False,False,sparse_5_19,Limited (5-19 protective contexts),8,4,0,0,1,False,1.3089011868319149e-15,0.9999999999999463,6.1590052444771e-06,,extended_r1_greedy_order,,Limited direct protective support; interpret the rank with the reported uncertainty.,0.9954791970641845,0.9999101118060059,0.9999998401170853
931,Physella pomilia,,Gastropoda,Basommatophora,Physidae,Mollusca,False,False,sparse_5_19,Limited (5-19 protective contexts),9,4,0,2,1,False,1.2777115483771503e-15,0.9999999999999474,7.956405728926086e-06,,extended_r1_greedy_order,,Limited direct protective support; interpret the rank with the reported uncertainty.,0.9954871534699135,0.9999103195896106,0.9999998405922859
932,Peltodytes sp.,,Insecta,Coleoptera,Haliplidae,Arthropoda,False,False,sparse_5_19,Limited (5-19 protective contexts),11,11,0,0,1,False,1.2469985897091332e-15,0.9999999999999488,5.633130670479325e-06,,extended_r1_greedy_order,,Limited direct protective support; interpret the rank with the reported uncertainty.,0.9954927866005839,0.9999105009225185,0.9999998411744091
933,Luxilus chrysocephalus,,Actinopterygii,Cypriniformes,Cyprinidae,Chordata,False,False,very_sparse_1_4,Very limited (1-4 protective contexts),2,2,0,17,1,False,1.2172132884489288e-15,0.9999999999999498,5.387596955008789e-06,,extended_r1_greedy_order,,Very limited direct protective support; confirmatory testing is a high priority.,0.9954981741975389,0.9999106521302975,0.9999998415843185
934,Pontastacus leptodactylus,,Malacostraca,Decapoda,Astacidae,Arthropoda,False,False,sparse_5_19,Limited (5-19 protective contexts),8,5,1,0,1,False,1.1880001902331139e-15,0.9999999999999512,6.964214245175349e-06,,extended_r1_greedy_order,,Limited direct protective support; interpret the rank with the reported uncertainty.,0.9955051384117841,0.9999108508092142,0.999999842127735
935,Pachydiplax longipennis,,Insecta,Odonata,Libellulidae,Arthropoda,False,False,very_sparse_1_4,Very limited (1-4 protective contexts),3,3,0,46,1,False,1.1595370286886269e-15,0.9999999999999523,5.723715610583824e-06,,extended_r1_greedy_order,,Very limited direct protective support; confirmatory testing is a high priority.,0.9955108621273947,0.9999110126593271,0.9999998425768193
936,Aplocheilichthys johnstonii,,Actinopterygii,Cyprinodontiformes,Cyprinodontidae,Chordata,False,False,very_sparse_1_4,Very limited (1-4 protective contexts),1,1,0,0,1,False,1.1318274583790856e-15,0.9999999999999534,6.638828621730042e-06,,extended_r1_greedy_order,,Very limited direct protective support; confirmatory testing is a high priority.,0.9955175009560164,0.9999112033424982,0.9999998431036038
937,Rhithrogena hageni,,Insecta,Ephemeroptera,Heptageniidae,Arthropoda,False,False,sparse_5_19,Limited (5-19 protective contexts),6,2,0,0,1,False,1.104866423844272e-15,0.9999999999999545,6.046641360391014e-06,,extended_r1_greedy_order,,Limited direct protective support; interpret the rank with the reported uncertainty.,0.9955235475973768,0.9999113767388416,0.9999998435776724
938,Litoria moorei,,Amphibia,Anura,Hylidae,Chordata,False,False,very_sparse_1_4,Very limited (1-4 protective contexts),4,2,0,0,1,False,1.0778862379663138e-15,0.9999999999999556,5.784852347257008e-06,,extended_r1_greedy_order,,Very limited direct protective support; confirmatory testing is a high priority.,0.9955293324497241,0.9999115424282031,0.9999998440345623
939,Lepidostoma unicolor,,Insecta,Trichoptera,Lepidostomatidae,Arthropoda,False,False,very_sparse_1_4,Very limited (1-4 protective contexts),4,2,0,1,1,False,1.0522352602174982e-15,0.9999999999999567,5.745157950709512e-06,,extended_r1_greedy_order,,Very limited direct protective support; confirmatory testing is a high priority.,0.9955350776076748,0.9999117133854221,0.9999998445328373
940,Dugesia sp.,,Turbellaria,Tricladida,Planariidae,Platyhelminthes,False,False,sparse_5_19,Limited (5-19 protective contexts),10,9,1,0,1,False,1.0271937866555056e-15,0.9999999999999577,9.873563434736887e-06,,extended_r1_greedy_order,,Limited direct protective support; interpret the rank with the reported uncertainty.,0.9955449511711095,0.9999119757592438,0.9999998451365831
941,Tanichthys albonubes,,Actinopterygii,Cypriniformes,Cyprinidae,Chordata,False,False,sparse_5_19,Limited (5-19 protective contexts),5,3,3,0,1,False,1.0028536802636981e-15,0.9999999999999587,5.110237705441278e-06,,extended_r1_greedy_order,,Limited direct protective support; interpret the rank with the reported uncertainty.,0.995550061408815,0.9999121196548842,0.9999998455287885
942,Unio ravoisieri,,Bivalvia,Unionoida,Unionidae,Mollusca,False,False,very_sparse_1_4,Very limited (1-4 protective contexts),2,1,0,0,1,False,9.787965128942534e-16,0.9999999999999598,6.310082731997291e-06,,extended_r1_greedy_order,,Very limited direct protective support; confirmatory testing is a high priority.,0.995556371491547,0.9999122963967813,0.9999998459935191
943,Coregonus albula,,Actinopterygii,Salmoniformes,Salmonidae,Chordata,False,False,very_sparse_1_4,Very limited (1-4 protective contexts),1,1,0,0,1,False,9.55539361566128e-16,0.9999999999999607,5.668717329876394e-06,,extended_r1_greedy_order,,Very limited direct protective support; confirmatory testing is a high priority.,0.9955620402088768,0.9999124603803982,0.999999846458499
944,Abramis ballerus,,Actinopterygii,Cypriniformes,Cyprinidae,Chordata,False,False,very_sparse_1_4,Very limited (1-4 protective contexts),1,1,0,0,2,False,9.328325229379248e-16,0.9999999999999616,5.2260230583023315e-06,,extended_r1_greedy_order,,Very limited direct protective support; confirmatory testing is a high priority.,0.9955672662319351,0.9999126035760678,0.9999998468350381
945,Esomus danricus,,Actinopterygii,Cypriniformes,Cyprinidae,Chordata,False,False,sparse_5_19,Limited (5-19 protective contexts),7,5,4,0,2,False,9.105388723165822e-16,0.9999999999999625,5.097436972856251e-06,,extended_r1_greedy_order,,Limited direct protective support; interpret the rank with the reported uncertainty.,0.995572363668908,0.9999127419695457,0.999999847188788
946,Acroneuria sp.,,Insecta,Plecoptera,Perlidae,Arthropoda,False,False,very_sparse_1_4,Very limited (1-4 protective contexts),2,2,0,0,1,False,8.888602331611234e-16,0.9999999999999635,5.832593165666644e-06,,extended_r1_greedy_order,,Very limited direct protective support; confirmatory testing is a high priority.,0.9955781962620737,0.999912926127089,0.9999998477451165
947,Onychostoma barbata,,Actinopterygii,Cypriniformes,Cyprinidae,Chordata,False,False,very_sparse_1_4,Very limited (1-4 protective contexts),4,3,0,0,1,False,8.675986816861562e-16,0.9999999999999643,5.0331073073728305e-06,,extended_r1_greedy_order,,Very limited direct protective support; confirmatory testing is a high priority.,0.995583229369381,0.9999130671410685,0.9999998481286052
948,Scenedesmus acuminatus,,Chlorophyceae,Chlorococcales,Scenedesmaceae,Chlorophyta,False,False,very_sparse_1_4,Very limited (1-4 protective contexts),3,3,0,12,2,False,8.469643105954883e-16,0.9999999999999651,6.319876191374085e-06,,extended_r1_greedy_order,,Very limited direct protective support; confirmatory testing is a high priority.,0.9955895492455724,0.999913239321947,0.9999998485423899
949,Procambarus simulans,,Malacostraca,Decapoda,Cambaridae,Arthropoda,False,False,very_sparse_1_4,Very limited (1-4 protective contexts),2,2,0,4,1,False,8.265249422326388e-16,0.999999999999966,7.741296667140851e-06,,extended_r1_greedy_order,,Very limited direct protective support; confirmatory testing is a high priority.,0.9955972905422396,0.9999134480221268,0.9999998490280608
950,Rhyacophila sp.,,Insecta,Trichoptera,Rhyacophilidae,Arthropoda,False,False,very_sparse_1_4,Very limited (1-4 protective contexts),1,1,0,0,1,False,8.065826889446893e-16,0.9999999999999668,5.285907060170736e-06,,extended_r1_greedy_order,,Very limited direct protective support; confirmatory testing is a high priority.,0.9956025764492997,0.999913602865699,0.9999998494737933
951,Coregonus clupeaformis,,Actinopterygii,Salmoniformes,Salmonidae,Chordata,False,False,sparse_5_19,Limited (5-19 protective contexts),7,4,9,4,2,False,7.874692524111913e-16,0.9999999999999676,5.368335799893487e-06,,extended_r1_greedy_order,,Limited direct protective support; interpret the rank with the reported uncertainty.,0.9956079447850996,0.9999137586514245,0.9999998499183401
952,Simulium sp.,,Insecta,Diptera,Simuliidae,Arthropoda,False,False,moderate_20_49,Moderate (20-49 protective contexts),27,22,0,0,1,False,7.686788767458274e-16,0.9999999999999682,6.530046579356075e-06,,extended_r1_greedy_order,,,0.995614474831679,0.9999139458409653,0.9999998504303035
953,Neocaridina denticulata,,Malacostraca,Decapoda,Atyidae,Arthropoda,False,False,very_sparse_1_4,Very limited (1-4 protective contexts),4,2,0,0,1,False,7.502943556086148e-16,0.9999999999999691,7.105609957869241e-06,,extended_r1_greedy_order,,Very limited direct protective support; confirmatory testing is a high priority.,0.9956215804416368,0.9999141601749615,0.9999998510260241
954,Anabolia nervosa,,Insecta,Trichoptera,Limnephilidae,Arthropoda,False,False,sparse_5_19,Limited (5-19 protective contexts),5,5,0,0,1,False,7.324357481679609e-16,0.9999999999999698,5.459598958590384e-06,,extended_r1_greedy_order,,Limited direct protective support; interpret the rank with the reported uncertainty.,0.9956270400405954,0.9999143174414548,0.9999998514571572
955,Xiphophorus helleri,,Actinopterygii,Cyprinodontiformes,Poeciliidae,Chordata,False,False,sparse_5_19,Limited (5-19 protective contexts),18,9,2,4,2,False,7.149263597356893e-16,0.9999999999999706,6.345009077146635e-06,,extended_r1_greedy_order,,Limited direct protective support; interpret the rank with the reported uncertainty.,0.9956333850496726,0.9999144821283429,0.999999851843884
956,Diporeia sp.,,Malacostraca,Amphipoda,Haustoriidae,Arthropoda,False,False,sparse_5_19,Limited (5-19 protective contexts),6,6,0,0,1,False,6.976916330374032e-16,0.9999999999999712,6.4113492024286955e-06,,extended_r1_greedy_order,,Limited direct protective support; interpret the rank with the reported uncertainty.,0.995639796398875,0.9999146676729564,0.9999998523516364
957,Gambusia holbrooki,,Actinopterygii,Cyprinodontiformes,Poeciliidae,Chordata,False,False,moderate_20_49,Moderate (20-49 protective contexts),34,23,5,7,2,False,6.810891023516375e-16,0.9999999999999718,6.628205325043268e-06,,extended_r1_greedy_order,,,0.9956464246042,0.9999148393119486,0.9999998527467994
958,Cirrhinus molitorella,,Actinopterygii,Cypriniformes,Cyprinidae,Chordata,False,False,very_sparse_1_4,Very limited (1-4 protective contexts),1,1,2,0,1,False,6.646824410831319e-16,0.9999999999999725,6.459108658707358e-06,,extended_r1_greedy_order,,Very limited direct protective support; confirmatory testing is a high priority.,0.9956528837128588,0.9999150143059374,0.9999998531872468
959,Carassius gibelio,,Actinopterygii,Cypriniformes,Cyprinidae,Chordata,False,False,very_sparse_1_4,Very limited (1-4 protective contexts),2,2,0,0,2,False,6.489312028904349e-16,0.9999999999999734,6.396462194357966e-06,,extended_r1_greedy_order,,Very limited direct protective support; confirmatory testing is a high priority.,0.9956592801750531,0.9999151863898318,0.9999998536143518
960,Paratelphusa masoniana,,Malacostraca,Decapoda,Parathelphusidae,Arthropoda,False,False,sparse_5_19,Limited (5-19 protective contexts),5,3,0,0,1,False,6.332868763804118e-16,0.9999999999999739,6.333540366165735e-06,,extended_r1_greedy_order,,Limited direct protective support; interpret the rank with the reported uncertainty.,0.9956656137154193,0.9999153609847323,0.9999998540476407
961,Chauliodes sp.,,Insecta,Megaloptera,Corydalidae,Arthropoda,False,False,very_sparse_1_4,Very limited (1-4 protective contexts),4,4,0,0,1,False,6.183278700834869e-16,0.9999999999999746,5.109029828198608e-06,,extended_r1_greedy_order,,Very limited direct protective support; confirmatory testing is a high priority.,0.9956707227452475,0.9999155158820928,0.999999854512284
962,Elassoma gilberti,,Actinopterygii,Perciformes,Centrarchidae,Chordata,False,False,very_sparse_1_4,Very limited (1-4 protective contexts),2,2,0,1,1,False,6.035570890447935e-16,0.9999999999999751,5.702702567611517e-06,,extended_r1_greedy_order,,Very limited direct protective support; confirmatory testing is a high priority.,0.9956764254478151,0.9999156727424183,0.9999998549219181
963,Crocothemis erythraea,,Insecta,Odonata,Libellulidae,Arthropoda,False,False,very_sparse_1_4,Very limited (1-4 protective contexts),4,4,1,0,1,False,5.892854473886404e-16,0.9999999999999757,5.310031261585024e-06,,extended_r1_greedy_order,,Very limited direct protective support; confirmatory testing is a high priority.,0.9956817354790767,0.9999158234529537,0.9999998553434984
964,Erpobdella octoculata,,Clitellata,Arhynchobdellida,Erpobdellidae,Annelida,False,False,sparse_5_19,Limited (5-19 protective contexts),18,15,3,0,2,False,5.753193104028337e-16,0.9999999999999764,8.99175018986842e-06,,extended_r1_greedy_order,,Limited direct protective support; interpret the rank with the reported uncertainty.,0.9956907272292665,0.9999160427301297,0.9999998557753302
965,Ephemerella sp.,,Insecta,Ephemeroptera,Ephemerellidae,Arthropoda,False,False,sparse_5_19,Limited (5-19 protective contexts),7,6,1,0,1,False,5.614627082828551e-16,0.9999999999999769,5.596514000560937e-06,,extended_r1_greedy_order,,Limited direct protective support; interpret the rank with the reported uncertainty.,0.9956963237432671,0.999916208942032,0.9999998562398975
966,Unio elongatulus,,Bivalvia,Unionoida,Unionidae,Mollusca,False,False,very_sparse_1_4,Very limited (1-4 protective contexts),2,1,0,0,1,False,5.480970740156284e-16,0.9999999999999774,5.920844677542725e-06,,extended_r1_greedy_order,,Very limited direct protective support; confirmatory testing is a high priority.,0.9957022445879447,0.9999163718289333,0.9999998566550924
967,Barbus sp.,,Actinopterygii,Cypriniformes,Cyprinidae,Chordata,False,False,very_sparse_1_4,Very limited (1-4 protective contexts),1,1,0,0,1,False,5.350540652612235e-16,0.9999999999999779,6.172039113350181e-06,,extended_r1_greedy_order,,Very limited direct protective support; confirmatory testing is a high priority.,0.995708416627058,0.9999165379818844,0.9999998570674147
968,Somatogyrus virginicus,,Gastropoda,Neotaenioglossa,Hydrobiidae,Mollusca,False,False,very_sparse_1_4,Very limited (1-4 protective contexts),1,1,0,0,1,False,5.223724745534228e-16,0.9999999999999784,6.034971286816848e-06,,extended_r1_greedy_order,,Very limited direct protective support; confirmatory testing is a high priority.,0.9957144515983448,0.9999167032689233,0.9999998574981046
969,Ephemerella subvaria,,Insecta,Ephemeroptera,Ephemerellidae,Arthropoda,False,False,very_sparse_1_4,Very limited (1-4 protective contexts),4,4,0,8,1,False,5.099639945766694e-16,0.9999999999999789,5.381962978723287e-06,,extended_r1_greedy_order,,Very limited direct protective support; confirmatory testing is a high priority.,0.9957198335613235,0.9999168595480264,0.9999998579235312
970,Indonaia caerulea,,Bivalvia,Unionoida,Unionidae,Mollusca,False,False,sparse_5_19,Limited (5-19 protective contexts),7,6,1,0,1,False,4.978736694747247e-16,0.9999999999999793,5.847703000716464e-06,,extended_r1_greedy_order,,Limited direct protective support; interpret the rank with the reported uncertainty.,0.9957256812643243,0.9999170335232537,0.9999998584301857
971,Ranatra filiformis,,Insecta,Heteroptera,Nepidae,Arthropoda,False,False,sparse_5_19,Limited (5-19 protective contexts),5,3,0,0,1,False,4.860671403617459e-16,0.99999999999998,5.506754091277877e-06,,extended_r1_greedy_order,,Limited direct protective support; interpret the rank with the reported uncertainty.,0.9957311880184155,0.999917206335162,0.9999998589281776
972,Craterocephalus marjoriae,,Actinopterygii,Atheriniformes,Atherinidae,Chordata,False,False,very_sparse_1_4,Very limited (1-4 protective contexts),4,4,0,0,1,False,4.745854434420166e-16,0.9999999999999806,6.328871659633251e-06,,extended_r1_greedy_order,,Very limited direct protective support; confirmatory testing is a high priority.,0.9957375168900752,0.9999173883539133,0.9999998594244461
973,Lymnaea acuminata,,Gastropoda,Basommatophora,Lymnaeidae,Mollusca,False,False,moderate_20_49,Moderate (20-49 protective contexts),32,26,4,0,2,False,4.633179239661169e-16,0.9999999999999809,6.603373034708149e-06,,extended_r1_greedy_order,,,0.9957441202631099,0.9999175520869497,0.9999998597642372
974,Procambarus zonangulus,,Malacostraca,Decapoda,Cambaridae,Arthropoda,False,False,very_sparse_1_4,Very limited (1-4 protective contexts),1,1,0,0,1,False,4.523093416138704e-16,0.9999999999999815,7.284817746033845e-06,,extended_r1_greedy_order,,Very limited direct protective support; confirmatory testing is a high priority.,0.9957514050808559,0.9999177460273219,0.9999998602046996
975,Corbicula sp.,,Bivalvia,Veneroida,Corbiculidae,Mollusca,False,False,sparse_5_19,Limited (5-19 protective contexts),6,4,0,0,1,False,4.414870709484318e-16,0.9999999999999818,7.979858477002999e-06,,extended_r1_greedy_order,,Limited direct protective support; interpret the rank with the reported uncertainty.,0.9957593849393329,0.9999179543527712,0.9999998606830148
976,Tipula abdominalis,,Insecta,Diptera,Tipulidae,Arthropoda,False,False,very_sparse_1_4,Very limited (1-4 protective contexts),1,1,0,34,1,False,4.310644153740742e-16,0.9999999999999822,4.886465067244217e-06,,extended_r1_greedy_order,,Very limited direct protective support; confirmatory testing is a high priority.,0.9957642714044002,0.9999180944335067,0.9999998610720978
977,Barbus barbus,,Actinopterygii,Cypriniformes,Cyprinidae,Chordata,False,False,very_sparse_1_4,Very limited (1-4 protective contexts),1,1,1,0,1,False,4.208324597342567e-16,0.9999999999999827,6.01519762288838e-06,,extended_r1_greedy_order,,Very limited direct protective support; confirmatory testing is a high priority.,0.995770286602023,0.9999182553283641,0.9999998614671214
978,Macromia sp.,,Insecta,Odonata,Corduliidae,Arthropoda,False,False,sparse_5_19,Limited (5-19 protective contexts),5,4,0,0,1,False,4.1072923687962027e-16,0.999999999999983,4.896837339840587e-06,,extended_r1_greedy_order,,Limited direct protective support; interpret the rank with the reported uncertainty.,0.9957751834393629,0.9999183999985417,0.9999998618757767
979,Elliptio sp.,,Bivalvia,Unionoida,Unionidae,Mollusca,False,False,very_sparse_1_4,Very limited (1-4 protective contexts),1,1,0,0,1,False,4.009853438933575e-16,0.9999999999999835,6.008214848418625e-06,,extended_r1_greedy_order,,Very limited direct protective support; confirmatory testing is a high priority.,0.9957811916542113,0.9999185662779665,0.9999998623006464
980,Scenedesmus dimorphus,,Chlorophyceae,Chlorococcales,Scenedesmaceae,Chlorophyta,False,False,very_sparse_1_4,Very limited (1-4 protective contexts),4,4,4,0,1,False,3.9145954079047037e-16,0.9999999999999837,5.798901846376658e-06,,extended_r1_greedy_order,,Very limited direct protective support; confirmatory testing is a high priority.,0.9957869905560577,0.9999187204018409,0.9999998626546417
981,Scenedesmus abundans,,Chlorophyceae,Chlorococcales,Scenedesmaceae,Chlorophyta,False,False,very_sparse_1_4,Very limited (1-4 protective contexts),2,2,0,1,1,False,3.8219620392798563e-16,0.9999999999999842,5.916574273401309e-06,,extended_r1_greedy_order,,Very limited direct protective support; confirmatory testing is a high priority.,0.9957929071303311,0.999918876702637,0.9999998630078913
982,Pelophylax ridibundus,,Amphibia,Anura,Ranidae,Chordata,False,False,moderate_20_49,Moderate (20-49 protective contexts),23,14,0,0,2,False,3.7317147303014597e-16,0.9999999999999846,5.187966108044506e-06,,extended_r1_greedy_order,,,0.9957980950964391,0.9999190059312582,0.9999998632869578
983,Procambarus alleni,,Malacostraca,Decapoda,Cambaridae,Arthropoda,False,False,very_sparse_1_4,Very limited (1-4 protective contexts),1,1,0,4,1,False,3.643812138052371e-16,0.999999999999985,7.129928079607772e-06,,extended_r1_greedy_order,,Very limited direct protective support; confirmatory testing is a high priority.,0.9958052250245187,0.9999191947156046,0.9999998637117178
984,Paragnetina media,,Insecta,Plecoptera,Perlidae,Arthropoda,False,False,very_sparse_1_4,Very limited (1-4 protective contexts),2,2,0,8,1,False,3.5578519553120004e-16,0.9999999999999852,5.689243628093088e-06,,extended_r1_greedy_order,,Very limited direct protective support; confirmatory testing is a high priority.,0.9958109142681468,0.999919375217073,0.9999998642517769
985,Procambarus paeninsulanus,,Malacostraca,Decapoda,Cambaridae,Arthropoda,False,False,very_sparse_1_4,Very limited (1-4 protective contexts),1,1,0,3,1,False,3.47357571947544e-16,0.9999999999999857,7.0996786707411275e-06,,extended_r1_greedy_order,,Very limited direct protective support; confirmatory testing is a high priority.,0.9958180139468176,0.9999195629500653,0.9999998646731008
986,Acris crepitans,,Amphibia,Anura,Hylidae,Chordata,False,False,sparse_5_19,Limited (5-19 protective contexts),6,3,2,18,2,False,3.39126411611993e-16,0.999999999999986,5.522725961659702e-06,,extended_r1_greedy_order,,Limited direct protective support; interpret the rank with the reported uncertainty.,0.9958235366727792,0.9999197160643393,0.9999998650685233
987,Agnetina sp.,,Insecta,Plecoptera,Perlidae,Arthropoda,False,False,very_sparse_1_4,Very limited (1-4 protective contexts),2,2,0,0,1,False,3.311283277501988e-16,0.9999999999999863,5.391787748942889e-06,,extended_r1_greedy_order,,Very limited direct protective support; confirmatory testing is a high priority.,0.9958289284605282,0.9999198852766022,0.999999865570423
988,Antocha sp.,,Insecta,Diptera,Tipulidae,Arthropoda,False,False,very_sparse_1_4,Very limited (1-4 protective contexts),1,1,0,0,1,False,3.2331592095126556e-16,0.9999999999999866,4.725228195834319e-06,,extended_r1_greedy_order,,Very limited direct protective support; confirmatory testing is a high priority.,0.995833653688724,0.9999200209506263,0.9999998659456116
989,Orconectes sp.,,Malacostraca,Decapoda,Cambaridae,Arthropoda,False,False,very_sparse_1_4,Very limited (1-4 protective contexts),3,2,0,0,1,False,3.1570768449770083e-16,0.9999999999999869,6.660051364071329e-06,,extended_r1_greedy_order,,Very limited direct protective support; confirmatory testing is a high priority.,0.9958403137400881,0.9999202004847141,0.999999866362805
990,Acroneuria lycorias,,Insecta,Plecoptera,Perlidae,Arthropoda,False,False,very_sparse_1_4,Very limited (1-4 protective contexts),3,3,2,5,1,False,3.082597773780107e-16,0.9999999999999872,5.1526805594503955e-06,,extended_r1_greedy_order,,Very limited direct protective support; confirmatory testing is a high priority.,0.9958454664206475,0.9999203581044755,0.9999998668135136
991,Barbonymus gonionotus,,Actinopterygii,Cypriniformes,Cyprinidae,Chordata,False,False,sparse_5_19,Limited (5-19 protective contexts),10,6,0,0,1,False,3.010116716984239e-16,0.9999999999999875,4.492150028734265e-06,,extended_r1_greedy_order,,Limited direct protective support; interpret the rank with the reported uncertainty.,0.9958499585706763,0.9999204718162277,0.9999998670736977
992,Craterocephalus stercusmuscarum,,Actinopterygii,Atheriniformes,Atherinidae,Chordata,False,False,very_sparse_1_4,Very limited (1-4 protective contexts),2,2,0,0,1,False,2.9392157973411035e-16,0.9999999999999877,6.0328374458240575e-06,,extended_r1_greedy_order,,Very limited direct protective support; confirmatory testing is a high priority.,0.9958559914081221,0.9999206446164729,0.9999998675383098
993,Leptodactylus fuscus,,Amphibia,Anura,Leptodactylidae,Chordata,False,False,very_sparse_1_4,Very limited (1-4 protective contexts),1,1,0,0,1,False,2.8694309287474474e-16,0.9999999999999881,6.118103960006671e-06,,extended_r1_greedy_order,,Very limited direct protective support; confirmatory testing is a high priority.,0.9958621095120821,0.9999208054273376,0.9999998679244646
994,Lemna gibba,,Liliopsida,Arales,Lemnaceae,Magnoliophyta,False,False,moderate_20_49,Moderate (20-49 protective contexts),26,15,3,7,2,False,2.8013873482875677e-16,0.9999999999999883,7.526646355171529e-06,,extended_r1_greedy_order,,,0.9958696361584373,0.9999209983289442,0.9999998683443492
995,Pseudepidalea viridis,,Amphibia,Anura,Bufonidae,Chordata,False,False,very_sparse_1_4,Very limited (1-4 protective contexts),2,2,0,0,1,False,2.734839888047747e-16,0.9999999999999886,4.9338408261156985e-06,,extended_r1_greedy_order,,Very limited direct protective support; confirmatory testing is a high priority.,0.9958745699992634,0.9999211299840013,0.9999998686635088
996,Sander canadensis,,Actinopterygii,Perciformes,Percidae,Chordata,False,False,very_sparse_1_4,Very limited (1-4 protective contexts),2,2,0,9,1,False,2.669914208773204e-16,0.999999999999989,6.599550216646044e-06,,extended_r1_greedy_order,,Very limited direct protective support; confirmatory testing is a high priority.,0.99588116954948,0.999921311186092,0.9999998691216504
997,Danio sp.,,Actinopterygii,Cypriniformes,Cyprinidae,Chordata,False,False,very_sparse_1_4,Very limited (1-4 protective contexts),2,2,3,0,1,False,2.607062320180525e-16,0.9999999999999892,5.5652407321415964e-06,,extended_r1_greedy_order,,Very limited direct protective support; confirmatory testing is a high priority.,0.9958867347902122,0.9999214579936934,0.9999998694756492
998,Paraleptophlebia praepedita,,Insecta,Ephemeroptera,Leptophlebiidae,Arthropoda,False,False,very_sparse_1_4,Very limited (1-4 protective contexts),1,1,0,1,1,False,2.5455006723029733e-16,0.9999999999999895,5.1845758718416235e-06,,extended_r1_greedy_order,,Very limited direct protective support; confirmatory testing is a high priority.,0.995891919366084,0.9999216104380328,0.9999998699153028
999,Noturus flavus,,Actinopterygii,Siluriformes,Ictaluridae,Chordata,False,False,very_sparse_1_4,Very limited (1-4 protective contexts),1,1,0,22,1,False,2.4836148611267015e-16,0.9999999999999898,5.790614472811484e-06,,extended_r1_greedy_order,,Very limited direct protective support; confirmatory testing is a high priority.,0.9958977099805568,0.9999217651168317,0.9999998702950308
1000,Ranatra sp.,,Insecta,Heteroptera,Nepidae,Arthropoda,False,False,very_sparse_1_4,Very limited (1-4 protective contexts),2,1,0,0,1,False,2.4246456945106637e-16,0.9999999999999899,4.9644328328213305e-06,,extended_r1_greedy_order,,Very limited direct protective support; confirmatory testing is a high priority.,0.9959026744133896,0.9999219147442762,0.9999998707090372
1001,Cinygmula sp.,,Insecta,Ephemeroptera,Heptageniidae,Arthropoda,False,False,very_sparse_1_4,Very limited (1-4 protective contexts),4,1,0,0,1,False,2.3673370919889393e-16,0.9999999999999902,5.164033562987669e-06,,extended_r1_greedy_order,,Very limited direct protective support; confirmatory testing is a high priority.,0.9959078384469526,0.9999220606058323,0.9999998710944478
1002,Paraleptophlebia pallipes,,Insecta,Ephemeroptera,Leptophlebiidae,Arthropoda,False,False,very_sparse_1_4,Very limited (1-4 protective contexts),1,1,0,0,1,False,2.311510248667966e-16,0.9999999999999905,5.111832886317558e-06,,extended_r1_greedy_order,,Very limited direct protective support; confirmatory testing is a high priority.,0.995912950279839,0.9999222103199166,0.9999998715249747
1003,Rasbora neilgherriensis,,Actinopterygii,Cypriniformes,Cyprinidae,Chordata,False,False,very_sparse_1_4,Very limited (1-4 protective contexts),1,1,0,0,1,False,2.2571489813563604e-16,0.9999999999999907,5.552223333760153e-06,,extended_r1_greedy_order,,Very limited direct protective support; confirmatory testing is a high priority.,0.9959185025031727,0.9999223608028202,0.9999998718981457
1004,Phyllodiaptomus annae,,Maxillopoda,Calanoida,Diaptomidae,Arthropoda,False,False,very_sparse_1_4,Very limited (1-4 protective contexts),2,1,0,0,1,False,2.2020826057464378e-16,0.9999999999999909,6.79030723527152e-06,,extended_r1_greedy_order,,Very limited direct protective support; confirmatory testing is a high priority.,0.995925292810408,0.9999225561729917,0.999999872415919
1005,Thymallus thymallus,,Actinopterygii,Salmoniformes,Salmonidae,Chordata,False,False,sparse_5_19,Limited (5-19 protective contexts),5,3,2,0,1,False,2.1505391381677974e-16,0.999999999999991,4.6858006017558296e-06,,extended_r1_greedy_order,,Limited direct protective support; interpret the rank with the reported uncertainty.,0.9959299786110097,0.9999226863196451,0.9999998727610508
1006,Orconectes propinquus,,Malacostraca,Decapoda,Cambaridae,Arthropoda,False,False,sparse_5_19,Limited (5-19 protective contexts),5,5,1,11,1,False,2.0997366156830495e-16,0.9999999999999912,6.391549274398223e-06,,extended_r1_greedy_order,,Limited direct protective support; interpret the rank with the reported uncertainty.,0.9959363701602841,0.999922858229304,0.9999998731600657
1007,Schizopelex festiva,,Insecta,Trichoptera,Sericostomatidae,Arthropoda,False,False,very_sparse_1_4,Very limited (1-4 protective contexts),2,1,2,0,1,False,2.0500637825771726e-16,0.9999999999999915,4.698136039649192e-06,,extended_r1_greedy_order,,Very limited direct protective support; confirmatory testing is a high priority.,0.9959410682963238,0.9999229946391284,0.9999998735404644
1008,Leptodactylus latrans,,Amphibia,Anura,Leptodactylidae,Chordata,False,False,very_sparse_1_4,Very limited (1-4 protective contexts),2,1,1,0,1,False,2.002075631646105e-16,0.9999999999999917,5.994480227866639e-06,,extended_r1_greedy_order,,Very limited direct protective support; confirmatory testing is a high priority.,0.9959470627765517,0.9999231494401766,0.9999998739036356
1009,Elliptio dilatata,,Bivalvia,Unionoida,Unionidae,Mollusca,False,False,very_sparse_1_4,Very limited (1-4 protective contexts),1,1,0,0,1,False,1.9545760623506574e-16,0.9999999999999919,5.50103021246251e-06,,extended_r1_greedy_order,,Very limited direct protective support; confirmatory testing is a high priority.,0.9959525638067641,0.9999232997464748,0.9999998742788094
1010,Fluminicola sp.,,Gastropoda,Neotaenioglossa,Hydrobiidae,Mollusca,False,False,sparse_5_19,Limited (5-19 protective contexts),6,2,0,0,1,False,1.9083749551799444e-16,0.999999999999992,5.2729735865453264e-06,,extended_r1_greedy_order,,Limited direct protective support; interpret the rank with the reported uncertainty.,0.9959578367803507,0.9999234448284784,0.9999998746521835
1011,Trichogaster pectoralis,,Actinopterygii,Perciformes,Osphronemidae,Chordata,False,False,sparse_5_19,Limited (5-19 protective contexts),11,11,0,0,1,False,1.8635866033130546e-16,0.9999999999999923,5.9105017442551144e-06,,extended_r1_greedy_order,,Limited direct protective support; interpret the rank with the reported uncertainty.,0.9959637472820949,0.9999235929285953,0.9999998749804917
1012,Ictalurus furcatus,,Actinopterygii,Siluriformes,Ictaluridae,Chordata,False,False,very_sparse_1_4,Very limited (1-4 protective contexts),3,3,0,8,2,False,1.8197015915968142e-16,0.9999999999999925,5.958572024011843e-06,,extended_r1_greedy_order,,Very limited direct protective support; confirmatory testing is a high priority.,0.9959697058541189,0.9999237513783287,0.9999998753599074
1013,Ecnomus omiensis,,Insecta,Trichoptera,Ecnomidae,Arthropoda,False,False,very_sparse_1_4,Very limited (1-4 protective contexts),1,1,0,0,1,False,1.777175656330209e-16,0.9999999999999926,4.641924969517319e-06,,extended_r1_greedy_order,,Very limited direct protective support; confirmatory testing is a high priority.,0.9959743477790884,0.9999238857488547,0.9999998757322616
1014,Unio pictorum,,Bivalvia,Unionoida,Unionidae,Mollusca,False,False,very_sparse_1_4,Very limited (1-4 protective contexts),3,3,3,0,1,False,1.7355740460049173e-16,0.9999999999999928,5.2110778452352235e-06,,extended_r1_greedy_order,,Very limited direct protective support; confirmatory testing is a high priority.,0.9959795588569337,0.9999240253702123,0.9999998760706083
1015,Triogma sp.,,Insecta,Diptera,Tipulidae,Arthropoda,False,False,very_sparse_1_4,Very limited (1-4 protective contexts),1,1,0,0,1,False,1.694581248108432e-16,0.999999999999993,4.37609172232456e-06,,extended_r1_greedy_order,,Very limited direct protective support; confirmatory testing is a high priority.,0.995983934948656,0.999924148973032,0.9999998764016058
1016,Craterocephalus marianae,,Actinopterygii,Atheriniformes,Atherinidae,Chordata,False,False,very_sparse_1_4,Very limited (1-4 protective contexts),2,1,0,0,1,False,1.6546222542971728e-16,0.9999999999999931,5.645817898414229e-06,,extended_r1_greedy_order,,Very limited direct protective support; confirmatory testing is a high priority.,0.9959895807665544,0.999924307914329,0.9999998768166265
1017,Puntius chola,,Actinopterygii,Cypriniformes,Cyprinidae,Chordata,False,False,very_sparse_1_4,Very limited (1-4 protective contexts),1,1,3,0,1,False,1.6158812364695484e-16,0.9999999999999932,5.308375926271758e-06,,extended_r1_greedy_order,,Very limited direct protective support; confirmatory testing is a high priority.,0.9959948891424807,0.9999244482776152,0.9999998771543408
1018,Ophiogomphus sp.,,Insecta,Odonata,Gomphidae,Arthropoda,False,False,sparse_5_19,Limited (5-19 protective contexts),7,6,1,0,1,False,1.577634821270616e-16,0.9999999999999934,4.343007024676382e-06,,extended_r1_greedy_order,,Limited direct protective support; interpret the rank with the reported uncertainty.,0.9959992321495054,0.9999245796924477,0.99999987754932
1019,Adenophlebia auriculata,,Insecta,Ephemeroptera,Leptophlebiidae,Arthropoda,False,False,very_sparse_1_4,Very limited (1-4 protective contexts),2,2,1,0,1,False,1.5407444064867928e-16,0.9999999999999936,4.8053535240955014e-06,,extended_r1_greedy_order,,Very limited direct protective support; confirmatory testing is a high priority.,0.9960040375030295,0.9999247184100538,0.9999998779344452
1020,Erimyzon sucetta,,Actinopterygii,Cypriniformes,Catostomidae,Chordata,False,False,sparse_5_19,Limited (5-19 protective contexts),11,11,0,17,1,False,1.5047619731943832e-16,0.9999999999999938,5.6965480256243595e-06,,extended_r1_greedy_order,,Limited direct protective support; interpret the rank with the reported uncertainty.,0.9960097340510551,0.9999248677707184,0.9999998782901368
1021,Somatochlora cingulata,,Insecta,Odonata,Corduliidae,Arthropoda,False,False,very_sparse_1_4,Very limited (1-4 protective contexts),1,1,2,5,1,False,1.4696185985531686e-16,0.999999999999994,4.290333983525407e-06,,extended_r1_greedy_order,,Very limited direct protective support; confirmatory testing is a high priority.,0.9960140243850386,0.9999249908112967,0.9999998786252029
1022,Ptychocheilus lucius,,Actinopterygii,Cypriniformes,Cyprinidae,Chordata,False,False,moderate_20_49,Moderate (20-49 protective contexts),49,26,1,2,2,False,1.4352591059021233e-16,0.9999999999999941,4.7247300691832805e-06,,extended_r1_greedy_order,,,0.9960187491151078,0.9999250926816023,0.9999998788081699
1023,Semisulcospira libertina,,Gastropoda,Neotaenioglossa,Pleuroceridae,Mollusca,False,False,moderate_20_49,Moderate (20-49 protective contexts),24,24,0,0,1,False,1.4017340476281233e-16,0.9999999999999942,5.84183707530439e-06,,extended_r1_greedy_order,,,0.9960245909521831,0.9999252249434382,0.99999987904054
1024,Zacco temmincki,,Actinopterygii,Cypriniformes,Cyprinidae,Chordata,False,False,very_sparse_1_4,Very limited (1-4 protective contexts),3,3,0,0,1,False,1.3689640773602708e-16,0.9999999999999943,4.068373554710902e-06,,extended_r1_greedy_order,,Very limited direct protective support; confirmatory testing is a high priority.,0.9960286593257378,0.9999253273916651,0.9999998792700507
1025,Scenedesmus incrassatulus,,Chlorophyceae,Chlorococcales,Scenedesmaceae,Chlorophyta,False,False,very_sparse_1_4,Very limited (1-4 protective contexts),2,1,1,0,2,False,1.3360411317707354e-16,0.9999999999999946,5.4307897585648135e-06,,extended_r1_greedy_order,,Very limited direct protective support; confirmatory testing is a high priority.,0.9960340901154964,0.9999254677867401,0.9999998795733582
1026,Corbicula leana,,Bivalvia,Veneroida,Corbiculidae,Mollusca,False,False,very_sparse_1_4,Very limited (1-4 protective contexts),2,2,0,0,1,False,1.3046453187853565e-16,0.9999999999999947,6.922753862048658e-06,,extended_r1_greedy_order,,Very limited direct protective support; confirmatory testing is a high priority.,0.9960410128693584,0.9999256423768262,0.9999998799505222
1027,Prosimulium magnum,,Insecta,Diptera,Simuliidae,Arthropoda,False,False,very_sparse_1_4,Very limited (1-4 protective contexts),1,1,0,1,1,False,1.2739712068223658e-16,0.9999999999999948,4.716730697573723e-06,,extended_r1_greedy_order,,Very limited direct protective support; confirmatory testing is a high priority.,0.996045729600056,0.9999257797120213,0.9999998803277723
1028,Paraleptophlebia sp.,,Insecta,Ephemeroptera,Leptophlebiidae,Arthropoda,False,False,very_sparse_1_4,Very limited (1-4 protective contexts),2,2,0,0,1,False,1.2441099850715262e-16,0.9999999999999948,4.894555809986656e-06,,extended_r1_greedy_order,,Very limited direct protective support; confirmatory testing is a high priority.,0.996050624155866,0.9999259214586549,0.9999998807236669
1029,Prosimulium formosum,,Insecta,Diptera,Simuliidae,Arthropoda,False,False,very_sparse_1_4,Very limited (1-4 protective contexts),1,1,0,0,1,False,1.2150640671556922e-16,0.999999999999995,4.7309169787235206e-06,,extended_r1_greedy_order,,Very limited direct protective support; confirmatory testing is a high priority.,0.9960553550728447,0.9999260585461226,0.9999998810972248
1030,Scenedesmus sp.,,Chlorophyceae,Chlorococcales,Scenedesmaceae,Chlorophyta,False,False,very_sparse_1_4,Very limited (1-4 protective contexts),2,2,3,0,2,False,1.1867065893758237e-16,0.999999999999995,5.261513923437988e-06,,extended_r1_greedy_order,,Very limited direct protective support; confirmatory testing is a high priority.,0.9960606165867681,0.9999261948009777,0.9999998813936016
1031,Paratelphusa hydrodromus,,Malacostraca,Decapoda,Parathelphusidae,Arthropoda,False,False,sparse_5_19,Limited (5-19 protective contexts),9,5,0,0,1,False,1.1587544887120116e-16,0.9999999999999952,5.285611339722607e-06,,extended_r1_greedy_order,,Limited direct protective support; interpret the rank with the reported uncertainty.,0.9960659021981079,0.999926331469607,0.9999998816944986
1032,Fundulus seminolis,,Actinopterygii,Cyprinodontiformes,Cyprinodontidae,Chordata,False,False,very_sparse_1_4,Very limited (1-4 protective contexts),2,1,0,1,1,False,1.1314792378372484e-16,0.9999999999999952,5.475474655014523e-06,,extended_r1_greedy_order,,Very limited direct protective support; confirmatory testing is a high priority.,0.9960713776727629,0.9999264804183272,0.9999998820650925
1033,Procambarus blandingii,,Malacostraca,Decapoda,Cambaridae,Arthropoda,False,False,very_sparse_1_4,Very limited (1-4 protective contexts),2,2,0,1,2,False,1.1049669288018518e-16,0.9999999999999954,6.3876388187722455e-06,,extended_r1_greedy_order,,Very limited direct protective support; confirmatory testing is a high priority.,0.9960777653115817,0.9999266460973691,0.9999998824232817
1034,Laccotrephes sp.,,Insecta,Heteroptera,Nepidae,Arthropoda,False,False,very_sparse_1_4,Very limited (1-4 protective contexts),1,1,0,0,1,False,1.0788989711845115e-16,0.9999999999999954,4.3313341465678334e-06,,extended_r1_greedy_order,,Very limited direct protective support; confirmatory testing is a high priority.,0.9960820966457282,0.9999267719156169,0.9999998827604559
1035,Fontigens aldrichi,,Gastropoda,Neotaenioglossa,Hydrobiidae,Mollusca,False,False,sparse_5_19,Limited (5-19 protective contexts),6,2,0,0,1,False,1.0537608209760926e-16,0.9999999999999957,4.96362127233585e-06,,extended_r1_greedy_order,,Limited direct protective support; interpret the rank with the reported uncertainty.,0.9960870602670006,0.9999269079544125,0.9999998831048255
1036,Corbicula manilensis,,Bivalvia,Veneroida,Corbiculidae,Mollusca,False,False,sparse_5_19,Limited (5-19 protective contexts),18,16,0,4,2,False,1.029069688400989e-16,0.9999999999999957,6.796758928451219e-06,,extended_r1_greedy_order,,Limited direct protective support; interpret the rank with the reported uncertainty.,0.996093857025929,0.999927068350387,0.9999998834056346
1037,Brachycentrus americanus,,Insecta,Trichoptera,Brachycentridae,Arthropoda,False,False,sparse_5_19,Limited (5-19 protective contexts),13,9,2,5,1,False,1.0048334751308658e-16,0.9999999999999958,4.792144789433905e-06,,extended_r1_greedy_order,,Limited direct protective support; interpret the rank with the reported uncertainty.,0.9960986491707184,0.9999272031305008,0.9999998837546332
1038,Macromia magnifica,,Insecta,Odonata,Corduliidae,Arthropoda,False,False,very_sparse_1_4,Very limited (1-4 protective contexts),1,1,1,7,1,False,9.814521372311862e-17,0.9999999999999959,4.092252811283004e-06,,extended_r1_greedy_order,,Very limited direct protective support; confirmatory testing is a high priority.,0.9961027414235297,0.999927320293653,0.9999998840692241
1039,Argia fumipennis,,Insecta,Odonata,Coenagrionidae,Arthropoda,False,False,very_sparse_1_4,Very limited (1-4 protective contexts),1,1,1,42,1,False,9.584683616595248e-17,0.999999999999996,4.874208205052355e-06,,extended_r1_greedy_order,,Very limited direct protective support; confirmatory testing is a high priority.,0.9961076156317348,0.9999274538651218,0.9999998844067263
1040,Microhyla pulchra,,Amphibia,Anura,Microhylidae,Chordata,False,False,very_sparse_1_4,Very limited (1-4 protective contexts),1,1,0,0,1,False,9.357809095739101e-17,0.9999999999999961,5.729785660268938e-06,,extended_r1_greedy_order,,Very limited direct protective support; confirmatory testing is a high priority.,0.996113345417395,0.9999276010488292,0.999999884731011
1041,Australorbis sp.,,Gastropoda,Basommatophora,Planorbidae,Mollusca,False,False,very_sparse_1_4,Very limited (1-4 protective contexts),2,2,0,0,1,False,9.137538836976113e-17,0.9999999999999961,4.264097196560179e-06,,extended_r1_greedy_order,,Very limited direct protective support; confirmatory testing is a high priority.,0.9961176095145916,0.9999277106819613,0.9999998849840535
1042,Acipenser brevirostrum,,Actinopterygii,Acipenseriformes,Acipenseridae,Chordata,False,False,sparse_5_19,Limited (5-19 protective contexts),10,6,0,0,1,False,8.924780393088801e-17,0.9999999999999962,6.411074572110209e-06,,extended_r1_greedy_order,,Limited direct protective support; interpret the rank with the reported uncertainty.,0.9961240205891637,0.9999278855064262,0.999999885418526
1043,Aplocheilus lineatus,,Actinopterygii,Cyprinodontiformes,Cyprinodontidae,Chordata,False,False,sparse_5_19,Limited (5-19 protective contexts),6,6,0,0,1,False,8.713264179630069e-17,0.9999999999999963,5.0004706635409235e-06,,extended_r1_greedy_order,,Limited direct protective support; interpret the rank with the reported uncertainty.,0.9961290210598273,0.9999280169715719,0.9999998857339918
1044,Scenedesmus acutiformis,,Chlorophyceae,Chlorococcales,Scenedesmaceae,Chlorophyta,False,False,very_sparse_1_4,Very limited (1-4 protective contexts),4,4,0,0,1,False,8.510324592309922e-17,0.9999999999999966,4.90095623706388e-06,,extended_r1_greedy_order,,Very limited direct protective support; confirmatory testing is a high priority.,0.9961339220160643,0.9999281436328953,0.9999998860101631
1045,Scenedesmus bijuga,,Chlorophyceae,Chlorococcales,Scenedesmaceae,Chlorophyta,False,False,very_sparse_1_4,Very limited (1-4 protective contexts),4,4,0,0,1,False,8.312433316232056e-17,0.9999999999999966,4.8922982451848895e-06,,extended_r1_greedy_order,,Very limited direct protective support; confirmatory testing is a high priority.,0.9961388143143095,0.999928270020781,0.9999998862855526
1046,Scenedesmus longus,,Chlorophyceae,Chlorococcales,Scenedesmaceae,Chlorophyta,False,False,very_sparse_1_4,Very limited (1-4 protective contexts),4,4,0,1,1,False,8.119149454222598e-17,0.9999999999999966,4.8836613922853545e-06,,extended_r1_greedy_order,,Very limited direct protective support; confirmatory testing is a high priority.,0.9961436979757018,0.9999283961359552,0.999999886560162
1047,Scenedesmus serratus,,Chlorophyceae,Chlorococcales,Scenedesmaceae,Chlorophyta,False,False,very_sparse_1_4,Very limited (1-4 protective contexts),4,4,0,0,1,False,7.930365585669069e-17,0.9999999999999966,4.87504560964247e-06,,extended_r1_greedy_order,,Very limited direct protective support; confirmatory testing is a high priority.,0.9961485730213114,0.9999285219791418,0.9999998868339941
1048,Brachydeutera argentata,,Insecta,Diptera,Ephydridae,Arthropoda,False,False,very_sparse_1_4,Very limited (1-4 protective contexts),1,1,0,16,1,False,7.745122804361908e-17,0.9999999999999968,3.983151342756841e-06,,extended_r1_greedy_order,,Very limited direct protective support; confirmatory testing is a high priority.,0.9961525561726542,0.9999286362330233,0.9999998871437555
1049,Caudiverbera caudiverbera,,Amphibia,Anura,Leptodactylidae,Chordata,False,False,very_sparse_1_4,Very limited (1-4 protective contexts),1,1,0,0,1,False,7.564057941411903e-17,0.9999999999999968,5.320039806577803e-06,,extended_r1_greedy_order,,Very limited direct protective support; confirmatory testing is a high priority.,0.9961578762124608,0.9999287727539827,0.9999998874543746
1050,Laccophilus sp.,,Insecta,Coleoptera,Dytiscidae,Arthropoda,False,False,very_sparse_1_4,Very limited (1-4 protective contexts),1,1,0,0,1,False,7.387532504811136e-17,0.999999999999997,4.2087739029472715e-06,,extended_r1_greedy_order,,Very limited direct protective support; confirmatory testing is a high priority.,0.9961620849863637,0.9999288941636887,0.9999998877866425
1051,Fundulus notatus,,Actinopterygii,Cyprinodontiformes,Cyprinodontidae,Chordata,False,False,very_sparse_1_4,Very limited (1-4 protective contexts),2,1,0,14,1,False,7.213932984014887e-17,0.999999999999997,5.23446636824243e-06,,extended_r1_greedy_order,,Very limited direct protective support; confirmatory testing is a high priority.,0.996167319452732,0.9999290352705745,0.9999998881312954
1052,Stenopsyche griseipennis,,Insecta,Trichoptera,Stenopsychidae,Arthropoda,False,False,very_sparse_1_4,Very limited (1-4 protective contexts),2,2,0,0,1,False,7.045465857377046e-17,0.999999999999997,3.940892208786906e-06,,extended_r1_greedy_order,,Very limited direct protective support; confirmatory testing is a high priority.,0.9961712603449407,0.9999291471479027,0.9999998884313026
1053,Psychomyia sp.,,Insecta,Trichoptera,Psychomyiidae,Arthropoda,False,False,very_sparse_1_4,Very limited (1-4 protective contexts),1,1,0,0,1,False,6.881507007099592e-17,0.999999999999997,3.933812812495496e-06,,extended_r1_greedy_order,,Very limited direct protective support; confirmatory testing is a high priority.,0.9961751941577532,0.9999292593248557,0.9999998887330445
1054,Scenedesmus hystrix,,Chlorophyceae,Chlorococcales,Scenedesmaceae,Chlorophyta,False,False,very_sparse_1_4,Very limited (1-4 protective contexts),4,4,0,0,1,False,6.720972043990044e-17,0.9999999999999972,4.798236099223807e-06,,extended_r1_greedy_order,,Very limited direct protective support; confirmatory testing is a high priority.,0.9961799923938525,0.9999293825857228,0.9999998889988004
1055,Crangonyx sp.,,Malacostraca,Amphipoda,Crangonyctidae,Arthropoda,False,False,very_sparse_1_4,Very limited (1-4 protective contexts),3,1,0,0,1,False,6.563276152644587e-17,0.9999999999999972,5.274130662091814e-06,,extended_r1_greedy_order,,Very limited direct protective support; confirmatory testing is a high priority.,0.9961852665245146,0.9999295269104436,0.9999998893379282
1056,Ranatra linearis,,Insecta,Heteroptera,Nepidae,Arthropoda,False,False,very_sparse_1_4,Very limited (1-4 protective contexts),3,1,0,0,1,False,6.410643783358959e-17,0.9999999999999973,4.455264147829041e-06,,extended_r1_greedy_order,,Very limited direct protective support; confirmatory testing is a high priority.,0.9961897217886624,0.9999296573013116,0.9999998896787431
1057,Etroplus maculatus,,Actinopterygii,Perciformes,Cichlidae,Chordata,False,False,sparse_5_19,Limited (5-19 protective contexts),5,5,0,0,2,False,6.261736007041145e-17,0.9999999999999974,4.774387239447897e-06,,extended_r1_greedy_order,,Limited direct protective support; interpret the rank with the reported uncertainty.,0.9961944961759018,0.9999297815427144,0.9999998899700668
1058,Acipenser ruthenus,,Actinopterygii,Acipenseriformes,Acipenseridae,Chordata,False,False,very_sparse_1_4,Very limited (1-4 protective contexts),1,1,0,0,1,False,6.115817711912599e-17,0.9999999999999974,6.188403056772707e-06,,extended_r1_greedy_order,,Very limited direct protective support; confirmatory testing is a high priority.,0.9962006845789586,0.9999299474562188,0.99999989037469
1059,Scenedesmus quadricauda,,Chlorophyceae,Chlorococcales,Scenedesmaceae,Chlorophyta,False,False,sparse_5_19,Limited (5-19 protective contexts),13,12,37,1,2,False,5.971570613109683e-17,0.9999999999999976,4.974867340745703e-06,,extended_r1_greedy_order,,Limited direct protective support; interpret the rank with the reported uncertainty.,0.9962056594462994,0.9999300765371044,0.9999998906564785
1060,Isidorella newcombi,,Gastropoda,Basommatophora,Planorbidae,Mollusca,False,False,very_sparse_1_4,Very limited (1-4 protective contexts),1,1,0,0,1,False,5.832368924523192e-17,0.9999999999999977,4.0675431192127576e-06,,extended_r1_greedy_order,,Very limited direct protective support; confirmatory testing is a high priority.,0.9962097269894186,0.9999301799334386,0.9999998908884548
1061,Alasmidonta heterodon,,Bivalvia,Unionoida,Unionidae,Mollusca,False,False,very_sparse_1_4,Very limited (1-4 protective contexts),4,4,0,1,1,False,5.69694975598117e-17,0.9999999999999977,4.644713606505313e-06,,extended_r1_greedy_order,,Very limited direct protective support; confirmatory testing is a high priority.,0.9962143717030251,0.9999303043215036,0.9999998911884957
1062,Acipenser gueldenstaedtii,,Actinopterygii,Acipenseriformes,Acipenseridae,Chordata,False,False,very_sparse_1_4,Very limited (1-4 protective contexts),1,1,1,0,1,False,5.563401280449191e-17,0.9999999999999977,6.267903472800818e-06,,extended_r1_greedy_order,,Very limited direct protective support; confirmatory testing is a high priority.,0.9962206396064979,0.9999304714402116,0.9999998915928235
1063,Labeo rohita,,Actinopterygii,Cypriniformes,Cyprinidae,Chordata,False,False,strong_50_plus,Strong (50+ protective contexts),83,44,22,0,3,False,5.432830659495306e-17,0.9999999999999977,5.187565798259186e-06,,extended_r1_greedy_order,,,0.9962258271722961,0.999930598414856,0.999999891850977
1064,Ranatra elongata,,Insecta,Heteroptera,Nepidae,Arthropoda,False,False,sparse_5_19,Limited (5-19 protective contexts),5,5,0,0,1,False,5.304995999989357e-17,0.9999999999999979,4.1882176823326844e-06,,extended_r1_greedy_order,,Limited direct protective support; interpret the rank with the reported uncertainty.,0.9962300153899785,0.999930719345858,0.9999998921613533
1065,Scenedesmus bijugatus,,Chlorophyceae,Chlorococcales,Scenedesmaceae,Chlorophyta,False,False,very_sparse_1_4,Very limited (1-4 protective contexts),4,2,1,0,1,False,5.1814770426504115e-17,0.9999999999999979,4.663607733212949e-06,,extended_r1_greedy_order,,Very limited direct protective support; confirmatory testing is a high priority.,0.9962346789977117,0.9999308375354292,0.9999998924097697
1066,Orthotrichia sp.,,Insecta,Trichoptera,Hydroptilidae,Arthropoda,False,False,very_sparse_1_4,Very limited (1-4 protective contexts),1,1,0,0,1,False,5.0597104253699505e-17,0.9999999999999979,4.035971033156116e-06,,extended_r1_greedy_order,,Very limited direct protective support; confirmatory testing is a high priority.,0.9962387149687448,0.9999309513208844,0.9999998927090448
1067,Taylorconcha serpenticola,,Gastropoda,Neotaenioglossa,Hydrobiidae,Mollusca,False,False,sparse_5_19,Limited (5-19 protective contexts),5,2,0,0,1,False,4.942323632348863e-17,0.999999999999998,4.583431766458368e-06,,extended_r1_greedy_order,,Limited direct protective support; interpret the rank with the reported uncertainty.,0.9962432984005113,0.9999310745387925,0.9999998930114123
1068,Ameiurus nebulosus,,Actinopterygii,Siluriformes,Ictaluridae,Chordata,False,False,sparse_5_19,Limited (5-19 protective contexts),13,11,2,23,1,False,4.827093349869833e-17,0.999999999999998,5.821136411676697e-06,,extended_r1_greedy_order,,Limited direct protective support; interpret the rank with the reported uncertainty.,0.996249119536923,0.9999312187960339,0.999999893317189
1069,Pseudorasbora parva,,Actinopterygii,Cypriniformes,Cyprinidae,Chordata,False,False,sparse_5_19,Limited (5-19 protective contexts),19,12,1,0,1,False,4.71481385549583e-17,0.9999999999999981,5.0975277169351685e-06,,extended_r1_greedy_order,,Limited direct protective support; interpret the rank with the reported uncertainty.,0.9962542170646399,0.9999313462638658,0.9999998935949839
1070,Haliplus sp.,,Insecta,Coleoptera,Haliplidae,Arthropoda,False,False,very_sparse_1_4,Very limited (1-4 protective contexts),1,1,0,0,1,False,4.604269796148491e-17,0.9999999999999981,3.7467023642490105e-06,,extended_r1_greedy_order,,Very limited direct protective support; confirmatory testing is a high priority.,0.9962579637670042,0.9999314539907064,0.999999893884462
1071,Psilotreta sp.,,Insecta,Trichoptera,Odontoceridae,Arthropoda,False,False,very_sparse_1_4,Very limited (1-4 protective contexts),1,1,0,0,1,False,4.4976959643326814e-17,0.9999999999999981,3.741045896399342e-06,,extended_r1_greedy_order,,Very limited direct protective support; confirmatory testing is a high priority.,0.9962617048129006,0.9999315599737187,0.999999894165035
1072,Ictalurus sp.,,Actinopterygii,Siluriformes,Ictaluridae,Chordata,False,False,sparse_5_19,Limited (5-19 protective contexts),5,5,0,0,1,False,4.3930216866489107e-17,0.9999999999999982,5.270699849457827e-06,,extended_r1_greedy_order,,Limited direct protective support; interpret the rank with the reported uncertainty.,0.99626697551275,0.9999316960624387,0.9999998944719833
1073,Pseudagrion sp.,,Insecta,Odonata,Coenagrionidae,Arthropoda,False,False,very_sparse_1_4,Very limited (1-4 protective contexts),3,3,0,0,1,False,4.2912657361077644e-17,0.9999999999999983,4.503530228516794e-06,,extended_r1_greedy_order,,Very limited direct protective support; confirmatory testing is a high priority.,0.9962714790429785,0.9999318182219786,0.9999998947751256
1074,Nepa sp.,,Insecta,Heteroptera,Nepidae,Arthropoda,False,False,sparse_5_19,Limited (5-19 protective contexts),9,6,0,0,1,False,4.191275113576632e-17,0.9999999999999983,4.209693519996449e-06,,extended_r1_greedy_order,,Limited direct protective support; interpret the rank with the reported uncertainty.,0.9962756887364985,0.9999319364281413,0.9999998950703664
1075,Notemigonus crysoleucas,,Actinopterygii,Cypriniformes,Cyprinidae,Chordata,False,False,moderate_20_49,Moderate (20-49 protective contexts),43,34,10,20,2,False,4.093876355976282e-17,0.9999999999999983,4.715166281865635e-06,,extended_r1_greedy_order,,,0.9962804039027804,0.9999320491746626,0.9999998953007805
1076,Scenedesmus pannonicus,,Chlorophyceae,Chlorococcales,Scenedesmaceae,Chlorophyta,False,False,very_sparse_1_4,Very limited (1-4 protective contexts),4,4,0,0,1,False,3.9990833181749675e-17,0.9999999999999984,4.944163069176e-06,,extended_r1_greedy_order,,Very limited direct protective support; confirmatory testing is a high priority.,0.9962853480658496,0.9999321738910053,0.9999998955566648
1077,Holorusia sp.,,Insecta,Diptera,Tipulidae,Arthropoda,False,False,very_sparse_1_4,Very limited (1-4 protective contexts),2,2,0,0,1,False,3.905865607024333e-17,0.9999999999999984,3.687461258894409e-06,,extended_r1_greedy_order,,Very limited direct protective support; confirmatory testing is a high priority.,0.9962890355271085,0.999932275333158,0.9999998958136326
1078,Coretus corneus,,Gastropoda,Basommatophora,Planorbidae,Mollusca,False,False,sparse_5_19,Limited (5-19 protective contexts),8,5,3,1,1,False,3.813799129674057e-17,0.9999999999999984,4.37142665943302e-06,,extended_r1_greedy_order,,Limited direct protective support; interpret the rank with the reported uncertainty.,0.9962934069537679,0.9999323910731169,0.9999998960853864
1079,Eretes sticticus,,Insecta,Coleoptera,Dytiscidae,Arthropoda,False,False,sparse_5_19,Limited (5-19 protective contexts),8,8,0,2,1,False,3.7253201240874246e-17,0.9999999999999986,3.9078479902032726e-06,,extended_r1_greedy_order,,Limited direct protective support; interpret the rank with the reported uncertainty.,0.9962973148017581,0.999932505581139,0.999999896403932
1080,Taeniopteryx nivalis,,Insecta,Plecoptera,Taeniopterygidae,Arthropoda,False,False,very_sparse_1_4,Very limited (1-4 protective contexts),1,1,0,1,1,False,3.639244405648798e-17,0.9999999999999986,3.6593055858791246e-06,,extended_r1_greedy_order,,Very limited direct protective support; confirmatory testing is a high priority.,0.996300974107344,0.9999326096618156,0.999999896678136
1081,Morone americana,,Actinopterygii,Perciformes,Moronidae,Chordata,False,False,very_sparse_1_4,Very limited (1-4 protective contexts),1,1,2,7,2,False,3.555066817362164e-17,0.9999999999999986,5.544571705984325e-06,,extended_r1_greedy_order,,Very limited direct protective support; confirmatory testing is a high priority.,0.99630651867905,0.9999327593523858,0.999999897031968
1082,Baetisca obesa,,Insecta,Ephemeroptera,Baetiscidae,Arthropoda,False,False,very_sparse_1_4,Very limited (1-4 protective contexts),1,1,0,2,1,False,3.472531236851539e-17,0.9999999999999986,4.114327727178235e-06,,extended_r1_greedy_order,,Very limited direct protective support; confirmatory testing is a high priority.,0.9963106330067771,0.9999328748126005,0.9999998973311838
1083,Elliptio icterina,,Bivalvia,Unionoida,Unionidae,Mollusca,False,False,very_sparse_1_4,Very limited (1-4 protective contexts),2,1,0,1,1,False,3.392226632521841e-17,0.9999999999999987,4.616343605712281e-06,,extended_r1_greedy_order,,Very limited direct protective support; confirmatory testing is a high priority.,0.9963152493503828,0.9999329963991909,0.9999998976129195
1084,Rhinella arenarum,,Amphibia,Anura,Bufonidae,Chordata,False,False,strong_50_plus,Strong (50+ protective contexts),73,33,9,0,4,False,3.313749261240853e-17,0.9999999999999988,4.788826055923678e-06,,extended_r1_greedy_order,,,0.9963200381764388,0.9999330907846146,0.9999998977448479
1085,Pericoma sp.,,Insecta,Diptera,Psychodidae,Arthropoda,False,False,very_sparse_1_4,Very limited (1-4 protective contexts),1,1,0,0,1,False,3.236745487126391e-17,0.9999999999999988,3.6195739873123856e-06,,extended_r1_greedy_order,,Very limited direct protective support; confirmatory testing is a high priority.,0.9963236577504261,0.9999331931179235,0.9999998980133566
1086,Berosus styliferus,,Insecta,Coleoptera,Hydrophilidae,Arthropoda,False,False,very_sparse_1_4,Very limited (1-4 protective contexts),2,1,0,2,1,False,3.161967804079875e-17,0.9999999999999988,3.71240434582365e-06,,extended_r1_greedy_order,,Very limited direct protective support; confirmatory testing is a high priority.,0.9963273701547719,0.9999332954730641,0.9999998982706333
1087,Siphlonurus linnaeanus,,Insecta,Ephemeroptera,Siphlonuridae,Arthropoda,False,False,very_sparse_1_4,Very limited (1-4 protective contexts),1,1,0,4,2,False,3.088874630588414e-17,0.9999999999999988,3.6446803356460222e-06,,extended_r1_greedy_order,,Very limited direct protective support; confirmatory testing is a high priority.,0.9963310148351076,0.9999333981732406,0.9999998985385747
1088,Cordulia aenea,,Insecta,Odonata,Corduliidae,Arthropoda,False,False,very_sparse_1_4,Very limited (1-4 protective contexts),2,2,0,0,1,False,3.016751526978045e-17,0.9999999999999989,3.6382569886805882e-06,,extended_r1_greedy_order,,Very limited direct protective support; confirmatory testing is a high priority.,0.9963346530920962,0.9999335000571247,0.9999998988013138
1089,Glossosoma sp.,,Insecta,Trichoptera,Glossosomatidae,Arthropoda,False,False,very_sparse_1_4,Very limited (1-4 protective contexts),1,1,0,0,1,False,2.947079243516198e-17,0.9999999999999989,3.593103966803568e-06,,extended_r1_greedy_order,,Very limited direct protective support; confirmatory testing is a high priority.,0.996338246196063,0.9999336010432337,0.999999899063787
1090,Leuctra sp.,,Insecta,Plecoptera,Leuctridae,Arthropoda,False,False,very_sparse_1_4,Very limited (1-4 protective contexts),1,1,0,0,1,False,2.879033790031578e-17,0.9999999999999989,3.5879762604329457e-06,,extended_r1_greedy_order,,Very limited direct protective support; confirmatory testing is a high priority.,0.9963418341723235,0.9999337012756062,0.9999998993221216
1091,Platycnemis pennipes,,Insecta,Odonata,Platycnemididae,Arthropoda,False,False,very_sparse_1_4,Very limited (1-4 protective contexts),1,1,0,0,1,False,2.811708421361196e-17,0.9999999999999989,3.610633438677624e-06,,extended_r1_greedy_order,,Very limited direct protective support; confirmatory testing is a high priority.,0.9963454448057621,0.9999338025799831,0.9999998995844968
1092,Thermonectus basillaris,,Insecta,Coleoptera,Dytiscidae,Arthropoda,False,False,very_sparse_1_4,Very limited (1-4 protective contexts),4,2,0,21,1,False,2.746592229506254e-17,0.9999999999999989,3.8009111242853777e-06,,extended_r1_greedy_order,,Very limited direct protective support; confirmatory testing is a high priority.,0.9963492457168864,0.9999339127452989,0.9999998998794888
1093,Atalophlebia sp.,,Insecta,Ephemeroptera,Leptophlebiidae,Arthropoda,False,False,very_sparse_1_4,Very limited (1-4 protective contexts),2,1,0,0,1,False,2.683000231186894e-17,0.999999999999999,4.065921841656106e-06,,extended_r1_greedy_order,,Very limited direct protective support; confirmatory testing is a high priority.,0.9963533116387281,0.9999340276673415,0.9999999001805523
1094,Xylota sp.,,Insecta,Diptera,Xylotina,Arthropoda,False,False,very_sparse_1_4,Very limited (1-4 protective contexts),1,1,0,0,1,False,2.62088684200494e-17,0.999999999999999,3.5563571535446314e-06,,extended_r1_greedy_order,,Very limited direct protective support; confirmatory testing is a high priority.,0.9963568679958816,0.9999341272112643,0.9999999004371307
1095,Lethocerus sp.,,Insecta,Heteroptera,Belostomatidae,Arthropoda,False,False,very_sparse_1_4,Very limited (1-4 protective contexts),1,1,0,0,1,False,2.5604250966829116e-17,0.999999999999999,3.705411472765263e-06,,extended_r1_greedy_order,,Very limited direct protective support; confirmatory testing is a high priority.,0.9963605734073544,0.9999342320365874,0.9999999007100294
1096,Austrolestes colensonis,,Insecta,Zygoptera,Lestidae,Arthropoda,False,False,very_sparse_1_4,Very limited (1-4 protective contexts),2,2,0,0,1,False,2.500859933546863e-17,0.999999999999999,3.542526037181304e-06,,extended_r1_greedy_order,,Very limited direct protective support; confirmatory testing is a high priority.,0.9963641159333916,0.9999343325970725,0.999999900973585
1097,Erythromma viridulum,,Insecta,Odonata,Coenagrionidae,Arthropoda,False,False,very_sparse_1_4,Very limited (1-4 protective contexts),2,1,1,0,1,False,2.443078630259553e-17,0.999999999999999,4.281324789023877e-06,,extended_r1_greedy_order,,Very limited direct protective support; confirmatory testing is a high priority.,0.9963683972581806,0.9999344468519414,0.9999999012471397
1098,Agnetina capitata,,Insecta,Plecoptera,Perlidae,Arthropoda,False,False,very_sparse_1_4,Very limited (1-4 protective contexts),4,4,1,8,1,False,2.3865154541346178e-17,0.999999999999999,4.273301542401242e-06,,extended_r1_greedy_order,,Very limited direct protective support; confirmatory testing is a high priority.,0.996372670559723,0.9999345731880224,0.9999999015776467
1099,Heliodiaptomus viduus,,Maxillopoda,Calanoida,Diaptomidae,Arthropoda,False,False,very_sparse_1_4,Very limited (1-4 protective contexts),2,2,0,0,1,False,2.3308344020925443e-17,0.9999999999999992,5.544128664380921e-06,,extended_r1_greedy_order,,Very limited direct protective support; confirmatory testing is a high priority.,0.9963782146883874,0.9999347245788476,0.9999999019419797
1100,Pomacea patula,,Gastropoda,Architaenioglossa,Ampullariidae,Mollusca,False,False,very_sparse_1_4,Very limited (1-4 protective contexts),2,1,0,0,1,False,2.2767396682122872e-17,0.9999999999999992,5.551302332595931e-06,,extended_r1_greedy_order,,Very limited direct protective support; confirmatory testing is a high priority.,0.99638376599072,0.9999348611803514,0.999999902218484
1101,Helicopsyche sp.,,Insecta,Trichoptera,Helicopsychidae,Arthropoda,False,False,very_sparse_1_4,Very limited (1-4 protective contexts),1,1,1,0,1,False,2.2242523962471424e-17,0.9999999999999992,3.4989347958980233e-06,,extended_r1_greedy_order,,Very limited direct protective support; confirmatory testing is a high priority.,0.9963872649255159,0.9999349586954321,0.9999999024674381
1102,Leuctra moselyi,,Insecta,Plecoptera,Leuctridae,Arthropoda,False,False,very_sparse_1_4,Very limited (1-4 protective contexts),1,1,0,0,1,False,2.172567181611324e-17,0.9999999999999992,3.4905811360230743e-06,,extended_r1_greedy_order,,Very limited direct protective support; confirmatory testing is a high priority.,0.9963907555066519,0.9999350558640168,0.9999999027147839
1103,Hexatoma sp.,,Insecta,Diptera,Tipulidae,Arthropoda,False,False,very_sparse_1_4,Very limited (1-4 protective contexts),3,3,0,0,1,False,2.1223782660824866e-17,0.9999999999999992,3.484750889959365e-06,,extended_r1_greedy_order,,Very limited direct protective support; confirmatory testing is a high priority.,0.9963942402575419,0.999935150750281,0.9999999029481907
1104,Dolophilodes distinctus,,Insecta,Trichoptera,Philopotamidae,Arthropoda,False,False,very_sparse_1_4,Very limited (1-4 protective contexts),1,1,0,10,1,False,2.0730742438332073e-17,0.9999999999999992,3.6156120466479535e-06,,extended_r1_greedy_order,,Very limited direct protective support; confirmatory testing is a high priority.,0.9963978558695885,0.9999352507678112,0.9999999032008944
1105,Limnius sp.,,Insecta,Coleoptera,Elmidae,Arthropoda,False,False,very_sparse_1_4,Very limited (1-4 protective contexts),1,1,0,0,1,False,2.0252657885378226e-17,0.9999999999999992,3.471072672178721e-06,,extended_r1_greedy_order,,Very limited direct protective support; confirmatory testing is a high priority.,0.9964013269422607,0.9999353475661431,0.9999999034476663
1106,Helisoma sp.,,Gastropoda,Basommatophora,Planorbidae,Mollusca,False,False,sparse_5_19,Limited (5-19 protective contexts),6,5,0,0,1,False,1.9779216059845233e-17,0.9999999999999992,3.8171061548242236e-06,,extended_r1_greedy_order,,Limited direct protective support; interpret the rank with the reported uncertainty.,0.9964051440484155,0.999935443823388,0.9999999036578358
1107,Pomacea dolioides,,Gastropoda,Architaenioglossa,Ampullariidae,Mollusca,False,False,very_sparse_1_4,Very limited (1-4 protective contexts),2,2,0,0,1,False,1.9322253576211366e-17,0.9999999999999992,5.532449934619876e-06,,extended_r1_greedy_order,,Very limited direct protective support; confirmatory testing is a high priority.,0.9964106764983501,0.9999355786701705,0.9999999039266566
1108,Taeniopteryx burksi,,Insecta,Plecoptera,Taeniopterygidae,Arthropoda,False,False,very_sparse_1_4,Very limited (1-4 protective contexts),1,1,0,6,1,False,1.8874645630154597e-17,0.9999999999999992,3.4526662733291857e-06,,extended_r1_greedy_order,,Very limited direct protective support; confirmatory testing is a high priority.,0.9964141291646235,0.9999356750805259,0.9999999041717281
1109,Macrocyclops albidus,,Maxillopoda,Cyclopoida,Cyclopidae,Arthropoda,False,False,sparse_5_19,Limited (5-19 protective contexts),12,7,0,6,1,False,1.8438951734168118e-17,0.9999999999999993,6.054329982796425e-06,,extended_r1_greedy_order,,Limited direct protective support; interpret the rank with the reported uncertainty.,0.9964201834946063,0.9999358653876718,0.999999904675654
1110,Cyclops bicuspidatus,,Maxillopoda,Cyclopoida,Cyclopidae,Arthropoda,False,False,very_sparse_1_4,Very limited (1-4 protective contexts),1,1,1,3,1,False,1.801062260126022e-17,0.9999999999999993,5.905190466726218e-06,,extended_r1_greedy_order,,Very limited direct protective support; confirmatory testing is a high priority.,0.996426088685073,0.9999360222651472,0.9999999050216352
1111,Nectopsyche albida,,Insecta,Trichoptera,Leptoceridae,Arthropoda,False,False,very_sparse_1_4,Very limited (1-4 protective contexts),1,1,0,8,1,False,1.759423016150847e-17,0.9999999999999993,3.4142114216928476e-06,,extended_r1_greedy_order,,Very limited direct protective support; confirmatory testing is a high priority.,0.9964295028964947,0.9999361173055403,0.9999999052626553
1112,Scenedesmus armatus,,Chlorophyceae,Chlorococcales,Scenedesmaceae,Chlorophyta,False,False,sparse_5_19,Limited (5-19 protective contexts),5,5,2,0,1,False,1.71894912883479e-17,0.9999999999999993,4.364408983437151e-06,,extended_r1_greedy_order,,Limited direct protective support; interpret the rank with the reported uncertainty.,0.9964338673054781,0.9999362263433904,0.9999999054832223
1113,Cyclops vernalis,,Maxillopoda,Cyclopoida,Cyclopidae,Arthropoda,False,False,very_sparse_1_4,Very limited (1-4 protective contexts),3,3,0,3,1,False,1.6791678048065685e-17,0.9999999999999993,5.874387557502914e-06,,extended_r1_greedy_order,,Very limited direct protective support; confirmatory testing is a high priority.,0.9964397416930356,0.9999363821537778,0.9999999058257266
1114,Gerris lacustris,,Insecta,Heteroptera,Gerridae,Arthropoda,False,False,very_sparse_1_4,Very limited (1-4 protective contexts),1,1,0,0,2,False,1.6399349505166464e-17,0.9999999999999993,3.408013656391873e-06,,extended_r1_greedy_order,,Very limited direct protective support; confirmatory testing is a high priority.,0.996443149706692,0.9999364763638977,0.9999999060623809
1115,Eristalis sp.,,Insecta,Diptera,Syrphidae,Arthropoda,False,False,very_sparse_1_4,Very limited (1-4 protective contexts),1,1,0,0,1,False,1.602123166761194e-17,0.9999999999999993,3.4022282516810165e-06,,extended_r1_greedy_order,,Very limited direct protective support; confirmatory testing is a high priority.,0.9964465519349437,0.999936570276952,0.9999999062974197
1116,Mystacides sp.,,Insecta,Trichoptera,Leptoceridae,Arthropoda,False,False,very_sparse_1_4,Very limited (1-4 protective contexts),2,2,0,0,1,False,1.5652631178366367e-17,0.9999999999999994,3.376302154523003e-06,,extended_r1_greedy_order,,Very limited direct protective support; confirmatory testing is a high priority.,0.9964499282370982,0.9999366640993734,0.9999999065339329
1117,Cyclops strenuus,,Maxillopoda,Cyclopoida,Cyclopidae,Arthropoda,False,False,very_sparse_1_4,Very limited (1-4 protective contexts),4,4,0,0,1,False,1.5291040554759176e-17,0.9999999999999994,5.931853793605946e-06,,extended_r1_greedy_order,,Very limited direct protective support; confirmatory testing is a high priority.,0.9964558600908918,0.9999368198491572,0.9999999068740765
1118,Pycnocentria evecta,,Insecta,Trichoptera,Conoesucidae,Arthropoda,False,False,very_sparse_1_4,Very limited (1-4 protective contexts),1,1,0,0,1,False,1.4938306885456057e-17,0.9999999999999994,3.360321562562163e-06,,extended_r1_greedy_order,,Very limited direct protective support; confirmatory testing is a high priority.,0.9964592204124544,0.9999369125014068,0.9999999071051856
1119,Leuctra inermis,,Insecta,Plecoptera,Leuctridae,Arthropoda,False,False,very_sparse_1_4,Very limited (1-4 protective contexts),1,1,0,0,1,False,1.4590717418613853e-17,0.9999999999999994,3.3508582697461264e-06,,extended_r1_greedy_order,,Very limited direct protective support; confirmatory testing is a high priority.,0.9964625712707241,0.999937004712514,0.9999999073344349
1120,Duttaphrynus melanostictus,,Amphibia,Anura,Bufonidae,Chordata,False,False,moderate_20_49,Moderate (20-49 protective contexts),34,21,3,0,1,False,1.4254260429710113e-17,0.9999999999999994,4.083377887265094e-06,,extended_r1_greedy_order,,,0.9964666546486114,0.9999370993056582,0.999999907506028
1121,Aeshna sp.,,Insecta,Odonata,Aeshnidae,Arthropoda,False,False,very_sparse_1_4,Very limited (1-4 protective contexts),1,1,0,0,1,False,1.3923216179901044e-17,0.9999999999999996,3.4369481134444158e-06,,extended_r1_greedy_order,,Very limited direct protective support; confirmatory testing is a high priority.,0.9964700915967248,0.9999371945828018,0.9999999077458763
1122,Helophorus sp.,,Insecta,Coleoptera,Hydrophilidae,Arthropoda,False,False,very_sparse_1_4,Very limited (1-4 protective contexts),3,3,0,0,1,False,1.3602799887198987e-17,0.9999999999999996,3.423078026032478e-06,,extended_r1_greedy_order,,Very limited direct protective support; confirmatory testing is a high priority.,0.9964735146747509,0.9999372872235333,0.9999999079691022
1123,Euphlyctis cyanophlyctis,,Amphibia,Anura,Dicroglossidae,Chordata,False,False,sparse_5_19,Limited (5-19 protective contexts),5,3,0,0,1,False,1.3289060796773376e-17,0.9999999999999996,4.351761315968261e-06,,extended_r1_greedy_order,,Limited direct protective support; interpret the rank with the reported uncertainty.,0.9964778664360668,0.9999374019530209,0.999999908212008
1124,Paraponyx stratiotata,,Insecta,Lepidoptera,Crambidae,Arthropoda,False,False,very_sparse_1_4,Very limited (1-4 protective contexts),1,1,0,0,1,False,1.2980836294757309e-17,0.9999999999999996,3.416292524316411e-06,,extended_r1_greedy_order,,Very limited direct protective support; confirmatory testing is a high priority.,0.9964812827285912,0.9999374968701328,0.9999999084498704
1125,Acrossocheilus paradoxus,,Actinopterygii,Cypriniformes,Cyprinidae,Chordata,False,False,sparse_5_19,Limited (5-19 protective contexts),7,3,0,0,1,False,1.2678521300020488e-17,0.9999999999999996,4.175602282163737e-06,,extended_r1_greedy_order,,Limited direct protective support; interpret the rank with the reported uncertainty.,0.9964854583308733,0.9999376076084503,0.9999999087084857
1126,Atalophlebia australis,,Insecta,Ephemeroptera,Leptophlebiidae,Arthropoda,False,False,very_sparse_1_4,Very limited (1-4 protective contexts),4,3,0,0,1,False,1.2385585861734088e-17,0.9999999999999996,3.863700099526746e-06,,extended_r1_greedy_order,,Very limited direct protective support; confirmatory testing is a high priority.,0.9964893220309728,0.9999377176693615,0.9999999089924277
1127,Neurocordulia virginiensis,,Insecta,Odonata,Corduliidae,Arthropoda,False,False,very_sparse_1_4,Very limited (1-4 protective contexts),2,1,0,5,1,False,1.2100955950934257e-17,0.9999999999999996,3.290353819296321e-06,,extended_r1_greedy_order,,Very limited direct protective support; confirmatory testing is a high priority.,0.9964926123847921,0.9999378074136005,0.9999999092110302
1128,Acipenser stellatus,,Actinopterygii,Acipenseriformes,Acipenseridae,Chordata,False,False,very_sparse_1_4,Very limited (1-4 protective contexts),2,2,1,0,2,False,1.1822710169166908e-17,0.9999999999999997,5.486919551378477e-06,,extended_r1_greedy_order,,Very limited direct protective support; confirmatory testing is a high priority.,0.9964980993043435,0.9999379486715405,0.9999999095273829
1129,Dytiscus sp.,,Insecta,Coleoptera,Dytiscidae,Arthropoda,False,False,sparse_5_19,Limited (5-19 protective contexts),9,5,0,0,2,False,1.1549276151986963e-17,0.9999999999999997,3.97287272579927e-06,,extended_r1_greedy_order,,Limited direct protective support; interpret the rank with the reported uncertainty.,0.9965020721770693,0.9999380617707075,0.9999999098173986
1130,Dictya sp.,,Insecta,Diptera,Sciomyzidae,Arthropoda,False,False,very_sparse_1_4,Very limited (1-4 protective contexts),1,1,0,0,1,False,1.1282662346934513e-17,0.9999999999999997,3.8103864453686853e-06,,extended_r1_greedy_order,,Very limited direct protective support; confirmatory testing is a high priority.,0.9965058825635147,0.9999381660756397,0.9999999100726081
1131,Argia sp.,,Insecta,Odonata,Coenagrionidae,Arthropoda,False,False,very_sparse_1_4,Very limited (1-4 protective contexts),3,3,0,0,1,False,1.1023114957863582e-17,0.9999999999999997,3.954850946397137e-06,,extended_r1_greedy_order,,Very limited direct protective support; confirmatory testing is a high priority.,0.9965098374144611,0.9999382693468971,0.9999999103077006
1132,Leptophlebia sp.,,Insecta,Ephemeroptera,Leptophlebiidae,Arthropoda,False,False,very_sparse_1_4,Very limited (1-4 protective contexts),3,2,0,0,1,False,1.0767498662833311e-17,0.9999999999999997,3.903358068546581e-06,,extended_r1_greedy_order,,Very limited direct protective support; confirmatory testing is a high priority.,0.9965137407725296,0.9999383751311943,0.9999999105646583
1133,Chimarra marginata,,Insecta,Trichoptera,Philopotamidae,Arthropoda,False,False,very_sparse_1_4,Very limited (1-4 protective contexts),1,1,1,0,1,False,1.0517428336966237e-17,0.9999999999999997,3.699396051382031e-06,,extended_r1_greedy_order,,Very limited direct protective support; confirmatory testing is a high priority.,0.996517440168581,0.9999384751004724,0.9999999108047035
1134,Ilyocoris cimicoides,,Insecta,Heteroptera,Naucoridae,Arthropoda,False,False,very_sparse_1_4,Very limited (1-4 protective contexts),1,1,0,0,2,False,1.027578984771126e-17,0.9999999999999997,3.256049327604593e-06,,extended_r1_greedy_order,,Very limited direct protective support; confirmatory testing is a high priority.,0.9965206962179086,0.9999385640553703,0.99999991102211
1135,Aphelocheirus aestivalis,,Insecta,Heteroptera,Naucoridae,Arthropoda,False,False,very_sparse_1_4,Very limited (1-4 protective contexts),1,1,0,0,1,False,1.0039128541569663e-17,0.9999999999999997,3.2302929572347594e-06,,extended_r1_greedy_order,,Very limited direct protective support; confirmatory testing is a high priority.,0.9965239265108659,0.9999386523314944,0.9999999112377526
1136,Nigronia serricornis,,Insecta,Megaloptera,Corydalidae,Arthropoda,False,False,very_sparse_1_4,Very limited (1-4 protective contexts),1,1,0,29,1,False,9.80832396500795e-18,0.9999999999999997,3.2252294354107036e-06,,extended_r1_greedy_order,,Very limited direct protective support; confirmatory testing is a high priority.,0.9965271517403013,0.9999387411010969,0.9999999114576572
1137,Lirceus fontinalis,,Malacostraca,Isopoda,Asellidae,Arthropoda,False,False,very_sparse_1_4,Very limited (1-4 protective contexts),4,2,0,3,1,False,9.582842190189339e-18,0.9999999999999997,4.410928649223322e-06,,extended_r1_greedy_order,,Very limited direct protective support; confirmatory testing is a high priority.,0.9965315626689505,0.9999388545223681,0.9999999117064092
1138,Corydalus cornutus,,Insecta,Megaloptera,Corydalidae,Arthropoda,False,False,very_sparse_1_4,Very limited (1-4 protective contexts),1,1,1,36,1,False,9.361659273784713e-18,0.9999999999999997,3.211629442834152e-06,,extended_r1_greedy_order,,Very limited direct protective support; confirmatory testing is a high priority.,0.9965347742983933,0.9999389426107788,0.9999999119226671
1139,Alloperla sp.,,Insecta,Plecoptera,Chloroperlidae,Arthropoda,False,False,very_sparse_1_4,Very limited (1-4 protective contexts),1,1,0,0,1,False,9.145920770879477e-18,0.9999999999999997,3.2130037864730454e-06,,extended_r1_greedy_order,,Very limited direct protective support; confirmatory testing is a high priority.,0.9965379873021798,0.9999390304505951,0.9999999121370933
1140,Sphaerodema annulatum,,Insecta,Heteroptera,Belostomatidae,Arthropoda,False,False,very_sparse_1_4,Very limited (1-4 protective contexts),4,2,0,0,1,False,8.93602726713465e-18,0.9999999999999997,3.5773339688294215e-06,,extended_r1_greedy_order,,Very limited direct protective support; confirmatory testing is a high priority.,0.9965415646361486,0.9999391295527869,0.9999999123813861
1141,Cyclops varicans,,Maxillopoda,Cyclopoida,Cyclopidae,Arthropoda,False,False,very_sparse_1_4,Very limited (1-4 protective contexts),2,2,0,0,1,False,8.727126916957028e-18,0.9999999999999997,5.630196913575247e-06,,extended_r1_greedy_order,,Very limited direct protective support; confirmatory testing is a high priority.,0.9965471948330622,0.9999392767561747,0.999999912694208
1142,Scenedesmus acutus,,Chlorophyceae,Chlorococcales,Scenedesmaceae,Chlorophyta,False,False,sparse_5_19,Limited (5-19 protective contexts),10,9,7,0,2,False,8.523485374664716e-18,0.9999999999999997,3.964575571502316e-06,,extended_r1_greedy_order,,Limited direct protective support; interpret the rank with the reported uncertainty.,0.9965511594086337,0.999939373682985,0.9999999128824852
1143,Aeshna cyanea,,Insecta,Odonata,Aeshnidae,Arthropoda,False,False,very_sparse_1_4,Very limited (1-4 protective contexts),1,1,0,0,1,False,8.327291193164486e-18,0.9999999999999997,3.292637852370106e-06,,extended_r1_greedy_order,,Very limited direct protective support; confirmatory testing is a high priority.,0.9965544520464861,0.9999394639493989,0.9999999131036666
1144,Elliptio complanata,,Bivalvia,Unionoida,Unionidae,Mollusca,False,False,sparse_5_19,Limited (5-19 protective contexts),10,6,2,19,1,False,8.135689693967616e-18,0.9999999999999997,4.294744934019157e-06,,extended_r1_greedy_order,,Limited direct protective support; interpret the rank with the reported uncertainty.,0.9965587467914201,0.9999395717349695,0.9999999133284149
1145,Helisoma duryi,,Gastropoda,Basommatophora,Planorbidae,Mollusca,False,False,very_sparse_1_4,Very limited (1-4 protective contexts),4,4,0,6,1,False,7.948912979697077e-18,0.9999999999999997,3.4053882330686847e-06,,extended_r1_greedy_order,,Very limited direct protective support; confirmatory testing is a high priority.,0.9965621521796532,0.9999396571704985,0.999999913510441
1146,Basiaeschna janata,,Insecta,Odonata,Aeshnidae,Arthropoda,False,False,very_sparse_1_4,Very limited (1-4 protective contexts),1,1,0,32,1,False,7.766473809532916e-18,0.9999999999999997,3.246033802528636e-06,,extended_r1_greedy_order,,Very limited direct protective support; confirmatory testing is a high priority.,0.9965653982134557,0.9999397462663752,0.9999999137288237
1147,Spirostomum ambiguum,,Ciliatea,Heterotrichida,Spirostomidae,Ciliophora,False,False,moderate_20_49,Moderate (20-49 protective contexts),37,37,0,2,1,False,7.587574404373238e-18,0.9999999999999997,6.704067101348521e-06,,extended_r1_greedy_order,,,0.996572102280557,0.9999399177900932,0.9999999140525333
1148,Coenagrion pulchellum,,Insecta,Odonata,Coenagrionidae,Arthropoda,False,False,very_sparse_1_4,Very limited (1-4 protective contexts),2,1,1,0,1,False,7.412691915438733e-18,0.9999999999999997,4.132292289904527e-06,,extended_r1_greedy_order,,Very limited direct protective support; confirmatory testing is a high priority.,0.9965762345728469,0.9999400253889166,0.9999999142944203
1149,Acipenser oxyrhynchus,,Actinopterygii,Acipenseriformes,Acipenseridae,Chordata,False,False,sparse_5_19,Limited (5-19 protective contexts),7,6,0,0,1,False,7.241251350308268e-18,0.9999999999999998,5.287531705144843e-06,,extended_r1_greedy_order,,Limited direct protective support; interpret the rank with the reported uncertainty.,0.9965815221045521,0.9999401606194823,0.9999999145904217
1150,Phryganea sp.,,Insecta,Trichoptera,Phryganeidae,Arthropoda,False,False,very_sparse_1_4,Very limited (1-4 protective contexts),1,1,0,0,1,False,7.075308177422466e-18,0.9999999999999998,3.112494322277115e-06,,extended_r1_greedy_order,,Very limited direct protective support; confirmatory testing is a high priority.,0.9965846345988744,0.9999402454011848,0.9999999147956214
1151,Hydroptila angusta,,Insecta,Trichoptera,Hydroptilidae,Arthropoda,False,False,very_sparse_1_4,Very limited (1-4 protective contexts),2,2,0,2,1,False,6.911718471937924e-18,0.9999999999999998,3.1523359651508542e-06,,extended_r1_greedy_order,,Very limited direct protective support; confirmatory testing is a high priority.,0.9965877869348395,0.9999403303462407,0.9999999149983955
1152,Oligostomis pardalis,,Insecta,Trichoptera,Phryganeidae,Arthropoda,False,False,very_sparse_1_4,Very limited (1-4 protective contexts),2,2,0,4,1,False,6.753319443925778e-18,0.9999999999999998,3.100002850087158e-06,,extended_r1_greedy_order,,Very limited direct protective support; confirmatory testing is a high priority.,0.9965908869376896,0.9999404144374873,0.9999999152004077
1153,Gillia altilis,,Gastropoda,Neotaenioglossa,Hydrobiidae,Mollusca,False,False,very_sparse_1_4,Very limited (1-4 protective contexts),2,2,0,0,1,False,6.598735466668171e-18,0.9999999999999998,3.803772187893628e-06,,extended_r1_greedy_order,,Very limited direct protective support; confirmatory testing is a high priority.,0.9965946907098775,0.9999405104123691,0.9999999154074638
1154,Chimarra sp.,,Insecta,Trichoptera,Philopotamidae,Arthropoda,False,False,very_sparse_1_4,Very limited (1-4 protective contexts),3,2,0,0,1,False,6.447052828130649e-18,0.9999999999999998,3.420805246401315e-06,,extended_r1_greedy_order,,Very limited direct protective support; confirmatory testing is a high priority.,0.9965981115151239,0.999940602078342,0.9999999156232493
1155,Planorbis carinatus,,Gastropoda,Basommatophora,Planorbidae,Mollusca,False,False,very_sparse_1_4,Very limited (1-4 protective contexts),2,2,0,0,1,False,6.299295068151342e-18,0.9999999999999998,3.2653927497516833e-06,,extended_r1_greedy_order,,Very limited direct protective support; confirmatory testing is a high priority.,0.9966013769078736,0.9999406830002899,0.9999999157913402
1156,Phryganea striata,,Insecta,Trichoptera,Phryganeidae,Arthropoda,False,False,very_sparse_1_4,Very limited (1-4 protective contexts),1,1,0,1,3,False,6.153785081600553e-18,0.9999999999999998,3.0969539971392734e-06,,extended_r1_greedy_order,,Very limited direct protective support; confirmatory testing is a high priority.,0.9966044738618708,0.999940767115012,0.999999915993674
1157,Lepidostoma sp.,,Insecta,Trichoptera,Lepidostomatidae,Arthropoda,False,False,very_sparse_1_4,Very limited (1-4 protective contexts),2,2,0,0,1,False,6.012264534078181e-18,0.9999999999999998,3.4627178825408222e-06,,extended_r1_greedy_order,,Very limited direct protective support; confirmatory testing is a high priority.,0.9966079365797533,0.9999408603547401,0.9999999162138293
1158,Alburnus alburnus,,Actinopterygii,Cypriniformes,Cyprinidae,Chordata,False,False,sparse_5_19,Limited (5-19 protective contexts),12,11,1,0,2,False,5.874709671217731e-18,0.9999999999999998,3.8840201278533826e-06,,extended_r1_greedy_order,,Limited direct protective support; interpret the rank with the reported uncertainty.,0.9966118205998812,0.9999409573800013,0.9999999164161074
1159,Stenelmis sexlineata,,Insecta,Coleoptera,Elmidae,Arthropoda,False,False,very_sparse_1_4,Very limited (1-4 protective contexts),2,2,0,2,1,False,5.740190942825656e-18,0.9999999999999998,3.0601647941219667e-06,,extended_r1_greedy_order,,Very limited direct protective support; confirmatory testing is a high priority.,0.9966148807646753,0.9999410405104698,0.9999999166155336
1160,Planorbis planorbis,,Gastropoda,Basommatophora,Planorbidae,Mollusca,False,False,very_sparse_1_4,Very limited (1-4 protective contexts),3,3,0,0,1,False,5.607835651206009e-18,0.9999999999999998,3.2328535854997398e-06,,extended_r1_greedy_order,,Very limited direct protective support; confirmatory testing is a high priority.,0.9966181136182608,0.9999411202291426,0.9999999167797249
1161,Lasmigona subviridis,,Bivalvia,Unionoida,Unionidae,Mollusca,False,False,sparse_5_19,Limited (5-19 protective contexts),7,4,0,0,1,False,5.479433629713175e-18,0.9999999999999998,3.824846148359207e-06,,extended_r1_greedy_order,,Limited direct protective support; interpret the rank with the reported uncertainty.,0.9966219384644092,0.9999412187041441,0.9999999170019923
1162,Cambarus sp.,,Malacostraca,Decapoda,Cambaridae,Arthropoda,False,False,sparse_5_19,Limited (5-19 protective contexts),7,7,0,0,1,False,5.35363528761323e-18,0.9999999999999998,4.531963014642315e-06,,extended_r1_greedy_order,,Limited direct protective support; interpret the rank with the reported uncertainty.,0.9966264704274238,0.9999413283804464,0.9999999172165358
1163,Dytiscus marginalis,,Insecta,Coleoptera,Dytiscidae,Arthropoda,False,False,very_sparse_1_4,Very limited (1-4 protective contexts),1,1,0,0,2,False,5.229647058558645e-18,0.9999999999999998,3.450444670094477e-06,,extended_r1_greedy_order,,Very limited direct protective support; confirmatory testing is a high priority.,0.9966299208720939,0.9999414233396786,0.9999999174468145
1164,Coenagrion puella,,Insecta,Odonata,Coenagrionidae,Arthropoda,False,False,sparse_5_19,Limited (5-19 protective contexts),10,4,3,0,1,False,5.109205295285621e-18,0.9999999999999998,4.007257603633185e-06,,extended_r1_greedy_order,,Limited direct protective support; interpret the rank with the reported uncertainty.,0.9966339281296975,0.9999415272417441,0.99999991767691
1165,Tinca tinca,,Actinopterygii,Cypriniformes,Cyprinidae,Chordata,False,False,sparse_5_19,Limited (5-19 protective contexts),16,13,2,1,1,False,4.992276557915886e-18,0.9999999999999998,3.833515371476359e-06,,extended_r1_greedy_order,,Limited direct protective support; interpret the rank with the reported uncertainty.,0.996637761645069,0.9999416197227781,0.9999999178597182
1166,Rhinella ornata,,Amphibia,Anura,Bufonidae,Chordata,False,False,very_sparse_1_4,Very limited (1-4 protective contexts),2,2,0,0,1,False,4.877747677576391e-18,0.9999999999999998,3.943349987545197e-06,,extended_r1_greedy_order,,Very limited direct protective support; confirmatory testing is a high priority.,0.9966417049950566,0.9999417071970629,0.999999918006864
1167,Cambarus latimanus,,Malacostraca,Decapoda,Cambaridae,Arthropoda,False,False,very_sparse_1_4,Very limited (1-4 protective contexts),1,1,0,6,1,False,4.766122049510017e-18,0.9999999999999998,4.486059199337866e-06,,extended_r1_greedy_order,,Very limited direct protective support; confirmatory testing is a high priority.,0.9966461910542559,0.9999418189487408,0.9999999182323001
1168,Lumbriculus inconstans,,Clitellata,Lumbriculida,Lumbriculidae,Annelida,False,False,very_sparse_1_4,Very limited (1-4 protective contexts),1,1,0,0,1,False,4.656240401278086e-18,0.9999999999999998,5.033305726320769e-06,,extended_r1_greedy_order,,Very limited direct protective support; confirmatory testing is a high priority.,0.9966512243599822,0.9999419428946493,0.9999999184666705
1169,Biomphalaria glabrata,,Gastropoda,Basommatophora,Planorbidae,Mollusca,False,False,moderate_20_49,Moderate (20-49 protective contexts),45,31,10,0,4,False,4.548636085589993e-18,0.9999999999999998,4.1162814614637e-06,,extended_r1_greedy_order,,,0.9966553406414437,0.9999420262818911,0.9999999185886091
1170,Gyraulus parvus,,Gastropoda,Basommatophora,Planorbidae,Mollusca,False,False,very_sparse_1_4,Very limited (1-4 protective contexts),1,1,0,13,1,False,4.444389552548566e-18,0.9999999999999999,3.155447794944699e-06,,extended_r1_greedy_order,,Very limited direct protective support; confirmatory testing is a high priority.,0.9966584960892386,0.9999421018406994,0.999999918737488
1171,Physastra gibbosa,,Gastropoda,Basommatophora,Physidae,Mollusca,False,False,very_sparse_1_4,Very limited (1-4 protective contexts),1,1,0,0,1,False,4.3423361957805985e-18,0.9999999999999999,4.1024919485987965e-06,,extended_r1_greedy_order,,Very limited direct protective support; confirmatory testing is a high priority.,0.9966625985811872,0.9999422028154513,0.9999999189407281
1172,Calopteryx splendens,,Insecta,Zygoptera,Calopterygidae,Arthropoda,False,False,very_sparse_1_4,Very limited (1-4 protective contexts),1,1,0,0,1,False,4.242947160775458e-18,0.9999999999999999,2.9653876421065206e-06,,extended_r1_greedy_order,,Very limited direct protective support; confirmatory testing is a high priority.,0.9966655639688293,0.9999422829270719,0.9999999191300813
1173,Micropterus treculii,,Actinopterygii,Perciformes,Centrarchidae,Chordata,False,False,very_sparse_1_4,Very limited (1-4 protective contexts),3,3,0,0,1,False,4.146074740819945e-18,0.9999999999999999,4.505160405510189e-06,,extended_r1_greedy_order,,Very limited direct protective support; confirmatory testing is a high priority.,0.9966700691292348,0.9999423950276194,0.9999999193603832
1174,Hydrophilus sp.,,Insecta,Coleoptera,Hydrophilidae,Arthropoda,False,False,sparse_5_19,Limited (5-19 protective contexts),12,8,0,0,1,False,4.0512752124711345e-18,0.9999999999999999,3.4226711417284506e-06,,extended_r1_greedy_order,,Limited direct protective support; interpret the rank with the reported uncertainty.,0.9966734918003766,0.9999424815345217,0.9999999195403053
1175,Ameiurus natalis,,Actinopterygii,Siluriformes,Ictaluridae,Chordata,False,False,very_sparse_1_4,Very limited (1-4 protective contexts),4,4,0,33,1,False,3.958347743965844e-18,0.9999999999999999,4.702036249915054e-06,,extended_r1_greedy_order,,Very limited direct protective support; confirmatory testing is a high priority.,0.9966781938366265,0.9999425939668557,0.9999999197586983
1176,Sweltsa sp.,,Insecta,Plecoptera,Chloroperlidae,Arthropoda,False,False,very_sparse_1_4,Very limited (1-4 protective contexts),2,1,0,0,1,False,3.866362608640631e-18,0.9999999999999999,2.9359238163939594e-06,,extended_r1_greedy_order,,Very limited direct protective support; confirmatory testing is a high priority.,0.9966811297604429,0.9999426733614581,0.9999999199468276
1177,Notropis stramineus,,Actinopterygii,Cypriniformes,Cyprinidae,Chordata,False,False,very_sparse_1_4,Very limited (1-4 protective contexts),3,3,0,6,1,False,3.776940682451904e-18,0.9999999999999999,3.828513605363959e-06,,extended_r1_greedy_order,,Very limited direct protective support; confirmatory testing is a high priority.,0.9966849582740482,0.9999427686265124,0.9999999201440049
1178,Platyias quadricornis,,Monogononta,Ploima,Brachionidae,Rotifera,False,False,very_sparse_1_4,Very limited (1-4 protective contexts),1,1,0,9,1,False,3.690481996646947e-18,0.9999999999999999,5.087513419987921e-06,,extended_r1_greedy_order,,Very limited direct protective support; confirmatory testing is a high priority.,0.9966900457874682,0.9999428953234915,0.9999999203982195
1179,Lirceus alabamae,,Malacostraca,Isopoda,Asellidae,Arthropoda,False,False,very_sparse_1_4,Very limited (1-4 protective contexts),2,2,0,1,1,False,3.6049314839935554e-18,0.9999999999999999,4.031806308812946e-06,,extended_r1_greedy_order,,Very limited direct protective support; confirmatory testing is a high priority.,0.996694077593777,0.9999429978314935,0.9999999206163273
1180,Calopteryx sp.,,Insecta,Zygoptera,Calopterygidae,Arthropoda,False,False,very_sparse_1_4,Very limited (1-4 protective contexts),2,2,0,0,1,False,3.522088114082541e-18,1.0,2.9062956361514125e-06,,extended_r1_greedy_order,,Very limited direct protective support; confirmatory testing is a high priority.,0.9966969838894132,0.9999430764251022,0.9999999208015883
1181,Cybister sp.,,Insecta,Coleoptera,Dytiscidae,Arthropoda,False,False,very_sparse_1_4,Very limited (1-4 protective contexts),4,2,0,0,1,False,3.4417492249184107e-18,1.0,3.374174366133076e-06,,extended_r1_greedy_order,,Very limited direct protective support; confirmatory testing is a high priority.,0.9967003580637793,0.9999431679228902,0.9999999210174784
1182,Psephenus herricki,,Insecta,Coleoptera,Psephenidae,Arthropoda,False,False,sparse_5_19,Limited (5-19 protective contexts),5,4,0,25,1,False,3.3631556622714008e-18,1.0,2.916877416714314e-06,,extended_r1_greedy_order,,Limited direct protective support; interpret the rank with the reported uncertainty.,0.996703274941196,0.9999432442345123,0.9999999211890627
1183,Palustra laboulbeni,,Insecta,Lepidoptera,Arctiidae,Arthropoda,False,False,very_sparse_1_4,Very limited (1-4 protective contexts),2,2,0,0,1,False,3.286324019310477e-18,1.0,2.9466723585613863e-06,,extended_r1_greedy_order,,Very limited direct protective support; confirmatory testing is a high priority.,0.9967062216135546,0.9999433229368235,0.9999999213719226
1184,Gymnocephalus cernuus,,Actinopterygii,Perciformes,Percidae,Chordata,False,False,very_sparse_1_4,Very limited (1-4 protective contexts),4,4,1,3,1,False,3.2114299041784303e-18,1.0,3.772301778726117e-06,,extended_r1_greedy_order,,Very limited direct protective support; confirmatory testing is a high priority.,0.9967099939153333,0.9999434191661323,0.9999999215817441
1185,Rasbora daniconius,,Actinopterygii,Cypriniformes,Cyprinidae,Chordata,False,False,sparse_5_19,Limited (5-19 protective contexts),10,6,1,0,1,False,3.1370447777483727e-18,1.0,3.6400282952264718e-06,,extended_r1_greedy_order,,Limited direct protective support; interpret the rank with the reported uncertainty.,0.9967136339436286,0.9999435096190896,0.9999999217679467
1186,Barbus sharpeyi,,Actinopterygii,Cypriniformes,Cyprinidae,Chordata,False,False,sparse_5_19,Limited (5-19 protective contexts),5,5,0,0,1,False,3.0651901500235023e-18,1.0,3.9230058029859904e-06,,extended_r1_greedy_order,,Limited direct protective support; interpret the rank with the reported uncertainty.,0.9967175569494315,0.9999436034069931,0.999999921950487
1187,Gymnocorymbus ternetzi,,Actinopterygii,Characiformes,Characidae,Chordata,False,False,very_sparse_1_4,Very limited (1-4 protective contexts),3,2,0,0,1,False,2.9940607119316697e-18,1.0,3.971946842873386e-06,,extended_r1_greedy_order,,Very limited direct protective support; confirmatory testing is a high priority.,0.9967215288962744,0.9999437057714323,0.9999999221711939
1188,Notropis anogenus,,Actinopterygii,Cypriniformes,Cyprinidae,Chordata,False,False,very_sparse_1_4,Very limited (1-4 protective contexts),2,2,0,4,1,False,2.9258144069893173e-18,1.0,3.73542616927125e-06,,extended_r1_greedy_order,,Very limited direct protective support; confirmatory testing is a high priority.,0.9967252643224437,0.9999437984952155,0.9999999223612843
1189,Mesocyclops longisetus,,Maxillopoda,Cyclopoida,Cyclopidae,Arthropoda,False,False,very_sparse_1_4,Very limited (1-4 protective contexts),2,1,0,0,2,False,2.858146205126552e-18,1.0,5.22794033874785e-06,,extended_r1_greedy_order,,Very limited direct protective support; confirmatory testing is a high priority.,0.9967304922627824,0.9999439302663276,0.9999999226250996
1190,Tricorythodes sp.,,Insecta,Ephemeroptera,Leptohyphidae,Arthropoda,False,False,very_sparse_1_4,Very limited (1-4 protective contexts),1,1,0,0,1,False,2.7929189324507967e-18,1.0,3.2290465706852345e-06,,extended_r1_greedy_order,,Very limited direct protective support; confirmatory testing is a high priority.,0.9967337213093531,0.9999440164299637,0.9999999228241528
1191,Tricorythodes minutus,,Insecta,Ephemeroptera,Leptohyphidae,Arthropoda,False,False,very_sparse_1_4,Very limited (1-4 protective contexts),1,1,0,1,1,False,2.72880805541168e-18,1.0,3.0442270541053418e-06,,extended_r1_greedy_order,,Very limited direct protective support; confirmatory testing is a high priority.,0.9967367655364072,0.9999440978686891,0.999999923013067
1192,Allocapnia sp.,,Insecta,Plecoptera,Capniidae,Arthropoda,False,False,very_sparse_1_4,Very limited (1-4 protective contexts),2,2,0,0,1,False,2.6665641411707735e-18,1.0,3.125620600896717e-06,,extended_r1_greedy_order,,Very limited direct protective support; confirmatory testing is a high priority.,0.9967398911570081,0.9999441809102252,0.9999999232036725
1193,Radix natalensis,,Gastropoda,Basommatophora,Lymnaeidae,Mollusca,False,False,sparse_5_19,Limited (5-19 protective contexts),17,13,0,0,2,False,2.6054195393932543e-18,1.0,4.438664439776474e-06,,extended_r1_greedy_order,,Limited direct protective support; interpret the rank with the reported uncertainty.,0.9967443298214479,0.9999442862001956,0.9999999233978055
1194,Allocapnia vivipara,,Insecta,Plecoptera,Capniidae,Arthropoda,False,False,very_sparse_1_4,Very limited (1-4 protective contexts),2,2,0,7,1,False,2.5459509063177133e-18,1.0,3.000593579494115e-06,,extended_r1_greedy_order,,Very limited direct protective support; confirmatory testing is a high priority.,0.9967473304150274,0.9999443659604762,0.999999923581043
1195,Hygrotus novemlineatus,,Insecta,Coleoptera,Dytiscidae,Arthropoda,False,False,very_sparse_1_4,Very limited (1-4 protective contexts),2,1,0,0,1,False,2.487842339362265e-18,1.0,3.0094785921086498e-06,,extended_r1_greedy_order,,Very limited direct protective support; confirmatory testing is a high priority.,0.9967503398936195,0.9999444459567239,0.9999999237636922
1196,Mesocyclops thermocyclopoides,,Maxillopoda,Cyclopoida,Cyclopidae,Arthropoda,False,False,very_sparse_1_4,Very limited (1-4 protective contexts),1,1,0,0,2,False,2.431232384101845e-18,1.0,5.205356883530854e-06,,extended_r1_greedy_order,,Very limited direct protective support; confirmatory testing is a high priority.,0.996755545250503,0.9999445762508281,0.9999999240195586
1197,Sepedon fuscipennis,,Insecta,Diptera,Sciomyzidae,Arthropoda,False,False,very_sparse_1_4,Very limited (1-4 protective contexts),2,2,0,3,1,False,2.3754500881393114e-18,1.0,3.42904316663617e-06,,extended_r1_greedy_order,,Very limited direct protective support; confirmatory testing is a high priority.,0.9967589742936697,0.9999446671701896,0.9999999242264884
1198,Cambarus diogenes,,Malacostraca,Decapoda,Cambaridae,Arthropoda,False,False,very_sparse_1_4,Very limited (1-4 protective contexts),1,1,1,16,2,False,2.3212389772363488e-18,1.0,4.2009737110104695e-06,,extended_r1_greedy_order,,Very limited direct protective support; confirmatory testing is a high priority.,0.9967631752673807,0.999944770056334,0.9999999244276727
1199,Cichlasoma nigrofasciatum,,Actinopterygii,Perciformes,Cichlidae,Chordata,False,False,very_sparse_1_4,Very limited (1-4 protective contexts),3,3,0,7,2,False,2.2674856560804875e-18,1.0,3.4690658134994834e-06,,extended_r1_greedy_order,,Very limited direct protective support; confirmatory testing is a high priority.,0.9967666443331942,0.9999448549637743,0.9999999245995433
1200,Acipenser persicus,,Actinopterygii,Acipenseriformes,Acipenseridae,Chordata,False,False,very_sparse_1_4,Very limited (1-4 protective contexts),2,1,0,0,2,False,2.2158175568438505e-18,1.0,4.790296371459668e-06,,extended_r1_greedy_order,,Very limited direct protective support; confirmatory testing is a high priority.,0.9967714346295656,0.9999449741935932,0.9999999248469207
1201,Austropotamobius pallipes,,Malacostraca,Decapoda,Astacidae,Arthropoda,False,False,very_sparse_1_4,Very limited (1-4 protective contexts),4,4,0,0,1,False,2.164824941022954e-18,1.0,3.6266151219876974e-06,,extended_r1_greedy_order,,Very limited direct protective support; confirmatory testing is a high priority.,0.9967750612446876,0.9999450655925205,0.9999999250375211
1202,Barbus dorsalis,,Actinopterygii,Cypriniformes,Cyprinidae,Chordata,False,False,sparse_5_19,Limited (5-19 protective contexts),5,5,0,0,1,False,2.115102835874886e-18,1.0,3.6358168760131093e-06,,extended_r1_greedy_order,,Limited direct protective support; interpret the rank with the reported uncertainty.,0.9967786970615636,0.9999451527455331,0.9999999252070804
1203,Planorbis corneus,,Gastropoda,Basommatophora,Planorbidae,Mollusca,False,False,sparse_5_19,Limited (5-19 protective contexts),5,5,1,0,1,False,2.0669402586070496e-18,1.0,2.9079713292912146e-06,,extended_r1_greedy_order,,Limited direct protective support; interpret the rank with the reported uncertainty.,0.9967816050328929,0.99994522282808,0.999999925344633
1204,Rhinella marina,,Amphibia,Anura,Bufonidae,Chordata,False,False,sparse_5_19,Limited (5-19 protective contexts),12,7,2,0,1,False,2.019800621559217e-18,1.0,3.730410148894414e-06,,extended_r1_greedy_order,,Limited direct protective support; interpret the rank with the reported uncertainty.,0.9967853354430418,0.9999453054309788,0.999999925482368
1205,Pyrgulopsis idahoensis,,Gastropoda,Neotaenioglossa,Hydrobiidae,Mollusca,False,False,sparse_5_19,Limited (5-19 protective contexts),8,3,0,1,2,False,1.9738199947563673e-18,1.0,3.4297467716992713e-06,,extended_r1_greedy_order,,Limited direct protective support; interpret the rank with the reported uncertainty.,0.9967887651898135,0.9999453920408222,0.9999999256692331
1206,Leptophlebia marginata,,Insecta,Ephemeroptera,Leptophlebiidae,Arthropoda,False,False,very_sparse_1_4,Very limited (1-4 protective contexts),4,4,3,0,1,False,1.928843504059948e-18,1.0,3.1657213900304626e-06,,extended_r1_greedy_order,,Very limited direct protective support; confirmatory testing is a high priority.,0.9967919309112035,0.999945474526103,0.9999999258537522
1207,Bryocamptus zschokkei,,Maxillopoda,Harpacticoida,Canthocamptidae,Arthropoda,False,False,sparse_5_19,Limited (5-19 protective contexts),9,5,0,0,2,False,1.8844956184815e-18,1.0,4.905712227887271e-06,,extended_r1_greedy_order,,Limited direct protective support; interpret the rank with the reported uncertainty.,0.9967968366234314,0.9999455995361258,0.9999999261121124
1208,Gyraulus circumstriatus,,Gastropoda,Basommatophora,Planorbidae,Mollusca,False,False,very_sparse_1_4,Very limited (1-4 protective contexts),2,2,0,4,1,False,1.8417428037379216e-18,1.0,2.876660498696282e-06,,extended_r1_greedy_order,,Very limited direct protective support; confirmatory testing is a high priority.,0.9967997132839301,0.9999456674666238,0.9999999262415424
1209,Brachycentrus subnulis,,Insecta,Trichoptera,Brachycentridae,Arthropoda,False,False,very_sparse_1_4,Very limited (1-4 protective contexts),3,3,0,0,1,False,1.7996690382464313e-18,1.0,3.189606483933183e-06,,extended_r1_greedy_order,,Very limited direct protective support; confirmatory testing is a high priority.,0.9968029028904141,0.9999457512479626,0.9999999264293142
1210,Chimarra obscura,,Insecta,Trichoptera,Philopotamidae,Arthropoda,False,False,very_sparse_1_4,Very limited (1-4 protective contexts),3,2,0,4,1,False,1.7582214064560414e-18,1.0,3.1411242258361227e-06,,extended_r1_greedy_order,,Very limited direct protective support; confirmatory testing is a high priority.,0.9968060440146399,0.9999458332346434,0.9999999266116492
1211,Cambarus robustus,,Malacostraca,Decapoda,Cambaridae,Arthropoda,False,False,very_sparse_1_4,Very limited (1-4 protective contexts),1,1,1,9,1,False,1.7178664546240778e-18,1.0,4.0807347561067076e-06,,extended_r1_greedy_order,,Very limited direct protective support; confirmatory testing is a high priority.,0.996810124749396,0.9999459323525064,0.9999999268024244
1212,Notropis hudsonius,,Actinopterygii,Cypriniformes,Cyprinidae,Chordata,False,False,sparse_5_19,Limited (5-19 protective contexts),6,5,0,5,1,False,1.6780053131295003e-18,1.0,3.530094618509061e-06,,extended_r1_greedy_order,,Limited direct protective support; interpret the rank with the reported uncertainty.,0.9968136548440145,0.9999460190955037,0.9999999269762996
1213,Bryocamptus echinatus,,Maxillopoda,Harpacticoida,Canthocamptidae,Arthropoda,False,False,sparse_5_19,Limited (5-19 protective contexts),5,4,0,0,1,False,1.6396107286636786e-18,1.0,4.836592131574058e-06,,extended_r1_greedy_order,,Limited direct protective support; interpret the rank with the reported uncertainty.,0.9968184914361461,0.999946141803793,0.9999999272262339
1214,Capnia sp.,,Insecta,Plecoptera,Capniidae,Arthropoda,False,False,very_sparse_1_4,Very limited (1-4 protective contexts),2,1,0,0,1,False,1.6024681155897046e-18,1.0,2.742583997128456e-06,,extended_r1_greedy_order,,Very limited direct protective support; confirmatory testing is a high priority.,0.9968212340201432,0.9999462141650649,0.9999999273892023
1215,Brachycentrus numerosus,,Insecta,Trichoptera,Brachycentridae,Arthropoda,False,False,very_sparse_1_4,Very limited (1-4 protective contexts),3,2,1,3,1,False,1.565948681269073e-18,1.0,3.1311200416883622e-06,,extended_r1_greedy_order,,Very limited direct protective support; confirmatory testing is a high priority.,0.9968243651401849,0.9999462947983364,0.9999999275632864
1216,Cichlasoma bimaculatum,,Actinopterygii,Perciformes,Cichlidae,Chordata,False,False,very_sparse_1_4,Very limited (1-4 protective contexts),4,2,3,0,1,False,1.5304420426645306e-18,1.0,3.334174757063657e-06,,extended_r1_greedy_order,,Very limited direct protective support; confirmatory testing is a high priority.,0.996827699314942,0.9999463765313626,0.9999999277274023
1217,Alitropus typus,,Malacostraca,Isopoda,Aegidae,Arthropoda,False,False,very_sparse_1_4,Very limited (1-4 protective contexts),3,3,0,0,1,False,1.4957266712670199e-18,1.0,3.500263243361168e-06,,extended_r1_greedy_order,,Very limited direct protective support; confirmatory testing is a high priority.,0.9968311995781853,0.9999464695137507,0.999999927932925
1218,Proasellus sp.,,Malacostraca,Isopoda,Asellidae,Arthropoda,False,False,very_sparse_1_4,Very limited (1-4 protective contexts),1,1,0,0,1,False,1.4615881122183772e-18,1.0,3.7555441173564574e-06,,extended_r1_greedy_order,,Very limited direct protective support; confirmatory testing is a high priority.,0.9968349551223027,0.9999465623652035,0.9999999281186739
1219,Brachycentrus sp.,,Insecta,Trichoptera,Brachycentridae,Arthropoda,False,False,very_sparse_1_4,Very limited (1-4 protective contexts),4,4,0,0,1,False,1.4284061836638197e-18,1.0,3.1138252409856904e-06,,extended_r1_greedy_order,,Very limited direct protective support; confirmatory testing is a high priority.,0.9968380689475437,0.9999466431212106,0.9999999282956971
1220,Acipenser fulvescens,,Actinopterygii,Acipenseriformes,Acipenseridae,Chordata,False,False,sparse_5_19,Limited (5-19 protective contexts),7,4,0,1,1,False,1.3958041848925789e-18,1.0,4.615749960357185e-06,,extended_r1_greedy_order,,Limited direct protective support; interpret the rank with the reported uncertainty.,0.996842684697504,0.999946756801423,0.9999999285277458
1221,Proasellus coxalis,,Malacostraca,Isopoda,Asellidae,Arthropoda,False,False,sparse_5_19,Limited (5-19 protective contexts),8,4,2,0,3,False,1.3631926961092071e-18,1.0,3.857382611105464e-06,,extended_r1_greedy_order,,Limited direct protective support; interpret the rank with the reported uncertainty.,0.9968465420801151,0.9999468510478398,0.9999999287121916
1222,Belostoma sp.,,Insecta,Heteroptera,Belostomatidae,Arthropoda,False,False,very_sparse_1_4,Very limited (1-4 protective contexts),4,2,0,0,1,False,1.33233090509506e-18,1.0,2.855170467497281e-06,,extended_r1_greedy_order,,Very limited direct protective support; confirmatory testing is a high priority.,0.9968493972505826,0.9999469264601034,0.9999999288819682
1223,Anax junius,,Insecta,Odonata,Aeshnidae,Arthropoda,False,False,very_sparse_1_4,Very limited (1-4 protective contexts),1,1,1,50,1,False,1.3021544782557201e-18,1.0,2.8260782148903374e-06,,extended_r1_greedy_order,,Very limited direct protective support; confirmatory testing is a high priority.,0.9968522233287975,0.9999470019082203,0.9999999290546745
1224,Vallisneria natans,,Liliopsida,Hydrocharitales,Hydrocharitaceae,Magnoliophyta,False,False,very_sparse_1_4,Very limited (1-4 protective contexts),3,3,0,0,2,False,1.2724738216586787e-18,1.0,5.315570878239306e-06,,extended_r1_greedy_order,,Very limited direct protective support; confirmatory testing is a high priority.,0.9968575388996758,0.9999471315084976,0.9999999292944628
1225,Cyprinella spiloptera,,Actinopterygii,Cypriniformes,Cyprinidae,Chordata,False,False,very_sparse_1_4,Very limited (1-4 protective contexts),4,3,1,16,1,False,1.2430176825150822e-18,1.0,3.3628067249713567e-06,,extended_r1_greedy_order,,Very limited direct protective support; confirmatory testing is a high priority.,0.9968609017064007,0.9999472148865336,0.9999999294650186
1226,Anax sp.,,Insecta,Odonata,Aeshnidae,Arthropoda,False,False,very_sparse_1_4,Very limited (1-4 protective contexts),1,1,0,0,1,False,1.2149041916276532e-18,1.0,2.8007728116730135e-06,,extended_r1_greedy_order,,Very limited direct protective support; confirmatory testing is a high priority.,0.9968637024792124,0.9999472894401374,0.9999999296348044
1227,Acipenser baerii,,Actinopterygii,Acipenseriformes,Acipenseridae,Chordata,False,False,very_sparse_1_4,Very limited (1-4 protective contexts),3,3,0,0,1,False,1.1873510334439204e-18,1.0,4.513550014739742e-06,,extended_r1_greedy_order,,Very limited direct protective support; confirmatory testing is a high priority.,0.9968682160292271,0.9999474000783531,0.9999999298579568
1228,Hydrophilus triangularis,,Insecta,Coleoptera,Hydrophilidae,Arthropoda,False,False,sparse_5_19,Limited (5-19 protective contexts),6,3,0,45,2,False,1.1603963117710823e-18,1.0,2.7702267921814183e-06,,extended_r1_greedy_order,,Limited direct protective support; interpret the rank with the reported uncertainty.,0.9968709862560193,0.9999474696095589,0.9999999300010093
1229,Anguilla anguilla,,Actinopterygii,Anguilliformes,Anguillidae,Chordata,False,False,moderate_20_49,Moderate (20-49 protective contexts),38,23,9,0,3,False,1.1341535872006476e-18,1.0,4.320199750051934e-06,,extended_r1_greedy_order,,,0.9968753064557694,0.9999475682979104,0.9999999301711698
1230,Hygrotus sp.,,Insecta,Coleoptera,Dytiscidae,Arthropoda,False,False,very_sparse_1_4,Very limited (1-4 protective contexts),4,2,0,0,1,False,1.108515867176884e-18,1.0,2.7471365915410217e-06,,extended_r1_greedy_order,,Very limited direct protective support; confirmatory testing is a high priority.,0.9968780535923609,0.9999476404429153,0.9999999303314983
1231,Amnicola limosa,,Gastropoda,Neotaenioglossa,Hydrobiidae,Mollusca,False,False,very_sparse_1_4,Very limited (1-4 protective contexts),3,3,0,0,1,False,1.0831786492646687e-18,1.0,3.186953999811948e-06,,extended_r1_greedy_order,,Very limited direct protective support; confirmatory testing is a high priority.,0.9968812405463607,0.9999477182469203,0.9999999304880955
1232,Acipenser sinensis,,Actinopterygii,Acipenseriformes,Acipenseridae,Chordata,False,False,very_sparse_1_4,Very limited (1-4 protective contexts),4,3,0,0,1,False,1.0586393253839497e-18,1.0,4.514890440954211e-06,,extended_r1_greedy_order,,Very limited direct protective support; confirmatory testing is a high priority.,0.9968857554368017,0.9999478303990956,0.9999999307187358
1233,Cichlasoma urophthalmus,,Actinopterygii,Perciformes,Cichlidae,Chordata,False,False,very_sparse_1_4,Very limited (1-4 protective contexts),1,1,0,1,1,False,1.0344031660250527e-18,1.0,3.2113917136644687e-06,,extended_r1_greedy_order,,Very limited direct protective support; confirmatory testing is a high priority.,0.9968889668285154,0.9999479073574531,0.9999999308675257
1234,Gyrinus sp.,,Insecta,Coleoptera,Gyrinidae,Arthropoda,False,False,very_sparse_1_4,Very limited (1-4 protective contexts),3,2,0,0,1,False,1.0108343903538523e-18,1.0,2.7580144905670068e-06,,extended_r1_greedy_order,,Very limited direct protective support; confirmatory testing is a high priority.,0.9968917248430059,0.9999479784710673,0.9999999310207878
1235,Lepadella sp.,,Monogononta,Ploima,Brachionidae,Rotifera,False,False,very_sparse_1_4,Very limited (1-4 protective contexts),1,1,0,0,1,False,9.87917730917899e-19,1.0,4.558284215416819e-06,,extended_r1_greedy_order,,Very limited direct protective support; confirmatory testing is a high priority.,0.9968962831272213,0.9999480889084448,0.9999999312299868
1236,Culicoides furens,,Insecta,Diptera,Ceratopogonidae,Arthropoda,False,False,sparse_5_19,Limited (5-19 protective contexts),7,7,0,1,1,False,9.655508044738304e-19,1.0,2.5199380465634746e-06,,extended_r1_greedy_order,,Limited direct protective support; interpret the rank with the reported uncertainty.,0.9968988030652679,0.9999481565242669,0.999999931373694
1237,Leuciscus leuciscus,,Actinopterygii,Cypriniformes,Cyprinidae,Chordata,False,False,very_sparse_1_4,Very limited (1-4 protective contexts),2,2,0,0,1,False,9.436409127163518e-19,1.0,3.480440851411082e-06,,extended_r1_greedy_order,,Very limited direct protective support; confirmatory testing is a high priority.,0.9969022835061193,0.9999482380518822,0.9999999315257406
1238,Potamogeton diversifolius,,Liliopsida,Najadales,Potamogetonaceae,Magnoliophyta,False,False,very_sparse_1_4,Very limited (1-4 protective contexts),4,4,0,24,1,False,9.22201647265382e-19,1.0,3.934128801619252e-06,,extended_r1_greedy_order,,Very limited direct protective support; confirmatory testing is a high priority.,0.9969062176349209,0.9999483318504966,0.9999999317061138
1239,Bryocamptus pygmaeus,,Maxillopoda,Harpacticoida,Canthocamptidae,Arthropoda,False,False,sparse_5_19,Limited (5-19 protective contexts),5,4,0,0,1,False,9.009480858055433e-19,1.0,4.600869619508785e-06,,extended_r1_greedy_order,,Limited direct protective support; interpret the rank with the reported uncertainty.,0.9969108185045404,0.9999484468016304,0.9999999319329759
1240,Hyphessobrycon herbertaxelrodi,,Actinopterygii,Characiformes,Characidae,Chordata,False,False,very_sparse_1_4,Very limited (1-4 protective contexts),1,1,0,0,1,False,8.805424567974082e-19,1.0,3.509040344185088e-06,,extended_r1_greedy_order,,Very limited direct protective support; confirmatory testing is a high priority.,0.9969143275448846,0.9999485336070773,0.99999993210612
1241,Molanna angustata,,Insecta,Trichoptera,Molannidae,Arthropoda,False,False,very_sparse_1_4,Very limited (1-4 protective contexts),2,1,0,0,1,False,8.6061939685106405e-19,1.0,2.8596197809704904e-06,,extended_r1_greedy_order,,Very limited direct protective support; confirmatory testing is a high priority.,0.9969171871646656,0.9999486079392635,0.9999999322684805
1242,Calamoceras marsupus,,Insecta,Trichoptera,Calamoceratidae,Arthropoda,False,False,very_sparse_1_4,Very limited (1-4 protective contexts),4,2,2,0,1,False,8.410838915098933e-19,1.0,2.8145583693683918e-06,,extended_r1_greedy_order,,Very limited direct protective support; confirmatory testing is a high priority.,0.996920001723035,0.999948681199038,0.9999999324284002
1243,Bryocamptus minutus,,Maxillopoda,Harpacticoida,Canthocamptidae,Arthropoda,False,False,sparse_5_19,Limited (5-19 protective contexts),5,4,0,0,1,False,8.221013929961256e-19,1.0,4.571542986719912e-06,,extended_r1_greedy_order,,Limited direct protective support; interpret the rank with the reported uncertainty.,0.9969245732660217,0.9999487951602983,0.9999999326521789
1244,Neomysis integer,,Malacostraca,Mysida,Mysidae,Arthropoda,False,False,very_sparse_1_4,Very limited (1-4 protective contexts),1,1,0,0,1,False,8.033950652681801e-19,1.0,3.4117226005436763e-06,,extended_r1_greedy_order,,Very limited direct protective support; confirmatory testing is a high priority.,0.9969279849886222,0.9999488805839613,0.9999999328274826
1245,Vallisneria sp.,,Liliopsida,Hydrocharitales,Hydrocharitaceae,Magnoliophyta,False,False,very_sparse_1_4,Very limited (1-4 protective contexts),1,1,0,0,1,False,7.851239011791419e-19,1.0,5.056938852998627e-06,,extended_r1_greedy_order,,Very limited direct protective support; confirmatory testing is a high priority.,0.9969330419274752,0.9999490027656982,0.9999999330484873
1246,Hyphessobrycon bifasciatus,,Actinopterygii,Characiformes,Characidae,Chordata,False,False,very_sparse_1_4,Very limited (1-4 protective contexts),1,1,0,0,1,False,7.673331909121405e-19,1.0,3.4783933940962797e-06,,extended_r1_greedy_order,,Very limited direct protective support; confirmatory testing is a high priority.,0.9969365203208693,0.999949088643947,0.9999999332188435
1247,Belostoma indicum,,Insecta,Heteroptera,Belostomatidae,Arthropoda,False,False,very_sparse_1_4,Very limited (1-4 protective contexts),3,2,0,0,1,False,7.499504428212303e-19,1.0,2.8523340410702147e-06,,extended_r1_greedy_order,,Very limited direct protective support; confirmatory testing is a high priority.,0.9969393726549104,0.9999491632924623,0.9999999333822758
1248,Gyrinus punctellus,,Insecta,Coleoptera,Gyrinidae,Arthropoda,False,False,very_sparse_1_4,Very limited (1-4 protective contexts),1,1,0,2,1,False,7.329875669550831e-19,1.0,2.6106981266815765e-06,,extended_r1_greedy_order,,Very limited direct protective support; confirmatory testing is a high priority.,0.9969419833530371,0.9999492307972094,0.999999933527768
1249,Pseudosuccinea columella,,Gastropoda,Basommatophora,Lymnaeidae,Mollusca,False,False,very_sparse_1_4,Very limited (1-4 protective contexts),1,1,1,21,1,False,7.164234187207755e-19,1.0,3.6189499411642956e-06,,extended_r1_greedy_order,,Very limited direct protective support; confirmatory testing is a high priority.,0.9969456023029782,0.9999493146385267,0.9999999336781584
1250,Hemigrammus erythrozonus,,Actinopterygii,Characiformes,Characidae,Chordata,False,False,very_sparse_1_4,Very limited (1-4 protective contexts),3,1,0,0,1,False,6.999429799176974e-19,1.0,3.448360723745658e-06,,extended_r1_greedy_order,,Very limited direct protective support; confirmatory testing is a high priority.,0.996949050663702,0.999949398645556,0.9999999338415697
1251,Plationus patulus,,Monogononta,Ploima,Brachionidae,Rotifera,False,False,very_sparse_1_4,Very limited (1-4 protective contexts),1,1,1,12,1,False,6.838903369959164e-19,1.0,4.286864214386732e-06,,extended_r1_greedy_order,,Very limited direct protective support; confirmatory testing is a high priority.,0.9969533375279164,0.9999495017852251,0.9999999340354725
1252,Chela cachius,,Actinopterygii,Cypriniformes,Cyprinidae,Chordata,False,False,very_sparse_1_4,Very limited (1-4 protective contexts),1,1,1,0,1,False,6.683324804868421e-19,1.0,3.060459870751764e-06,,extended_r1_greedy_order,,Very limited direct protective support; confirmatory testing is a high priority.,0.9969563979877871,0.9999495762426425,0.9999999341829898
1253,Cypria sp.,,Ostracoda,Podocopida,Cyprididae,Arthropoda,False,False,sparse_5_19,Limited (5-19 protective contexts),8,8,0,0,1,False,6.530348354077662e-19,1.0,4.773658461076913e-06,,extended_r1_greedy_order,,Limited direct protective support; interpret the rank with the reported uncertainty.,0.9969611716462482,0.9999496977633179,0.9999999344240214
1254,Hyphessobrycon eques,,Actinopterygii,Characiformes,Characidae,Chordata,False,False,very_sparse_1_4,Very limited (1-4 protective contexts),1,1,2,0,1,False,6.381678409442213e-19,1.0,3.3953287241761387e-06,,extended_r1_greedy_order,,Very limited direct protective support; confirmatory testing is a high priority.,0.9969645669749724,0.9999497811055272,0.9999999345876296
1255,Gyraulus sp.,,Gastropoda,Basommatophora,Planorbidae,Mollusca,False,False,sparse_5_19,Limited (5-19 protective contexts),8,3,0,0,1,False,6.235907896473402e-19,1.0,2.5465362321064333e-06,,extended_r1_greedy_order,,Limited direct protective support; interpret the rank with the reported uncertainty.,0.9969671135112045,0.9999498381387156,0.9999999346860534
1256,Culicoides variipennis,,Insecta,Diptera,Ceratopogonidae,Arthropoda,False,False,very_sparse_1_4,Very limited (1-4 protective contexts),3,3,0,0,1,False,6.095398265451035e-19,1.0,2.3847389502007488e-06,,extended_r1_greedy_order,,Very limited direct protective support; confirmatory testing is a high priority.,0.9969694982501547,0.9999498988709644,0.9999999348088119
1257,Notopterus notopterus,,Actinopterygii,Osteoglossiformes,Notopteridae,Chordata,False,False,moderate_20_49,Moderate (20-49 protective contexts),25,16,2,0,1,False,5.9564695012811545e-19,1.0,3.902930517885039e-06,,extended_r1_greedy_order,,,0.9969734011806726,0.9999499975259253,0.9999999350224764
1258,Mesocyclops edax,,Maxillopoda,Cyclopoida,Cyclopidae,Arthropoda,False,False,very_sparse_1_4,Very limited (1-4 protective contexts),1,1,0,0,1,False,5.819699534671475e-19,1.0,4.5546501959981e-06,,extended_r1_greedy_order,,Very limited direct protective support; confirmatory testing is a high priority.,0.9969779558308686,0.9999501080534594,0.9999999352266312
1259,Trichogaster trichopterus,,Actinopterygii,Perciformes,Osphronemidae,Chordata,False,False,sparse_5_19,Limited (5-19 protective contexts),10,5,0,0,2,False,5.687286075800232e-19,1.0,3.3874873441863684e-06,,extended_r1_greedy_order,,Limited direct protective support; interpret the rank with the reported uncertainty.,0.9969813433182128,0.999950182412759,0.9999999353510782
1260,Gyrinus natator,,Insecta,Coleoptera,Gyrinidae,Arthropoda,False,False,very_sparse_1_4,Very limited (1-4 protective contexts),1,1,1,0,1,False,5.558382138710442e-19,1.0,2.6409264973770163e-06,,extended_r1_greedy_order,,Very limited direct protective support; confirmatory testing is a high priority.,0.9969839842447101,0.9999502501421519,0.9999999354946094
1261,Enallagma aspersum,,Insecta,Odonata,Coenagrionidae,Arthropoda,False,False,very_sparse_1_4,Very limited (1-4 protective contexts),1,1,0,34,1,False,5.433305021551778e-19,1.0,3.2337462950726703e-06,,extended_r1_greedy_order,,Very limited direct protective support; confirmatory testing is a high priority.,0.9969872179910052,0.99995033069174,0.9999999356573023
1262,Pomacea canaliculata,,Gastropoda,Architaenioglossa,Ampullariidae,Mollusca,False,False,sparse_5_19,Limited (5-19 protective contexts),12,8,2,2,2,False,5.308529981240559e-19,1.0,4.077437908422965e-06,,extended_r1_greedy_order,,Limited direct protective support; interpret the rank with the reported uncertainty.,0.9969912954289136,0.9999504205163433,0.999999935803416
1263,Spiralothelphusa hydrodroma,,Malacostraca,Decapoda,Parathelphusidae,Arthropoda,False,False,very_sparse_1_4,Very limited (1-4 protective contexts),2,2,0,0,1,False,5.188511894006987e-19,1.0,3.134220178724334e-06,,extended_r1_greedy_order,,Very limited direct protective support; confirmatory testing is a high priority.,0.9969944296490924,0.9999504969359065,0.9999999359496804
1264,Atherix variegata,,Insecta,Diptera,Athericidae,Arthropoda,False,False,very_sparse_1_4,Very limited (1-4 protective contexts),4,4,0,0,1,False,5.070785461307055e-19,1.0,2.48797517188315e-06,,extended_r1_greedy_order,,Very limited direct protective support; confirmatory testing is a high priority.,0.9969969176242642,0.9999505602010904,0.9999999360826483
1265,Macropsobrycon uruguayanae,,Actinopterygii,Characiformes,Characidae,Chordata,False,False,very_sparse_1_4,Very limited (1-4 protective contexts),2,1,0,0,1,False,4.956642795307734e-19,1.0,3.491735007910002e-06,,extended_r1_greedy_order,,Very limited direct protective support; confirmatory testing is a high priority.,0.9970004093592721,0.9999506448436511,0.9999999362444152
1266,Keratella cochlearis,,Monogononta,Ploima,Brachionidae,Rotifera,False,False,sparse_5_19,Limited (5-19 protective contexts),5,4,1,7,1,False,4.844595913622511e-19,1.0,4.1405706592279046e-06,,extended_r1_greedy_order,,Limited direct protective support; interpret the rank with the reported uncertainty.,0.9970045499299314,0.9999507449132405,0.9999999364332878
1267,Corydoras melanistius,,Actinopterygii,Siluriformes,Callichthyidae,Chordata,False,False,very_sparse_1_4,Very limited (1-4 protective contexts),3,1,0,0,1,False,4.735408190303729e-19,1.0,3.1728556914023542e-06,,extended_r1_greedy_order,,Very limited direct protective support; confirmatory testing is a high priority.,0.9970077227856228,0.9999508203834597,0.9999999365776475
1268,Sialis lutaria,,Insecta,Megaloptera,Sialidae,Arthropoda,False,False,sparse_5_19,Limited (5-19 protective contexts),11,4,1,0,1,False,4.628958128990899e-19,1.0,2.717765128501526e-06,,extended_r1_greedy_order,,Limited direct protective support; interpret the rank with the reported uncertainty.,0.9970104405507513,0.9999508863155756,0.9999999367056034
1269,Cambarus bartonii,,Malacostraca,Decapoda,Cambaridae,Arthropoda,False,False,very_sparse_1_4,Very limited (1-4 protective contexts),2,1,0,18,1,False,4.524494240847147e-19,1.0,3.593796887191303e-06,,extended_r1_greedy_order,,Very limited direct protective support; confirmatory testing is a high priority.,0.9970140343476385,0.9999509712539509,0.9999999368607384
1270,Culicoides schultzei,,Insecta,Diptera,Ceratopogonidae,Arthropoda,False,False,very_sparse_1_4,Very limited (1-4 protective contexts),4,4,0,0,1,False,4.422356151950194e-19,1.0,2.295301895438584e-06,,extended_r1_greedy_order,,Very limited direct protective support; confirmatory testing is a high priority.,0.9970163296495339,0.9999510289126292,0.9999999369735674
1271,Melanotaenia fluviatilis,,Actinopterygii,Atheriniformes,Melanotaeniidae,Chordata,False,False,moderate_20_49,Moderate (20-49 protective contexts),33,14,0,0,3,False,4.3220341541872146e-19,1.0,3.7314666327947776e-06,,extended_r1_greedy_order,,,0.9970200611161667,0.999951113589461,0.9999999371245497
1272,Notropis topeka,,Actinopterygii,Cypriniformes,Cyprinidae,Chordata,False,False,sparse_5_19,Limited (5-19 protective contexts),8,3,0,0,2,False,4.2237206853448637e-19,1.0,3.148449594703173e-06,,extended_r1_greedy_order,,Limited direct protective support; interpret the rank with the reported uncertainty.,0.9970232095657614,0.9999511891775222,0.9999999372676633
1273,Morone chrysops,,Actinopterygii,Perciformes,Moronidae,Chordata,False,False,very_sparse_1_4,Very limited (1-4 protective contexts),3,3,0,5,1,False,4.127932288462324e-19,1.0,3.770377900336186e-06,,extended_r1_greedy_order,,Very limited direct protective support; confirmatory testing is a high priority.,0.9970269799436617,0.999951281492313,0.9999999374441233
1274,Moxostoma hubbsi,,Actinopterygii,Cypriniformes,Catostomidae,Chordata,False,False,very_sparse_1_4,Very limited (1-4 protective contexts),2,1,0,0,1,False,4.034810407839671e-19,1.0,3.3043179487046714e-06,,extended_r1_greedy_order,,Very limited direct protective support; confirmatory testing is a high priority.,0.9970302842616104,0.9999513600263941,0.999999937592609
1275,Hyphessobrycon erythrostigma,,Actinopterygii,Characiformes,Characidae,Chordata,False,False,very_sparse_1_4,Very limited (1-4 protective contexts),2,2,0,0,1,False,3.943863737077608e-19,1.0,3.3101712645366987e-06,,extended_r1_greedy_order,,Very limited direct protective support; confirmatory testing is a high priority.,0.997033594432875,0.9999514403866422,0.9999999377473622
1276,Biomphalaria straminea,,Gastropoda,Basommatophora,Planorbidae,Mollusca,False,False,very_sparse_1_4,Very limited (1-4 protective contexts),1,1,0,0,1,False,3.855287672809816e-19,1.0,3.0087037000692263e-06,,extended_r1_greedy_order,,Very limited direct protective support; confirmatory testing is a high priority.,0.997036603136575,0.9999515018459679,0.999999937837858
1277,Parreysia sp.,,Bivalvia,Unionoida,Unionidae,Mollusca,False,False,very_sparse_1_4,Very limited (1-4 protective contexts),1,1,0,0,1,False,3.768182917990616e-19,1.0,3.086309172339874e-06,,extended_r1_greedy_order,,Very limited direct protective support; confirmatory testing is a high priority.,0.9970396894457474,0.9999515708356428,0.9999999379524217
1278,Cyclops sp.,,Maxillopoda,Cyclopoida,Cyclopidae,Arthropoda,False,False,sparse_5_19,Limited (5-19 protective contexts),10,10,0,0,2,False,3.680893930400186e-19,1.0,4.2628307167502655e-06,,extended_r1_greedy_order,,Limited direct protective support; interpret the rank with the reported uncertainty.,0.9970439522764641,0.9999516733978355,0.9999999381370679
1279,Atherix sp.,,Insecta,Diptera,Athericidae,Arthropoda,False,False,very_sparse_1_4,Very limited (1-4 protective contexts),2,2,0,0,1,False,3.5979737466213366e-19,1.0,2.520940691308482e-06,,extended_r1_greedy_order,,Very limited direct protective support; confirmatory testing is a high priority.,0.9970464732171554,0.9999517375673842,0.9999999382712267
1280,Anguilla rostrata,,Actinopterygii,Anguilliformes,Anguillidae,Chordata,False,False,sparse_5_19,Limited (5-19 protective contexts),12,8,1,23,1,False,3.517326113868222e-19,1.0,3.752819434321708e-06,,extended_r1_greedy_order,,Limited direct protective support; interpret the rank with the reported uncertainty.,0.9970502260365898,0.9999518254754299,0.9999999384288261
1281,Noemacheilus denisonii,,Actinopterygii,Cypriniformes,Balitoridae,Chordata,False,False,very_sparse_1_4,Very limited (1-4 protective contexts),2,2,0,0,1,False,3.4383301185451006e-19,1.0,3.1712219609181247e-06,,extended_r1_greedy_order,,Very limited direct protective support; confirmatory testing is a high priority.,0.9970533972585507,0.9999519020172005,0.9999999385788471
1282,Catostomus catostomus,,Actinopterygii,Cypriniformes,Catostomidae,Chordata,False,False,very_sparse_1_4,Very limited (1-4 protective contexts),2,2,0,9,1,False,3.3609317531938085e-19,1.0,3.561098654847328e-06,,extended_r1_greedy_order,,Very limited direct protective support; confirmatory testing is a high priority.,0.9970569583572055,0.9999519846578521,0.999999938729662
1283,Elodea sp.,,Liliopsida,Hydrocharitales,Hydrocharitaceae,Magnoliophyta,False,False,very_sparse_1_4,Very limited (1-4 protective contexts),2,2,0,0,1,False,3.283386180734967e-19,1.0,4.7421049832463424e-06,,extended_r1_greedy_order,,Very limited direct protective support; confirmatory testing is a high priority.,0.9970617004621888,0.9999520993725504,0.9999999389317697
1284,Parapoynx stratiotata,,Insecta,Lepidoptera,Crambidae,Arthropoda,False,False,very_sparse_1_4,Very limited (1-4 protective contexts),2,1,0,0,1,False,3.20835012542646e-19,1.0,2.5693711164231914e-06,,extended_r1_greedy_order,,Very limited direct protective support; confirmatory testing is a high priority.,0.9970642698333052,0.9999521649188887,0.9999999390689238
1285,Pseudambassis ranga,,Actinopterygii,Perciformes,Chandidae,Chordata,False,False,very_sparse_1_4,Very limited (1-4 protective contexts),3,3,0,0,1,False,3.1361329996416563e-19,1.0,3.0322535410354234e-06,,extended_r1_greedy_order,,Very limited direct protective support; confirmatory testing is a high priority.,0.9970673020868462,0.9999522380341732,0.9999999392118344
1286,Catostomus platyrhynchus,,Actinopterygii,Cypriniformes,Catostomidae,Chordata,False,False,very_sparse_1_4,Very limited (1-4 protective contexts),1,1,0,6,1,False,3.065837578471396e-19,1.0,3.5241732965207717e-06,,extended_r1_greedy_order,,Very limited direct protective support; confirmatory testing is a high priority.,0.9970708262601428,0.9999523197945681,0.9999999393608331
1287,Lepadella patella,,Monogononta,Ploima,Brachionidae,Rotifera,False,False,very_sparse_1_4,Very limited (1-4 protective contexts),2,2,1,0,1,False,2.9966047553866546e-19,1.0,4.051904357371683e-06,,extended_r1_greedy_order,,Very limited direct protective support; confirmatory testing is a high priority.,0.9970748781645001,0.9999524156236937,0.9999999395344349
1288,Mesocyclops pehpeiensis,,Maxillopoda,Cyclopoida,Cyclopidae,Arthropoda,False,False,sparse_5_19,Limited (5-19 protective contexts),6,5,1,0,1,False,2.9292196046550527e-19,1.0,4.305076041988265e-06,,extended_r1_greedy_order,,Limited direct protective support; interpret the rank with the reported uncertainty.,0.9970791832405421,0.9999525192524212,0.999999939721706
1289,Pseudocrenilabrus philander,,Actinopterygii,Perciformes,Cichlidae,Chordata,False,False,very_sparse_1_4,Very limited (1-4 protective contexts),2,1,0,0,2,False,2.8635003028718155e-19,1.0,2.7883987937515897e-06,,extended_r1_greedy_order,,Very limited direct protective support; confirmatory testing is a high priority.,0.9970819716393359,0.999952584293802,0.9999999398410816
1290,Leptoxis ampla,,Gastropoda,Neotaenioglossa,Pleuroceridae,Mollusca,False,False,very_sparse_1_4,Very limited (1-4 protective contexts),1,1,3,1,1,False,2.7988566094395703e-19,1.0,3.1923605161576774e-06,,extended_r1_greedy_order,,Very limited direct protective support; confirmatory testing is a high priority.,0.997085163999852,0.9999526568862177,0.9999999399680232
1291,Coloburiscus humeralis,,Insecta,Ephemeroptera,Coloburiscidae,Arthropoda,False,False,very_sparse_1_4,Very limited (1-4 protective contexts),4,2,0,0,1,False,2.735862306858088e-19,1.0,2.5543367369040837e-06,,extended_r1_greedy_order,,Very limited direct protective support; confirmatory testing is a high priority.,0.9970877183365889,0.9999527229032051,0.9999999401105841
1292,Biomphalaria havanensis,,Gastropoda,Basommatophora,Planorbidae,Mollusca,False,False,very_sparse_1_4,Very limited (1-4 protective contexts),2,2,0,1,3,False,2.674131715159524e-19,1.0,2.8840769138449573e-06,,extended_r1_greedy_order,,Very limited direct protective support; confirmatory testing is a high priority.,0.9970906024135028,0.9999527826924453,0.9999999402001742
1293,Keratella quadrata,,Monogononta,Ploima,Brachionidae,Rotifera,False,False,very_sparse_1_4,Very limited (1-4 protective contexts),1,1,0,0,1,False,2.6140857701337104e-19,1.0,3.919078142344823e-06,,extended_r1_greedy_order,,Very limited direct protective support; confirmatory testing is a high priority.,0.9970945214916451,0.9999528762060432,0.9999999403714604
1294,Scardinius erythrophthalmus,,Actinopterygii,Cypriniformes,Cyprinidae,Chordata,False,False,sparse_5_19,Limited (5-19 protective contexts),6,6,1,0,1,False,2.5552297327552444e-19,1.0,2.901967444790543e-06,,extended_r1_greedy_order,,Limited direct protective support; interpret the rank with the reported uncertainty.,0.9970974234590899,0.9999529457523175,0.9999999405037391
1295,Potamogeton nodosus,,Liliopsida,Najadales,Potamogetonaceae,Magnoliophyta,False,False,very_sparse_1_4,Very limited (1-4 protective contexts),4,4,0,44,1,False,2.4979851310678842e-19,1.0,3.4736943229640715e-06,,extended_r1_greedy_order,,Very limited direct protective support; confirmatory testing is a high priority.,0.9971008971534129,0.9999530266666462,0.9999999406510316
1296,Trypaea australiensis,,Malacostraca,Decapoda,Callianassidae,Arthropoda,False,False,very_sparse_1_4,Very limited (1-4 protective contexts),1,1,0,0,2,False,2.4416170662048178e-19,1.0,2.897006514013256e-06,,extended_r1_greedy_order,,Very limited direct protective support; confirmatory testing is a high priority.,0.9971037941599269,0.9999530994349826,0.9999999407963326
1297,Astacus astacus,,Malacostraca,Decapoda,Astacidae,Arthropoda,False,False,sparse_5_19,Limited (5-19 protective contexts),7,4,1,0,1,False,2.3868792827385277e-19,1.0,2.896288597398211e-06,,extended_r1_greedy_order,,Limited direct protective support; interpret the rank with the reported uncertainty.,0.9971066904485243,0.9999531661362381,0.9999999409119182
1298,Ceratophyllum submersum,,Magnoliopsida,Nymphaeales,Ceratophyllaceae,Magnoliophyta,False,False,very_sparse_1_4,Very limited (1-4 protective contexts),1,1,0,0,1,False,2.333500278381431e-19,1.0,3.0145478049359298e-06,,extended_r1_greedy_order,,Very limited direct protective support; confirmatory testing is a high priority.,0.9971097049963292,0.9999532401180925,0.9999999410560981
1299,Neoplea striola,,Insecta,Heteroptera,Pleidae,Arthropoda,False,False,very_sparse_1_4,Very limited (1-4 protective contexts),1,1,0,14,1,False,2.281372160062238e-19,1.0,2.3983500695434756e-06,,extended_r1_greedy_order,,Very limited direct protective support; confirmatory testing is a high priority.,0.9971121033463988,0.9999533012147545,0.9999999411853108
1300,Biomphalaria sp.,,Gastropoda,Basommatophora,Planorbidae,Mollusca,False,False,very_sparse_1_4,Very limited (1-4 protective contexts),1,1,0,0,2,False,2.2302362915814333e-19,1.0,2.8409017710506745e-06,,extended_r1_greedy_order,,Very limited direct protective support; confirmatory testing is a high priority.,0.9971149442481698,0.9999533591183885,0.9999999412699069
1301,Microhyla ornata,,Amphibia,Anura,Microhylidae,Chordata,False,False,sparse_5_19,Limited (5-19 protective contexts),16,11,0,0,2,False,2.180014120537237e-19,1.0,3.435599170820147e-06,,extended_r1_greedy_order,,Limited direct protective support; interpret the rank with the reported uncertainty.,0.9971183798473406,0.9999534310190916,0.9999999413740669
1302,Amniataba percoides,,Actinopterygii,Perciformes,Teraponidae,Chordata,False,False,very_sparse_1_4,Very limited (1-4 protective contexts),2,2,0,0,1,False,2.1312197959586667e-19,1.0,2.9842309043903725e-06,,extended_r1_greedy_order,,Very limited direct protective support; confirmatory testing is a high priority.,0.997121364078245,0.9999535036160363,0.9999999415154911
1303,Geophagus brasiliensis,,Actinopterygii,Perciformes,Cichlidae,Chordata,False,False,very_sparse_1_4,Very limited (1-4 protective contexts),1,1,0,0,1,False,2.0834906064537004e-19,1.0,2.719851580179622e-06,,extended_r1_greedy_order,,Very limited direct protective support; confirmatory testing is a high priority.,0.9971240839298252,0.999953566218622,0.9999999416274253
1304,Morone sp.,,Actinopterygii,Perciformes,Moronidae,Chordata,False,False,sparse_5_19,Limited (5-19 protective contexts),7,4,1,0,1,False,2.0364786355212288e-19,1.0,3.6165632524287616e-06,,extended_r1_greedy_order,,Limited direct protective support; interpret the rank with the reported uncertainty.,0.9971277004930776,0.9999536542384946,0.9999999417928105
1305,Faxonius virilis,,Malacostraca,Decapoda,Cambaridae,Arthropoda,False,False,sparse_5_19,Limited (5-19 protective contexts),9,6,1,0,1,False,1.9902337225173082e-19,1.0,3.5317327455874903e-06,,extended_r1_greedy_order,,Limited direct protective support; interpret the rank with the reported uncertainty.,0.9971312322258232,0.999953733687512,0.9999999419265847
1306,Radix plicatula,,Gastropoda,Basommatophora,Lymnaeidae,Mollusca,False,False,very_sparse_1_4,Very limited (1-4 protective contexts),1,1,0,0,1,False,1.9454924840637541e-19,1.0,3.4514100017979388e-06,,extended_r1_greedy_order,,Very limited direct protective support; confirmatory testing is a high priority.,0.997134683635825,0.9999538092654753,0.9999999420488528
1307,Potamogeton illinoensis,,Liliopsida,Najadales,Potamogetonaceae,Magnoliophyta,False,False,sparse_5_19,Limited (5-19 protective contexts),5,4,0,22,2,False,1.901784577292999e-19,1.0,3.4123835996879848e-06,,extended_r1_greedy_order,,Limited direct protective support; interpret the rank with the reported uncertainty.,0.9971380960194247,0.9999538883980641,0.9999999421914617
1308,Rocio octofasciata,,Actinopterygii,Perciformes,Cichlidae,Chordata,False,False,very_sparse_1_4,Very limited (1-4 protective contexts),1,1,0,3,1,False,1.8592617395163793e-19,1.0,2.674955227210951e-06,,extended_r1_greedy_order,,Very limited direct protective support; confirmatory testing is a high priority.,0.9971407709746519,0.9999539498394339,0.9999999423008495
1309,Astacopsis gouldi,,Malacostraca,Decapoda,Parastacidae,Arthropoda,False,False,very_sparse_1_4,Very limited (1-4 protective contexts),2,2,0,0,1,False,1.8174298074217003e-19,1.0,2.996288837264771e-06,,extended_r1_greedy_order,,Very limited direct protective support; confirmatory testing is a high priority.,0.9971437672634892,0.9999540247567946,0.9999999424473583
1310,Anax imperator,,Insecta,Odonata,Aeshnidae,Arthropoda,False,False,very_sparse_1_4,Very limited (1-4 protective contexts),3,1,0,0,1,False,1.776814320369803e-19,1.0,2.4194239919284044e-06,,extended_r1_greedy_order,,Very limited direct protective support; confirmatory testing is a high priority.,0.9971461866874811,0.9999540870244787,0.9999999425787447
1311,Radix ovata,,Gastropoda,Basommatophora,Lymnaeidae,Mollusca,False,False,very_sparse_1_4,Very limited (1-4 protective contexts),1,1,0,0,1,False,1.737192601874305e-19,1.0,3.438822833490285e-06,,extended_r1_greedy_order,,Very limited direct protective support; confirmatory testing is a high priority.,0.9971496255103146,0.9999541619683355,0.9999999426991638
1312,Leptoxis praerosa,,Gastropoda,Neotaenioglossa,Pleuroceridae,Mollusca,False,False,very_sparse_1_4,Very limited (1-4 protective contexts),1,1,0,3,1,False,1.697979400770127e-19,1.0,3.0521860534538092e-06,,extended_r1_greedy_order,,Very limited direct protective support; confirmatory testing is a high priority.,0.9971526776963681,0.9999542310362018,0.9999999428179392
1313,Xyrauchen texanus,,Actinopterygii,Cypriniformes,Catostomidae,Chordata,False,False,moderate_20_49,Moderate (20-49 protective contexts),31,19,0,6,2,False,1.6600132607095606e-19,1.0,3.1239104728575384e-06,,extended_r1_greedy_order,,,0.9971558016068409,0.9999542947156034,0.9999999429116567
1314,Basilichthys australis,,Actinopterygii,Atheriniformes,Atherinidae,Chordata,False,False,very_sparse_1_4,Very limited (1-4 protective contexts),1,1,0,0,1,False,1.6226625714496167e-19,1.0,2.9178873190982557e-06,,extended_r1_greedy_order,,Very limited direct protective support; confirmatory testing is a high priority.,0.99715871949416,0.9999543656259021,0.9999999430479735
1315,Elimia virginica,,Gastropoda,Neotaenioglossa,Pleuroceridae,Mollusca,False,False,very_sparse_1_4,Very limited (1-4 protective contexts),2,2,0,7,1,False,1.58646456795771e-19,1.0,3.165750325218042e-06,,extended_r1_greedy_order,,Very limited direct protective support; confirmatory testing is a high priority.,0.9971618852444852,0.9999544350250039,0.9999999431619186
1316,Pontoporeia affinis,,Malacostraca,Amphipoda,Haustoriidae,Arthropoda,False,False,very_sparse_1_4,Very limited (1-4 protective contexts),1,1,0,0,1,False,1.5510671408032946e-19,1.0,2.7819837158382654e-06,,extended_r1_greedy_order,,Very limited direct protective support; confirmatory testing is a high priority.,0.9971646672282011,0.9999545035663638,0.9999999432960668
1317,Eudiaptomus gracilis,,Maxillopoda,Calanoida,Diaptomidae,Arthropoda,False,False,very_sparse_1_4,Very limited (1-4 protective contexts),3,3,0,0,1,False,1.5164005884531404e-19,1.0,3.5707642630500303e-06,,extended_r1_greedy_order,,Very limited direct protective support; confirmatory testing is a high priority.,0.9971682379924641,0.9999545948067775,0.9999999434775624
1318,Galba truncatula,,Gastropoda,Basommatophora,Lymnaeidae,Mollusca,False,False,very_sparse_1_4,Very limited (1-4 protective contexts),1,1,0,1,1,False,1.4823793635387866e-19,1.0,3.0961736517953753e-06,,extended_r1_greedy_order,,Very limited direct protective support; confirmatory testing is a high priority.,0.9971713341661159,0.999954665084743,0.9999999435982658
1319,Caquetaia kraussii,,Actinopterygii,Perciformes,Cichlidae,Chordata,False,False,very_sparse_1_4,Very limited (1-4 protective contexts),1,1,0,0,1,False,1.4487243588456284e-19,1.0,2.6120047098565635e-06,,extended_r1_greedy_order,,Very limited direct protective support; confirmatory testing is a high priority.,0.9971739461708258,0.9999547247016094,0.999999943703106
1320,Keratella americana,,Monogononta,Ploima,Brachionidae,Rotifera,False,False,very_sparse_1_4,Very limited (1-4 protective contexts),2,2,0,2,1,False,1.4163756329729587e-19,1.0,3.715947031524003e-06,,extended_r1_greedy_order,,Very limited direct protective support; confirmatory testing is a high priority.,0.9971776621178573,0.9999548119387933,0.99999994385813
1321,Leuciscus cephalus,,Actinopterygii,Cypriniformes,Cyprinidae,Chordata,False,False,moderate_20_49,Moderate (20-49 protective contexts),21,15,3,0,1,False,1.3846991030424557e-19,1.0,2.899099921127579e-06,,extended_r1_greedy_order,,,0.9971805612177784,0.999954877902576,0.9999999439734863
1322,Indoplanorbis exustus,,Gastropoda,Cephalaspidea,Bullinidae,Mollusca,False,False,moderate_20_49,Moderate (20-49 protective contexts),33,30,0,0,2,False,1.3535605196431519e-19,1.0,2.9682571336397956e-06,,extended_r1_greedy_order,,,0.9971835294749121,0.9999549334407547,0.9999999440408175
1323,Plea minutissima,,Insecta,Heteroptera,Pleidae,Arthropoda,False,False,sparse_5_19,Limited (5-19 protective contexts),11,2,0,0,2,False,1.322399409484558e-19,1.0,2.448210067895751e-06,,extended_r1_greedy_order,,Limited direct protective support; interpret the rank with the reported uncertainty.,0.99718597768498,0.9999549949132829,0.9999999441715635
1324,Rhinella fernandezae,,Amphibia,Anura,Bufonidae,Chordata,False,False,sparse_5_19,Limited (5-19 protective contexts),7,1,1,0,1,False,1.2923781629330826e-19,1.0,2.935689006333675e-06,,extended_r1_greedy_order,,Limited direct protective support; interpret the rank with the reported uncertainty.,0.9971889133739863,0.9999550559929061,0.9999999442609845
1325,Mylopharyngodon piceus,,Actinopterygii,Cypriniformes,Cyprinidae,Chordata,False,False,very_sparse_1_4,Very limited (1-4 protective contexts),4,2,0,0,1,False,1.263626430795384e-19,1.0,2.6831620377754106e-06,,extended_r1_greedy_order,,Very limited direct protective support; confirmatory testing is a high priority.,0.9971915965360241,0.99995511946771,0.9999999443789579
1326,Xiphophorus maculatus,,Actinopterygii,Cyprinodontiformes,Poeciliidae,Chordata,False,False,sparse_5_19,Limited (5-19 protective contexts),18,6,3,1,1,False,1.234746640940338e-19,1.0,2.7821375421233085e-06,,extended_r1_greedy_order,,Limited direct protective support; interpret the rank with the reported uncertainty.,0.9971943786735662,0.999955180735441,0.9999999444799278
1327,Leptoxis dilatata,,Gastropoda,Neotaenioglossa,Pleuroceridae,Mollusca,False,False,very_sparse_1_4,Very limited (1-4 protective contexts),1,1,0,3,1,False,1.2066797012847723e-19,1.0,2.9348151445729442e-06,,extended_r1_greedy_order,,Very limited direct protective support; confirmatory testing is a high priority.,0.9971973134887108,0.99995524672664,0.9999999445921487
1328,Mesocyclops ruttneri,,Maxillopoda,Cyclopoida,Cyclopidae,Arthropoda,False,False,very_sparse_1_4,Very limited (1-4 protective contexts),2,1,0,0,1,False,1.1797976336326258e-19,1.0,3.947851559771287e-06,,extended_r1_greedy_order,,Very limited direct protective support; confirmatory testing is a high priority.,0.9972012613402705,0.999955339044562,0.9999999447508429
1329,Quasipaa spinosa,,Amphibia,Anura,Dicroglossidae,Chordata,False,False,very_sparse_1_4,Very limited (1-4 protective contexts),1,1,0,0,1,False,1.1535278709318998e-19,1.0,2.719787830063325e-06,,extended_r1_greedy_order,,Very limited direct protective support; confirmatory testing is a high priority.,0.9972039811281006,0.9999554039680791,0.9999999448674342
1330,Parreysia corrugata,,Bivalvia,Unionoida,Unionidae,Mollusca,False,False,sparse_5_19,Limited (5-19 protective contexts),5,5,0,0,1,False,1.127846518090574e-19,1.0,2.9065574441711206e-06,,extended_r1_greedy_order,,Limited direct protective support; interpret the rank with the reported uncertainty.,0.9972068876855448,0.9999554669532147,0.9999999449653655
1331,Plagiognathops microlepis,,Actinopterygii,Cypriniformes,Cyprinidae,Chordata,False,False,very_sparse_1_4,Very limited (1-4 protective contexts),4,2,0,0,1,False,1.1025819667372625e-19,1.0,2.658673789901478e-06,,extended_r1_greedy_order,,Very limited direct protective support; confirmatory testing is a high priority.,0.9972095463593347,0.9999555297851138,0.9999999450818268
1332,Radix peregra,,Gastropoda,Basommatophora,Lymnaeidae,Mollusca,False,False,very_sparse_1_4,Very limited (1-4 protective contexts),1,1,0,0,1,False,1.0780078421039728e-19,1.0,3.352017378221994e-06,,extended_r1_greedy_order,,Very limited direct protective support; confirmatory testing is a high priority.,0.9972128983767129,0.9999556021150137,0.9999999451950798
1333,Galaxias truttaceus,,Actinopterygii,Osmeriformes,Galaxiidae,Chordata,False,False,very_sparse_1_4,Very limited (1-4 protective contexts),2,1,0,0,1,False,1.0538607910981014e-19,1.0,2.758226539834041e-06,,extended_r1_greedy_order,,Very limited direct protective support; confirmatory testing is a high priority.,0.9972156566032527,0.999955673585279,0.9999999453481262
1334,Abramis brama,,Actinopterygii,Cypriniformes,Cyprinidae,Chordata,False,False,sparse_5_19,Limited (5-19 protective contexts),10,8,3,0,2,False,1.0304675709386123e-19,1.0,2.567514037266072e-06,,extended_r1_greedy_order,,Limited direct protective support; interpret the rank with the reported uncertainty.,0.99721822411729,0.9999557327757028,0.9999999454537152
1335,Ceratophyllum sp.,,Magnoliopsida,Nymphaeales,Ceratophyllaceae,Magnoliophyta,False,False,very_sparse_1_4,Very limited (1-4 protective contexts),1,1,0,0,1,False,1.0075856151228657e-19,1.0,2.847401337713329e-06,,extended_r1_greedy_order,,Very limited direct protective support; confirmatory testing is a high priority.,0.9972210715186277,0.9999558015192586,0.9999999455831958
1336,Sialis velata,,Insecta,Megaloptera,Sialidae,Arthropoda,False,False,very_sparse_1_4,Very limited (1-4 protective contexts),1,1,0,3,1,False,9.852015100797733e-20,1.0,2.3842550719299638e-06,,extended_r1_greedy_order,,Very limited direct protective support; confirmatory testing is a high priority.,0.9972234557736996,0.999955859499154,0.9999999456940113
1337,Spea multiplicata,,Amphibia,Anura,Scaphiopodidae,Chordata,False,False,sparse_5_19,Limited (5-19 protective contexts),5,2,0,6,1,False,9.630025374289806e-20,1.0,3.0389582916789948e-06,,extended_r1_greedy_order,,Limited direct protective support; interpret the rank with the reported uncertainty.,0.9972264947319913,0.9999559302596328,0.9999999458246251
1338,Clibanarius africanus,,Malacostraca,Decapoda,Diogenidae,Arthropoda,False,False,sparse_5_19,Limited (5-19 protective contexts),5,5,0,0,1,False,9.415892479869469e-20,1.0,2.6343186121380313e-06,,extended_r1_greedy_order,,Limited direct protective support; interpret the rank with the reported uncertainty.,0.9972291290506035,0.9999559949643457,0.9999999459471771
1339,Leptoxis carinata,,Gastropoda,Neotaenioglossa,Pleuroceridae,Mollusca,False,False,very_sparse_1_4,Very limited (1-4 protective contexts),2,2,0,5,1,False,9.205156722910381e-20,1.0,2.918205194379908e-06,,extended_r1_greedy_order,,Very limited direct protective support; confirmatory testing is a high priority.,0.9972320472557978,0.9999560598927126,0.9999999460562092
1340,Prochilodus lineatus,,Actinopterygii,Characiformes,Curimatidae,Chordata,False,False,sparse_5_19,Limited (5-19 protective contexts),8,6,4,0,2,False,9.000560559525294e-20,1.0,3.401178967354923e-06,,extended_r1_greedy_order,,Limited direct protective support; interpret the rank with the reported uncertainty.,0.9972354484347652,0.999956141805343,0.9999999462101452
1341,Paramelita nigroculus,,Malacostraca,Amphipoda,Paramelitidae,Arthropoda,False,False,very_sparse_1_4,Very limited (1-4 protective contexts),3,3,0,0,1,False,8.800645472035101e-20,1.0,2.6269777549936535e-06,,extended_r1_greedy_order,,Very limited direct protective support; confirmatory testing is a high priority.,0.9972380754125202,0.9999562073481556,0.9999999463379653
1342,Paracalliope fluviatilis,,Malacostraca,Amphipoda,Eusiridae,Arthropoda,False,False,very_sparse_1_4,Very limited (1-4 protective contexts),2,2,0,0,1,False,8.604326390608459e-20,1.0,2.6139718772855147e-06,,extended_r1_greedy_order,,Very limited direct protective support; confirmatory testing is a high priority.,0.9972406893843975,0.9999562704361623,0.9999999464572422
1343,Alburnus albidus,,Actinopterygii,Cypriniformes,Cyprinidae,Chordata,False,False,very_sparse_1_4,Very limited (1-4 protective contexts),2,1,0,0,1,False,8.413423605319427e-20,1.0,2.5860074528427646e-06,,extended_r1_greedy_order,,Very limited direct protective support; confirmatory testing is a high priority.,0.9972432753918503,0.9999563306042867,0.9999999465651184
1344,Mysis relicta,,Malacostraca,Mysida,Mysidae,Arthropoda,False,False,very_sparse_1_4,Very limited (1-4 protective contexts),2,2,0,0,1,False,8.221455249464244e-20,1.0,2.6998050280946373e-06,,extended_r1_greedy_order,,Very limited direct protective support; confirmatory testing is a high priority.,0.9972459751968784,0.9999563954699169,0.9999999466869846
1345,Chanodichthys erythropterus,,Actinopterygii,Cypriniformes,Cyprinidae,Chordata,False,False,very_sparse_1_4,Very limited (1-4 protective contexts),4,2,0,0,1,False,8.037934014099435e-20,1.0,2.575677388594322e-06,,extended_r1_greedy_order,,Very limited direct protective support; confirmatory testing is a high priority.,0.997248550874267,0.9999564561995326,0.9999999467984673
1346,Nostoc fritschii,,Cyanophyceae,Nostocales,Nostocaceae,Cyanophycota,False,False,sparse_5_19,Limited (5-19 protective contexts),6,6,0,0,1,False,7.858096620104554e-20,1.0,3.910254999572871e-06,,extended_r1_greedy_order,,Limited direct protective support; interpret the rank with the reported uncertainty.,0.9972524611292666,0.999956538153091,0.9999999469188654
1347,Elodea nuttallii,,Liliopsida,Hydrocharitales,Hydrocharitaceae,Magnoliophyta,False,False,sparse_5_19,Limited (5-19 protective contexts),5,4,2,21,2,False,7.682367909603784e-20,1.0,4.286631077543568e-06,,extended_r1_greedy_order,,Limited direct protective support; interpret the rank with the reported uncertainty.,0.9972567477603441,0.9999566385990735,0.9999999470847069
1348,Pontoporeia sp.,,Malacostraca,Amphipoda,Haustoriidae,Arthropoda,False,False,very_sparse_1_4,Very limited (1-4 protective contexts),1,1,0,0,1,False,7.511544873054111e-20,1.0,2.572001269851576e-06,,extended_r1_greedy_order,,Very limited direct protective support; confirmatory testing is a high priority.,0.997259319761614,0.9999567010631282,0.9999999472034844
1349,Campostoma anomalum,,Actinopterygii,Cypriniformes,Cyprinidae,Chordata,False,False,sparse_5_19,Limited (5-19 protective contexts),9,8,2,23,1,False,7.345168791819795e-20,1.0,2.5924070193861226e-06,,extended_r1_greedy_order,,Limited direct protective support; interpret the rank with the reported uncertainty.,0.9972619121686334,0.9999567603973601,0.999999947307283
1350,Biomphalaria boissyi,,Gastropoda,Basommatophora,Planorbidae,Mollusca,False,False,sparse_5_19,Limited (5-19 protective contexts),5,1,0,0,1,False,7.182227806869858e-20,1.0,2.529658207794938e-06,,extended_r1_greedy_order,,Limited direct protective support; interpret the rank with the reported uncertainty.,0.9972644418268412,0.9999568116005095,0.9999999473804668
1351,Mesocyclops leuckarti,,Maxillopoda,Cyclopoida,Cyclopidae,Arthropoda,False,False,sparse_5_19,Limited (5-19 protective contexts),9,7,0,0,2,False,7.018434393176759e-20,1.0,3.8036875690261596e-06,,extended_r1_greedy_order,,Limited direct protective support; interpret the rank with the reported uncertainty.,0.9972682455144102,0.9999568998152565,0.9999999475301149
1352,Elimia catenaria,,Gastropoda,Neotaenioglossa,Pleuroceridae,Mollusca,False,False,sparse_5_19,Limited (5-19 protective contexts),9,7,0,1,1,False,6.862102033402095e-20,1.0,2.8681055588286597e-06,,extended_r1_greedy_order,,Limited direct protective support; interpret the rank with the reported uncertainty.,0.997271113619969,0.9999569630464521,0.9999999476331016
1353,Semotilus atromaculatus,,Actinopterygii,Cypriniformes,Cyprinidae,Chordata,False,False,sparse_5_19,Limited (5-19 protective contexts),5,3,0,27,1,False,6.709637355915827e-20,1.0,2.45422079647728e-06,,extended_r1_greedy_order,,Limited direct protective support; interpret the rank with the reported uncertainty.,0.9972735678407655,0.9999570202784737,0.9999999477363906
1354,Capoeta fusca,,Actinopterygii,Cypriniformes,Cyprinidae,Chordata,False,False,sparse_5_19,Limited (5-19 protective contexts),6,4,0,0,1,False,6.557979151777264e-20,1.0,2.370350113412023e-06,,extended_r1_greedy_order,,Limited direct protective support; interpret the rank with the reported uncertainty.,0.9972759381908789,0.9999570748263217,0.9999999478323824
1355,Parastenocaris germanica,,Maxillopoda,Harpacticoida,Parastenocarididae,Arthropoda,False,False,sparse_5_19,Limited (5-19 protective contexts),14,6,0,0,2,False,6.409576599020569e-20,1.0,3.823230218857887e-06,,extended_r1_greedy_order,,Limited direct protective support; interpret the rank with the reported uncertainty.,0.9972797614210978,0.9999571661724705,0.9999999479911467
1356,Spea intermontana,,Amphibia,Anura,Scaphiopodidae,Chordata,False,False,very_sparse_1_4,Very limited (1-4 protective contexts),4,3,1,9,2,False,6.264551095662999e-20,1.0,2.7230234416197874e-06,,extended_r1_greedy_order,,Very limited direct protective support; confirmatory testing is a high priority.,0.9972824844445394,0.9999572293314691,0.9999999481083719
1357,Elimia clavaeformis,,Gastropoda,Neotaenioglossa,Pleuroceridae,Mollusca,False,False,very_sparse_1_4,Very limited (1-4 protective contexts),2,1,0,1,1,False,6.12499940774143e-20,1.0,2.899603847805743e-06,,extended_r1_greedy_order,,Very limited direct protective support; confirmatory testing is a high priority.,0.9972853840483872,0.9999572920271481,0.9999999482071559
1358,Platygobio gracilis,,Actinopterygii,Cypriniformes,Cyprinidae,Chordata,False,False,sparse_5_19,Limited (5-19 protective contexts),5,2,0,4,2,False,5.989555322502146e-20,1.0,2.4625069755535023e-06,,extended_r1_greedy_order,,Limited direct protective support; interpret the rank with the reported uncertainty.,0.9972878465553627,0.9999573498184022,0.9999999483120718
1359,Nostoc calcicola,,Cyanophyceae,Nostocales,Nostocaceae,Cyanophycota,False,False,sparse_5_19,Limited (5-19 protective contexts),8,8,2,0,1,False,5.857049115990069e-20,1.0,3.718040628486463e-06,,extended_r1_greedy_order,,Limited direct protective support; interpret the rank with the reported uncertainty.,0.9972915645959912,0.9999574271172281,0.9999999484237219
1360,Pandalus montagui,,Malacostraca,Decapoda,Pandalidae,Arthropoda,False,False,very_sparse_1_4,Very limited (1-4 protective contexts),1,1,0,0,1,False,5.725101755952637e-20,1.0,2.485322165735049e-06,,extended_r1_greedy_order,,Very limited direct protective support; confirmatory testing is a high priority.,0.997294049918157,0.999957487739828,0.9999999485384662
1361,Potamogeton sp.,,Liliopsida,Najadales,Potamogetonaceae,Magnoliophyta,False,False,very_sparse_1_4,Very limited (1-4 protective contexts),2,2,0,0,1,False,5.598498190387515e-20,1.0,3.141309028786843e-06,,extended_r1_greedy_order,,Very limited direct protective support; confirmatory testing is a high priority.,0.9972971912271857,0.9999575588070603,0.9999999486599919
1362,Xanthocnemis zealandica,,Insecta,Odonata,Coenagrionidae,Arthropoda,False,False,sparse_5_19,Limited (5-19 protective contexts),7,3,0,0,2,False,5.473572832785151e-20,1.0,2.6542569976362174e-06,,extended_r1_greedy_order,,Limited direct protective support; interpret the rank with the reported uncertainty.,0.9972998454841834,0.9999576226386356,0.9999999487801322
1363,Mystus vittatus,,Actinopterygii,Siluriformes,Bagridae,Chordata,False,False,moderate_20_49,Moderate (20-49 protective contexts),49,32,14,0,3,False,5.3524235285823557e-20,1.0,3.009640885065501e-06,,extended_r1_greedy_order,,,0.9973028551250684,0.9999576877699047,0.9999999488818734
1364,Afrochiltonia subtenuis,,Malacostraca,Amphipoda,Ceinidae,Arthropoda,False,False,very_sparse_1_4,Very limited (1-4 protective contexts),1,1,1,0,2,False,5.2341499959807487e-20,1.0,2.4663855141549007e-06,,extended_r1_greedy_order,,Very limited direct protective support; confirmatory testing is a high priority.,0.9973053215105826,0.9999577482533362,0.9999999489975286
1365,Mystus bleekeri,,Actinopterygii,Siluriformes,Bagridae,Chordata,False,False,very_sparse_1_4,Very limited (1-4 protective contexts),1,1,0,0,1,False,5.118615313719377e-20,1.0,2.5302539198301943e-06,,extended_r1_greedy_order,,Very limited direct protective support; confirmatory testing is a high priority.,0.9973078517645024,0.9999578015686289,0.9999999490786855
1366,Pontogammarus maeoticus,,Malacostraca,Amphipoda,Pontogammaridae,Arthropoda,False,False,very_sparse_1_4,Very limited (1-4 protective contexts),1,1,1,0,1,False,5.0042110635866306e-20,1.0,2.45626576800273e-06,,extended_r1_greedy_order,,Very limited direct protective support; confirmatory testing is a high priority.,0.9973103080302704,0.9999578611047506,0.9999999491900551
1367,Skiffia multipunctata,,Actinopterygii,Cyprinodontiformes,Goodeidae,Chordata,False,False,very_sparse_1_4,Very limited (1-4 protective contexts),1,1,0,0,1,False,4.8926038085036414e-20,1.0,2.5067226151476163e-06,,extended_r1_greedy_order,,Very limited direct protective support; confirmatory testing is a high priority.,0.9973128147528856,0.9999579196691342,0.9999999492970127
1368,Lamellidens corrianus,,Bivalvia,Unionoida,Unionidae,Mollusca,False,False,sparse_5_19,Limited (5-19 protective contexts),5,4,2,0,2,False,4.783347602045279e-20,1.0,2.5054857264450447e-06,,extended_r1_greedy_order,,Limited direct protective support; interpret the rank with the reported uncertainty.,0.997315320238612,0.9999579754178626,0.9999999493911792
1369,Alburnus tarichi,,Actinopterygii,Cypriniformes,Cyprinidae,Chordata,False,False,very_sparse_1_4,Very limited (1-4 protective contexts),2,1,0,0,1,False,4.675724175371595e-20,1.0,2.5459288014451076e-06,,extended_r1_greedy_order,,Very limited direct protective support; confirmatory testing is a high priority.,0.9973178661674135,0.9999580337660614,0.9999999494922215
1370,Enallagma sp.,,Insecta,Odonata,Coenagrionidae,Arthropoda,False,False,sparse_5_19,Limited (5-19 protective contexts),5,5,1,0,1,False,4.572275666959737e-20,1.0,2.670675264937472e-06,,extended_r1_greedy_order,,Limited direct protective support; interpret the rank with the reported uncertainty.,0.9973205368426784,0.9999580969454321,0.9999999496070248
1371,Mictyris longicarpus,,Malacostraca,Decapoda,Mictyridae,Arthropoda,False,False,very_sparse_1_4,Very limited (1-4 protective contexts),1,1,0,0,1,False,4.471482589382829e-20,1.0,2.4263298953330903e-06,,extended_r1_greedy_order,,Very limited direct protective support; confirmatory testing is a high priority.,0.9973229631725737,0.9999581555267943,0.9999999497158142
1372,Potamonautes sp.,,Malacostraca,Decapoda,Potamonautidae,Arthropoda,False,False,very_sparse_1_4,Very limited (1-4 protective contexts),1,1,0,0,1,False,4.372823028614311e-20,1.0,2.4297394664030136e-06,,extended_r1_greedy_order,,Very limited direct protective support; confirmatory testing is a high priority.,0.9973253929120401,0.9999582140991037,0.9999999498242539
1373,Anuraeopsis fissa,,Monogononta,Ploima,Brachionidae,Rotifera,False,False,very_sparse_1_4,Very limited (1-4 protective contexts),2,1,0,0,1,False,4.2752008040801643e-20,1.0,3.4316698109826405e-06,,extended_r1_greedy_order,,Very limited direct protective support; confirmatory testing is a high priority.,0.9973288245818511,0.9999582928072542,0.9999999499573554
1374,Metynnis orinocensis,,Actinopterygii,Characiformes,Characidae,Chordata,False,False,very_sparse_1_4,Very limited (1-4 protective contexts),4,1,1,0,2,False,4.177851723409015e-20,1.0,2.7248363055898395e-06,,extended_r1_greedy_order,,Very limited direct protective support; confirmatory testing is a high priority.,0.9973315494181567,0.9999583553229661,0.9999999500647868
1375,Biomphalaria tenagophila,,Gastropoda,Basommatophora,Planorbidae,Mollusca,False,False,sparse_5_19,Limited (5-19 protective contexts),6,2,0,0,3,False,4.085492389308785e-20,1.0,2.435281631685271e-06,,extended_r1_greedy_order,,Limited direct protective support; interpret the rank with the reported uncertainty.,0.9973339846997884,0.9999584036762394,0.9999999501315001
1376,Ilyoplax gangetica,,Malacostraca,Decapoda,Ocypodidae,Arthropoda,False,False,very_sparse_1_4,Very limited (1-4 protective contexts),1,1,0,0,1,False,3.9946570439613185e-20,1.0,2.3916120206468605e-06,,extended_r1_greedy_order,,Very limited direct protective support; confirmatory testing is a high priority.,0.997336376311809,0.9999584617107542,0.9999999502400844
1377,Heloecius cordiformis,,Malacostraca,Decapoda,Ocypodidae,Arthropoda,False,False,very_sparse_1_4,Very limited (1-4 protective contexts),1,1,0,0,2,False,3.9010175259736505e-20,1.0,2.3696341229229034e-06,,extended_r1_greedy_order,,Very limited direct protective support; confirmatory testing is a high priority.,0.997338745945932,0.9999585188514749,0.9999999503459477
1378,Leucaspius delineatus,,Actinopterygii,Cypriniformes,Cyprinidae,Chordata,False,False,sparse_5_19,Limited (5-19 protective contexts),7,7,2,0,1,False,3.813711675015849e-20,1.0,2.360214883312395e-06,,extended_r1_greedy_order,,Limited direct protective support; interpret the rank with the reported uncertainty.,0.9973411061608153,0.9999585738622316,0.9999999504442832
1379,Melanotaenia duboulayi,,Actinopterygii,Atheriniformes,Melanotaeniidae,Chordata,False,False,sparse_5_19,Limited (5-19 protective contexts),6,4,5,0,2,False,3.728939152444873e-20,1.0,2.855652658007024e-06,,extended_r1_greedy_order,,Limited direct protective support; interpret the rank with the reported uncertainty.,0.9973439618134733,0.9999586389884573,0.9999999505585417
1380,Melanotaenia nigrans,,Actinopterygii,Atheriniformes,Melanotaeniidae,Chordata,False,False,sparse_5_19,Limited (5-19 protective contexts),5,3,0,0,1,False,3.6467916555528436e-20,1.0,2.900043503339944e-06,,extended_r1_greedy_order,,Limited direct protective support; interpret the rank with the reported uncertainty.,0.9973468618569766,0.9999587033569685,0.9999999506667788
1381,Bidyanus bidyanus,,Actinopterygii,Perciformes,Teraponidae,Chordata,False,False,sparse_5_19,Limited (5-19 protective contexts),11,7,5,0,2,False,3.566539527193105e-20,1.0,3.21440828821018e-06,,extended_r1_greedy_order,,Limited direct protective support; interpret the rank with the reported uncertainty.,0.9973500762652648,0.999958777776441,0.999999950795577
1382,Potamogeton crispus,,Liliopsida,Najadales,Potamogetonaceae,Magnoliophyta,False,False,sparse_5_19,Limited (5-19 protective contexts),8,6,1,1,3,False,3.487902577068534e-20,1.0,3.0523380907254705e-06,,extended_r1_greedy_order,,Limited direct protective support; interpret the rank with the reported uncertainty.,0.9973531286033556,0.9999588461397445,0.9999999509100355
1383,Cipangopaludina cathayensis,,Gastropoda,Architaenioglossa,Viviparidae,Mollusca,False,False,sparse_5_19,Limited (5-19 protective contexts),7,6,0,0,1,False,3.411082310835808e-20,1.0,2.679009700301549e-06,,extended_r1_greedy_order,,Limited direct protective support; interpret the rank with the reported uncertainty.,0.9973558076130559,0.999958906380421,0.9999999510084725
1384,Noemacheilus montanus,,Actinopterygii,Cypriniformes,Balitoridae,Chordata,False,False,very_sparse_1_4,Very limited (1-4 protective contexts),4,2,0,0,1,False,3.33600651731412e-20,1.0,2.4739362367576234e-06,,extended_r1_greedy_order,,Very limited direct protective support; confirmatory testing is a high priority.,0.9973582815492926,0.9999589649766751,0.9999999511162837
1385,Radix balthica,,Gastropoda,Basommatophora,Lymnaeidae,Mollusca,False,False,very_sparse_1_4,Very limited (1-4 protective contexts),3,1,0,0,1,False,3.262247715553674e-20,1.0,3.0216418139827894e-06,,extended_r1_greedy_order,,Very limited direct protective support; confirmatory testing is a high priority.,0.9973613031911066,0.9999590287915183,0.9999999512118968
1386,Nostoc muscorum,,Cyanophyceae,Nostocales,Nostocaceae,Cyanophycota,False,False,sparse_5_19,Limited (5-19 protective contexts),17,15,22,0,2,False,3.189744889515721e-20,1.0,3.5204819420764366e-06,,extended_r1_greedy_order,,Limited direct protective support; interpret the rank with the reported uncertainty.,0.9973648236730487,0.9999591018391804,0.9999999513124115
1387,Cyclops viridis,,Maxillopoda,Cyclopoida,Cyclopidae,Arthropoda,False,False,sparse_5_19,Limited (5-19 protective contexts),6,5,0,0,2,False,3.1187346144830407e-20,1.0,3.347450492463544e-06,,extended_r1_greedy_order,,Limited direct protective support; interpret the rank with the reported uncertainty.,0.9973681711235411,0.9999591801488628,0.9999999514461523
1388,Pontoporeia hoyi,,Malacostraca,Amphipoda,Haustoriidae,Arthropoda,False,False,very_sparse_1_4,Very limited (1-4 protective contexts),2,2,0,0,1,False,3.050284016715099e-20,1.0,2.3084262781303266e-06,,extended_r1_greedy_order,,Very limited direct protective support; confirmatory testing is a high priority.,0.9973704795498193,0.9999592355877224,0.9999999515488868
1389,Rhamdia sapo,,Actinopterygii,Siluriformes,Heptapteridae,Chordata,False,False,very_sparse_1_4,Very limited (1-4 protective contexts),1,1,0,1,1,False,2.9831758721892073e-20,1.0,2.9975465499765264e-06,,extended_r1_greedy_order,,Very limited direct protective support; confirmatory testing is a high priority.,0.9973734770963693,0.9999593041477495,0.9999999516648648
1390,Vimba vimba,,Actinopterygii,Cypriniformes,Cyprinidae,Chordata,False,False,very_sparse_1_4,Very limited (1-4 protective contexts),4,3,6,0,2,False,2.917533156910216e-20,1.0,2.2878308014728788e-06,,extended_r1_greedy_order,,Very limited direct protective support; confirmatory testing is a high priority.,0.9973757649271707,0.9999593567676843,0.9999999517568393
1391,Ambassis gymnocephalus,,Actinopterygii,Perciformes,Ambassidae,Chordata,False,False,very_sparse_1_4,Very limited (1-4 protective contexts),1,1,1,0,1,False,2.85351445253921e-20,1.0,2.3866519102133665e-06,,extended_r1_greedy_order,,Very limited direct protective support; confirmatory testing is a high priority.,0.9973781515790809,0.9999594124636514,0.9999999518573813
1392,Enallagma cyathigerum,,Insecta,Odonata,Coenagrionidae,Arthropoda,False,False,sparse_5_19,Limited (5-19 protective contexts),8,3,5,2,2,False,2.790582752982992e-20,1.0,2.5514675513482743e-06,,extended_r1_greedy_order,,Limited direct protective support; interpret the rank with the reported uncertainty.,0.9973807030466323,0.9999594731956412,0.9999999519675269
1393,Menidia beryllina,,Actinopterygii,Atheriniformes,Atherinidae,Chordata,False,False,very_sparse_1_4,Very limited (1-4 protective contexts),3,3,0,16,1,False,2.728784099819868e-20,1.0,2.5696219534410147e-06,,extended_r1_greedy_order,,Very limited direct protective support; confirmatory testing is a high priority.,0.9973832726685857,0.9999595337999623,0.9999999520764014
1394,Sinotaia aeruginosa,,Gastropoda,Architaenioglossa,Viviparidae,Mollusca,False,False,very_sparse_1_4,Very limited (1-4 protective contexts),1,1,0,0,1,False,2.6671543744030274e-20,1.0,2.5735144298932866e-06,,extended_r1_greedy_order,,Very limited direct protective support; confirmatory testing is a high priority.,0.9973858461830156,0.9999595924764159,0.9999999521735953
1395,Anabaena circinalis,,Cyanophyceae,Nostocales,Nostocaceae,Cyanophycota,False,False,very_sparse_1_4,Very limited (1-4 protective contexts),2,2,0,0,1,False,2.607246244543466e-20,1.0,3.378473446113972e-06,,extended_r1_greedy_order,,Very limited direct protective support; confirmatory testing is a high priority.,0.9973892246564617,0.9999596631081914,0.999999952273757
1396,Notodiaptomus conifer,,Maxillopoda,Calanoida,Diaptomidae,Arthropoda,False,False,sparse_5_19,Limited (5-19 protective contexts),6,2,0,0,2,False,2.5490467354817533e-20,1.0,3.0651854677765655e-06,,extended_r1_greedy_order,,Limited direct protective support; interpret the rank with the reported uncertainty.,0.9973922898419295,0.999959737582558,0.9999999524099895
1397,Misgurnus fossilis,,Actinopterygii,Cypriniformes,Cobitidae,Chordata,False,False,very_sparse_1_4,Very limited (1-4 protective contexts),4,4,1,0,1,False,2.493104742201546e-20,1.0,3.0499996311883493e-06,,extended_r1_greedy_order,,Very limited direct protective support; confirmatory testing is a high priority.,0.9973953398415607,0.9999598048793692,0.9999999525170279
1398,Metapenaeus monoceros,,Malacostraca,Decapoda,Penaeidae,Arthropoda,False,False,very_sparse_1_4,Very limited (1-4 protective contexts),1,1,1,0,2,False,2.437999140768438e-20,1.0,2.245331640060577e-06,,extended_r1_greedy_order,,Very limited direct protective support; confirmatory testing is a high priority.,0.9973975851732008,0.9999598588052823,0.9999999526161079
1399,Corophium sp.,,Malacostraca,Amphipoda,Corophiidae,Arthropoda,False,False,very_sparse_1_4,Very limited (1-4 protective contexts),3,2,0,0,1,False,2.3845986891370333e-20,1.0,2.242390323314858e-06,,extended_r1_greedy_order,,Very limited direct protective support; confirmatory testing is a high priority.,0.9973998275635241,0.9999599127441531,0.9999999527150493
1400,Goodea atripinnis,,Actinopterygii,Cyprinodontiformes,Goodeidae,Chordata,False,False,very_sparse_1_4,Very limited (1-4 protective contexts),2,2,0,0,1,False,2.332274463981946e-20,1.0,2.293083244842009e-06,,extended_r1_greedy_order,,Very limited direct protective support; confirmatory testing is a high priority.,0.9974021206467689,0.9999599662153037,0.9999999528107413
1401,Callinectes sapidus,,Malacostraca,Decapoda,Portunidae,Arthropoda,False,False,sparse_5_19,Limited (5-19 protective contexts),5,3,1,21,1,False,2.2804174461100246e-20,1.0,2.382381897758634e-06,,extended_r1_greedy_order,,Limited direct protective support; interpret the rank with the reported uncertainty.,0.9974045030286667,0.9999600265834588,0.9999999529151258
1402,Anguilla australis,,Actinopterygii,Anguilliformes,Anguillidae,Chordata,False,False,very_sparse_1_4,Very limited (1-4 protective contexts),1,1,0,0,1,False,2.230463177659557e-20,1.0,2.9207271644571264e-06,,extended_r1_greedy_order,,Very limited direct protective support; confirmatory testing is a high priority.,0.9974074237558311,0.999960091187287,0.9999999530183032
1403,Nyctibatrachus major,,Amphibia,Anura,Nyctibatrachidae,Chordata,False,False,very_sparse_1_4,Very limited (1-4 protective contexts),4,1,2,0,1,False,2.1812412116375255e-20,1.0,2.4197820520655e-06,,extended_r1_greedy_order,,Very limited direct protective support; confirmatory testing is a high priority.,0.9974098435378832,0.9999601462354051,0.9999999531118821
1404,Pseudomugil tenellus,,Actinopterygii,Atheriniformes,Melanotaeniidae,Chordata,False,False,very_sparse_1_4,Very limited (1-4 protective contexts),2,1,0,0,1,False,2.1326852665874958e-20,1.0,2.5983910915128305e-06,,extended_r1_greedy_order,,Very limited direct protective support; confirmatory testing is a high priority.,0.9974124419289747,0.9999602049745749,0.9999999532123265
1405,Luxilus cornutus,,Actinopterygii,Cypriniformes,Cyprinidae,Chordata,False,False,sparse_5_19,Limited (5-19 protective contexts),7,6,1,23,1,False,2.085647293008999e-20,1.0,2.246321012089325e-06,,extended_r1_greedy_order,,Limited direct protective support; interpret the rank with the reported uncertainty.,0.9974146882499868,0.9999602565150828,0.9999999533012357
1406,Zacco platypus,,Actinopterygii,Cypriniformes,Cyprinidae,Chordata,False,False,sparse_5_19,Limited (5-19 protective contexts),19,16,0,0,3,False,2.039974366971571e-20,1.0,2.2217959494419404e-06,,extended_r1_greedy_order,,Limited direct protective support; interpret the rank with the reported uncertainty.,0.9974169100459362,0.9999603027505719,0.9999999533695063
1407,Potamogeton perfoliatus,,Liliopsida,Najadales,Potamogetonaceae,Magnoliophyta,False,False,very_sparse_1_4,Very limited (1-4 protective contexts),4,1,0,11,1,False,1.9946947242747463e-20,1.0,2.82027013420727e-06,,extended_r1_greedy_order,,Very limited direct protective support; confirmatory testing is a high priority.,0.9974197303160705,0.9999603660380199,0.999999953475351
1408,Oreochromis mossambicus,,Actinopterygii,Perciformes,Cichlidae,Chordata,False,False,strong_50_plus,Strong (50+ protective contexts),142,84,61,0,4,False,1.9504224450024732e-20,1.0,2.6095151619554002e-06,,extended_r1_greedy_order,,,0.9974223398312324,0.9999604170030184,0.9999999535444423
1409,Acanthocyclops venustus,,Maxillopoda,Cyclopoida,Cyclopidae,Arthropoda,False,False,very_sparse_1_4,Very limited (1-4 protective contexts),3,2,1,0,1,False,1.9072429886012934e-20,1.0,3.32573619432619e-06,,extended_r1_greedy_order,,Very limited direct protective support; confirmatory testing is a high priority.,0.9974256655674267,0.9999604918492326,0.9999999536678837
1410,Mystus tengara,,Actinopterygii,Siluriformes,Bagridae,Chordata,False,False,very_sparse_1_4,Very limited (1-4 protective contexts),4,2,0,0,1,False,1.8644531168719698e-20,1.0,2.2358094067254086e-06,,extended_r1_greedy_order,,Very limited direct protective support; confirmatory testing is a high priority.,0.9974279013768335,0.9999605383707639,0.9999999537367478
1411,Anabaena inaequalis,,Cyanophyceae,Nostocales,Nostocaceae,Cyanophycota,False,False,very_sparse_1_4,Very limited (1-4 protective contexts),2,2,8,0,1,False,1.823695701293323e-20,1.0,3.333097882363134e-06,,extended_r1_greedy_order,,Very limited direct protective support; confirmatory testing is a high priority.,0.9974312344747158,0.9999606066986998,0.9999999538298318
1412,Nematalosa erebi,,Actinopterygii,Clupeiformes,Clupeidae,Chordata,False,False,very_sparse_1_4,Very limited (1-4 protective contexts),1,1,0,0,1,False,1.783767536809879e-20,1.0,2.2684118051730096e-06,,extended_r1_greedy_order,,Very limited direct protective support; confirmatory testing is a high priority.,0.997433502886521,0.9999606597842055,0.9999999539241238
1413,Litopenaeus vannamei,,Malacostraca,Decapoda,Penaeidae,Arthropoda,False,False,very_sparse_1_4,Very limited (1-4 protective contexts),2,2,0,0,1,False,1.74452343997199e-20,1.0,2.160177021370835e-06,,extended_r1_greedy_order,,Very limited direct protective support; confirmatory testing is a high priority.,0.9974356630635424,0.9999607110989963,0.9999999540166896
1414,Farfantepenaeus duorarum,,Malacostraca,Decapoda,Penaeidae,Arthropoda,False,False,very_sparse_1_4,Very limited (1-4 protective contexts),1,1,0,3,1,False,1.7064487720272326e-20,1.0,2.1574702779858512e-06,,extended_r1_greedy_order,,Very limited direct protective support; confirmatory testing is a high priority.,0.9974378205338204,0.999960762313963,0.9999999541089191
1415,Fundulus heteroclitus,,Actinopterygii,Cyprinodontiformes,Cyprinodontidae,Chordata,False,False,moderate_20_49,Moderate (20-49 protective contexts),23,16,4,12,1,False,1.669222156275589e-20,1.0,2.802200443352554e-06,,extended_r1_greedy_order,,,0.9974406227342637,0.9999608260444395,0.99999995421701
1416,Catostomus latipinnis,,Actinopterygii,Cypriniformes,Catostomidae,Chordata,False,False,sparse_5_19,Limited (5-19 protective contexts),6,5,0,5,1,False,1.632767349617014e-20,1.0,2.696793843348644e-06,,extended_r1_greedy_order,,Limited direct protective support; interpret the rank with the reported uncertainty.,0.997443319528107,0.9999608848605849,0.9999999543113309
1417,Chapalichthys pardalis,,Actinopterygii,Cyprinodontiformes,Goodeidae,Chordata,False,False,very_sparse_1_4,Very limited (1-4 protective contexts),2,1,0,0,1,False,1.5971550831790765e-20,1.0,2.201013317937317e-06,,extended_r1_greedy_order,,Very limited direct protective support; confirmatory testing is a high priority.,0.997445520541425,0.99996093567432,0.9999999544005561
1418,Rhithropanopeus harrisii,,Malacostraca,Decapoda,Panopeidae,Arthropoda,False,False,very_sparse_1_4,Very limited (1-4 protective contexts),4,1,0,15,1,False,1.561853536890637e-20,1.0,2.260526627329007e-06,,extended_r1_greedy_order,,Very limited direct protective support; confirmatory testing is a high priority.,0.9974477810680523,0.9999609875706824,0.999999954489524
1419,Tilapia rendalli,,Actinopterygii,Perciformes,Cichlidae,Chordata,False,False,very_sparse_1_4,Very limited (1-4 protective contexts),1,1,1,0,1,False,1.5275707012462902e-20,1.0,2.2443091882706767e-06,,extended_r1_greedy_order,,Very limited direct protective support; confirmatory testing is a high priority.,0.9974500253772406,0.9999610334247474,0.9999999545560749
1420,Tilapia melanopleura,,Actinopterygii,Perciformes,Cichlidae,Chordata,False,False,very_sparse_1_4,Very limited (1-4 protective contexts),4,2,0,5,1,False,1.4939585218823928e-20,1.0,2.2390230479674145e-06,,extended_r1_greedy_order,,Very limited direct protective support; confirmatory testing is a high priority.,0.9974522644002886,0.9999610794687707,0.9999999546232452
1421,Anabaena cylindrica,,Cyanophyceae,Nostocales,Nostocaceae,Cyanophycota,False,False,sparse_5_19,Limited (5-19 protective contexts),12,12,15,0,1,False,1.4613855394748093e-20,1.0,3.405003137779694e-06,,extended_r1_greedy_order,,Limited direct protective support; interpret the rank with the reported uncertainty.,0.9974556694034263,0.9999611505018247,0.99999995472357
1422,Chirostoma jordani,,Actinopterygii,Atheriniformes,Atherinopsidae,Chordata,False,False,very_sparse_1_4,Very limited (1-4 protective contexts),4,2,0,0,1,False,1.4289303264704505e-20,1.0,2.764185273673725e-06,,extended_r1_greedy_order,,Very limited direct protective support; confirmatory testing is a high priority.,0.9974584335887,0.9999612139936229,0.999999954832112
1423,Leptoxis sp.,,Gastropoda,Neotaenioglossa,Pleuroceridae,Mollusca,False,False,sparse_5_19,Limited (5-19 protective contexts),5,5,0,0,1,False,1.397375160791886e-20,1.0,2.3385127418951157e-06,,extended_r1_greedy_order,,Limited direct protective support; interpret the rank with the reported uncertainty.,0.9974607721014419,0.9999612643164212,0.99999995491042
1424,Mesochra parva,,Maxillopoda,Harpacticoida,Canthocamptidae,Arthropoda,False,False,very_sparse_1_4,Very limited (1-4 protective contexts),1,1,0,0,1,False,1.3661393248947986e-20,1.0,3.083943888815277e-06,,extended_r1_greedy_order,,Very limited direct protective support; confirmatory testing is a high priority.,0.9974638560453307,0.999961335644289,0.9999999550317733
1425,Egeria densa,,Liliopsida,Hydrocharitales,Hydrocharitaceae,Magnoliophyta,False,False,sparse_5_19,Limited (5-19 protective contexts),7,6,0,1,2,False,1.3361655877458344e-20,1.0,3.468705533804517e-06,,extended_r1_greedy_order,,Limited direct protective support; interpret the rank with the reported uncertainty.,0.9974673247508645,0.9999614114411702,0.99999995515076
1426,Parreysia favidens,,Bivalvia,Unionoida,Unionidae,Mollusca,False,False,sparse_5_19,Limited (5-19 protective contexts),9,4,0,0,1,False,1.3067652692846509e-20,1.0,2.130135022704316e-06,,extended_r1_greedy_order,,Limited direct protective support; interpret the rank with the reported uncertainty.,0.9974694548858872,0.9999614542205971,0.9999999552087019
1427,Gobiomorphus huttoni,,Actinopterygii,Perciformes,Eleotridae,Chordata,False,False,very_sparse_1_4,Very limited (1-4 protective contexts),1,1,0,0,1,False,1.2782697769736623e-20,1.0,2.1406033163806626e-06,,extended_r1_greedy_order,,Very limited direct protective support; confirmatory testing is a high priority.,0.9974715954892036,0.9999615047245412,0.9999999552993808
1428,Bellamya bengalensis,,Gastropoda,Architaenioglossa,Viviparidae,Mollusca,False,False,sparse_5_19,Limited (5-19 protective contexts),9,7,2,0,3,False,1.2501843502322162e-20,1.0,2.367263898905847e-06,,extended_r1_greedy_order,,Limited direct protective support; interpret the rank with the reported uncertainty.,0.9974739627531025,0.9999615598191148,0.9999999553880138
1429,Penaeus indicus,,Malacostraca,Decapoda,Penaeidae,Arthropoda,False,False,very_sparse_1_4,Very limited (1-4 protective contexts),1,1,0,0,1,False,1.2228793541462686e-20,1.0,2.079574837665632e-06,,extended_r1_greedy_order,,Very limited direct protective support; confirmatory testing is a high priority.,0.9974760423279402,0.9999616091848743,0.9999999554771897
1430,Elimia livescens,,Gastropoda,Neotaenioglossa,Pleuroceridae,Mollusca,False,False,sparse_5_19,Limited (5-19 protective contexts),8,8,0,4,1,False,1.1962883437057042e-20,1.0,2.3617275235476853e-06,,extended_r1_greedy_order,,Limited direct protective support; interpret the rank with the reported uncertainty.,0.9974784040554637,0.9999616586285239,0.9999999555506499
1431,Hemibagrus nemurus,,Actinopterygii,Siluriformes,Bagridae,Chordata,False,False,very_sparse_1_4,Very limited (1-4 protective contexts),1,1,0,0,1,False,1.169692164615705e-20,1.0,2.2068462908197972e-06,,extended_r1_greedy_order,,Very limited direct protective support; confirmatory testing is a high priority.,0.9974806109017545,0.9999617061448044,0.9999999556246735
1432,Attheyella crassa,,Maxillopoda,Harpacticoida,Canthocamptidae,Arthropoda,False,False,sparse_5_19,Limited (5-19 protective contexts),8,6,0,0,1,False,1.1441795780912927e-20,1.0,3.073422668031789e-06,,extended_r1_greedy_order,,Limited direct protective support; interpret the rank with the reported uncertainty.,0.9974836843244226,0.9999617762186003,0.9999999557408686
1433,Paracyclops fimbriatus,,Maxillopoda,Cyclopoida,Cyclopidae,Arthropoda,False,False,very_sparse_1_4,Very limited (1-4 protective contexts),1,1,0,0,1,False,1.1184733667455855e-20,1.0,3.107884144593065e-06,,extended_r1_greedy_order,,Very limited direct protective support; confirmatory testing is a high priority.,0.9974867922085672,0.9999618473484789,0.9999999558575612
1434,Syngnathus scovelli,,Actinopterygii,Gasterosteiformes,Syngnathidae,Chordata,False,False,very_sparse_1_4,Very limited (1-4 protective contexts),1,1,1,6,1,False,1.0940942094694467e-20,1.0,2.239446619700658e-06,,extended_r1_greedy_order,,Very limited direct protective support; confirmatory testing is a high priority.,0.9974890316551869,0.9999618980298368,0.9999999559430174
1435,Thiara scabra,,Gastropoda,Neotaenioglossa,Thiaridae,Mollusca,False,False,very_sparse_1_4,Very limited (1-4 protective contexts),3,3,0,2,1,False,1.0702668266749803e-20,1.0,2.23461960346949e-06,,extended_r1_greedy_order,,Very limited direct protective support; confirmatory testing is a high priority.,0.9974912662747903,0.999961950527308,0.9999999560334181
1436,Drepanomonas revoluta,,Ciliatea,nan,Microthoracidae,Ciliophora,False,False,sparse_5_19,Limited (5-19 protective contexts),6,6,0,0,1,False,1.0466073359350153e-20,1.0,3.833311624679148e-06,,extended_r1_greedy_order,,Limited direct protective support; interpret the rank with the reported uncertainty.,0.997495099586415,0.9999620407684168,0.9999999561838037
1437,Odontophrynus americanus,,Amphibia,Anura,Cycloramphidae,Chordata,False,False,very_sparse_1_4,Very limited (1-4 protective contexts),1,1,0,0,1,False,1.0237620156308745e-20,1.0,2.0661490146567374e-06,,extended_r1_greedy_order,,Very limited direct protective support; confirmatory testing is a high priority.,0.9974971657354297,0.999962088093228,0.9999999562644982
1438,Lepidocephalichthys guntea,,Actinopterygii,Cypriniformes,Cobitidae,Chordata,False,False,sparse_5_19,Limited (5-19 protective contexts),8,8,6,0,1,False,1.00133422334329e-20,1.0,2.3509402909960286e-06,,extended_r1_greedy_order,,Limited direct protective support; interpret the rank with the reported uncertainty.,0.9974995166757207,0.9999621377564339,0.99999995633688
1439,Egeria sp.,,Liliopsida,Hydrocharitales,Hydrocharitaceae,Magnoliophyta,False,False,very_sparse_1_4,Very limited (1-4 protective contexts),1,1,0,0,1,False,9.789878718188004e-21,1.0,3.3990723057319983e-06,,extended_r1_greedy_order,,Very limited direct protective support; confirmatory testing is a high priority.,0.9975029157480264,0.9999622118230103,0.9999999564499114
1440,Pelodytes ibericus,,Amphibia,Anura,Pelodytidae,Chordata,False,False,very_sparse_1_4,Very limited (1-4 protective contexts),1,1,2,0,1,False,9.577092441800126e-21,1.0,2.046845400283104e-06,,extended_r1_greedy_order,,Very limited direct protective support; confirmatory testing is a high priority.,0.9975049625934267,0.9999622586407816,0.9999999565295353
1441,Thiara lineata,,Gastropoda,Neotaenioglossa,Thiaridae,Mollusca,False,False,very_sparse_1_4,Very limited (1-4 protective contexts),4,4,0,0,1,False,9.368206327214743e-21,1.0,2.1970213521793625e-06,,extended_r1_greedy_order,,Very limited direct protective support; confirmatory testing is a high priority.,0.9975071596147789,0.9999623101221309,0.9999999566175718
1442,Filopaludina sp.,,Gastropoda,Architaenioglossa,Viviparidae,Mollusca,False,False,very_sparse_1_4,Very limited (1-4 protective contexts),1,1,0,0,1,False,9.164491464453424e-21,1.0,2.28430097981569e-06,,extended_r1_greedy_order,,Very limited direct protective support; confirmatory testing is a high priority.,0.9975094439157587,0.99996236109666,0.9999999566982712
1443,Viviparus bengalensis,,Gastropoda,Architaenioglossa,Viviparidae,Mollusca,False,False,moderate_20_49,Moderate (20-49 protective contexts),23,20,2,0,2,False,8.963993055479456e-21,1.0,2.5826203666756697e-06,,extended_r1_greedy_order,,,0.9975120265361254,0.9999624186926386,0.9999999567809966
1444,Eupomatis gibbosus,,Actinopterygii,Perciformes,Percidae,Chordata,False,False,very_sparse_1_4,Very limited (1-4 protective contexts),1,1,0,0,1,False,8.769301433094632e-21,1.0,2.503687966393109e-06,,extended_r1_greedy_order,,Very limited direct protective support; confirmatory testing is a high priority.,0.9975145302240918,0.9999624749172675,0.9999999568741939
1445,Anabaena flosaquae,,Cyanophyceae,Nostocales,Nostocaceae,Cyanophycota,False,False,very_sparse_1_4,Very limited (1-4 protective contexts),3,3,11,12,2,False,8.577719121565444e-21,1.0,3.1204748732749366e-06,,extended_r1_greedy_order,,Very limited direct protective support; confirmatory testing is a high priority.,0.997517650698965,0.9999625384632888,0.9999999569595286
1446,Acanthocyclops robustus,,Maxillopoda,Cyclopoida,Cyclopidae,Arthropoda,False,False,very_sparse_1_4,Very limited (1-4 protective contexts),1,1,0,0,1,False,8.390791119891077e-21,1.0,3.0255839480464175e-06,,extended_r1_greedy_order,,Very limited direct protective support; confirmatory testing is a high priority.,0.9975206762829131,0.9999626060819423,0.9999999570678114
1447,Cypridopsis vidua,,Ostracoda,Podocopa,Cypridopsidae,Arthropoda,False,False,sparse_5_19,Limited (5-19 protective contexts),18,14,0,5,1,False,8.20843940777408e-21,1.0,2.7544285189362583e-06,,extended_r1_greedy_order,,Limited direct protective support; interpret the rank with the reported uncertainty.,0.997523430711432,0.9999626702536288,0.9999999571770396
1448,Campeloma decisum,,Gastropoda,Architaenioglossa,Viviparidae,Mollusca,False,False,very_sparse_1_4,Very limited (1-4 protective contexts),2,1,0,28,1,False,8.029999789699947e-21,1.0,2.405481485334704e-06,,extended_r1_greedy_order,,Very limited direct protective support; confirmatory testing is a high priority.,0.9975258361929173,0.9999627238200643,0.9999999572613252
1449,Hepsetus odoe,,Actinopterygii,Characiformes,Hepsetidae,Chordata,False,False,very_sparse_1_4,Very limited (1-4 protective contexts),1,1,0,0,1,False,7.855940131876296e-21,1.0,2.0278531641659825e-06,,extended_r1_greedy_order,,Very limited direct protective support; confirmatory testing is a high priority.,0.9975278640460815,0.9999627702644855,0.9999999573409378
1450,Paramecium caudatum,,Ciliatea,Hymenostomatida,Parameciidae,Ciliophora,False,False,moderate_20_49,Moderate (20-49 protective contexts),37,34,3,2,2,False,7.683857951609226e-21,1.0,3.8859519964074e-06,,extended_r1_greedy_order,,,0.9975317499980779,0.9999628456259714,0.9999999574193326
1451,Sesarma huzardi,,Malacostraca,Decapoda,Sesarmidae,Arthropoda,False,False,very_sparse_1_4,Very limited (1-4 protective contexts),3,3,0,0,1,False,7.515931537608431e-21,1.0,1.9655741249069436e-06,,extended_r1_greedy_order,,Very limited direct protective support; confirmatory testing is a high priority.,0.9975337155722028,0.9999628907365301,0.9999999574953355
1452,Cipangopaludina chinensis,,Gastropoda,Architaenioglossa,Viviparidae,Mollusca,False,False,very_sparse_1_4,Very limited (1-4 protective contexts),2,2,0,0,1,False,7.352867107121336e-21,1.0,2.24827616834844e-06,,extended_r1_greedy_order,,Very limited direct protective support; confirmatory testing is a high priority.,0.9975359638483712,0.9999629403319855,0.9999999575735061
1453,Pomoxis nigromaculatus,,Actinopterygii,Perciformes,Centrarchidae,Chordata,False,False,sparse_5_19,Limited (5-19 protective contexts),6,5,0,13,1,False,7.192878425437487e-21,1.0,2.3140628675477615e-06,,extended_r1_greedy_order,,Limited direct protective support; interpret the rank with the reported uncertainty.,0.9975382779112387,0.9999629926630111,0.999999957661175
1454,Adelotus brevis,,Amphibia,Anura,Myobatrachidae,Chordata,False,False,sparse_5_19,Limited (5-19 protective contexts),5,5,0,0,1,False,7.034840815489233e-21,1.0,1.9859919757614364e-06,,extended_r1_greedy_order,,Limited direct protective support; interpret the rank with the reported uncertainty.,0.9975402639032145,0.9999630368521117,0.99999995773269
1455,Cherax tenuimanus,,Malacostraca,Decapoda,Parastacidae,Arthropoda,False,False,very_sparse_1_4,Very limited (1-4 protective contexts),1,1,0,0,1,False,6.881357808371378e-21,1.0,2.1424613104725765e-06,,extended_r1_greedy_order,,Very limited direct protective support; confirmatory testing is a high priority.,0.997542406364525,0.9999630860641554,0.9999999578142609
1456,Eurycea bislineata,,Amphibia,Caudata,Plethodontidae,Chordata,False,False,very_sparse_1_4,Very limited (1-4 protective contexts),1,1,0,15,1,False,6.732000900425388e-21,1.0,1.9855395162471368e-06,,extended_r1_greedy_order,,Very limited direct protective support; confirmatory testing is a high priority.,0.9975443919040412,0.9999631310384107,0.9999999578894471
1457,Pomoxis annularis,,Actinopterygii,Perciformes,Centrarchidae,Chordata,False,False,very_sparse_1_4,Very limited (1-4 protective contexts),1,1,1,9,1,False,6.586349139023063e-21,1.0,2.2618035294685868e-06,,extended_r1_greedy_order,,Very limited direct protective support; confirmatory testing is a high priority.,0.9975466537075707,0.9999631817214202,0.9999999579731907
1458,Bulinus truncatus,,Gastropoda,Cephalaspidea,Bullinidae,Mollusca,False,False,moderate_20_49,Moderate (20-49 protective contexts),28,21,0,0,3,False,6.4426254532974435e-21,1.0,2.326958366438703e-06,,extended_r1_greedy_order,,,0.9975489806659371,0.9999632210472322,0.999999958013568
1459,Penaeus chinensis,,Malacostraca,Decapoda,Penaeidae,Arthropoda,False,False,very_sparse_1_4,Very limited (1-4 protective contexts),4,4,0,0,1,False,6.303050373112125e-21,1.0,1.9358890118725824e-06,,extended_r1_greedy_order,,Very limited direct protective support; confirmatory testing is a high priority.,0.997550916554949,0.999963266087839,0.9999999580932334
1460,Fundulus diaphanus,,Actinopterygii,Cyprinodontiformes,Cyprinodontidae,Chordata,False,False,very_sparse_1_4,Very limited (1-4 protective contexts),1,1,0,19,1,False,6.166715666308651e-21,1.0,2.5211065701746804e-06,,extended_r1_greedy_order,,Very limited direct protective support; confirmatory testing is a high priority.,0.9975534376615192,0.9999633229583366,0.9999999581872759
1461,Limnodynastes peronii,,Amphibia,Anura,Limnodynastidae,Chordata,False,False,sparse_5_19,Limited (5-19 protective contexts),11,9,2,0,1,False,6.032440850520021e-21,1.0,2.1198816255729724e-06,,extended_r1_greedy_order,,Limited direct protective support; interpret the rank with the reported uncertainty.,0.9975555575431447,0.9999633690906967,0.9999999582595707
1462,Diacyclops sp.,,Maxillopoda,Cyclopoida,Cyclopidae,Arthropoda,False,False,very_sparse_1_4,Very limited (1-4 protective contexts),1,1,0,0,1,False,5.901804163173038e-21,1.0,2.9815649805753353e-06,,extended_r1_greedy_order,,Very limited direct protective support; confirmatory testing is a high priority.,0.9975585391081253,0.9999634359792731,0.9999999583661121
1463,Diacyclops disjunctus,,Maxillopoda,Cyclopoida,Cyclopidae,Arthropoda,False,False,very_sparse_1_4,Very limited (1-4 protective contexts),1,1,0,0,1,False,5.7726561104724405e-21,1.0,2.9739702226416753e-06,,extended_r1_greedy_order,,Very limited direct protective support; confirmatory testing is a high priority.,0.997561513078348,0.999963502656383,0.9999999584721911
1464,Diacyclops bicuspidatus,,Maxillopoda,Cyclopoida,Cyclopidae,Arthropoda,False,False,very_sparse_1_4,Very limited (1-4 protective contexts),1,1,0,3,1,False,5.645377285470477e-21,1.0,2.9640840050193518e-06,,extended_r1_greedy_order,,Very limited direct protective support; confirmatory testing is a high priority.,0.997564477162353,0.9999635690695257,0.9999999585777242
1465,Clarias gariepinus,,Actinopterygii,Siluriformes,Clariidae,Chordata,False,False,strong_50_plus,Strong (50+ protective contexts),114,38,16,0,2,False,5.519859679794867e-21,1.0,3.0644711491722987e-06,,extended_r1_greedy_order,,,0.9975675416335021,0.9999636250520872,0.9999999586439702
1466,Aphanocapsa sp.,,Cyanophyceae,Chroococcales,Chroococcaceae,Cyanophycota,False,False,very_sparse_1_4,Very limited (1-4 protective contexts),1,1,0,0,1,False,5.3944017635714665e-21,1.0,2.9904774642153242e-06,,extended_r1_greedy_order,,Very limited direct protective support; confirmatory testing is a high priority.,0.9975705321109664,0.9999636904911142,0.9999999587448839
1467,Gloeocapsa sp.,,Cyanophyceae,Chroococcales,Chroococcaceae,Cyanophycota,False,False,very_sparse_1_4,Very limited (1-4 protective contexts),1,1,1,0,1,False,5.277688961074054e-21,1.0,2.9855614496199223e-06,,extended_r1_greedy_order,,Very limited direct protective support; confirmatory testing is a high priority.,0.997573517672416,0.9999637557845965,0.9999999588454637
1468,Colisa lalia,,Actinopterygii,Perciformes,Osphronemidae,Chordata,False,False,very_sparse_1_4,Very limited (1-4 protective contexts),2,2,1,0,1,False,5.163745442098738e-21,1.0,2.1425313383449662e-06,,extended_r1_greedy_order,,Very limited direct protective support; confirmatory testing is a high priority.,0.9975756602037543,0.9999637967092847,0.9999999589001055
1469,Schistosoma mansoni,,Trematoda,Strigeatida,Schistosomatidae,Platyhelminthes,False,False,sparse_5_19,Limited (5-19 protective contexts),19,12,1,0,1,False,5.0516968127255535e-21,1.0,3.6290526003179835e-06,,extended_r1_greedy_order,,Limited direct protective support; interpret the rank with the reported uncertainty.,0.9975792892563546,0.9999638838255623,0.9999999590336335
1470,Pleurocera sp.,,Gastropoda,Neotaenioglossa,Pleuroceridae,Mollusca,False,False,very_sparse_1_4,Very limited (1-4 protective contexts),4,4,0,0,1,False,4.942435868179165e-21,1.0,2.2075558514522697e-06,,extended_r1_greedy_order,,Very limited direct protective support; confirmatory testing is a high priority.,0.9975814968122061,0.9999639309972177,0.9999999591051023
1471,Diacyclops thomasi,,Maxillopoda,Cyclopoida,Cyclopidae,Arthropoda,False,False,very_sparse_1_4,Very limited (1-4 protective contexts),4,3,1,0,1,False,4.835147819028575e-21,1.0,2.965757731510088e-06,,extended_r1_greedy_order,,Very limited direct protective support; confirmatory testing is a high priority.,0.9975844625699376,0.9999639972034177,0.9999999592096208
1472,Anabaena aphanizomendoides,,Cyanophyceae,Nostocales,Nostocaceae,Cyanophycota,False,False,very_sparse_1_4,Very limited (1-4 protective contexts),2,2,0,0,1,False,4.730431338881286e-21,1.0,2.867823126861957e-06,,extended_r1_greedy_order,,Very limited direct protective support; confirmatory testing is a high priority.,0.9975873303930645,0.9999640545307547,0.9999999592847282
1473,Hypostomus plecostomus,,Actinopterygii,Siluriformes,Loricariidae,Chordata,False,False,very_sparse_1_4,Very limited (1-4 protective contexts),3,2,0,0,1,False,4.6281616086583886e-21,1.0,2.015144335398844e-06,,extended_r1_greedy_order,,Very limited direct protective support; confirmatory testing is a high priority.,0.9975893455373999,0.9999641006751562,0.999999959363032
1474,Monoporeia affinis,,Malacostraca,Amphipoda,Pontoporeiidae,Arthropoda,False,False,sparse_5_19,Limited (5-19 protective contexts),6,1,0,0,2,False,4.526055016199236e-21,1.0,2.095833209758702e-06,,extended_r1_greedy_order,,Limited direct protective support; interpret the rank with the reported uncertainty.,0.9975914413706096,0.9999641496853872,0.9999999594472204
1475,Parreysia cylindrica,,Bivalvia,Unionoida,Unionidae,Mollusca,False,False,sparse_5_19,Limited (5-19 protective contexts),11,8,0,0,1,False,4.4282504187848135e-21,1.0,2.037134273047414e-06,,extended_r1_greedy_order,,Limited direct protective support; interpret the rank with the reported uncertainty.,0.9975934785048827,0.9999641910656317,0.9999999595040164
1476,Biomphalaria alexandrina,,Gastropoda,Basommatophora,Planorbidae,Mollusca,False,False,strong_50_plus,Strong (50+ protective contexts),59,35,0,0,3,False,4.332633975875593e-21,1.0,2.1285186143638057e-06,,extended_r1_greedy_order,,,0.997595607023497,0.9999642249873716,0.999999959537219
1477,Synodontis sp.,,Actinopterygii,Siluriformes,Mochokidae,Chordata,False,False,very_sparse_1_4,Very limited (1-4 protective contexts),1,1,0,0,1,False,4.238569622136006e-21,1.0,1.8968989744516662e-06,,extended_r1_greedy_order,,Very limited direct protective support; confirmatory testing is a high priority.,0.9975975039224715,0.9999642681752999,0.9999999596100267
1478,Chlamydomonas geitleri,,Chlorophyceae,Volvocales,Chlamydomonadaceae,Chlorophyta,False,False,very_sparse_1_4,Very limited (1-4 protective contexts),1,1,2,0,1,False,4.1459738876772516e-21,1.0,2.4667983530290982e-06,,extended_r1_greedy_order,,Very limited direct protective support; confirmatory testing is a high priority.,0.9975999707208245,0.9999643185944227,0.999999959677424
1479,Neosilurus sp.,,Actinopterygii,Siluriformes,Plotosidae,Chordata,False,False,very_sparse_1_4,Very limited (1-4 protective contexts),1,1,0,0,1,False,4.0561581868242416e-21,1.0,1.880129117615148e-06,,extended_r1_greedy_order,,Very limited direct protective support; confirmatory testing is a high priority.,0.9976018508499421,0.9999643612158738,0.9999999597488232
1480,Viviparus contectus,,Gastropoda,Architaenioglossa,Viviparidae,Mollusca,False,False,very_sparse_1_4,Very limited (1-4 protective contexts),1,1,0,0,1,False,3.966545118303673e-21,1.0,2.2813068968341454e-06,,extended_r1_greedy_order,,Very limited direct protective support; confirmatory testing is a high priority.,0.997604132156839,0.9999644116798652,0.999999959824161
1481,Scylla serrata,,Malacostraca,Decapoda,Portunidae,Arthropoda,False,False,very_sparse_1_4,Very limited (1-4 protective contexts),3,1,0,1,1,False,3.880563310435043e-21,1.0,1.958841212457152e-06,,extended_r1_greedy_order,,Very limited direct protective support; confirmatory testing is a high priority.,0.9976060909980514,0.999964456928582,0.9999999598981395
1482,Rhacophorus arboreus,,Amphibia,Anura,Rhacophoridae,Chordata,False,False,very_sparse_1_4,Very limited (1-4 protective contexts),1,1,0,0,1,False,3.7968610112909264e-21,1.0,1.9998973458390523e-06,,extended_r1_greedy_order,,Very limited direct protective support; confirmatory testing is a high priority.,0.9976080908953973,0.9999645015670511,0.9999999599701725
1483,Barytelphusa guerini,,Malacostraca,Decapoda,Potamidae,Arthropoda,False,False,very_sparse_1_4,Very limited (1-4 protective contexts),1,1,5,0,2,False,3.71469402714542e-21,1.0,1.880563466838403e-06,,extended_r1_greedy_order,,Very limited direct protective support; confirmatory testing is a high priority.,0.9976099714588641,0.9999645441438921,0.9999999600399269
1484,Stagnicola elodes,,Gastropoda,Basommatophora,Lymnaeidae,Mollusca,False,False,sparse_5_19,Limited (5-19 protective contexts),5,2,0,18,1,False,3.6346792269526535e-21,1.0,2.2951893090539244e-06,,extended_r1_greedy_order,,Limited direct protective support; interpret the rank with the reported uncertainty.,0.9976122666481732,0.9999645931473844,0.99999996011376
1485,Wallago attu,,Actinopterygii,Siluriformes,Siluridae,Chordata,False,False,very_sparse_1_4,Very limited (1-4 protective contexts),3,2,0,0,1,False,3.5563358137246384e-21,1.0,1.8562028132329544e-06,,extended_r1_greedy_order,,Very limited direct protective support; confirmatory testing is a high priority.,0.9976141228509864,0.9999646348774005,0.9999999601823978
1486,Aphanothece stagnina,,Cyanophyceae,Chroococcales,Chroococcaceae,Cyanophycota,False,False,very_sparse_1_4,Very limited (1-4 protective contexts),1,1,0,2,1,False,3.479228625472446e-21,1.0,2.8815024629702535e-06,,extended_r1_greedy_order,,Very limited direct protective support; confirmatory testing is a high priority.,0.9976170043534494,0.9999646977694988,0.9999999602784471
1487,Clarias batrachus,,Actinopterygii,Siluriformes,Clariidae,Chordata,False,False,strong_50_plus,Strong (50+ protective contexts),79,48,17,0,3,False,3.403858185021266e-21,1.0,2.9874529674511763e-06,,extended_r1_greedy_order,,,0.9976199918064168,0.9999647529140459,0.9999999603446696
1488,Tilapia guineensis,,Actinopterygii,Perciformes,Cichlidae,Chordata,False,False,sparse_5_19,Limited (5-19 protective contexts),6,3,0,0,1,False,3.3306034590904316e-21,1.0,1.9229963846845166e-06,,extended_r1_greedy_order,,Limited direct protective support; interpret the rank with the reported uncertainty.,0.9976219148028015,0.9999647913956523,0.9999999603982648
1489,Eriocheir sinensis,,Malacostraca,Decapoda,Grapsidae,Arthropoda,False,False,sparse_5_19,Limited (5-19 protective contexts),15,7,5,0,3,False,3.2584508426315978e-21,1.0,1.9876426136100633e-06,,extended_r1_greedy_order,,Limited direct protective support; interpret the rank with the reported uncertainty.,0.9976239024454151,0.999964831165847,0.9999999604513299
1490,Umbra pygmaea,,Actinopterygii,Esociformes,Umbridae,Chordata,False,False,very_sparse_1_4,Very limited (1-4 protective contexts),1,1,0,10,1,False,3.1883799220680862e-21,1.0,1.8382137668693233e-06,,extended_r1_greedy_order,,Very limited direct protective support; confirmatory testing is a high priority.,0.997625740659182,0.9999648728456315,0.9999999605211894
1491,Pseudoplatystoma sp.,,Actinopterygii,Siluriformes,Pimelodidae,Chordata,False,False,very_sparse_1_4,Very limited (1-4 protective contexts),2,1,2,0,1,False,3.1195417396332306e-21,1.0,1.8352727115811263e-06,,extended_r1_greedy_order,,Very limited direct protective support; confirmatory testing is a high priority.,0.9976275759318936,0.9999649146756535,0.9999999605915203
1492,Nandus nandus,,Actinopterygii,Perciformes,Nandidae,Chordata,False,False,very_sparse_1_4,Very limited (1-4 protective contexts),4,2,0,0,1,False,3.0519289109042343e-21,1.0,1.8313955203463905e-06,,extended_r1_greedy_order,,Very limited direct protective support; confirmatory testing is a high priority.,0.9976294073274139,0.9999649557577914,0.9999999606588036
1493,Nemapteryx nenga,,Actinopterygii,Siluriformes,Ariidae,Chordata,False,False,very_sparse_1_4,Very limited (1-4 protective contexts),1,1,1,0,1,False,2.9854682138672498e-21,1.0,1.8263576908594814e-06,,extended_r1_greedy_order,,Very limited direct protective support; confirmatory testing is a high priority.,0.9976312336851048,0.9999649969371138,0.9999999607270464
1494,Leporinus obtusidens,,Actinopterygii,Characiformes,Anostomidae,Chordata,False,False,sparse_5_19,Limited (5-19 protective contexts),6,3,1,0,1,False,2.921093455540273e-21,1.0,2.030395957031139e-06,,extended_r1_greedy_order,,Limited direct protective support; interpret the rank with the reported uncertainty.,0.9976332640810618,0.9999650421554752,0.9999999607998304
1495,Rivulus marmoratus,,Actinopterygii,Cyprinodontiformes,Aplocheilidae,Chordata,False,False,very_sparse_1_4,Very limited (1-4 protective contexts),1,1,0,1,1,False,2.8582042967658754e-21,1.0,1.8209971119897972e-06,,extended_r1_greedy_order,,Very limited direct protective support; confirmatory testing is a high priority.,0.9976350850781738,0.9999650832013148,0.9999999608678939
1496,Dilocarcinus pagei,,Malacostraca,Decapoda,Trichodactylidae,Arthropoda,False,False,very_sparse_1_4,Very limited (1-4 protective contexts),1,1,1,0,1,False,2.796610458597546e-21,1.0,2.048596341452935e-06,,extended_r1_greedy_order,,Very limited direct protective support; confirmatory testing is a high priority.,0.9976371336745152,0.9999651294490894,0.9999999609427739
1497,Sulcospira hainanensis,,Gastropoda,nan,Pachychilidae,Mollusca,False,False,very_sparse_1_4,Very limited (1-4 protective contexts),1,1,0,0,1,False,2.7362994751425613e-21,1.0,1.8352240772623318e-06,,extended_r1_greedy_order,,Very limited direct protective support; confirmatory testing is a high priority.,0.9976389688985925,0.9999651703273147,0.9999999610088941
1498,Scaphiopus holbrookii,,Amphibia,Anura,Pelobatidae,Chordata,False,False,very_sparse_1_4,Very limited (1-4 protective contexts),1,1,0,22,1,False,2.6766259490480832e-21,1.0,1.8625260783666775e-06,,extended_r1_greedy_order,,Very limited direct protective support; confirmatory testing is a high priority.,0.9976408314246709,0.9999652119607124,0.9999999610765848
1499,Rhinomugil corsula,,Actinopterygii,Mugiliformes,Mugilidae,Chordata,False,False,very_sparse_1_4,Very limited (1-4 protective contexts),1,1,1,0,1,False,2.6188815259550585e-21,1.0,1.8068037960228267e-06,,extended_r1_greedy_order,,Very limited direct protective support; confirmatory testing is a high priority.,0.9976426382284669,0.9999652525710786,0.9999999611431792
1500,Anguilla sp.,,Actinopterygii,Anguilliformes,Anguillidae,Chordata,False,False,very_sparse_1_4,Very limited (1-4 protective contexts),3,1,0,0,1,False,2.5620313425383825e-21,1.0,2.3950070001665935e-06,,extended_r1_greedy_order,,Very limited direct protective support; confirmatory testing is a high priority.,0.997645033235467,0.9999653028060382,0.9999999612162644
1501,Crinia signifera,,Amphibia,Anura,Myobatrachidae,Chordata,False,False,very_sparse_1_4,Very limited (1-4 protective contexts),1,1,0,0,1,False,2.5064520444695174e-21,1.0,1.7812306815079282e-06,,extended_r1_greedy_order,,Very limited direct protective support; confirmatory testing is a high priority.,0.9976468144661486,0.9999653426272734,0.9999999612808765
1502,Nemacheilus botia,,Actinopterygii,Cypriniformes,Balitoridae,Chordata,False,False,very_sparse_1_4,Very limited (1-4 protective contexts),2,1,0,0,1,False,2.4521777717580326e-21,1.0,1.9654261140811258e-06,,extended_r1_greedy_order,,Very limited direct protective support; confirmatory testing is a high priority.,0.9976487798922626,0.9999653861685746,0.9999999613512387
1503,Ambloplites rupestris,,Actinopterygii,Perciformes,Centrarchidae,Chordata,False,False,very_sparse_1_4,Very limited (1-4 protective contexts),4,4,0,4,1,False,2.399438260761985e-21,1.0,2.065954823660121e-06,,extended_r1_greedy_order,,Very limited direct protective support; confirmatory testing is a high priority.,0.9976508458470863,0.9999654311346474,0.9999999614218023
1504,Chlamydomonas reinhardtii,,Chlorophyceae,Volvocales,Chlamydomonadaceae,Chlorophyta,False,False,sparse_5_19,Limited (5-19 protective contexts),11,9,48,0,2,False,2.347787923895951e-21,1.0,2.162963990581801e-06,,extended_r1_greedy_order,,Limited direct protective support; interpret the rank with the reported uncertainty.,0.9976530088110769,0.9999654762912302,0.9999999614843003
1505,Nannostomus unifasciatus,,Actinopterygii,Characiformes,Lebiasinidae,Chordata,False,False,very_sparse_1_4,Very limited (1-4 protective contexts),2,2,0,0,1,False,2.297404465267712e-21,1.0,1.840973735678375e-06,,extended_r1_greedy_order,,Very limited direct protective support; confirmatory testing is a high priority.,0.9976548497848126,0.9999655178696841,0.9999999615531019
1506,Piaractus mesopotamicus,,Actinopterygii,Characiformes,Characidae,Chordata,False,False,sparse_5_19,Limited (5-19 protective contexts),8,4,2,0,2,False,2.2474036801671625e-21,1.0,2.312190474862419e-06,,extended_r1_greedy_order,,Limited direct protective support; interpret the rank with the reported uncertainty.,0.9976571619752874,0.9999655681860629,0.9999999616307336
1507,Cherax quadricarinatus,,Malacostraca,Decapoda,Parastacidae,Arthropoda,False,False,sparse_5_19,Limited (5-19 protective contexts),13,5,3,1,2,False,2.198467772476584e-21,1.0,1.981347785395826e-06,,extended_r1_greedy_order,,Limited direct protective support; interpret the rank with the reported uncertainty.,0.9976591433230728,0.9999656131003097,0.999999961703024
1508,Thiara sp.,,Gastropoda,Neotaenioglossa,Thiaridae,Mollusca,False,False,very_sparse_1_4,Very limited (1-4 protective contexts),3,3,0,0,1,False,2.1512883085589686e-21,1.0,1.896816512969579e-06,,extended_r1_greedy_order,,Very limited direct protective support; confirmatory testing is a high priority.,0.9976610401395858,0.9999656553570746,0.9999999617696714
1509,Prochilodus scrofa,,Actinopterygii,Characiformes,Curimatidae,Chordata,False,False,very_sparse_1_4,Very limited (1-4 protective contexts),3,1,0,0,2,False,2.1051459331726914e-21,1.0,2.2557492493913145e-06,,extended_r1_greedy_order,,Very limited direct protective support; confirmatory testing is a high priority.,0.9976632958888352,0.9999657075751948,0.9999999618569239
1510,Alytes obstetricans,,Amphibia,Anura,Alytidae,Chordata,False,False,very_sparse_1_4,Very limited (1-4 protective contexts),1,1,0,0,1,False,2.059880632734291e-21,1.0,1.8366245394529912e-06,,extended_r1_greedy_order,,Very limited direct protective support; confirmatory testing is a high priority.,0.9976651325133746,0.999965748591808,0.9999999619231597
1511,Chlamydomonas angulosa,,Chlorophyceae,Volvocales,Chlamydomonadaceae,Chlorophyta,False,False,very_sparse_1_4,Very limited (1-4 protective contexts),1,1,13,0,1,False,2.014444231797228e-21,1.0,2.3158742448181613e-06,,extended_r1_greedy_order,,Very limited direct protective support; confirmatory testing is a high priority.,0.9976674483876194,0.9999657955317686,0.9999999619844813
1512,Colisa fasciata,,Actinopterygii,Perciformes,Osphronemidae,Chordata,False,False,moderate_20_49,Moderate (20-49 protective contexts),39,25,2,0,2,False,1.9706923556196278e-21,1.0,2.0954642101500554e-06,,extended_r1_greedy_order,,,0.9976695438518296,0.9999658296601367,0.9999999620209172
1513,Bulinus globosus,,Gastropoda,Cephalaspidea,Bullinidae,Mollusca,False,False,very_sparse_1_4,Very limited (1-4 protective contexts),1,1,0,0,1,False,1.9284261195968847e-21,1.0,1.9128687240854703e-06,,extended_r1_greedy_order,,Very limited direct protective support; confirmatory testing is a high priority.,0.9976714567205537,0.9999658651997061,0.9999999620634599
1514,Callinectes amnicola,,Malacostraca,Decapoda,Portunidae,Arthropoda,False,False,very_sparse_1_4,Very limited (1-4 protective contexts),4,2,0,0,1,False,1.886775601370004e-21,1.0,1.8907416078350892e-06,,extended_r1_greedy_order,,Very limited direct protective support; confirmatory testing is a high priority.,0.9976733474621615,0.999965909157705,0.9999999621329266
1515,Odontesthes bonariensis,,Actinopterygii,Atheriniformes,Atherinopsidae,Chordata,False,False,sparse_5_19,Limited (5-19 protective contexts),13,5,3,0,1,False,1.84626543176545e-21,1.0,2.338387366296324e-06,,extended_r1_greedy_order,,Limited direct protective support; interpret the rank with the reported uncertainty.,0.9976756858495278,0.9999659609205298,0.9999999622145831
1516,Theodoxus fluviatilis,,Gastropoda,Neritopsina,Neritidae,Mollusca,False,False,very_sparse_1_4,Very limited (1-4 protective contexts),1,1,1,0,1,False,1.8063193006714302e-21,1.0,1.7588384693123515e-06,,extended_r1_greedy_order,,Very limited direct protective support; confirmatory testing is a high priority.,0.9976774446879971,0.9999659998477362,0.9999999622766196
1517,Carcinus maenas,,Malacostraca,Decapoda,Portunidae,Arthropoda,False,False,very_sparse_1_4,Very limited (1-4 protective contexts),4,2,0,2,1,False,1.767548847746784e-21,1.0,1.761082008000514e-06,,extended_r1_greedy_order,,Very limited direct protective support; confirmatory testing is a high priority.,0.9976792057700051,0.9999660391015578,0.9999999623369473
1518,Macquaria novemaculeata,,Actinopterygii,Perciformes,Percichthyidae,Chordata,False,False,very_sparse_1_4,Very limited (1-4 protective contexts),1,1,0,0,1,False,1.729690539626363e-21,1.0,1.735173257855216e-06,,extended_r1_greedy_order,,Very limited direct protective support; confirmatory testing is a high priority.,0.997680940943263,0.9999660783460789,0.9999999624017433
1519,Nostoc commune,,Cyanophyceae,Nostocales,Nostocaceae,Cyanophycota,False,False,sparse_5_19,Limited (5-19 protective contexts),7,7,13,48,2,False,1.6925964716943013e-21,1.0,2.757471071368478e-06,,extended_r1_greedy_order,,Limited direct protective support; interpret the rank with the reported uncertainty.,0.9976836984143344,0.9999661319858191,0.9999999624697131
1520,Amphimelania holandri,,Gastropoda,Neotaenioglossa,Thiaridae,Mollusca,False,False,very_sparse_1_4,Very limited (1-4 protective contexts),1,1,0,0,1,False,1.6562107030499308e-21,1.0,1.8611913754629228e-06,,extended_r1_greedy_order,,Very limited direct protective support; confirmatory testing is a high priority.,0.9976855596057098,0.9999661719579546,0.9999999625297525
1521,Monopterus albus,,Actinopterygii,Synbranchiformes,Synbranchidae,Chordata,False,False,very_sparse_1_4,Very limited (1-4 protective contexts),2,1,0,0,1,False,1.6203311809723025e-21,1.0,1.7324277876706873e-06,,extended_r1_greedy_order,,Very limited direct protective support; confirmatory testing is a high priority.,0.9976872920334975,0.999966211896209,0.9999999625968818
1522,Otocinclus affinis,,Actinopterygii,Siluriformes,Loricariidae,Chordata,False,False,very_sparse_1_4,Very limited (1-4 protective contexts),2,2,0,0,1,False,1.5853466318740353e-21,1.0,1.796567334233501e-06,,extended_r1_greedy_order,,Very limited direct protective support; confirmatory testing is a high priority.,0.9976890886008317,0.9999662521021305,0.9999999626623514
1523,Chlorohydra viridissima,,Hydrozoa,Hydroida,Hydridae,Cnidaria,False,False,very_sparse_1_4,Very limited (1-4 protective contexts),4,3,2,27,1,False,1.5513847943742328e-21,1.0,2.8506694522700826e-06,,extended_r1_greedy_order,,Very limited direct protective support; confirmatory testing is a high priority.,0.997691939270284,0.9999663134172092,0.9999999627546091
1524,Chlamydomonas eugametos,,Chlorophyceae,Volvocales,Chlamydomonadaceae,Chlorophyta,False,False,very_sparse_1_4,Very limited (1-4 protective contexts),1,1,0,0,2,False,1.5180397983846616e-21,1.0,2.262816248488342e-06,,extended_r1_greedy_order,,Very limited direct protective support; confirmatory testing is a high priority.,0.9976942020865325,0.9999663590087448,0.9999999628135561
1525,Macrognathus aculeatus,,Actinopterygii,Synbranchiformes,Mastacembelidae,Chordata,False,False,very_sparse_1_4,Very limited (1-4 protective contexts),4,2,1,0,1,False,1.485406701435862e-21,1.0,1.7175336863850532e-06,,extended_r1_greedy_order,,Very limited direct protective support; confirmatory testing is a high priority.,0.9976959196202189,0.9999663972080584,0.9999999628747124
1526,Colossoma macropomum,,Actinopterygii,Characiformes,Characidae,Chordata,False,False,sparse_5_19,Limited (5-19 protective contexts),7,6,2,0,1,False,1.453596319656368e-21,1.0,2.3199411728347386e-06,,extended_r1_greedy_order,,Limited direct protective support; interpret the rank with the reported uncertainty.,0.9976982395613917,0.9999664466581083,0.9999999629488404
1527,Rita rita,,Actinopterygii,Siluriformes,Bagridae,Chordata,False,False,very_sparse_1_4,Very limited (1-4 protective contexts),3,1,0,0,1,False,1.4222546092636569e-21,1.0,1.7404595927805744e-06,,extended_r1_greedy_order,,Very limited direct protective support; confirmatory testing is a high priority.,0.9976999800209845,0.9999664837422515,0.9999999630046822
1528,Selenastrum minutum,,Chlorophyceae,Sphaeropleales,Selenastraceae,Chlorophyta,False,False,very_sparse_1_4,Very limited (1-4 protective contexts),4,4,0,0,1,False,1.3916446451141648e-21,1.0,1.742472860333244e-06,,extended_r1_greedy_order,,Very limited direct protective support; confirmatory testing is a high priority.,0.9977017224938448,0.9999665220944332,0.9999999630644559
1529,Anguilla japonica,,Actinopterygii,Anguilliformes,Anguillidae,Chordata,False,False,sparse_5_19,Limited (5-19 protective contexts),12,7,6,0,2,False,1.3608629527837008e-21,1.0,2.3494515323241316e-06,,extended_r1_greedy_order,,Limited direct protective support; interpret the rank with the reported uncertainty.,0.9977040719453771,0.9999665706700743,0.9999999631337151
1530,Aplocheilus panchax,,Actinopterygii,Cyprinodontiformes,Cyprinodontidae,Chordata,False,False,very_sparse_1_4,Very limited (1-4 protective contexts),1,1,1,0,1,False,1.3316588847353336e-21,1.0,2.092100937267638e-06,,extended_r1_greedy_order,,Very limited direct protective support; confirmatory testing is a high priority.,0.9977061640463144,0.999966615893667,0.9999999632036268
1531,Stenotomus versicolor,,Actinopterygii,Perciformes,Sparidae,Chordata,False,False,very_sparse_1_4,Very limited (1-4 protective contexts),2,2,2,9,1,False,1.3031240248726425e-21,1.0,1.686258510158467e-06,,extended_r1_greedy_order,,Very limited direct protective support; confirmatory testing is a high priority.,0.9977078503048246,0.9999666537207436,0.9999999632650919
1532,Barytelphusa cunicularis,,Malacostraca,Decapoda,Potamidae,Arthropoda,False,False,very_sparse_1_4,Very limited (1-4 protective contexts),4,4,1,0,1,False,1.2751616652434057e-21,1.0,1.7051510923238311e-06,,extended_r1_greedy_order,,Very limited direct protective support; confirmatory testing is a high priority.,0.9977095554559169,0.9999666908127504,0.9999999633214832
1533,Bombina orientalis,,Amphibia,Anura,Bombinatoridae,Chordata,False,False,very_sparse_1_4,Very limited (1-4 protective contexts),4,2,0,0,1,False,1.2478493227205935e-21,1.0,1.8589702101001748e-06,,extended_r1_greedy_order,,Very limited direct protective support; confirmatory testing is a high priority.,0.997711414426127,0.9999667312588458,0.9999999633848912
1534,Anabaena variabilis,,Cyanophyceae,Nostocales,Nostocaceae,Cyanophycota,False,False,sparse_5_19,Limited (5-19 protective contexts),11,11,10,0,2,False,1.2208765952098619e-21,1.0,2.700526108290191e-06,,extended_r1_greedy_order,,Limited direct protective support; interpret the rank with the reported uncertainty.,0.9977141149522353,0.9999667836827759,0.9999999634503914
1535,Crinia insignifera,,Amphibia,Anura,Myobatrachidae,Chordata,False,False,very_sparse_1_4,Very limited (1-4 protective contexts),2,2,0,0,1,False,1.194785915730241e-21,1.0,1.6770018216316629e-06,,extended_r1_greedy_order,,Very limited direct protective support; confirmatory testing is a high priority.,0.9977157919540569,0.9999668207131382,0.9999999635089774
1536,Bombina variegata,,Amphibia,Anura,Bombinatoridae,Chordata,False,False,very_sparse_1_4,Very limited (1-4 protective contexts),2,1,0,0,2,False,1.1691943257463587e-21,1.0,1.7631502153836465e-06,,extended_r1_greedy_order,,Very limited direct protective support; confirmatory testing is a high priority.,0.9977175551042723,0.9999668594966886,0.9999999635704767
1537,Pterophyllum scalare,,Actinopterygii,Perciformes,Cichlidae,Chordata,False,False,very_sparse_1_4,Very limited (1-4 protective contexts),4,3,0,0,1,False,1.1441952749042597e-21,1.0,1.9396256946135892e-06,,extended_r1_greedy_order,,Very limited direct protective support; confirmatory testing is a high priority.,0.9977194947299669,0.9999669013304138,0.9999999636347457
1538,Mesocyclops sp.,,Maxillopoda,Cyclopoida,Cyclopidae,Arthropoda,False,False,sparse_5_19,Limited (5-19 protective contexts),10,10,0,0,1,False,1.1196422038742207e-21,1.0,2.6430339571392736e-06,,extended_r1_greedy_order,,Limited direct protective support; interpret the rank with the reported uncertainty.,0.997722137763924,0.9999669562046993,0.999999963711991
1539,Hynobius retardatus,,Amphibia,Caudata,Hynobiidae,Chordata,False,False,very_sparse_1_4,Very limited (1-4 protective contexts),2,1,0,0,2,False,1.0954648397719108e-21,1.0,1.6457556497595505e-06,,extended_r1_greedy_order,,Very limited direct protective support; confirmatory testing is a high priority.,0.9977237835195738,0.9999669923759138,0.9999999637686737
1540,Limnodynastes tasmaniensis,,Amphibia,Anura,Limnodynastidae,Chordata,False,False,very_sparse_1_4,Very limited (1-4 protective contexts),2,1,0,0,1,False,1.071906488547334e-21,1.0,1.849383909013902e-06,,extended_r1_greedy_order,,Very limited direct protective support; confirmatory testing is a high priority.,0.9977256329034828,0.9999670320903593,0.999999963828866
1541,Bulinus tropicus,,Gastropoda,Cephalaspidea,Bullinidae,Mollusca,False,False,very_sparse_1_4,Very limited (1-4 protective contexts),2,2,1,0,1,False,1.0484444171589777e-21,1.0,1.8065193185812234e-06,,extended_r1_greedy_order,,Very limited direct protective support; confirmatory testing is a high priority.,0.9977274394228014,0.999967065470326,0.9999999638683991
1542,Texadina sp.,,Gastropoda,Littorinimorpha,Cochliopidae,Mollusca,False,False,very_sparse_1_4,Very limited (1-4 protective contexts),2,1,0,0,1,False,1.0258423971643281e-21,1.0,1.6649345194741372e-06,,extended_r1_greedy_order,,Very limited direct protective support; confirmatory testing is a high priority.,0.9977291043573209,0.9999671024626492,0.9999999639272226
1543,Nothobranchius guentheri,,Actinopterygii,Cyprinodontiformes,Nothobranchiidae,Chordata,False,False,sparse_5_19,Limited (5-19 protective contexts),11,11,0,0,1,False,1.0039359916973756e-21,1.0,2.146142263348416e-06,,extended_r1_greedy_order,,Limited direct protective support; interpret the rank with the reported uncertainty.,0.9977312504995842,0.9999671476710185,0.9999999639928167
1544,Brotia sp.,,Gastropoda,Neotaenioglossa,Pleuroceridae,Mollusca,False,False,sparse_5_19,Limited (5-19 protective contexts),6,2,4,0,2,False,9.821702114146057e-22,1.0,1.9515703066907975e-06,,extended_r1_greedy_order,,Limited direct protective support; interpret the rank with the reported uncertainty.,0.9977332020698909,0.9999671882471023,0.9999999640506991
1545,Monopterus cuchia,,Actinopterygii,Synbranchiformes,Synbranchidae,Chordata,False,False,very_sparse_1_4,Very limited (1-4 protective contexts),4,2,0,1,1,False,9.604756511719e-22,1.0,1.6287033079986912e-06,,extended_r1_greedy_order,,Very limited direct protective support; confirmatory testing is a high priority.,0.9977348307731989,0.9999672246654734,0.9999999641090036
1546,Chilina gibbosa,,Gastropoda,Basommatophora,Chilinidae,Mollusca,False,False,very_sparse_1_4,Very limited (1-4 protective contexts),2,2,1,0,1,False,9.395284292038731e-22,1.0,1.6404915347267846e-06,,extended_r1_greedy_order,,Very limited direct protective support; confirmatory testing is a high priority.,0.9977364712647336,0.9999672608924998,0.9999999641660274
1547,Discoglossus pictus,,Amphibia,Anura,Alytidae,Chordata,False,False,very_sparse_1_4,Very limited (1-4 protective contexts),1,1,0,0,2,False,9.185335652658603e-22,1.0,1.787269164221783e-06,,extended_r1_greedy_order,,Very limited direct protective support; confirmatory testing is a high priority.,0.9977382585338979,0.9999673004048045,0.9999999642283052
1548,Coccochloris peniocystis,,Cyanophyceae,Chroococcales,Chroococcaceae,Cyanophycota,False,False,very_sparse_1_4,Very limited (1-4 protective contexts),2,2,0,0,1,False,8.989824228737785e-22,1.0,2.5528461278234715e-06,,extended_r1_greedy_order,,Very limited direct protective support; confirmatory testing is a high priority.,0.9977408113800257,0.9999673550464087,0.9999999643087611
1549,Macropodus opercularis,,Actinopterygii,Perciformes,Anabantidae,Chordata,False,False,very_sparse_1_4,Very limited (1-4 protective contexts),1,1,0,0,1,False,8.795962455004246e-22,1.0,1.7204121944836004e-06,,extended_r1_greedy_order,,Very limited direct protective support; confirmatory testing is a high priority.,0.9977425317922202,0.9999673920575598,0.9999999643645341
1550,Viviparus georgianus,,Gastropoda,Architaenioglossa,Viviparidae,Mollusca,False,False,very_sparse_1_4,Very limited (1-4 protective contexts),4,2,0,24,1,False,8.608552535275053e-22,1.0,2.088174873571269e-06,,extended_r1_greedy_order,,Very limited direct protective support; confirmatory testing is a high priority.,0.9977446199670937,0.9999674369744673,0.9999999644278992
1551,Tilapia aurea,,Actinopterygii,Perciformes,Cichlidae,Chordata,False,False,sparse_5_19,Limited (5-19 protective contexts),12,10,1,9,3,False,8.424821982055208e-22,1.0,1.7496977574582573e-06,,extended_r1_greedy_order,,Limited direct protective support; interpret the rank with the reported uncertainty.,0.9977463696648512,0.9999674717803484,0.9999999644759144
1552,Paralichthys orbignyanus,,Actinopterygii,Pleuronectiformes,Bothidae,Chordata,False,False,very_sparse_1_4,Very limited (1-4 protective contexts),2,2,0,0,1,False,8.2455950709314575e-22,1.0,1.595122225861445e-06,,extended_r1_greedy_order,,Very limited direct protective support; confirmatory testing is a high priority.,0.9977479647870771,0.9999675070799163,0.9999999645319938
1553,Chlamydomonas applanata,,Chlorophyceae,Volvocales,Chlamydomonadaceae,Chlorophyta,False,False,very_sparse_1_4,Very limited (1-4 protective contexts),3,3,0,0,1,False,8.070265816145117e-22,1.0,2.1186030583209003e-06,,extended_r1_greedy_order,,Very limited direct protective support; confirmatory testing is a high priority.,0.9977500833901354,0.9999675495333297,0.9999999645864999
1554,Bulinus abyssinicus,,Gastropoda,Cephalaspidea,Bullinidae,Mollusca,False,False,very_sparse_1_4,Very limited (1-4 protective contexts),3,3,0,0,1,False,7.896191483901017e-22,1.0,1.7409953617653073e-06,,extended_r1_greedy_order,,Very limited direct protective support; confirmatory testing is a high priority.,0.9977518243854971,0.9999675815756223,0.9999999646241148
1555,Synechococcus elongatus,,Cyanophyceae,Chroococcales,Chroococcaceae,Cyanophycota,False,False,very_sparse_1_4,Very limited (1-4 protective contexts),2,2,2,0,2,False,7.728224637062916e-22,1.0,2.5233851619343994e-06,,extended_r1_greedy_order,,Very limited direct protective support; confirmatory testing is a high priority.,0.9977543477706591,0.9999676355273401,0.9999999647033835
1556,Tubifex tubifex,,Oligochaeta,Haplotaxida,Naididae,Annelida,False,False,strong_50_plus,Strong (50+ protective contexts),95,57,5,8,3,False,7.556267782800932e-22,1.0,3.0676270937890493e-06,,extended_r1_greedy_order,,,0.9977574153977529,0.9999676896913618,0.999999964759698
1557,Polypedates megacephalus,,Amphibia,Anura,Rhacophoridae,Chordata,False,False,sparse_5_19,Limited (5-19 protective contexts),6,4,1,0,1,False,7.390435720198245e-22,1.0,1.883193874396838e-06,,extended_r1_greedy_order,,Limited direct protective support; interpret the rank with the reported uncertainty.,0.9977592985916273,0.9999677291127239,0.9999999648158542
1558,Najas guadalupensis,,Liliopsida,Najadales,Najadaceae,Magnoliophyta,False,False,sparse_5_19,Limited (5-19 protective contexts),8,8,0,23,1,False,7.229436557259917e-22,1.0,2.827598484134164e-06,,extended_r1_greedy_order,,Limited direct protective support; interpret the rank with the reported uncertainty.,0.9977621261901114,0.999967785350905,0.9999999648917521
1559,Chlamydomonas altera,,Chlorophyceae,Volvocales,Chlamydomonadaceae,Chlorophyta,False,False,very_sparse_1_4,Very limited (1-4 protective contexts),4,4,0,0,1,False,7.07404914531535e-22,1.0,2.069383622016474e-06,,extended_r1_greedy_order,,Very limited direct protective support; confirmatory testing is a high priority.,0.9977641955737334,0.9999678267814244,0.9999999649449784
1560,Chlamydomonas asymmetrica,,Chlorophyceae,Volvocales,Chlamydomonadaceae,Chlorophyta,False,False,very_sparse_1_4,Very limited (1-4 protective contexts),4,4,0,0,1,False,6.924108319720714e-22,1.0,2.0667982588706835e-06,,extended_r1_greedy_order,,Very limited direct protective support; confirmatory testing is a high priority.,0.9977662623719923,0.9999678681448254,0.9999999649980891
1561,Chlamydomonas botryopara,,Chlorophyceae,Volvocales,Chlamydomonadaceae,Chlorophyta,False,False,very_sparse_1_4,Very limited (1-4 protective contexts),4,4,0,0,1,False,6.777347136119732e-22,1.0,2.064216909625216e-06,,extended_r1_greedy_order,,Very limited direct protective support; confirmatory testing is a high priority.,0.9977683265889019,0.9999679094412307,0.9999999650510843
1562,Chlamydomonas britannica,,Chlorophyceae,Volvocales,Chlamydomonadaceae,Chlorophyta,False,False,very_sparse_1_4,Very limited (1-4 protective contexts),4,4,0,0,1,False,6.633698131662813e-22,1.0,2.0616395675077115e-06,,extended_r1_greedy_order,,Very limited direct protective support; confirmatory testing is a high priority.,0.9977703882284694,0.9999679506707623,0.9999999651039644
1563,Chlamydomonas debaryana,,Chlorophyceae,Volvocales,Chlamydomonadaceae,Chlorophyta,False,False,very_sparse_1_4,Very limited (1-4 protective contexts),4,4,0,0,1,False,6.493095275698086e-22,1.0,2.05906622241514e-06,,extended_r1_greedy_order,,Very limited direct protective support; confirmatory testing is a high priority.,0.9977724472946918,0.9999679918335411,0.9999999651567298
1564,Chlamydomonas globosa,,Chlorophyceae,Volvocales,Chlamydomonadaceae,Chlorophyta,False,False,very_sparse_1_4,Very limited (1-4 protective contexts),4,4,0,0,1,False,6.355473939347167e-22,1.0,2.0564968682412754e-06,,extended_r1_greedy_order,,Very limited direct protective support; confirmatory testing is a high priority.,0.9977745037915601,0.9999680329296894,0.9999999652093808
1565,Cherax destructor,,Malacostraca,Decapoda,Parastacidae,Arthropoda,False,False,sparse_5_19,Limited (5-19 protective contexts),10,5,2,0,2,False,6.220783113300415e-22,1.0,1.7170077356576385e-06,,extended_r1_greedy_order,,Limited direct protective support; interpret the rank with the reported uncertainty.,0.9977762207992957,0.9999680702650926,0.9999999652654964
1566,Chlamydomonas gloeopara,,Chlorophyceae,Volvocales,Chlamydomonadaceae,Chlorophyta,False,False,very_sparse_1_4,Very limited (1-4 protective contexts),4,4,0,0,1,False,6.088983928340146e-22,1.0,2.0517832145516834e-06,,extended_r1_greedy_order,,Very limited direct protective support; confirmatory testing is a high priority.,0.9977782725825103,0.9999681112342417,0.9999999653179117
1567,Chlamydomonas hebes,,Chlorophyceae,Volvocales,Chlamydomonadaceae,Chlorophyta,False,False,very_sparse_1_4,Very limited (1-4 protective contexts),4,4,0,0,1,False,5.959930278796329e-22,1.0,2.0492251544546036e-06,,extended_r1_greedy_order,,Very limited direct protective support; confirmatory testing is a high priority.,0.9977803218076647,0.999968152137112,0.9999999653702139
1568,Chlamydomonas heterogama,,Chlorophyceae,Volvocales,Chlamydomonadaceae,Chlorophyta,False,False,very_sparse_1_4,Very limited (1-4 protective contexts),4,4,0,0,1,False,5.83361315458464e-22,1.0,2.046671053523852e-06,,extended_r1_greedy_order,,Very limited direct protective support; confirmatory testing is a high priority.,0.9977823684787183,0.9999681929738243,0.9999999654224023
1569,Chlamydomonas kniepii,,Chlorophyceae,Volvocales,Chlamydomonadaceae,Chlorophyta,False,False,very_sparse_1_4,Very limited (1-4 protective contexts),4,4,0,0,1,False,5.709974498819658e-22,1.0,2.0441209034327557e-06,,extended_r1_greedy_order,,Very limited direct protective support; confirmatory testing is a high priority.,0.9977844125996217,0.9999682337444983,0.9999999654744776
1570,Chlamydomonas latifrons,,Chlorophyceae,Volvocales,Chlamydomonadaceae,Chlorophyta,False,False,very_sparse_1_4,Very limited (1-4 protective contexts),4,4,0,0,1,False,5.588957487029552e-22,1.0,2.0415746960766867e-06,,extended_r1_greedy_order,,Very limited direct protective support; confirmatory testing is a high priority.,0.9977864541743178,0.9999682744492544,0.9999999655264403
1571,Chlamydomonas micropapillata,,Chlorophyceae,Volvocales,Chlamydomonadaceae,Chlorophyta,False,False,very_sparse_1_4,Very limited (1-4 protective contexts),4,4,0,0,1,False,5.47050650097828e-22,1.0,2.0390324237951063e-06,,extended_r1_greedy_order,,Very limited direct protective support; confirmatory testing is a high priority.,0.9977884932067416,0.9999683150882119,0.9999999655782905
1572,Chlamydomonas mutabilis,,Chlorophyceae,Volvocales,Chlamydomonadaceae,Chlorophyta,False,False,very_sparse_1_4,Very limited (1-4 protective contexts),4,4,0,0,1,False,5.354567103044236e-22,1.0,2.036494078705431e-06,,extended_r1_greedy_order,,Very limited direct protective support; confirmatory testing is a high priority.,0.9977905297008203,0.9999683556614911,0.9999999656300286
1573,Chlamydomonas peterfi,,Chlorophyceae,Volvocales,Chlamydomonadaceae,Chlorophyta,False,False,very_sparse_1_4,Very limited (1-4 protective contexts),4,4,0,0,1,False,5.241086011143428e-22,1.0,2.0339596523699655e-06,,extended_r1_greedy_order,,Very limited direct protective support; confirmatory testing is a high priority.,0.9977925636604726,0.9999683961692102,0.9999999656816546
1574,Chlamydomonas planctogloea,,Chlorophyceae,Volvocales,Chlamydomonadaceae,Chlorophyta,False,False,very_sparse_1_4,Very limited (1-4 protective contexts),4,4,0,0,1,False,5.130011074185737e-22,1.0,2.031429137350216e-06,,extended_r1_greedy_order,,Very limited direct protective support; confirmatory testing is a high priority.,0.99779459508961,0.9999684366114884,0.9999999657331692
1575,Chlamydomonas pseudoelegans,,Chlorophyceae,Volvocales,Chlamydomonadaceae,Chlorophyta,False,False,very_sparse_1_4,Very limited (1-4 protective contexts),4,4,0,0,1,False,5.021291248052799e-22,1.0,2.0289025249864423e-06,,extended_r1_greedy_order,,Very limited direct protective support; confirmatory testing is a high priority.,0.997796623992135,0.9999684769884448,0.9999999657845724
1576,Chlamydomonas quiescens,,Chlorophyceae,Volvocales,Chlamydomonadaceae,Chlorophyta,False,False,very_sparse_1_4,Very limited (1-4 protective contexts),4,4,0,0,1,False,4.914876572086486e-22,1.0,2.0263798091724183e-06,,extended_r1_greedy_order,,Very limited direct protective support; confirmatory testing is a high priority.,0.9977986503719442,0.9999685173001979,0.9999999658358644
1577,Chlamydomonas snowiae,,Chlorophyceae,Volvocales,Chlamydomonadaceae,Chlorophyta,False,False,very_sparse_1_4,Very limited (1-4 protective contexts),4,4,1,0,1,False,4.81071814607711e-22,1.0,2.023860980027159e-06,,extended_r1_greedy_order,,Very limited direct protective support; confirmatory testing is a high priority.,0.9978006742329242,0.9999685575468655,0.9999999658870453
1578,Chlamydomonas sphagnophila,,Chlorophyceae,Volvocales,Chlamydomonadaceae,Chlorophyta,False,False,very_sparse_1_4,Very limited (1-4 protective contexts),4,4,0,0,1,False,4.708768107740684e-22,1.0,2.0213460306672815e-06,,extended_r1_greedy_order,,Very limited direct protective support; confirmatory testing is a high priority.,0.9978026955789548,0.9999685977285662,0.999999965938116
1579,Chlamydomonas subtilis,,Chlorophyceae,Volvocales,Chlamydomonadaceae,Chlorophyta,False,False,very_sparse_1_4,Very limited (1-4 protective contexts),4,4,0,0,1,False,4.608979610674916e-22,1.0,2.0188349533212246e-06,,extended_r1_greedy_order,,Very limited direct protective support; confirmatory testing is a high priority.,0.9978047144139082,0.9999686378454171,0.9999999659890763
1580,Chlamydomonas terricola,,Chlorophyceae,Volvocales,Chlamydomonadaceae,Chlorophyta,False,False,very_sparse_1_4,Very limited (1-4 protective contexts),4,4,0,0,1,False,4.511306802783651e-22,1.0,2.0163277402174273e-06,,extended_r1_greedy_order,,Very limited direct protective support; confirmatory testing is a high priority.,0.9978067307416484,0.9999686778975362,0.9999999660399267
1581,Chlamydomonas vulgaris,,Chlorophyceae,Volvocales,Chlamydomonadaceae,Chlorophyta,False,False,very_sparse_1_4,Very limited (1-4 protective contexts),4,4,0,0,1,False,4.415704805159903e-22,1.0,2.0138243835843284e-06,,extended_r1_greedy_order,,Very limited direct protective support; confirmatory testing is a high priority.,0.997808744566032,0.9999687178850407,0.9999999660906674
1582,Chasmagnathus granulata,,Malacostraca,Decapoda,Grapsidae,Arthropoda,False,False,sparse_5_19,Limited (5-19 protective contexts),6,3,1,0,2,False,4.322056088076754e-22,1.0,1.6617176044064763e-06,,extended_r1_greedy_order,,Limited direct protective support; interpret the rank with the reported uncertainty.,0.9978104062836364,0.9999687541143224,0.9999999661456662
1583,Chlamydomonas sp.,,Chlorophyceae,Volvocales,Chlamydomonadaceae,Chlorophyta,False,False,very_sparse_1_4,Very limited (1-4 protective contexts),4,4,2,0,2,False,4.22953576629006e-22,1.0,2.062117160361865e-06,,extended_r1_greedy_order,,Very limited direct protective support; confirmatory testing is a high priority.,0.9978124684007967,0.9999687950229306,0.9999999661974258
1584,Deltistes luxatus,,Actinopterygii,Cypriniformes,Catostomidae,Chordata,False,False,very_sparse_1_4,Very limited (1-4 protective contexts),1,1,0,2,1,False,4.1388873049353812e-22,1.0,1.912217947319661e-06,,extended_r1_greedy_order,,Very limited direct protective support; confirmatory testing is a high priority.,0.9978143806187441,0.9999688358849196,0.999999966259123
1585,Burnupia stenochorias,,Gastropoda,Basommatophora,Ancylidae,Mollusca,False,False,very_sparse_1_4,Very limited (1-4 protective contexts),1,1,0,0,1,False,4.0497228359963085e-22,1.0,1.6103878891504664e-06,,extended_r1_greedy_order,,Very limited direct protective support; confirmatory testing is a high priority.,0.9978159910066332,0.9999688709747194,0.9999999663134184
1586,Sphaerium simile,,Bivalvia,Veneroida,Pisidiidae,Mollusca,False,False,sparse_5_19,Limited (5-19 protective contexts),5,4,0,20,2,False,3.963541840738979e-22,1.0,2.2516619194723475e-06,,extended_r1_greedy_order,,Limited direct protective support; interpret the rank with the reported uncertainty.,0.9978182426685527,0.9999689187826247,0.9999999663842005
1587,Polypedates cruciger,,Amphibia,Anura,Rhacophoridae,Chordata,False,False,sparse_5_19,Limited (5-19 protective contexts),8,3,0,0,1,False,3.878599648357889e-22,1.0,1.858345467287137e-06,,extended_r1_greedy_order,,Limited direct protective support; interpret the rank with the reported uncertainty.,0.99782010101402,0.9999689583659745,0.9999999664412014
1588,Radix luteola,,Gastropoda,Basommatophora,Lymnaeidae,Mollusca,False,False,moderate_20_49,Moderate (20-49 protective contexts),21,12,2,0,2,False,3.7961016582839497e-22,1.0,1.976407332127117e-06,,extended_r1_greedy_order,,,0.9978220774213521,0.9999689951192462,0.9999999664861156
1589,Macoma balthica,,Bivalvia,Veneroida,Tellinidae,Mollusca,False,False,very_sparse_1_4,Very limited (1-4 protective contexts),1,1,0,4,1,False,3.7157141836033503e-22,1.0,2.1093946398487162e-06,,extended_r1_greedy_order,,Very limited direct protective support; confirmatory testing is a high priority.,0.9978241868159919,0.9999690407732488,0.999999966555421
1590,Eupera singleyi,,Bivalvia,Veneroida,Pisidiidae,Mollusca,False,False,very_sparse_1_4,Very limited (1-4 protective contexts),1,1,0,0,1,False,3.636430209069244e-22,1.0,2.102880164667198e-06,,extended_r1_greedy_order,,Very limited direct protective support; confirmatory testing is a high priority.,0.9978262896961566,0.9999690857413686,0.9999999666232098
1591,Piaractus brachypomus,,Actinopterygii,Characiformes,Characidae,Chordata,False,False,very_sparse_1_4,Very limited (1-4 protective contexts),1,1,0,1,1,False,3.5594645218823425e-22,1.0,1.9189497324489935e-06,,extended_r1_greedy_order,,Very limited direct protective support; confirmatory testing is a high priority.,0.9978282086458891,0.9999691266891794,0.9999999666842684
1592,Mystus cavasius,,Actinopterygii,Siluriformes,Bagridae,Chordata,False,False,sparse_5_19,Limited (5-19 protective contexts),5,5,0,0,1,False,3.482809386051388e-22,1.0,1.8987377456980425e-06,,extended_r1_greedy_order,,Limited direct protective support; interpret the rank with the reported uncertainty.,0.9978301073836348,0.9999691651178119,0.9999999667372287
1593,Ictiobus cyprinellus,,Actinopterygii,Cypriniformes,Catostomidae,Chordata,False,False,very_sparse_1_4,Very limited (1-4 protective contexts),1,1,0,17,1,False,3.407848971141089e-22,1.0,1.899633923940769e-06,,extended_r1_greedy_order,,Very limited direct protective support; confirmatory testing is a high priority.,0.9978320070175587,0.999969204962705,0.9999999667958562
1594,Galaxias maculatus,,Actinopterygii,Osmeriformes,Galaxiidae,Chordata,False,False,sparse_5_19,Limited (5-19 protective contexts),9,8,1,0,2,False,3.3351499212799793e-22,1.0,2.0015281660956674e-06,,extended_r1_greedy_order,,Limited direct protective support; interpret the rank with the reported uncertainty.,0.9978340085457248,0.999969249117522,0.999999966866482
1595,Channa punctata,,Actinopterygii,Perciformes,Channidae,Chordata,False,False,strong_50_plus,Strong (50+ protective contexts),107,62,28,0,3,False,3.262495472851518e-22,1.0,2.186624902478229e-06,,extended_r1_greedy_order,,,0.9978361951706273,0.9999692840182893,0.9999999668987455
1596,Microcystis sp.,,Cyanophyceae,Chroococcales,Chroococcaceae,Cyanophycota,False,False,very_sparse_1_4,Very limited (1-4 protective contexts),1,1,2,0,1,False,3.192784378429601e-22,1.0,2.4946328018859987e-06,,extended_r1_greedy_order,,Very limited direct protective support; confirmatory testing is a high priority.,0.9978386898034292,0.9999693365148338,0.9999999669733872
1597,Cichla ocellaris,,Actinopterygii,Perciformes,Cichlidae,Chordata,False,False,very_sparse_1_4,Very limited (1-4 protective contexts),2,1,0,1,1,False,3.1247563161503746e-22,1.0,1.7060840098448438e-06,,extended_r1_greedy_order,,Very limited direct protective support; confirmatory testing is a high priority.,0.997840395887439,0.9999693724934149,0.9999999670264096
1598,Lanistes carinatus,,Gastropoda,Architaenioglossa,Ampullariidae,Mollusca,False,False,sparse_5_19,Limited (5-19 protective contexts),5,5,0,0,1,False,3.0578819216782445e-22,1.0,1.7575942692360513e-06,,extended_r1_greedy_order,,Limited direct protective support; interpret the rank with the reported uncertainty.,0.9978421534817082,0.9999694074889026,0.9999999670732596
1599,Polycelis nigra,,Turbellaria,Tricladida,Planariidae,Platyhelminthes,False,False,moderate_20_49,Moderate (20-49 protective contexts),20,20,0,0,1,False,2.992888381256241e-22,1.0,2.82941444396112e-06,,extended_r1_greedy_order,,,0.9978449828961522,0.9999694582981218,0.9999999671268873
1600,Cynops pyrrhogaster,,Amphibia,Caudata,Salamandridae,Chordata,False,False,very_sparse_1_4,Very limited (1-4 protective contexts),1,1,0,0,1,False,2.929408402735356e-22,1.0,1.663115261285597e-06,,extended_r1_greedy_order,,Very limited direct protective support; confirmatory testing is a high priority.,0.9978466460114135,0.9999694935862335,0.9999999671790615
1601,Sinopotamon honanense,,Malacostraca,Decapoda,Potamidae,Arthropoda,False,False,very_sparse_1_4,Very limited (1-4 protective contexts),3,1,1,0,1,False,2.866862419373023e-22,1.0,1.6494610807216148e-06,,extended_r1_greedy_order,,Very limited direct protective support; confirmatory testing is a high priority.,0.9978482954724942,0.9999695295286837,0.9999999672338583
1602,Acanthocyclops vernalis,,Maxillopoda,Cyclopoida,Cyclopidae,Arthropoda,False,False,very_sparse_1_4,Very limited (1-4 protective contexts),4,3,0,3,1,False,2.806193492536269e-22,1.0,2.2254312749270255e-06,,extended_r1_greedy_order,,Very limited direct protective support; confirmatory testing is a high priority.,0.9978505209037691,0.99996957597207,0.9999999673002028
1603,Trichodactylus borellianus,,Malacostraca,Decapoda,Trichodactylidae,Arthropoda,False,False,sparse_5_19,Limited (5-19 protective contexts),6,3,3,0,1,False,2.7466296199747908e-22,1.0,1.6789056670463154e-06,,extended_r1_greedy_order,,Limited direct protective support; interpret the rank with the reported uncertainty.,0.9978521998094362,0.9999696122693043,0.9999999673540888
1604,Clarias macrocephalus,,Actinopterygii,Siluriformes,Clariidae,Chordata,False,False,very_sparse_1_4,Very limited (1-4 protective contexts),1,1,0,0,1,False,2.688456064182099e-22,1.0,2.0646174042626697e-06,,extended_r1_greedy_order,,Very limited direct protective support; confirmatory testing is a high priority.,0.9978542644268404,0.9999696522620333,0.9999999674047642
1605,Melanoides tuberculata,,Gastropoda,Neotaenioglossa,Thiaridae,Mollusca,False,False,moderate_20_49,Moderate (20-49 protective contexts),22,14,0,3,2,False,2.6316208756192878e-22,1.0,1.679441664959036e-06,,extended_r1_greedy_order,,,0.9978559438685054,0.9999696822739415,0.9999999674385596
1606,Pleurodeles sp.,,Amphibia,Caudata,Salamandridae,Chordata,False,False,very_sparse_1_4,Very limited (1-4 protective contexts),1,1,0,0,1,False,2.5761386042170966e-22,1.0,1.6696224472978471e-06,,extended_r1_greedy_order,,Very limited direct protective support; confirmatory testing is a high priority.,0.9978576134909527,0.9999697177840172,0.9999999674913144
1607,Musculium transversum,,Bivalvia,Veneroida,Pisidiidae,Mollusca,False,False,sparse_5_19,Limited (5-19 protective contexts),6,3,0,18,2,False,2.5215591659076126e-22,1.0,2.134581522650336e-06,,extended_r1_greedy_order,,Limited direct protective support; interpret the rank with the reported uncertainty.,0.9978597480724753,0.9999697629672007,0.9999999675582804
1608,Chlamydomonas gloeogama,,Chlorophyceae,Volvocales,Chlamydomonadaceae,Chlorophyta,False,False,very_sparse_1_4,Very limited (1-4 protective contexts),4,4,0,0,1,False,2.46690115002359e-22,1.0,1.8927021198100746e-06,,extended_r1_greedy_order,,Very limited direct protective support; confirmatory testing is a high priority.,0.9978616407745952,0.9999698000132814,0.9999999676042715
1609,Tilapia sp.,,Actinopterygii,Perciformes,Cichlidae,Chordata,False,False,sparse_5_19,Limited (5-19 protective contexts),17,9,1,0,1,False,2.414369709835576e-22,1.0,1.8460025771327437e-06,,extended_r1_greedy_order,,Limited direct protective support; interpret the rank with the reported uncertainty.,0.9978634867771723,0.999969835542309,0.9999999676495721
1610,Valvata piscinalis,,Gastropoda,Heterostropha,Valvatidae,Mollusca,False,False,very_sparse_1_4,Very limited (1-4 protective contexts),3,2,0,0,1,False,2.361271276954424e-22,1.0,1.53575060324318e-06,,extended_r1_greedy_order,,Very limited direct protective support; confirmatory testing is a high priority.,0.9978650225277755,0.9999698687512585,0.999999967699989
1611,Chasmistes brevirostris,,Actinopterygii,Cypriniformes,Catostomidae,Chordata,False,False,very_sparse_1_4,Very limited (1-4 protective contexts),1,1,0,0,1,False,2.311173802461845e-22,1.0,1.80669000382494e-06,,extended_r1_greedy_order,,Very limited direct protective support; confirmatory testing is a high priority.,0.9978668292177794,0.9999699067352015,0.9999999677559163
1612,Mystus keletius,,Actinopterygii,Siluriformes,Bagridae,Chordata,False,False,very_sparse_1_4,Very limited (1-4 protective contexts),2,2,2,0,1,False,2.2620259797829425e-22,1.0,1.8035886879541607e-06,,extended_r1_greedy_order,,Very limited direct protective support; confirmatory testing is a high priority.,0.9978686328064673,0.9999699434184253,0.9999999678066931
1613,Stenocypris major,,Ostracoda,Podocopida,Cyprididae,Arthropoda,False,False,sparse_5_19,Limited (5-19 protective contexts),14,8,0,0,1,False,2.2143780773095125e-22,1.0,2.2173167687489226e-06,,extended_r1_greedy_order,,Limited direct protective support; interpret the rank with the reported uncertainty.,0.9978708501232361,0.9999699964485249,0.9999999679001101
1614,Discoglossus galganoi,,Amphibia,Anura,Alytidae,Chordata,False,False,very_sparse_1_4,Very limited (1-4 protective contexts),3,1,0,0,2,False,2.1659509191981053e-22,1.0,1.5917388361819107e-06,,extended_r1_greedy_order,,Very limited direct protective support; confirmatory testing is a high priority.,0.9978724418620722,0.9999700308635694,0.9999999679522665
1615,Nais variabilis,,Oligochaeta,Haplotaxida,Naididae,Annelida,False,False,very_sparse_1_4,Very limited (1-4 protective contexts),2,2,0,0,1,False,2.120385224755373e-22,1.0,2.8056249053998172e-06,,extended_r1_greedy_order,,Very limited direct protective support; confirmatory testing is a high priority.,0.9978752474869776,0.9999700923419157,0.9999999680421876
1616,Parachromis dovii,,Actinopterygii,Perciformes,Cichlidae,Chordata,False,False,very_sparse_1_4,Very limited (1-4 protective contexts),4,2,0,0,1,False,2.0750793726127669e-22,1.0,1.6218454341743183e-06,,extended_r1_greedy_order,,Very limited direct protective support; confirmatory testing is a high priority.,0.9978768693324118,0.9999701265696662,0.9999999680923858
1617,Myxocyprinus asiaticus,,Actinopterygii,Cypriniformes,Catostomidae,Chordata,False,False,very_sparse_1_4,Very limited (1-4 protective contexts),2,2,0,0,2,False,2.0311834692654856e-22,1.0,1.7582426630191605e-06,,extended_r1_greedy_order,,Very limited direct protective support; confirmatory testing is a high priority.,0.9978786275750748,0.9999701633010117,0.9999999681458785
1618,Pungitius pungitius,,Actinopterygii,Gasterosteiformes,Gasterosteidae,Chordata,False,False,very_sparse_1_4,Very limited (1-4 protective contexts),1,1,0,10,1,False,1.9882589036175578e-22,1.0,1.8806084510769594e-06,,extended_r1_greedy_order,,Very limited direct protective support; confirmatory testing is a high priority.,0.9978805081835259,0.999970202942756,0.9999999682040204
1619,Alosa sapidissima,,Actinopterygii,Clupeiformes,Clupeidae,Chordata,False,False,very_sparse_1_4,Very limited (1-4 protective contexts),4,4,0,10,1,False,1.9463902700654778e-22,1.0,1.7837590392533187e-06,,extended_r1_greedy_order,,Very limited direct protective support; confirmatory testing is a high priority.,0.9978822919425652,0.9999702412044735,0.9999999682614481
1620,Tilapia zillii,,Actinopterygii,Perciformes,Cichlidae,Chordata,False,False,sparse_5_19,Limited (5-19 protective contexts),18,13,5,0,2,False,1.9046995405768076e-22,1.0,1.591968100234098e-06,,extended_r1_greedy_order,,Limited direct protective support; interpret the rank with the reported uncertainty.,0.9978838839106654,0.9999702717276372,0.9999999683017555
1621,Australoheros facetus,,Actinopterygii,Perciformes,Cichlidae,Chordata,False,False,sparse_5_19,Limited (5-19 protective contexts),9,5,0,0,1,False,1.8643269343303857e-22,1.0,1.6760107751645492e-06,,extended_r1_greedy_order,,Limited direct protective support; interpret the rank with the reported uncertainty.,0.9978855599214406,0.9999703060149283,0.9999999683495194
1622,Lepidocephalichthys thermalis,,Actinopterygii,Cypriniformes,Cobitidae,Chordata,False,False,sparse_5_19,Limited (5-19 protective contexts),18,12,14,0,3,False,1.8248956313498758e-22,1.0,1.948587745825847e-06,,extended_r1_greedy_order,,Limited direct protective support; interpret the rank with the reported uncertainty.,0.9978875085091864,0.9999703440432437,0.9999999683975829
1623,Culaea inconstans,,Actinopterygii,Gasterosteiformes,Gasterosteidae,Chordata,False,False,very_sparse_1_4,Very limited (1-4 protective contexts),2,2,0,10,1,False,1.7858683810463048e-22,1.0,1.8683670780506034e-06,,extended_r1_greedy_order,,Very limited direct protective support; confirmatory testing is a high priority.,0.9978893768762644,0.9999703832006043,0.9999999684546123
1624,Zilchiopsis collastinensis,,Malacostraca,Decapoda,Trichodactylidae,Arthropoda,False,False,sparse_5_19,Limited (5-19 protective contexts),6,2,0,0,2,False,1.7483437646800042e-22,1.0,1.5316488755079405e-06,,extended_r1_greedy_order,,Limited direct protective support; interpret the rank with the reported uncertainty.,0.99789090852514,0.9999704154266048,0.9999999685006836
1625,Nais sp.,,Oligochaeta,Haplotaxida,Naididae,Annelida,False,False,very_sparse_1_4,Very limited (1-4 protective contexts),1,1,0,0,1,False,1.7115848074651792e-22,1.0,2.7595378365719014e-06,,extended_r1_greedy_order,,Very limited direct protective support; confirmatory testing is a high priority.,0.9978936680629765,0.9999704757416653,0.9999999685882038
1626,Anabaena doliolum,,Cyanophyceae,Nostocales,Nostocaceae,Cyanophycota,False,False,sparse_5_19,Limited (5-19 protective contexts),7,6,2,0,2,False,1.675400450386517e-22,1.0,2.1203684292814273e-06,,extended_r1_greedy_order,,Limited direct protective support; interpret the rank with the reported uncertainty.,0.9978957884314058,0.9999705152170594,0.9999999686342816
1627,Astyanax bimaculatus,,Actinopterygii,Characiformes,Characidae,Chordata,False,False,very_sparse_1_4,Very limited (1-4 protective contexts),1,1,1,0,1,False,1.639788676683494e-22,1.0,1.803049369586418e-06,,extended_r1_greedy_order,,Very limited direct protective support; confirmatory testing is a high priority.,0.9978975914807754,0.9999705529879902,0.9999999686887242
1628,Microcystis aeruginosa,,Cyanophyceae,Chroococcales,Chroococcaceae,Cyanophycota,False,False,very_sparse_1_4,Very limited (1-4 protective contexts),4,2,27,21,2,False,1.6050435801029521e-22,1.0,2.4133310978502465e-06,,extended_r1_greedy_order,,Very limited direct protective support; confirmatory testing is a high priority.,0.9979000048118732,0.9999706028400289,0.999999968757417
1629,Herotilapia multispinosa,,Actinopterygii,Perciformes,Cichlidae,Chordata,False,False,very_sparse_1_4,Very limited (1-4 protective contexts),1,1,0,0,1,False,1.571342765230825e-22,1.0,1.6197518102334385e-06,,extended_r1_greedy_order,,Very limited direct protective support; confirmatory testing is a high priority.,0.9979016245636835,0.999970636233026,0.9999999688048409
1630,Astyanax fasciatus,,Actinopterygii,Characiformes,Characidae,Chordata,False,False,very_sparse_1_4,Very limited (1-4 protective contexts),1,1,0,0,1,False,1.5382754167862384e-22,1.0,1.7987195374269405e-06,,extended_r1_greedy_order,,Very limited direct protective support; confirmatory testing is a high priority.,0.9979034232832209,0.9999706737578778,0.9999999688585682
1631,Discoglossus jeanneae,,Amphibia,Anura,Alytidae,Chordata,False,False,very_sparse_1_4,Very limited (1-4 protective contexts),3,1,0,0,1,False,1.5060495688117421e-22,1.0,1.531501144902414e-06,,extended_r1_greedy_order,,Very limited direct protective support; confirmatory testing is a high priority.,0.9979049547843658,0.9999707069059157,0.9999999689086291
1632,Galaxias fasciatus,,Actinopterygii,Osmeriformes,Galaxiidae,Chordata,False,False,very_sparse_1_4,Very limited (1-4 protective contexts),1,1,0,0,1,False,1.4744859234876443e-22,1.0,1.7440472401819562e-06,,extended_r1_greedy_order,,Very limited direct protective support; confirmatory testing is a high priority.,0.997906698831606,0.9999707451275474,0.9999999689683491
1633,Chioglossa lusitanica,,Amphibia,Caudata,Salamandridae,Chordata,False,False,very_sparse_1_4,Very limited (1-4 protective contexts),3,2,0,0,1,False,1.443554020937736e-22,1.0,1.599411468489187e-06,,extended_r1_greedy_order,,Very limited direct protective support; confirmatory testing is a high priority.,0.9979082982430745,0.9999707785542844,0.9999999690163515
1634,Chlorella sorokiniana,,Chlorophyceae,Chlorococcales,Oocystaceae,Chlorophyta,False,False,very_sparse_1_4,Very limited (1-4 protective contexts),1,1,1,0,2,False,1.4133104925701985e-22,1.0,1.8138673578693698e-06,,extended_r1_greedy_order,,Very limited direct protective support; confirmatory testing is a high priority.,0.9979101121104323,0.9999708133675942,0.9999999690580076
1635,Chlorella vulgaris,,Chlorophyceae,Chlorococcales,Oocystaceae,Chlorophyta,False,False,moderate_20_49,Moderate (20-49 protective contexts),25,19,49,0,2,False,1.3836327237240368e-22,1.0,2.0260041369013493e-06,,extended_r1_greedy_order,,,0.9979121381145692,0.9999708513658039,0.9999999691018081
1636,Chlorella salina,,Chlorophyceae,Chlorococcales,Oocystaceae,Chlorophyta,False,False,very_sparse_1_4,Very limited (1-4 protective contexts),1,1,0,0,1,False,1.3540571710130388e-22,1.0,1.8047879511984277e-06,,extended_r1_greedy_order,,Very limited direct protective support; confirmatory testing is a high priority.,0.9979139429025204,0.9999708859016643,0.9999999691429426
1637,Tigriopus japonicus,,Maxillopoda,Harpacticoida,Harpacticidae,Arthropoda,False,False,sparse_5_19,Limited (5-19 protective contexts),8,3,0,0,1,False,1.3254329062753138e-22,1.0,1.7305178007243072e-06,,extended_r1_greedy_order,,Limited direct protective support; interpret the rank with the reported uncertainty.,0.9979156734203212,0.999970922791519,0.9999999691978875
1638,Chlorella variegata,,Chlorophyceae,Chlorococcales,Oocystaceae,Chlorophyta,False,False,very_sparse_1_4,Very limited (1-4 protective contexts),2,2,0,0,1,False,1.2975083138832248e-22,1.0,1.797400796976767e-06,,extended_r1_greedy_order,,Very limited direct protective support; confirmatory testing is a high priority.,0.9979174708211181,0.9999709571384634,0.999999969238709
1639,Chlorella sp.,,Chlorophyceae,Chlorococcales,Oocystaceae,Chlorophyta,False,False,very_sparse_1_4,Very limited (1-4 protective contexts),1,1,4,0,2,False,1.2702803650783466e-22,1.0,1.8303096673832897e-06,,extended_r1_greedy_order,,Very limited direct protective support; confirmatory testing is a high priority.,0.9979193011307855,0.9999709919528073,0.9999999692796454
1640,Galaxias auratus,,Actinopterygii,Osmeriformes,Galaxiidae,Chordata,False,False,very_sparse_1_4,Very limited (1-4 protective contexts),2,1,0,0,1,False,1.2434202351050196e-22,1.0,1.7510455240232758e-06,,extended_r1_greedy_order,,Very limited direct protective support; confirmatory testing is a high priority.,0.9979210521763096,0.9999710298990585,0.9999999693382192
1641,Astronotus ocellatus,,Actinopterygii,Perciformes,Cichlidae,Chordata,False,False,very_sparse_1_4,Very limited (1-4 protective contexts),2,1,0,4,1,False,1.2172200011511562e-22,1.0,1.6060908074599922e-06,,extended_r1_greedy_order,,Very limited direct protective support; confirmatory testing is a high priority.,0.997922658267117,0.9999710629202514,0.9999999693847946
1642,Tilapia sparrmanii,,Actinopterygii,Perciformes,Cichlidae,Chordata,False,False,very_sparse_1_4,Very limited (1-4 protective contexts),4,3,4,0,2,False,1.191608518602543e-22,1.0,1.682447956619093e-06,,extended_r1_greedy_order,,Very limited direct protective support; confirmatory testing is a high priority.,0.9979243407150736,0.9999710960064591,0.9999999694283094
1643,Pila ovata,,Gastropoda,Architaenioglossa,Ampullariidae,Mollusca,False,False,very_sparse_1_4,Very limited (1-4 protective contexts),2,1,0,0,1,False,1.1665359301653365e-22,1.0,1.5768427300555388e-06,,extended_r1_greedy_order,,Very limited direct protective support; confirmatory testing is a high priority.,0.9979259175578037,0.9999711261162207,0.9999999694660918
1644,Melanopsis dufouri,,Gastropoda,Mesogastropoda,Melanopsidae,Mollusca,False,False,sparse_5_19,Limited (5-19 protective contexts),5,5,0,0,1,False,1.1421390501386959e-22,1.0,1.3044704153530873e-06,,extended_r1_greedy_order,,Limited direct protective support; interpret the rank with the reported uncertainty.,0.997927222028219,0.9999711522433375,0.9999999695007983
1645,Erpobdella sp.,,Clitellata,Arhynchobdellida,Erpobdellidae,Annelida,False,False,very_sparse_1_4,Very limited (1-4 protective contexts),2,1,1,0,1,False,1.1182584410174143e-22,1.0,2.3850417031345827e-06,,extended_r1_greedy_order,,Very limited direct protective support; confirmatory testing is a high priority.,0.9979296070699222,0.999971196914763,0.9999999695535875
1646,Sphaerium sp.,,Bivalvia,Veneroida,Pisidiidae,Mollusca,False,False,sparse_5_19,Limited (5-19 protective contexts),5,4,1,0,1,False,1.094636227591595e-22,1.0,2.0182562185944164e-06,,extended_r1_greedy_order,,Limited direct protective support; interpret the rank with the reported uncertainty.,0.9979316253261408,0.9999712387870459,0.9999999696127903
1647,Erpobdella punctata,,Clitellata,Arhynchobdellida,Erpobdellidae,Annelida,False,False,very_sparse_1_4,Very limited (1-4 protective contexts),2,2,1,10,1,False,1.0716295094544586e-22,1.0,2.406857169234833e-06,,extended_r1_greedy_order,,Very limited direct protective support; confirmatory testing is a high priority.,0.99793403218331,0.9999712836192924,0.9999999696651634
1648,Lamellidens marginalis,,Bivalvia,Unionoida,Unionidae,Mollusca,False,False,moderate_20_49,Moderate (20-49 protective contexts),21,14,11,0,2,False,1.0491474850896409e-22,1.0,1.424335339450522e-06,,extended_r1_greedy_order,,,0.9979354565186495,0.9999713084541902,0.9999999696921705
1649,Desmodesmus subspicatus,,Chlorophyceae,Chlorococcales,Scenedesmaceae,Chlorophyta,False,False,very_sparse_1_4,Very limited (1-4 protective contexts),2,2,8,0,2,False,1.0264023623363882e-22,1.0,1.663819977570924e-06,,extended_r1_greedy_order,,Very limited direct protective support; confirmatory testing is a high priority.,0.997937120338627,0.9999713421981133,0.9999999697372467
1650,Anabaena sp.,,Cyanophyceae,Nostocales,Nostocaceae,Cyanophycota,False,False,sparse_5_19,Limited (5-19 protective contexts),9,9,15,0,2,False,1.0047489700135275e-22,1.0,2.0645253198114943e-06,,extended_r1_greedy_order,,Limited direct protective support; interpret the rank with the reported uncertainty.,0.9979391848639468,0.9999713809819143,0.9999999697836487
1651,Nais communis,,Oligochaeta,Haplotaxida,Naididae,Annelida,False,False,very_sparse_1_4,Very limited (1-4 protective contexts),2,2,0,17,1,False,9.83579711221619e-23,1.0,2.630736724129612e-06,,extended_r1_greedy_order,,Very limited direct protective support; confirmatory testing is a high priority.,0.997941815600671,0.9999714379124385,0.9999999698650776
1652,Aulosira prolifica,,Cyanophyceae,Nostocales,Nostocaceae,Cyanophycota,False,False,very_sparse_1_4,Very limited (1-4 protective contexts),1,1,0,0,1,False,9.626997778768884e-23,1.0,1.987889926224895e-06,,extended_r1_greedy_order,,Very limited direct protective support; confirmatory testing is a high priority.,0.9979438034905972,0.9999714766902493,0.9999999699145155
1653,Tilapia spilurus,,Actinopterygii,Perciformes,Cichlidae,Chordata,False,False,very_sparse_1_4,Very limited (1-4 protective contexts),1,1,0,0,1,False,9.425854163460534e-23,1.0,1.6358270290561805e-06,,extended_r1_greedy_order,,Very limited direct protective support; confirmatory testing is a high priority.,0.9979454393176262,0.9999715084389674,0.9999999699556015
1654,Sarotherodon galilaeus,,Actinopterygii,Perciformes,Cichlidae,Chordata,False,False,very_sparse_1_4,Very limited (1-4 protective contexts),1,1,0,0,1,False,9.223188732827495e-23,1.0,1.5681149122537263e-06,,extended_r1_greedy_order,,Very limited direct protective support; confirmatory testing is a high priority.,0.9979470074325385,0.9999715402782773,0.9999999699996495
1655,Hypentelium nigricans,,Actinopterygii,Cypriniformes,Catostomidae,Chordata,False,False,very_sparse_1_4,Very limited (1-4 protective contexts),1,1,0,22,1,False,9.030260717406271e-23,1.0,1.6964910926065002e-06,,extended_r1_greedy_order,,Very limited direct protective support; confirmatory testing is a high priority.,0.9979487039236311,0.9999715748286147,0.9999999700478921
1656,Pleurodeles waltl,,Amphibia,Caudata,Salamandridae,Chordata,False,False,very_sparse_1_4,Very limited (1-4 protective contexts),4,4,0,0,1,False,8.840287223872577e-23,1.0,1.5120761929221516e-06,,extended_r1_greedy_order,,Very limited direct protective support; confirmatory testing is a high priority.,0.997950215999824,0.9999716066833619,0.9999999700942075
1657,Tilapia galilaea,,Actinopterygii,Perciformes,Cichlidae,Chordata,False,False,very_sparse_1_4,Very limited (1-4 protective contexts),2,2,0,0,1,False,8.652306358612051e-23,1.0,1.6438542719265925e-06,,extended_r1_greedy_order,,Very limited direct protective support; confirmatory testing is a high priority.,0.997951859854096,0.9999716386359652,0.9999999701355788
1658,Corydoras paleatus,,Actinopterygii,Siluriformes,Callichthyidae,Chordata,False,False,very_sparse_1_4,Very limited (1-4 protective contexts),4,2,0,0,1,False,8.466907122904608e-23,1.0,1.619752414194764e-06,,extended_r1_greedy_order,,Very limited direct protective support; confirmatory testing is a high priority.,0.9979534796065102,0.9999716719188149,0.9999999701825297
1659,Chlorella luteoviridis,,Chlorophyceae,Chlorococcales,Oocystaceae,Chlorophyta,False,False,very_sparse_1_4,Very limited (1-4 protective contexts),4,4,0,0,1,False,8.289307471451197e-23,1.0,1.7108454631875603e-06,,extended_r1_greedy_order,,Very limited direct protective support; confirmatory testing is a high priority.,0.9979551904519733,0.9999717046932253,0.9999999702217667
1660,Chlorella minutissima,,Chlorophyceae,Chlorococcales,Oocystaceae,Chlorophyta,False,False,very_sparse_1_4,Very limited (1-4 protective contexts),4,4,0,0,1,False,8.116606890860103e-23,1.0,1.7089009031190372e-06,,extended_r1_greedy_order,,Very limited direct protective support; confirmatory testing is a high priority.,0.9979568993528765,0.9999717374190547,0.9999999702609266
1661,Chlorella protothecoides,,Chlorophyceae,Chlorococcales,Oocystaceae,Chlorophyta,False,False,very_sparse_1_4,Very limited (1-4 protective contexts),4,4,1,0,1,False,7.947505367097822e-23,1.0,1.706959055547408e-06,,extended_r1_greedy_order,,Very limited direct protective support; confirmatory testing is a high priority.,0.997958606311932,0.999971770096384,0.9999999703000093
1662,Pelobates cultripes,,Amphibia,Anura,Pelobatidae,Chordata,False,False,sparse_5_19,Limited (5-19 protective contexts),5,2,1,0,2,False,7.777846496695314e-23,1.0,1.4574639577435988e-06,,extended_r1_greedy_order,,Limited direct protective support; interpret the rank with the reported uncertainty.,0.9979600637758897,0.9999718006890799,0.99999997034424
1663,Huso huso,,Actinopterygii,Acipenseriformes,Acipenseridae,Chordata,False,False,very_sparse_1_4,Very limited (1-4 protective contexts),3,2,0,0,2,False,7.615202521384662e-23,1.0,1.7873349794639282e-06,,extended_r1_greedy_order,,Very limited direct protective support; confirmatory testing is a high priority.,0.9979618511108692,0.9999718374712097,0.9999999703967726
1664,Betta splendens,,Actinopterygii,Perciformes,Anabantidae,Chordata,False,False,very_sparse_1_4,Very limited (1-4 protective contexts),3,2,2,0,1,False,7.454087592033781e-23,1.0,1.4273219476335086e-06,,extended_r1_greedy_order,,Very limited direct protective support; confirmatory testing is a high priority.,0.9979632784328168,0.9999718665697416,0.9999999704368313
1665,Sphaerium novaezelandiae,,Bivalvia,Veneroida,Pisidiidae,Mollusca,False,False,very_sparse_1_4,Very limited (1-4 protective contexts),4,1,0,0,3,False,7.295286939392818e-23,1.0,1.964053987002501e-06,,extended_r1_greedy_order,,Very limited direct protective support; confirmatory testing is a high priority.,0.9979652424868038,0.9999719068642384,0.99999997049314
1666,Silurus glanis,,Actinopterygii,Siluriformes,Siluridae,Chordata,False,False,sparse_5_19,Limited (5-19 protective contexts),6,4,0,0,1,False,7.143092571307933e-23,1.0,1.6050037366932557e-06,,extended_r1_greedy_order,,Limited direct protective support; interpret the rank with the reported uncertainty.,0.9979668474905405,0.9999719395716623,0.9999999705390454
1667,Tilapia natalensis,,Actinopterygii,Perciformes,Cichlidae,Chordata,False,False,very_sparse_1_4,Very limited (1-4 protective contexts),1,1,0,4,2,False,6.990902958995057e-23,1.0,1.5904096886121266e-06,,extended_r1_greedy_order,,Very limited direct protective support; confirmatory testing is a high priority.,0.9979684379002292,0.9999719702955829,0.9999999705783894
1668,Cypria ophthalmica,,Ostracoda,Podocopida,Cyprididae,Arthropoda,False,False,very_sparse_1_4,Very limited (1-4 protective contexts),1,1,0,0,1,False,6.845143431395953e-23,1.0,1.9709346067431355e-06,,extended_r1_greedy_order,,Very limited direct protective support; confirmatory testing is a high priority.,0.9979704088348359,0.9999720121632338,0.9999999706383792
1669,Crassula helmsii,,Magnoliopsida,Saxifragales,Crassulaceae,Magnoliophyta,False,False,very_sparse_1_4,Very limited (1-4 protective contexts),1,1,1,0,1,False,6.702575353638303e-23,1.0,1.917442389642865e-06,,extended_r1_greedy_order,,Very limited direct protective support; confirmatory testing is a high priority.,0.9979723262772255,0.9999720516276295,0.9999999706935082
1670,Fallopia convolvulus,,Magnoliopsida,Caryophyllales,Polygonaceae,Magnoliophyta,False,False,very_sparse_1_4,Very limited (1-4 protective contexts),1,1,0,35,1,False,6.563158947450312e-23,1.0,1.914990536144856e-06,,extended_r1_greedy_order,,Very limited direct protective support; confirmatory testing is a high priority.,0.9979742412677617,0.9999720910210497,0.999999970748485
1671,Megacyclops viridis,,Maxillopoda,Cyclopoida,Cyclopidae,Arthropoda,False,False,sparse_5_19,Limited (5-19 protective contexts),6,4,1,0,1,False,6.423584545740985e-23,1.0,1.9571799020345892e-06,,extended_r1_greedy_order,,Limited direct protective support; interpret the rank with the reported uncertainty.,0.9979761984476637,0.9999721314450383,0.9999999708043695
1672,Triturus boscai,,Amphibia,Caudata,Salamandridae,Chordata,False,False,very_sparse_1_4,Very limited (1-4 protective contexts),1,1,0,0,1,False,6.288868424817073e-23,1.0,1.5207901098435173e-06,,extended_r1_greedy_order,,Very limited direct protective support; confirmatory testing is a high priority.,0.9979777192377736,0.9999721625353457,0.999999970847395
1673,Clarias anguillaris,,Actinopterygii,Siluriformes,Clariidae,Chordata,False,False,very_sparse_1_4,Very limited (1-4 protective contexts),1,1,0,0,1,False,6.155770481740649e-23,1.0,1.782592309873543e-06,,extended_r1_greedy_order,,Very limited direct protective support; confirmatory testing is a high priority.,0.9979795018300834,0.9999721961995638,0.9999999708881753
1674,Heteropneustes fossilis,,Actinopterygii,Siluriformes,Heteropneustidae,Chordata,False,False,strong_50_plus,Strong (50+ protective contexts),108,56,27,0,3,False,6.02655737398578e-23,1.0,1.930944066752538e-06,,extended_r1_greedy_order,,,0.9979814327741502,0.9999722283848688,0.9999999709212198
1675,Tilapia hornorum,,Actinopterygii,Perciformes,Cichlidae,Chordata,False,False,very_sparse_1_4,Very limited (1-4 protective contexts),2,2,1,0,1,False,5.901209331425982e-23,1.0,1.5618593390831492e-06,,extended_r1_greedy_order,,Very limited direct protective support; confirmatory testing is a high priority.,0.9979829946334893,0.9999722585385149,0.999999970959768
1676,Thermocyclops oblongatus,,Maxillopoda,Cyclopoida,Cyclopidae,Arthropoda,False,False,sparse_5_19,Limited (5-19 protective contexts),5,5,0,0,1,False,5.777112129802918e-23,1.0,1.907500223663483e-06,,extended_r1_greedy_order,,Limited direct protective support; interpret the rank with the reported uncertainty.,0.9979849021337129,0.9999722970086974,0.9999999710110272
1677,Triturus cristatus,,Amphibia,Caudata,Salamandridae,Chordata,False,False,very_sparse_1_4,Very limited (1-4 protective contexts),1,1,0,0,1,False,5.656069099396027e-23,1.0,1.4680811214473621e-06,,extended_r1_greedy_order,,Very limited direct protective support; confirmatory testing is a high priority.,0.9979863702148344,0.9999723271200274,0.9999999710528957
1678,Noemacheilus barbatulus,,Actinopterygii,Cypriniformes,Balitoridae,Chordata,False,False,very_sparse_1_4,Very limited (1-4 protective contexts),3,3,1,0,1,False,5.537789631858061e-23,1.0,1.5811446115732153e-06,,extended_r1_greedy_order,,Very limited direct protective support; confirmatory testing is a high priority.,0.997987951359446,0.9999723601402466,0.9999999711006258
1679,Bithynia leachi,,Gastropoda,Neotaenioglossa,Bithyniidae,Mollusca,False,False,very_sparse_1_4,Very limited (1-4 protective contexts),1,1,0,0,1,False,5.422634110115973e-23,1.0,1.5254836999156751e-06,,extended_r1_greedy_order,,Very limited direct protective support; confirmatory testing is a high priority.,0.9979894768431459,0.9999723902726831,0.9999999711403309
1680,Scaphirhynchus platorynchus,,Actinopterygii,Acipenseriformes,Acipenseridae,Chordata,False,False,sparse_5_19,Limited (5-19 protective contexts),5,5,0,12,1,False,5.30668426016592e-23,1.0,1.6717774334873425e-06,,extended_r1_greedy_order,,Limited direct protective support; interpret the rank with the reported uncertainty.,0.9979911486205794,0.999972424445009,0.9999999711883312
1681,Oscillatoria agardhii,,Cyanophyceae,Nostocales,Oscillatoriaceae,Cyanophycota,False,False,very_sparse_1_4,Very limited (1-4 protective contexts),4,4,0,1,1,False,5.196565959216951e-23,1.0,1.565320272067794e-06,,extended_r1_greedy_order,,Very limited direct protective support; confirmatory testing is a high priority.,0.9979927139408514,0.9999724568881566,0.9999999712340936
1682,Tilapia leucosticta,,Actinopterygii,Perciformes,Cichlidae,Chordata,False,False,very_sparse_1_4,Very limited (1-4 protective contexts),3,2,0,0,3,False,5.0877944410346824e-23,1.0,1.5360416394383236e-06,,extended_r1_greedy_order,,Very limited direct protective support; confirmatory testing is a high priority.,0.9979942499824909,0.9999724864738049,0.9999999712717054
1683,Nostoc sp.,,Cyanophyceae,Nostocales,Nostocaceae,Cyanophycota,False,False,sparse_5_19,Limited (5-19 protective contexts),11,11,2,0,2,False,4.9822273581346757e-23,1.0,1.948305453525201e-06,,extended_r1_greedy_order,,Limited direct protective support; interpret the rank with the reported uncertainty.,0.9979961982879444,0.9999725213827289,0.9999999713110781
1684,Groenlandia densa,,Liliopsida,Najadales,Potamogetonaceae,Magnoliophyta,False,False,very_sparse_1_4,Very limited (1-4 protective contexts),1,1,0,0,1,False,4.8761718857486067e-23,1.0,1.8516012660896308e-06,,extended_r1_greedy_order,,Very limited direct protective support; confirmatory testing is a high priority.,0.9979980498892105,0.9999725576268779,0.9999999713582141
1685,Euplotes moebiusi,,Ciliatea,Hypotrichida,Euplotidae,Ciliophora,False,False,very_sparse_1_4,Very limited (1-4 protective contexts),1,1,0,0,1,False,4.773675967514642e-23,1.0,2.3991152156010997e-06,,extended_r1_greedy_order,,Very limited direct protective support; confirmatory testing is a high priority.,0.9980004490044261,0.9999726110761977,0.9999999714331752
1686,Oncomelania quadrasi,,Gastropoda,Mesogastropoda,Pomatiopsidae,Mollusca,False,False,very_sparse_1_4,Very limited (1-4 protective contexts),3,1,1,0,1,False,4.6714851053857245e-23,1.0,1.3337213286002125e-06,,extended_r1_greedy_order,,Very limited direct protective support; confirmatory testing is a high priority.,0.9980017827257547,0.9999726390307601,0.9999999714734045
1687,Pisidium sp.,,Bivalvia,Veneroida,Pisidiidae,Mollusca,False,False,very_sparse_1_4,Very limited (1-4 protective contexts),1,1,0,0,1,False,4.573394313266241e-23,1.0,1.7257354183453089e-06,,extended_r1_greedy_order,,Very limited direct protective support; confirmatory testing is a high priority.,0.998003508461173,0.9999726746951879,0.9999999715244458
1688,Eurytemora affinis,,Maxillopoda,Calanoida,Temoridae,Arthropoda,False,False,very_sparse_1_4,Very limited (1-4 protective contexts),3,3,0,0,1,False,4.4762359267919824e-23,1.0,1.8192024265895057e-06,,extended_r1_greedy_order,,Very limited direct protective support; confirmatory testing is a high priority.,0.9980053276635996,0.9999727128550986,0.9999999715793556
1689,Rangia cuneata,,Bivalvia,Veneroida,Mactridae,Mollusca,False,False,very_sparse_1_4,Very limited (1-4 protective contexts),3,3,0,12,1,False,4.382722839390119e-23,1.0,1.516331991302522e-06,,extended_r1_greedy_order,,Very limited direct protective support; confirmatory testing is a high priority.,0.9980068439955909,0.9999727453095919,0.9999999716268686
1690,Apium nodiflorum,,Magnoliopsida,Apiales,Apiaceae,Magnoliophyta,False,False,very_sparse_1_4,Very limited (1-4 protective contexts),1,1,1,0,1,False,4.2903434989604423e-23,1.0,1.8819069927955567e-06,,extended_r1_greedy_order,,Very limited direct protective support; confirmatory testing is a high priority.,0.9980087259025837,0.9999727836127359,0.999999971679453
1691,Nasturtium officinale,,Magnoliopsida,Brassicales,Brassicaceae,Magnoliophyta,False,False,very_sparse_1_4,Very limited (1-4 protective contexts),1,1,1,0,1,False,4.2009536465345695e-23,1.0,1.8638191369158008e-06,,extended_r1_greedy_order,,Very limited direct protective support; confirmatory testing is a high priority.,0.9980105897217206,0.9999728215948093,0.9999999717316661
1692,Mytilus edulis,,Bivalvia,Mytiloida,Mytilidae,Mollusca,False,False,very_sparse_1_4,Very limited (1-4 protective contexts),1,1,0,12,1,False,4.11337877129537e-23,1.0,1.5217221966956629e-06,,extended_r1_greedy_order,,Very limited direct protective support; confirmatory testing is a high priority.,0.9980121114439173,0.9999728533675277,0.9999999717770692
1693,Triturus helveticus,,Amphibia,Caudata,Salamandridae,Chordata,False,False,very_sparse_1_4,Very limited (1-4 protective contexts),3,2,1,0,1,False,4.0276939688103894e-23,1.0,1.4393019511782512e-06,,extended_r1_greedy_order,,Very limited direct protective support; confirmatory testing is a high priority.,0.9980135507458685,0.9999728826962271,0.9999999718173658
1694,Nothobranchius furzeri,,Actinopterygii,Cyprinodontiformes,Nothobranchiidae,Chordata,False,False,sparse_5_19,Limited (5-19 protective contexts),5,2,0,0,1,False,3.943548119450236e-23,1.0,1.4977587627917899e-06,,extended_r1_greedy_order,,Limited direct protective support; interpret the rank with the reported uncertainty.,0.9980150485046313,0.9999729126501716,0.9999999718573568
1695,Aulosira fertilissima,,Cyanophyceae,Nostocales,Nostocaceae,Cyanophycota,False,False,very_sparse_1_4,Very limited (1-4 protective contexts),4,4,3,0,2,False,3.8607252392230746e-23,1.0,1.788589101048288e-06,,extended_r1_greedy_order,,Very limited direct protective support; confirmatory testing is a high priority.,0.9980168370937323,0.9999729474834528,0.999999971901726
1696,Aphanizomenon flos-aquae,,Cyanophyceae,Nostocales,Nostocaceae,Cyanophycota,False,False,very_sparse_1_4,Very limited (1-4 protective contexts),4,4,7,12,1,False,3.7805675154894455e-23,1.0,1.9058631407498083e-06,,extended_r1_greedy_order,,Very limited direct protective support; confirmatory testing is a high priority.,0.9980187429568731,0.999972984820075,0.9999999719495305
1697,Mugil liza,,Actinopterygii,Mugiliformes,Mugilidae,Chordata,False,False,very_sparse_1_4,Very limited (1-4 protective contexts),3,1,0,0,1,False,3.702250091227091e-23,1.0,1.4518679762876019e-06,,extended_r1_greedy_order,,Very limited direct protective support; confirmatory testing is a high priority.,0.9980201948248494,0.9999730149774106,0.9999999719922034
1698,Chlorogonium elongatum,,Chlorophyceae,Volvocales,Chlamydomonadaceae,Chlorophyta,False,False,very_sparse_1_4,Very limited (1-4 protective contexts),2,2,0,0,1,False,3.6253632052765655e-23,1.0,1.578447792915938e-06,,extended_r1_greedy_order,,Very limited direct protective support; confirmatory testing is a high priority.,0.9980217732726423,0.9999730458310647,0.9999999720307198
1699,Triturus vulgaris,,Amphibia,Caudata,Salamandridae,Chordata,False,False,sparse_5_19,Limited (5-19 protective contexts),7,5,1,0,1,False,3.550448952758986e-23,1.0,1.4411709843287213e-06,,extended_r1_greedy_order,,Limited direct protective support; interpret the rank with the reported uncertainty.,0.9980232144436266,0.9999730751219973,0.9999999720708164
1700,Cobitis taenia,,Actinopterygii,Cypriniformes,Cobitidae,Chordata,False,False,sparse_5_19,Limited (5-19 protective contexts),6,5,1,0,1,False,3.476798954936507e-23,1.0,1.5649160112207738e-06,,extended_r1_greedy_order,,Limited direct protective support; interpret the rank with the reported uncertainty.,0.9980247793596378,0.9999731066261381,0.9999999721135192
1701,Chanos chanos,,Actinopterygii,Gonorhynchiformes,Chanidae,Chordata,False,False,very_sparse_1_4,Very limited (1-4 protective contexts),3,3,0,1,1,False,3.4043783234173894e-23,1.0,1.4782262250934153e-06,,extended_r1_greedy_order,,Very limited direct protective support; confirmatory testing is a high priority.,0.9980262575858629,0.9999731372962436,0.9999999721570604
1702,Limnocalanus macrurus,,Maxillopoda,Calanoida,Centropagidae,Arthropoda,False,False,very_sparse_1_4,Very limited (1-4 protective contexts),1,1,0,0,2,False,3.3330350270457166e-23,1.0,1.7088734258763338e-06,,extended_r1_greedy_order,,Very limited direct protective support; confirmatory testing is a high priority.,0.9980279664592888,0.9999731732472105,0.9999999722084321
1703,Ancylus fluviatilis,,Gastropoda,Basommatophora,Ancylidae,Mollusca,False,False,sparse_5_19,Limited (5-19 protective contexts),5,2,1,0,2,False,3.2642066399883524e-23,1.0,1.4299937807216168e-06,,extended_r1_greedy_order,,Limited direct protective support; interpret the rank with the reported uncertainty.,0.9980293964530695,0.9999732034029815,0.9999999722525332
1704,Chrissia halyi,,Ostracoda,Podocopida,Cyprididae,Arthropoda,False,False,very_sparse_1_4,Very limited (1-4 protective contexts),2,1,0,0,1,False,3.195327739748333e-23,1.0,1.8106414989560449e-06,,extended_r1_greedy_order,,Very limited direct protective support; confirmatory testing is a high priority.,0.9980312070945685,0.9999732414356649,0.9999999723059543
1705,Nephelopsis obscura,,Clitellata,Arhynchobdellida,Erpobdellidae,Annelida,False,False,sparse_5_19,Limited (5-19 protective contexts),14,6,4,1,2,False,3.1293434122163394e-23,1.0,2.0581492156113157e-06,,extended_r1_greedy_order,,Limited direct protective support; interpret the rank with the reported uncertainty.,0.9980332652437841,0.9999732812929396,0.9999999723544664
1706,Euplotes aediculatus,,Ciliatea,Hypotrichida,Euplotidae,Ciliophora,False,False,sparse_5_19,Limited (5-19 protective contexts),5,5,1,0,2,False,3.06413321835566e-23,1.0,2.2922242713940832e-06,,extended_r1_greedy_order,,Limited direct protective support; interpret the rank with the reported uncertainty.,0.9980355574680555,0.9999733308776082,0.9999999724224791
1707,Stuckenia pectinata,,Liliopsida,Najadales,Potamogetonaceae,Magnoliophyta,False,False,sparse_5_19,Limited (5-19 protective contexts),19,12,7,37,2,False,2.9996809595350205e-23,1.0,1.915665721274884e-06,,extended_r1_greedy_order,,Limited direct protective support; interpret the rank with the reported uncertainty.,0.9980374731337768,0.9999733653407352,0.999999972461477
1708,Pseudosphromenus cupanus,,Actinopterygii,Perciformes,Osphronemidae,Chordata,False,False,sparse_5_19,Limited (5-19 protective contexts),10,9,0,0,2,False,2.9377287920816407e-23,1.0,1.2694677167246482e-06,,extended_r1_greedy_order,,Limited direct protective support; interpret the rank with the reported uncertainty.,0.9980387426014935,0.9999733879199344,0.9999999724870623
1709,Chlorella pyrenoidosa,,Chlorophyceae,Chlorococcales,Oocystaceae,Chlorophyta,False,False,sparse_5_19,Limited (5-19 protective contexts),16,16,27,0,3,False,2.877216521815997e-23,1.0,1.6828189478568234e-06,,extended_r1_greedy_order,,Limited direct protective support; interpret the rank with the reported uncertainty.,0.9980404254204414,0.9999734194356056,0.9999999725233465
1710,Tandanus tandanus,,Actinopterygii,Siluriformes,Bagridae,Chordata,False,False,very_sparse_1_4,Very limited (1-4 protective contexts),1,1,1,0,1,False,2.817830443522313e-23,1.0,1.4536648703655786e-06,,extended_r1_greedy_order,,Very limited direct protective support; confirmatory testing is a high priority.,0.9980418790853117,0.9999734485686179,0.9999999725624459
1711,Clarias submarginatus,,Actinopterygii,Siluriformes,Clariidae,Chordata,False,False,very_sparse_1_4,Very limited (1-4 protective contexts),2,1,0,0,1,False,2.759055857386045e-23,1.0,1.9135051145813264e-06,,extended_r1_greedy_order,,Very limited direct protective support; confirmatory testing is a high priority.,0.9980437925904263,0.999973482007057,0.9999999725968013
1712,Limnoperna fortunei,,Bivalvia,Mytiloida,Mytilidae,Mollusca,False,False,very_sparse_1_4,Very limited (1-4 protective contexts),3,3,2,0,1,False,2.7016896711912355e-23,1.0,1.457608076349537e-06,,extended_r1_greedy_order,,Very limited direct protective support; confirmatory testing is a high priority.,0.9980452501985027,0.9999735121652762,0.9999999726392315
1713,Pisidium amnicum,,Bivalvia,Veneroida,Pisidiidae,Mollusca,False,False,very_sparse_1_4,Very limited (1-4 protective contexts),2,1,1,0,1,False,2.6460392641596493e-23,1.0,1.6047130335650195e-06,,extended_r1_greedy_order,,Very limited direct protective support; confirmatory testing is a high priority.,0.9980468549115362,0.999973545148135,0.9999999726859748
1714,Bryconamericus iheringii,,Actinopterygii,Characiformes,nan,Chordata,False,False,very_sparse_1_4,Very limited (1-4 protective contexts),2,1,0,0,1,False,2.591486064104128e-23,1.0,1.4115101940603836e-06,,extended_r1_greedy_order,,Very limited direct protective support; confirmatory testing is a high priority.,0.9980482664217303,0.9999735741005964,0.9999999727263807
1715,Chitala ornata,,Actinopterygii,Osteoglossiformes,Notopteridae,Chordata,False,False,very_sparse_1_4,Very limited (1-4 protective contexts),1,1,1,1,1,False,2.5365163900223572e-23,1.0,1.473543050578563e-06,,extended_r1_greedy_order,,Very limited direct protective support; confirmatory testing is a high priority.,0.9980497399647809,0.9999736044844658,0.9999999727696948
1716,Anodontites trapesialis,,Bivalvia,Unionoida,Mycetopodidae,Mollusca,False,False,very_sparse_1_4,Very limited (1-4 protective contexts),3,3,3,0,1,False,2.4823591611572404e-23,1.0,1.419083947795663e-06,,extended_r1_greedy_order,,Very limited direct protective support; confirmatory testing is a high priority.,0.9980511590487287,0.9999736336985726,0.9999999728103264
1717,Silurus lanzhouensis,,Actinopterygii,Siluriformes,Siluridae,Chordata,False,False,very_sparse_1_4,Very limited (1-4 protective contexts),1,1,0,0,1,False,2.430315777252148e-23,1.0,1.4101333531968407e-06,,extended_r1_greedy_order,,Very limited direct protective support; confirmatory testing is a high priority.,0.9980525691820819,0.9999736624191002,0.9999999728500595
1718,Berula erecta,,Magnoliopsida,Apiales,Apiaceae,Magnoliophyta,False,False,very_sparse_1_4,Very limited (1-4 protective contexts),1,1,0,20,1,False,2.3802327794781008e-23,1.0,1.8069114979812895e-06,,extended_r1_greedy_order,,Very limited direct protective support; confirmatory testing is a high priority.,0.9980543760935798,0.9999736988283864,0.9999999728990747
1719,Alosa pseudoharengus,,Actinopterygii,Clupeiformes,Clupeidae,Chordata,False,False,very_sparse_1_4,Very limited (1-4 protective contexts),1,1,0,7,1,False,2.330963191465407e-23,1.0,1.4617330226229797e-06,,extended_r1_greedy_order,,Very limited direct protective support; confirmatory testing is a high priority.,0.9980558378266025,0.9999737289235795,0.9999999729411291
1720,Pisidium compressum,,Bivalvia,Veneroida,Pisidiidae,Mollusca,False,False,very_sparse_1_4,Very limited (1-4 protective contexts),2,2,0,6,1,False,2.2818372760390783e-23,1.0,1.5691826930064323e-06,,extended_r1_greedy_order,,Very limited direct protective support; confirmatory testing is a high priority.,0.9980574070092955,0.9999737609774336,0.9999999729860993
1721,Clarias lazera,,Actinopterygii,Siluriformes,Clariidae,Chordata,False,False,sparse_5_19,Limited (5-19 protective contexts),11,10,1,0,1,False,2.2337859367278833e-23,1.0,1.6484367822977575e-06,,extended_r1_greedy_order,,Limited direct protective support; interpret the rank with the reported uncertainty.,0.9980590554460778,0.9999737914202863,0.9999999730213055
1722,Ludwigia repens,,Magnoliopsida,Myrtales,Onagraceae,Magnoliophyta,False,False,very_sparse_1_4,Very limited (1-4 protective contexts),2,2,0,11,1,False,2.1870451054350828e-23,1.0,1.7944838304195798e-06,,extended_r1_greedy_order,,Very limited direct protective support; confirmatory testing is a high priority.,0.9980608499299082,0.9999738275879848,0.9999999730700221
1723,Ambassis macleayi,,Actinopterygii,Perciformes,Ambassidae,Chordata,False,False,very_sparse_1_4,Very limited (1-4 protective contexts),2,1,0,0,1,False,2.1421137553569848e-23,1.0,1.4028879575800346e-06,,extended_r1_greedy_order,,Very limited direct protective support; confirmatory testing is a high priority.,0.9980622528178658,0.9999738563958752,0.9999999731104572
1724,Cypricercus sp.,,Ostracoda,Podocopida,Cyprididae,Arthropoda,False,False,very_sparse_1_4,Very limited (1-4 protective contexts),1,1,0,0,1,False,2.097789861932663e-23,1.0,1.7224409452065714e-06,,extended_r1_greedy_order,,Very limited direct protective support; confirmatory testing is a high priority.,0.998063975258811,0.9999738917981739,0.9999999731587775
1725,Dunaliella tertiolecta,,Chlorophyceae,Volvocales,Dunaliellaceae,Chlorophyta,False,False,very_sparse_1_4,Very limited (1-4 protective contexts),2,2,1,0,2,False,2.054343672370816e-23,1.0,1.4496442196643144e-06,,extended_r1_greedy_order,,Very limited direct protective support; confirmatory testing is a high priority.,0.9980654249030306,0.9999739219264318,0.999999973200557
1726,Jenynsia multidentata,,Actinopterygii,Cyprinodontiformes,Anablepidae,Chordata,False,False,sparse_5_19,Limited (5-19 protective contexts),7,3,0,0,1,False,2.0115319064438978e-23,1.0,1.3989269680436678e-06,,extended_r1_greedy_order,,Limited direct protective support; interpret the rank with the reported uncertainty.,0.9980668238299987,0.9999739510956642,0.9999999732417473
1727,Alosa aestivalis,,Actinopterygii,Clupeiformes,Clupeidae,Chordata,False,False,very_sparse_1_4,Very limited (1-4 protective contexts),1,1,0,4,1,False,1.9698887374197045e-23,1.0,1.46015169888436e-06,,extended_r1_greedy_order,,Very limited direct protective support; confirmatory testing is a high priority.,0.9980682839816976,0.9999739808550964,0.9999999732826947
1728,Gobiomorphus cotidianus,,Actinopterygii,Perciformes,Eleotridae,Chordata,False,False,very_sparse_1_4,Very limited (1-4 protective contexts),1,1,0,0,2,False,1.92889235850677e-23,1.0,1.373644008095809e-06,,extended_r1_greedy_order,,Very limited direct protective support; confirmatory testing is a high priority.,0.9980696576257057,0.9999740094672495,0.9999999733233831
1729,Mugil curema,,Actinopterygii,Mugiliformes,Mugilidae,Chordata,False,False,very_sparse_1_4,Very limited (1-4 protective contexts),1,1,0,15,1,False,1.8890815996718387e-23,1.0,1.4171217910252665e-06,,extended_r1_greedy_order,,Very limited direct protective support; confirmatory testing is a high priority.,0.9980710747474967,0.999974038226136,0.9999999733625542
1730,Crassostrea rhizophorae,,Bivalvia,Ostreoida,Ostreidae,Mollusca,False,False,very_sparse_1_4,Very limited (1-4 protective contexts),2,2,0,1,1,False,1.8503683059504005e-23,1.0,1.3700524303938977e-06,,extended_r1_greedy_order,,Very limited direct protective support; confirmatory testing is a high priority.,0.9980724447999271,0.9999740663883891,0.9999999734015929
1731,Anabas testudineus,,Actinopterygii,Perciformes,Anabantidae,Chordata,False,False,moderate_20_49,Moderate (20-49 protective contexts),31,20,9,0,2,False,1.8124725307557037e-23,1.0,1.523993079843855e-06,,extended_r1_greedy_order,,,0.9980739687930069,0.9999740945266611,0.9999999734341827
1732,Tympanotonus fuscatus,,Gastropoda,Neotaenioglossa,Potamididae,Mollusca,False,False,sparse_5_19,Limited (5-19 protective contexts),5,2,0,0,1,False,1.7752935955170059e-23,1.0,1.1459677934366752e-06,,extended_r1_greedy_order,,Limited direct protective support; interpret the rank with the reported uncertainty.,0.9980751147608004,0.9999741169849677,0.999999973462753
1733,Lophiosilurus alexandri,,Actinopterygii,Siluriformes,Pimelodidae,Chordata,False,False,very_sparse_1_4,Very limited (1-4 protective contexts),3,2,0,0,1,False,1.7384408377418108e-23,1.0,1.3346635316935362e-06,,extended_r1_greedy_order,,Very limited direct protective support; confirmatory testing is a high priority.,0.998076449424332,0.9999741445633202,0.9999999735014881
1734,Anabaenopsis raciborskii,,Cyanophyceae,Nostocales,Nostocaceae,Cyanophycota,False,False,very_sparse_1_4,Very limited (1-4 protective contexts),2,2,0,0,2,False,1.702389235931108e-23,1.0,1.6357126229049612e-06,,extended_r1_greedy_order,,Very limited direct protective support; confirmatory testing is a high priority.,0.998078085136955,0.9999741754587135,0.9999999735388374
1735,Mugil cephalus,,Actinopterygii,Mugiliformes,Mugilidae,Chordata,False,False,very_sparse_1_4,Very limited (1-4 protective contexts),4,4,1,16,1,False,1.6672733790034627e-23,1.0,1.385871879144851e-06,,extended_r1_greedy_order,,Very limited direct protective support; confirmatory testing is a high priority.,0.9980794710088341,0.9999742036861236,0.9999999735774573
1736,Wolffia globosa,,Liliopsida,Arales,Lemnaceae,Magnoliophyta,False,False,very_sparse_1_4,Very limited (1-4 protective contexts),1,1,0,1,1,False,1.6331771663309122e-23,1.0,1.811965882447808e-06,,extended_r1_greedy_order,,Very limited direct protective support; confirmatory testing is a high priority.,0.9980812829747165,0.999974237324266,0.9999999736169833
1737,Pseudodiaptomus forbesi,,Maxillopoda,Calanoida,Pseudodiaptomidae,Arthropoda,False,False,very_sparse_1_4,Very limited (1-4 protective contexts),1,1,0,0,1,False,1.598857699183736e-23,1.0,1.600004476354222e-06,,extended_r1_greedy_order,,Very limited direct protective support; confirmatory testing is a high priority.,0.9980828829791929,0.9999742698780545,0.9999999736617533
1738,Channa marulius,,Actinopterygii,Perciformes,Channidae,Chordata,False,False,very_sparse_1_4,Very limited (1-4 protective contexts),3,3,0,1,1,False,1.5661259843334913e-23,1.0,1.5407138118650465e-06,,extended_r1_greedy_order,,Very limited direct protective support; confirmatory testing is a high priority.,0.9980844236930048,0.9999742982473395,0.9999999736950358
1739,Tolypothrix tenuis,,Cyanophyceae,Nostocales,Scytonemataceae,Cyanophycota,False,False,sparse_5_19,Limited (5-19 protective contexts),7,7,1,0,1,False,1.533666142855505e-23,1.0,1.6964255947771179e-06,,extended_r1_greedy_order,,Limited direct protective support; interpret the rank with the reported uncertainty.,0.9980861201185995,0.9999743309942044,0.999999973735477
1740,Brasenia schreberi,,Magnoliopsida,Nymphaeales,Nymphaeaceae,Magnoliophyta,False,False,very_sparse_1_4,Very limited (1-4 protective contexts),1,1,0,37,1,False,1.502267482725407e-23,1.0,1.7580023831120783e-06,,extended_r1_greedy_order,,Very limited direct protective support; confirmatory testing is a high priority.,0.9980878781209827,0.9999743660589903,0.9999999737818949
1741,Pila globosa,,Gastropoda,Architaenioglossa,Ampullariidae,Mollusca,False,False,sparse_5_19,Limited (5-19 protective contexts),11,10,1,0,2,False,1.471009335861734e-23,1.0,1.2285559040092764e-06,,extended_r1_greedy_order,,Limited direct protective support; interpret the rank with the reported uncertainty.,0.9980891066768867,0.9999743867723934,0.9999999738031037
1742,Perccottus glenii,,Actinopterygii,Perciformes,Odontobutidae,Chordata,False,False,very_sparse_1_4,Very limited (1-4 protective contexts),1,1,0,0,1,False,1.4406282065845818e-23,1.0,1.3506338563118447e-06,,extended_r1_greedy_order,,Very limited direct protective support; confirmatory testing is a high priority.,0.998090457310743,0.9999744142055531,0.9999999738406976
1743,Hypomesus transpacificus,,Actinopterygii,Osmeriformes,Osmeridae,Chordata,False,False,very_sparse_1_4,Very limited (1-4 protective contexts),4,2,0,1,1,False,1.4100011289328814e-23,1.0,1.3344922162872308e-06,,extended_r1_greedy_order,,Very limited direct protective support; confirmatory testing is a high priority.,0.9980917918029593,0.9999744415745967,0.9999999738786465
1744,Pisidium casertanum,,Bivalvia,Veneroida,Pisidiidae,Mollusca,False,False,very_sparse_1_4,Very limited (1-4 protective contexts),4,4,0,4,1,False,1.38115404025169e-23,1.0,1.4793183367167728e-06,,extended_r1_greedy_order,,Very limited direct protective support; confirmatory testing is a high priority.,0.998093271121296,0.9999744717079455,0.9999999739205542
1745,Microspora sp.,,Chlorophyceae,Microsporales,Microsporaceae,Chlorophyta,False,False,very_sparse_1_4,Very limited (1-4 protective contexts),3,3,0,0,1,False,1.3529927061020014e-23,1.0,1.382287952989003e-06,,extended_r1_greedy_order,,Very limited direct protective support; confirmatory testing is a high priority.,0.998094653409249,0.9999744989517786,0.9999999739548674
1746,Cyprinotus carolinensis,,Ostracoda,Podocopida,Cyprididae,Arthropoda,False,False,very_sparse_1_4,Very limited (1-4 protective contexts),1,1,0,0,1,False,1.3250371150639873e-23,1.0,1.639499899508401e-06,,extended_r1_greedy_order,,Very limited direct protective support; confirmatory testing is a high priority.,0.9980962929091485,0.9999745325669928,0.999999974000361
1747,Euplotes affinis,,Ciliatea,Hypotrichida,Euplotidae,Ciliophora,False,False,sparse_5_19,Limited (5-19 protective contexts),6,6,0,0,1,False,1.29756884147544e-23,1.0,2.096759031511297e-06,,extended_r1_greedy_order,,Limited direct protective support; interpret the rank with the reported uncertainty.,0.99809838966818,0.9999745774061641,0.9999999740604337
1748,Channa argus,,Actinopterygii,Perciformes,Channidae,Chordata,False,False,very_sparse_1_4,Very limited (1-4 protective contexts),1,1,0,2,1,False,1.2708185086089582e-23,1.0,1.4865640833860994e-06,,extended_r1_greedy_order,,Very limited direct protective support; confirmatory testing is a high priority.,0.9980998762322634,0.9999746048437581,0.9999999740925793
1749,Centropomus parallelus,,Actinopterygii,Perciformes,Centropomidae,Chordata,False,False,very_sparse_1_4,Very limited (1-4 protective contexts),1,1,0,2,1,False,1.2448787063787267e-23,1.0,1.2901449032431955e-06,,extended_r1_greedy_order,,Very limited direct protective support; confirmatory testing is a high priority.,0.9981011663771666,0.9999746312864858,0.9999999741292311
1750,Ambassis sp.,,Actinopterygii,Perciformes,Ambassidae,Chordata,False,False,very_sparse_1_4,Very limited (1-4 protective contexts),2,2,0,0,1,False,1.219454614742098e-23,1.0,1.3189737574359484e-06,,extended_r1_greedy_order,,Very limited direct protective support; confirmatory testing is a high priority.,0.998102485350924,0.9999746580890384,0.9999999741662079
1751,Channa striata,,Actinopterygii,Perciformes,Channidae,Chordata,False,False,sparse_5_19,Limited (5-19 protective contexts),19,14,15,0,2,False,1.1945786615912608e-23,1.0,1.5563525332940031e-06,,extended_r1_greedy_order,,Limited direct protective support; interpret the rank with the reported uncertainty.,0.9981040417034573,0.9999746860682049,0.9999999741973443
1752,Aplodinotus grunniens,,Actinopterygii,Perciformes,Sciaenidae,Chordata,False,False,very_sparse_1_4,Very limited (1-4 protective contexts),2,2,0,22,1,False,1.1699745714660314e-23,1.0,1.2749292662705969e-06,,extended_r1_greedy_order,,Very limited direct protective support; confirmatory testing is a high priority.,0.9981053166327236,0.9999747123518467,0.9999999742339529
1753,Arapaima gigas,,Actinopterygii,Osteoglossiformes,Osteoglossidae,Chordata,False,False,very_sparse_1_4,Very limited (1-4 protective contexts),2,1,1,1,1,False,1.146132726566368e-23,1.0,1.2882440496575498e-06,,extended_r1_greedy_order,,Very limited direct protective support; confirmatory testing is a high priority.,0.9981066048767733,0.9999747387147869,0.9999999742703667
1754,Microspora pachyderma,,Chlorophyceae,Microsporales,Microsporaceae,Chlorophyta,False,False,very_sparse_1_4,Very limited (1-4 protective contexts),4,4,0,0,1,False,1.1226441789549876e-23,1.0,1.357752804853618e-06,,extended_r1_greedy_order,,Very limited direct protective support; confirmatory testing is a high priority.,0.9981079626295781,0.9999747652736137,0.9999999743034546
1755,Microspora stagnorum,,Chlorophyceae,Microsporales,Microsporaceae,Chlorophyta,False,False,very_sparse_1_4,Very limited (1-4 protective contexts),4,4,0,0,1,False,1.0997947866609474e-23,1.0,1.3564156455814214e-06,,extended_r1_greedy_order,,Very limited direct protective support; confirmatory testing is a high priority.,0.9981093190452237,0.9999747917960444,0.9999999743364766
1756,Microspora tumidula,,Chlorophyceae,Microsporales,Microsporaceae,Chlorophyta,False,False,very_sparse_1_4,Very limited (1-4 protective contexts),4,4,0,1,1,False,1.077410470327473e-23,1.0,1.3550800910255845e-06,,extended_r1_greedy_order,,Very limited direct protective support; confirmatory testing is a high priority.,0.9981106741253147,0.9999748182821354,0.9999999743694329
1757,Protoderma frequens,,Chlorophyceae,Chaetophorales,Chaetophoraceae,Chlorophyta,False,False,very_sparse_1_4,Very limited (1-4 protective contexts),3,3,0,0,1,False,1.0553726877676457e-23,1.0,1.3927647803946286e-06,,extended_r1_greedy_order,,Very limited direct protective support; confirmatory testing is a high priority.,0.9981120668900951,0.9999748459457589,0.9999999744053144
1758,Euplotes patella,,Ciliatea,Hypotrichida,Euplotidae,Ciliophora,False,False,sparse_5_19,Limited (5-19 protective contexts),7,7,0,0,1,False,1.0338829758010348e-23,1.0,2.0656154076093003e-06,,extended_r1_greedy_order,,Limited direct protective support; interpret the rank with the reported uncertainty.,0.9981141325055027,0.999974890502972,0.9999999744652673
1759,Heterocypris sp.,,Ostracoda,Podocopida,Cyprididae,Arthropoda,False,False,very_sparse_1_4,Very limited (1-4 protective contexts),1,1,1,0,1,False,1.0127552723104872e-23,1.0,1.6057757071807899e-06,,extended_r1_greedy_order,,Very limited direct protective support; confirmatory testing is a high priority.,0.9981157382812099,0.999974923172764,0.9999999745089492
1760,Pangasius hypophthalmus,,Actinopterygii,Siluriformes,Pangasiidae,Chordata,False,False,sparse_5_19,Limited (5-19 protective contexts),7,3,1,0,2,False,9.919575846028661e-24,1.0,1.3016668405363419e-06,,extended_r1_greedy_order,,Limited direct protective support; interpret the rank with the reported uncertainty.,0.9981170399480505,0.9999749485824163,0.999999974541497
1761,Lates calcarifer,,Actinopterygii,Perciformes,Centropomidae,Chordata,False,False,very_sparse_1_4,Very limited (1-4 protective contexts),3,1,1,0,1,False,9.716860418852874e-24,1.0,1.3067112226705646e-06,,extended_r1_greedy_order,,Very limited direct protective support; confirmatory testing is a high priority.,0.9981183466592731,0.9999749750720127,0.9999999745776152
1762,Cyprois sp.,,Ostracoda,Podocopida,Cyprididae,Arthropoda,False,False,very_sparse_1_4,Very limited (1-4 protective contexts),1,1,0,0,1,False,9.5145617716564e-24,1.0,1.5945424195473734e-06,,extended_r1_greedy_order,,Very limited direct protective support; confirmatory testing is a high priority.,0.9981199412016927,0.9999750074014285,0.9999999746205827
1763,Notophthalmus viridescens,,Amphibia,Caudata,Salamandridae,Chordata,False,False,sparse_5_19,Limited (5-19 protective contexts),9,4,2,34,1,False,9.320538029499451e-24,1.0,1.2689996889969635e-06,,extended_r1_greedy_order,,Limited direct protective support; interpret the rank with the reported uncertainty.,0.9981212102013817,0.9999750327574846,0.99999997465411
1764,Pseudaphritis urvillii,,Actinopterygii,Perciformes,Nototheniidae,Chordata,False,False,very_sparse_1_4,Very limited (1-4 protective contexts),3,3,1,0,1,False,9.130270546123448e-24,1.0,1.3325108970674293e-06,,extended_r1_greedy_order,,Very limited direct protective support; confirmatory testing is a high priority.,0.9981225427122787,0.9999750591825095,0.9999999746893267
1765,Barbatula barbatula,,Actinopterygii,Cypriniformes,Balitoridae,Chordata,False,False,very_sparse_1_4,Very limited (1-4 protective contexts),2,2,1,0,2,False,8.944275216459708e-24,1.0,1.3367534233976741e-06,,extended_r1_greedy_order,,Very limited direct protective support; confirmatory testing is a high priority.,0.9981238794657021,0.9999750861932407,0.9999999747260658
1766,Cynoscion nebulosus,,Actinopterygii,Perciformes,Sciaenidae,Chordata,False,False,very_sparse_1_4,Very limited (1-4 protective contexts),1,1,0,10,1,False,8.761728005206122e-24,1.0,1.3072458006080367e-06,,extended_r1_greedy_order,,Very limited direct protective support; confirmatory testing is a high priority.,0.9981251867115027,0.9999751126481361,0.999999974761938
1767,Dorosoma cepedianum,,Actinopterygii,Clupeiformes,Clupeidae,Chordata,False,False,very_sparse_1_4,Very limited (1-4 protective contexts),2,2,0,15,1,False,8.582770458511108e-24,1.0,1.3169872338236743e-06,,extended_r1_greedy_order,,Very limited direct protective support; confirmatory testing is a high priority.,0.9981265036987366,0.9999751392941777,0.9999999747980727
1768,Oocystis borgei,,Chlorophyceae,Chlorococcales,Oocystaceae,Chlorophyta,False,False,very_sparse_1_4,Very limited (1-4 protective contexts),4,4,0,0,1,False,8.405924408614815e-24,1.0,1.3738934359075472e-06,,extended_r1_greedy_order,,Very limited direct protective support; confirmatory testing is a high priority.,0.9981278775921725,0.9999751653741824,0.9999999748289797
1769,Oocystis parva,,Chlorophyceae,Chlorococcales,Oocystaceae,Chlorophyta,False,False,very_sparse_1_4,Very limited (1-4 protective contexts),4,4,0,0,1,False,8.235109521024576e-24,1.0,1.3725102832040648e-06,,extended_r1_greedy_order,,Very limited direct protective support; confirmatory testing is a high priority.,0.9981292501024557,0.9999751914184549,0.9999999748598277
1770,Oocystis pusilla,,Chlorophyceae,Chlorococcales,Oocystaceae,Chlorophyta,False,False,very_sparse_1_4,Very limited (1-4 protective contexts),4,4,0,0,2,False,8.06776599814241e-24,1.0,1.3711288230355834e-06,,extended_r1_greedy_order,,Very limited direct protective support; confirmatory testing is a high priority.,0.9981306212312787,0.9999752174270506,0.9999999748906171
1771,Oocystis solitaria,,Chlorophyceae,Chlorococcales,Oocystaceae,Chlorophyta,False,False,very_sparse_1_4,Very limited (1-4 protective contexts),4,4,0,0,1,False,7.903823287715654e-24,1.0,1.3697490529596124e-06,,extended_r1_greedy_order,,Very limited direct protective support; confirmatory testing is a high priority.,0.9981319909803317,0.9999752434000243,0.9999999749213476
1772,Pandorina sp.,,Chlorophyceae,Volvocales,Volvocaceae,Chlorophyta,False,False,very_sparse_1_4,Very limited (1-4 protective contexts),1,1,0,0,1,False,7.74187778414596e-24,1.0,1.319068223870623e-06,,extended_r1_greedy_order,,Very limited direct protective support; confirmatory testing is a high priority.,0.9981333100485555,0.9999752697264457,0.9999999749561007
1773,Volvox sp.,,Chlorophyceae,Volvocales,Volvocaceae,Chlorophyta,False,False,very_sparse_1_4,Very limited (1-4 protective contexts),1,1,0,0,1,False,7.58459209473773e-24,1.0,1.3177871286407239e-06,,extended_r1_greedy_order,,Very limited direct protective support; confirmatory testing is a high priority.,0.9981346278356842,0.999975296016298,0.9999999749907799
1774,Pollimyrus isidori,,Actinopterygii,Osteoglossiformes,Mormyridae,Chordata,False,False,very_sparse_1_4,Very limited (1-4 protective contexts),1,1,0,0,1,False,7.429950254937269e-24,1.0,1.2454100359882148e-06,,extended_r1_greedy_order,,Very limited direct protective support; confirmatory testing is a high priority.,0.9981358732457202,0.9999753212226894,0.9999999750249883
1775,Plumatella emarginata,,Phylactolaemata,Plumatellida,Plumatellidae,Bryozoa,False,False,sparse_5_19,Limited (5-19 protective contexts),5,5,0,0,1,False,7.275370742592667e-24,1.0,2.0874369067724885e-06,,extended_r1_greedy_order,,Limited direct protective support; interpret the rank with the reported uncertainty.,0.998137960682627,0.9999753610677921,0.9999999750743043
1776,Lepisosteus osseus,,Actinopterygii,Semionotiformes,Lepisosteidae,Chordata,False,False,very_sparse_1_4,Very limited (1-4 protective contexts),1,1,0,31,1,False,7.124075540833589e-24,1.0,1.25065513922884e-06,,extended_r1_greedy_order,,Very limited direct protective support; confirmatory testing is a high priority.,0.9981392113377662,0.999975386370278,0.9999999751085944
1777,Macquaria ambigua,,Actinopterygii,Perciformes,Percichthyidae,Chordata,False,False,very_sparse_1_4,Very limited (1-4 protective contexts),2,2,0,0,1,False,6.978945510580459e-24,1.0,1.2354355816146523e-06,,extended_r1_greedy_order,,Very limited direct protective support; confirmatory testing is a high priority.,0.9981404467733478,0.999975411590347,0.9999999751431644
1778,Sciaenops ocellatus,,Actinopterygii,Perciformes,Sciaenidae,Chordata,False,False,very_sparse_1_4,Very limited (1-4 protective contexts),1,1,0,9,1,False,6.836651871086517e-24,1.0,1.2603787628018281e-06,,extended_r1_greedy_order,,Very limited direct protective support; confirmatory testing is a high priority.,0.9981417071521106,0.9999754370897155,0.9999999751776772
1779,Gobio gobio,,Actinopterygii,Perciformes,Gobiidae,Chordata,False,False,very_sparse_1_4,Very limited (1-4 protective contexts),4,4,1,0,2,False,6.69641951579879e-24,1.0,1.274403060746998e-06,,extended_r1_greedy_order,,Very limited direct protective support; confirmatory testing is a high priority.,0.9981429815551713,0.9999754623907259,0.99999997521108
1780,Heterobranchus longifilis,,Actinopterygii,Siluriformes,Clariidae,Chordata,False,False,very_sparse_1_4,Very limited (1-4 protective contexts),4,2,0,0,1,False,6.5603872258848165e-24,1.0,1.385814979104616e-06,,extended_r1_greedy_order,,Very limited direct protective support; confirmatory testing is a high priority.,0.9981443673701504,0.9999754892734316,0.9999999752451363
1781,Micropogonias undulatus,,Actinopterygii,Perciformes,Sciaenidae,Chordata,False,False,very_sparse_1_4,Very limited (1-4 protective contexts),2,2,0,12,1,False,6.42622429728221e-24,1.0,1.298771343472005e-06,,extended_r1_greedy_order,,Very limited direct protective support; confirmatory testing is a high priority.,0.9981456661414939,0.9999755152563596,0.9999999752797782
1782,Gloeococcus sp.,,Chlorophyceae,Tetrasporales,Gloeocystaceae,Chlorophyta,False,False,very_sparse_1_4,Very limited (1-4 protective contexts),3,3,0,0,1,False,6.294563249887393e-24,1.0,1.2915553327941254e-06,,extended_r1_greedy_order,,Very limited direct protective support; confirmatory testing is a high priority.,0.9981469576968267,0.9999755403326513,0.9999999753107867
1783,Retropinna retropinna,,Actinopterygii,Osmeriformes,Retropinnidae,Chordata,False,False,very_sparse_1_4,Very limited (1-4 protective contexts),1,1,0,0,1,False,6.164965914756742e-24,1.0,1.2373653620612046e-06,,extended_r1_greedy_order,,Very limited direct protective support; confirmatory testing is a high priority.,0.9981481950621888,0.9999755654542626,0.9999999753449578
1784,Hydrilla verticillata,,Liliopsida,Hydrocharitales,Hydrocharitaceae,Magnoliophyta,False,False,sparse_5_19,Limited (5-19 protective contexts),16,13,11,0,4,False,6.039357790474577e-24,1.0,1.786026675443253e-06,,extended_r1_greedy_order,,Limited direct protective support; interpret the rank with the reported uncertainty.,0.9981499810888642,0.9999755981567019,0.9999999753818223
1785,Peprilus triacanthus,,Actinopterygii,Perciformes,Stromateidae,Chordata,False,False,very_sparse_1_4,Very limited (1-4 protective contexts),1,1,0,11,1,False,5.9162219637822516e-24,1.0,1.2255332826338616e-06,,extended_r1_greedy_order,,Very limited direct protective support; confirmatory testing is a high priority.,0.9981512066221468,0.9999756228183679,0.9999999754149412
1786,Euplotes sp.,,Ciliatea,Hypotrichida,Euplotidae,Ciliophora,False,False,very_sparse_1_4,Very limited (1-4 protective contexts),4,4,4,0,1,False,5.794959837742231e-24,1.0,1.970846662313619e-06,,extended_r1_greedy_order,,Very limited direct protective support; confirmatory testing is a high priority.,0.9981531774688092,0.9999756640319758,0.9999999754681089
1787,Plecoglossus altivelis,,Actinopterygii,Salmoniformes,Plecoglossidae,Chordata,False,False,sparse_5_19,Limited (5-19 protective contexts),11,11,0,0,1,False,5.677512400013842e-24,1.0,9.815773348575974e-07,,extended_r1_greedy_order,,Limited direct protective support; interpret the rank with the reported uncertainty.,0.998154159046144,0.9999756815353018,0.9999999754873174
1788,Oedogonium sp.,,Chlorophyceae,Oedogoniales,Oedogoniaceae,Chlorophyta,False,False,sparse_5_19,Limited (5-19 protective contexts),5,5,6,0,1,False,5.562025363846685e-24,1.0,1.2769695594272434e-06,,extended_r1_greedy_order,,Limited direct protective support; interpret the rank with the reported uncertainty.,0.9981554360157034,0.9999757080055669,0.9999999755228434
1789,Amia calva,,Actinopterygii,Amiiformes,Amiidae,Chordata,False,False,very_sparse_1_4,Very limited (1-4 protective contexts),2,2,0,12,1,False,5.448920194389854e-24,1.0,1.2121373421658532e-06,,extended_r1_greedy_order,,Very limited direct protective support; confirmatory testing is a high priority.,0.9981566481530456,0.9999757326142906,0.9999999755562784
1790,Osmerus mordax,,Actinopterygii,Osmeriformes,Osmeridae,Chordata,False,False,very_sparse_1_4,Very limited (1-4 protective contexts),1,1,0,0,2,False,5.337159399582365e-24,1.0,1.2177589189255045e-06,,extended_r1_greedy_order,,Very limited direct protective support; confirmatory testing is a high priority.,0.9981578659119645,0.9999757571196248,0.999999975589126
1791,Petromyzon marinus,,Cephalaspidomorphi,Petromyzontiformes,Petromyzontidae,Chordata,False,False,sparse_5_19,Limited (5-19 protective contexts),10,6,1,10,3,False,5.228346737377616e-24,1.0,1.994673617611298e-06,,extended_r1_greedy_order,,Limited direct protective support; interpret the rank with the reported uncertainty.,0.9981598605855821,0.9999757989667339,0.999999975646763
1792,Rhinogobius giurinus,,Actinopterygii,Perciformes,Gobiidae,Chordata,False,False,very_sparse_1_4,Very limited (1-4 protective contexts),1,1,0,0,1,False,5.122278195536831e-24,1.0,1.2073482099639321e-06,,extended_r1_greedy_order,,Very limited direct protective support; confirmatory testing is a high priority.,0.9981610679337921,0.9999758232691016,0.9999999756793714
1793,Gloeococcus maximus,,Chlorophyceae,Tetrasporales,Gloeocystaceae,Chlorophyta,False,False,very_sparse_1_4,Very limited (1-4 protective contexts),4,4,0,0,1,False,5.018453528034176e-24,1.0,1.2664807153006663e-06,,extended_r1_greedy_order,,Very limited direct protective support; confirmatory testing is a high priority.,0.9981623344145074,0.9999758477463522,0.9999999757094071
1794,Gloeococcus mucosus,,Chlorophyceae,Tetrasporales,Gloeocystaceae,Chlorophyta,False,False,very_sparse_1_4,Very limited (1-4 protective contexts),4,4,0,0,1,False,4.916833838210784e-24,1.0,1.2652785190692128e-06,,extended_r1_greedy_order,,Very limited direct protective support; confirmatory testing is a high priority.,0.9981635996930265,0.9999758721910708,0.9999999757393851
1795,Gongrosira sp.,,Chlorophyceae,Ctenocladales,Ctenocladaceae,Chlorophyta,False,False,very_sparse_1_4,Very limited (1-4 protective contexts),3,3,0,0,1,False,4.816617347708049e-24,1.0,1.2630694496973405e-06,,extended_r1_greedy_order,,Very limited direct protective support; confirmatory testing is a high priority.,0.9981648627624762,0.9999758971050611,0.999999975771271
1796,Boeckella triarticulata,,Maxillopoda,Calanoida,Centropagidae,Arthropoda,False,False,very_sparse_1_4,Very limited (1-4 protective contexts),1,1,0,0,1,False,4.7173063677930136e-24,1.0,1.4145932623055302e-06,,extended_r1_greedy_order,,Very limited direct protective support; confirmatory testing is a high priority.,0.9981662773557385,0.9999759259151005,0.9999999758102198
1797,Chlamydotheca arcuata,,Ostracoda,Podocopida,Cyprididae,Arthropoda,False,False,very_sparse_1_4,Very limited (1-4 protective contexts),4,2,0,3,2,False,4.62019858528328e-24,1.0,1.4568984790797046e-06,,extended_r1_greedy_order,,Very limited direct protective support; confirmatory testing is a high priority.,0.9981677342542176,0.9999759549970477,0.9999999758479593
1798,Protoderma viride,,Chlorophyceae,Chaetophorales,Chaetophoraceae,Chlorophyta,False,False,very_sparse_1_4,Very limited (1-4 protective contexts),4,4,0,0,1,False,4.5242192712496736e-24,1.0,1.2874890400471628e-06,,extended_r1_greedy_order,,Very limited direct protective support; confirmatory testing is a high priority.,0.9981690217432576,0.9999759801329531,0.9999999758795584
1799,Apareiodon affinis,,Actinopterygii,Characiformes,Hemiodontidae,Chordata,False,False,very_sparse_1_4,Very limited (1-4 protective contexts),2,1,0,0,1,False,4.432132556536857e-24,1.0,1.1802162984686504e-06,,extended_r1_greedy_order,,Very limited direct protective support; confirmatory testing is a high priority.,0.9981702019595561,0.9999760039359824,0.9999999759115341
1800,Pleurococcus rufescens,,Chlorophyceae,Ctenocladales,nan,Chlorophyta,False,False,very_sparse_1_4,Very limited (1-4 protective contexts),4,4,0,0,1,False,4.342204154514354e-24,1.0,1.2457945608446153e-06,,extended_r1_greedy_order,,Very limited direct protective support; confirmatory testing is a high priority.,0.9981714477541169,0.9999760283007638,0.9999999759422081
1801,Pleurococcus vulgaris,,Chlorophyceae,Ctenocladales,nan,Chlorophyta,False,False,very_sparse_1_4,Very limited (1-4 protective contexts),4,4,0,0,1,False,4.254422095973292e-24,1.0,1.2446245206687578e-06,,extended_r1_greedy_order,,Very limited direct protective support; confirmatory testing is a high priority.,0.9981726923786376,0.9999760526330406,0.9999999759728211
1802,Sporotetras pyriformis,,Chlorophyceae,Chlorococcales,nan,Chlorophyta,False,False,very_sparse_1_4,Very limited (1-4 protective contexts),3,3,0,0,1,False,4.168414667207275e-24,1.0,1.2434558166463106e-06,,extended_r1_greedy_order,,Very limited direct protective support; confirmatory testing is a high priority.,0.9981739358344542,0.999976076932861,0.9999999760033734
1803,Ipomoea aquatica,,Magnoliopsida,Solanales,Convolvulaceae,Magnoliophyta,False,False,sparse_5_19,Limited (5-19 protective contexts),5,4,0,3,1,False,4.083724415392616e-24,1.0,1.6423730965220429e-06,,extended_r1_greedy_order,,Limited direct protective support; interpret the rank with the reported uncertainty.,0.9981755782075508,0.999976108733737,0.999999976043372
1804,Calanus finmarchicus,,Maxillopoda,Calanoida,Calanidae,Arthropoda,False,False,very_sparse_1_4,Very limited (1-4 protective contexts),1,1,0,0,1,False,3.999811282669152e-24,1.0,1.3836396042243848e-06,,extended_r1_greedy_order,,Very limited direct protective support; confirmatory testing is a high priority.,0.998176961847155,0.9999761364379178,0.9999999760800155
1805,Plecostomus commersoni,,Actinopterygii,Siluriformes,Pimelodidae,Chordata,False,False,very_sparse_1_4,Very limited (1-4 protective contexts),3,1,1,0,1,False,3.917914955635053e-24,1.0,1.1933932776431178e-06,,extended_r1_greedy_order,,Very limited direct protective support; confirmatory testing is a high priority.,0.9981781552404326,0.9999761601140349,0.9999999761111741
1806,Cephalodella paggiae,,Monogononta,Ploima,Notommatidae,Rotifera,False,False,very_sparse_1_4,Very limited (1-4 protective contexts),1,1,0,0,1,False,3.8384144074510646e-24,1.0,1.6361341345083602e-06,,extended_r1_greedy_order,,Very limited direct protective support; confirmatory testing is a high priority.,0.9981797913745671,0.999976191423551,0.9999999761499937
1807,Polycelis sp.,,Turbellaria,Tricladida,Planariidae,Platyhelminthes,False,False,very_sparse_1_4,Very limited (1-4 protective contexts),4,3,1,0,1,False,3.760467716666562e-24,1.0,1.9025029891484024e-06,,extended_r1_greedy_order,,Very limited direct protective support; confirmatory testing is a high priority.,0.9981816938775563,0.9999762245857039,0.9999999761842646
1808,Ankistrodesmus sp.,,Chlorophyceae,Chlorococcales,Oocystaceae,Chlorophyta,False,False,very_sparse_1_4,Very limited (1-4 protective contexts),1,1,1,0,2,False,3.684208374066939e-24,1.0,1.317394420774498e-06,,extended_r1_greedy_order,,Very limited direct protective support; confirmatory testing is a high priority.,0.9981830112719771,0.999976249436493,0.9999999762137602
1809,Oryza sativa,,Magnoliopsida,Poales,Poaceae,Magnoliophyta,False,False,sparse_5_19,Limited (5-19 protective contexts),9,8,1,4,2,False,3.6077479654091615e-24,1.0,1.6317252065078947e-06,,extended_r1_greedy_order,,Limited direct protective support; interpret the rank with the reported uncertainty.,0.9981846429971836,0.9999762809004756,0.9999999762530447
1810,Cypridopsis sp.,,Ostracoda,Podocopa,Cypridopsidae,Arthropoda,False,False,sparse_5_19,Limited (5-19 protective contexts),5,4,0,0,1,False,3.533494156291431e-24,1.0,1.4864978722384237e-06,,extended_r1_greedy_order,,Limited direct protective support; interpret the rank with the reported uncertainty.,0.9981861294950558,0.9999763103819611,0.999999976290956
1811,Ranunculus penicillatus,,Magnoliopsida,Ranunculales,Ranunculaceae,Magnoliophyta,False,False,very_sparse_1_4,Very limited (1-4 protective contexts),1,1,1,0,1,False,3.4617496532966715e-24,1.0,1.4324487602745961e-06,,extended_r1_greedy_order,,Very limited direct protective support; confirmatory testing is a high priority.,0.9981875619438161,0.9999763385422473,0.9999999763273433
1812,Calamoecia lucasi,,Maxillopoda,Calanoida,Centropagidae,Arthropoda,False,False,very_sparse_1_4,Very limited (1-4 protective contexts),1,1,0,0,2,False,3.391613057012909e-24,1.0,1.3581817761565418e-06,,extended_r1_greedy_order,,Very limited direct protective support; confirmatory testing is a high priority.,0.9981889201255922,0.9999763661717128,0.9999999763646462
1813,Boeckella delicata,,Maxillopoda,Calanoida,Centropagidae,Arthropoda,False,False,very_sparse_1_4,Very limited (1-4 protective contexts),1,1,0,0,2,False,3.322823169833495e-24,1.0,1.3559453612144168e-06,,extended_r1_greedy_order,,Very limited direct protective support; confirmatory testing is a high priority.,0.9981902760709535,0.9999763936397592,0.9999999764014602
1814,Gongrosira viridis,,Chlorophyceae,Ctenocladales,Ctenocladaceae,Chlorophyta,False,False,very_sparse_1_4,Very limited (1-4 protective contexts),4,4,0,0,1,False,3.255697956480555e-24,1.0,1.2101785853424474e-06,,extended_r1_greedy_order,,Very limited direct protective support; confirmatory testing is a high priority.,0.9981914862495388,0.9999764172863321,0.9999999764311911
1815,Bacopa caroliniana,,Magnoliopsida,Lamiales,Scrophulariaceae,Magnoliophyta,False,False,very_sparse_1_4,Very limited (1-4 protective contexts),1,1,0,8,1,False,3.1899012866518727e-24,1.0,1.4379956044807685e-06,,extended_r1_greedy_order,,Very limited direct protective support; confirmatory testing is a high priority.,0.9981929242451433,0.9999764452001821,0.9999999764667976
1816,Anabas scandens,,Actinopterygii,Perciformes,Anabantidae,Chordata,False,False,sparse_5_19,Limited (5-19 protective contexts),7,7,1,0,1,False,3.1245818973631287e-24,1.0,1.2379260959649585e-06,,extended_r1_greedy_order,,Limited direct protective support; interpret the rank with the reported uncertainty.,0.9981941621712392,0.9999764682866961,0.9999999764940602
1817,Balanus amphitrite,,Maxillopoda,Sessilia,Balanidae,Arthropoda,False,False,very_sparse_1_4,Very limited (1-4 protective contexts),1,1,0,9,1,False,3.0612241899905067e-24,1.0,1.346781711153433e-06,,extended_r1_greedy_order,,Very limited direct protective support; confirmatory testing is a high priority.,0.9981955089529504,0.9999764951049849,0.9999999765292339
1818,Platichthys flesus,,Actinopterygii,Pleuronectiformes,Pleuronectidae,Chordata,False,False,very_sparse_1_4,Very limited (1-4 protective contexts),2,1,1,0,1,False,2.998919957434609e-24,1.0,1.187437114746892e-06,,extended_r1_greedy_order,,Very limited direct protective support; confirmatory testing is a high priority.,0.9981966963900651,0.9999765187305423,0.9999999765603721
1819,Limnodrilus hoffmeisteri,,Oligochaeta,Haplotaxida,Naididae,Annelida,False,False,moderate_20_49,Moderate (20-49 protective contexts),28,21,0,12,1,False,2.938229292846926e-24,1.0,1.9356261622416326e-06,,extended_r1_greedy_order,,,0.9981986320162274,0.9999765496611929,0.9999999765871279
1820,Echinoparyphium recurvatum,,Trematoda,Echinostomida,Echinostomatidae,Platyhelminthes,False,False,very_sparse_1_4,Very limited (1-4 protective contexts),4,3,2,0,1,False,2.8785734244665337e-24,1.0,1.8041479554753437e-06,,extended_r1_greedy_order,,Very limited direct protective support; confirmatory testing is a high priority.,0.9982004361641829,0.999976584985478,0.9999999766329084
1821,Microthamnion kuetzingianum,,Chlorophyceae,Chaetophorales,Chaetophoraceae,Chlorophyta,False,False,very_sparse_1_4,Very limited (1-4 protective contexts),4,4,1,3,1,False,2.819837708974434e-24,1.0,1.22925018941622e-06,,extended_r1_greedy_order,,Very limited direct protective support; confirmatory testing is a high priority.,0.9982016654143723,0.9999766087078206,0.9999999766621073
1822,Microthamnion strictissimum,,Chlorophyceae,Chaetophorales,Chaetophoraceae,Chlorophyta,False,False,very_sparse_1_4,Very limited (1-4 protective contexts),4,4,0,0,1,False,2.763031811337559e-24,1.0,1.2280908577855243e-06,,extended_r1_greedy_order,,Very limited direct protective support; confirmatory testing is a high priority.,0.9982028935052301,0.9999766323984839,0.999999976691249
1823,Mastacembelus pancalus,,Actinopterygii,Synbranchiformes,Mastacembelidae,Chordata,False,False,very_sparse_1_4,Very limited (1-4 protective contexts),3,1,0,0,1,False,2.7070037496740196e-24,1.0,1.164187445557019e-06,,extended_r1_greedy_order,,Very limited direct protective support; confirmatory testing is a high priority.,0.9982040576926756,0.9999766554869338,0.9999999767213725
1824,Atractosteus tropicus,,Actinopterygii,Semionotiformes,Lepisosteidae,Chordata,False,False,very_sparse_1_4,Very limited (1-4 protective contexts),1,1,0,0,1,False,2.652184490686642e-24,1.0,1.1748904018560324e-06,,extended_r1_greedy_order,,Very limited direct protective support; confirmatory testing is a high priority.,0.9982052325830775,0.9999766788518224,0.9999999767520603
1825,Schilbe mystus,,Actinopterygii,Siluriformes,Schilbeidae,Chordata,False,False,very_sparse_1_4,Very limited (1-4 protective contexts),1,1,0,0,1,False,2.5981036721751992e-24,1.0,1.1757074822593694e-06,,extended_r1_greedy_order,,Very limited direct protective support; confirmatory testing is a high priority.,0.9982064082905597,0.9999767021735269,0.9999999767825754
1826,Pelteobagrus fulvidraco,,Actinopterygii,Siluriformes,Bagridae,Chordata,False,False,sparse_5_19,Limited (5-19 protective contexts),13,5,3,0,2,False,2.5445817832050222e-24,1.0,1.240599013518917e-06,,extended_r1_greedy_order,,Limited direct protective support; interpret the rank with the reported uncertainty.,0.9982076488895733,0.9999767250753013,0.9999999768093659
1827,Stigeoclonium sp.,,Chlorophyceae,Chaetophorales,Chaetophoraceae,Chlorophyta,False,False,very_sparse_1_4,Very limited (1-4 protective contexts),1,1,0,0,1,False,2.49334728220841e-24,1.0,1.2721049899022674e-06,,extended_r1_greedy_order,,Very limited direct protective support; confirmatory testing is a high priority.,0.9982089209945632,0.9999767495422885,0.999999976839399
1828,Trochiscia granulata,,Chlorophyceae,Chlorococcales,Oocystaceae,Chlorophyta,False,False,very_sparse_1_4,Very limited (1-4 protective contexts),4,4,0,0,1,False,2.443030554280701e-24,1.0,1.2220386711447873e-06,,extended_r1_greedy_order,,Very limited direct protective support; confirmatory testing is a high priority.,0.9982101430332343,0.9999767727105189,0.9999999768669944
1829,Chlamydocapsa ampla,,Chlorophyceae,Tetrasporales,Gloeocystaceae,Chlorophyta,False,False,very_sparse_1_4,Very limited (1-4 protective contexts),4,4,0,0,1,False,2.393819548232657e-24,1.0,1.1761184288694437e-06,,extended_r1_greedy_order,,Very limited direct protective support; confirmatory testing is a high priority.,0.9982113191516632,0.9999767953866301,0.9999999768947796
1830,Chlamydocapsa planctonica,,Chlorophyceae,Tetrasporales,Gloeocystaceae,Chlorophyta,False,False,very_sparse_1_4,Very limited (1-4 protective contexts),4,4,0,0,1,False,2.3456478891286186e-24,1.0,1.1750489408157705e-06,,extended_r1_greedy_order,,Very limited direct protective support; confirmatory testing is a high priority.,0.998212494200604,0.9999768180334809,0.9999999769225121
1831,Chlorococcum hypnosporum,,Chlorophyceae,Chlorococcales,Chlorococcaceae,Chlorophyta,False,False,very_sparse_1_4,Very limited (1-4 protective contexts),1,1,0,0,1,False,2.2976653480042663e-24,1.0,1.2249710731326857e-06,,extended_r1_greedy_order,,Very limited direct protective support; confirmatory testing is a high priority.,0.9982137191716771,0.9999768410110296,0.9999999769496426
1832,Utricularia sp.,,Magnoliopsida,Scrophulariales,Lentibulariaceae,Magnoliophyta,False,False,very_sparse_1_4,Very limited (1-4 protective contexts),1,1,0,0,1,False,2.2511158043817395e-24,1.0,1.3869575297142944e-06,,extended_r1_greedy_order,,Very limited direct protective support; confirmatory testing is a high priority.,0.9982151061292068,0.9999768678367649,0.999999976983551
1833,Cyclocypris sp.,,Ostracoda,Podocopida,Cyprididae,Arthropoda,False,False,very_sparse_1_4,Very limited (1-4 protective contexts),2,2,0,0,1,False,2.20567647326823e-24,1.0,1.4086490786047179e-06,,extended_r1_greedy_order,,Very limited direct protective support; confirmatory testing is a high priority.,0.9982165147782854,0.999976895457264,0.9999999770183821
1834,Chlorococcum vacuolatum,,Chlorophyceae,Chlorococcales,Chlorococcaceae,Chlorophyta,False,False,very_sparse_1_4,Very limited (1-4 protective contexts),1,1,0,0,1,False,2.1600693938253235e-24,1.0,1.1623945639360755e-06,,extended_r1_greedy_order,,Very limited direct protective support; confirmatory testing is a high priority.,0.9982176771728494,0.9999769172948316,0.9999999770440747
1835,Chlorococcum macrostigmatum,,Chlorophyceae,Chlorococcales,Chlorococcaceae,Chlorophyta,False,False,very_sparse_1_4,Very limited (1-4 protective contexts),1,1,0,0,1,False,2.1166509644408255e-24,1.0,1.1613454867775985e-06,,extended_r1_greedy_order,,Very limited direct protective support; confirmatory testing is a high priority.,0.9982188385183361,0.999976939105061,0.9999999770697222
1836,Pseudococcomyxa simplex,,Chlorophyceae,Chlorococcales,Oocystaceae,Chlorophyta,False,False,very_sparse_1_4,Very limited (1-4 protective contexts),4,4,0,0,1,False,2.073704227273172e-24,1.0,1.2031715733717974e-06,,extended_r1_greedy_order,,Very limited direct protective support; confirmatory testing is a high priority.,0.9982200416899095,0.9999769618079776,0.9999999770965806
1837,Tubifex sp.,,Oligochaeta,Haplotaxida,Naididae,Annelida,False,False,sparse_5_19,Limited (5-19 protective contexts),10,6,1,0,1,False,2.0315816873016395e-24,1.0,1.8078711685465265e-06,,extended_r1_greedy_order,,Limited direct protective support; interpret the rank with the reported uncertainty.,0.9982218495610781,0.9999769924468818,0.9999999771270563
1838,Planaria sp.,,Turbellaria,Tricladida,Planariidae,Platyhelminthes,False,False,very_sparse_1_4,Very limited (1-4 protective contexts),1,1,0,0,1,False,1.9906088568662084e-24,1.0,1.8010118355560323e-06,,extended_r1_greedy_order,,Very limited direct protective support; confirmatory testing is a high priority.,0.9982236505729136,0.9999770248148784,0.9999999771632345
1839,Lota lota,,Actinopterygii,Gadiformes,Gadidae,Chordata,False,False,sparse_5_19,Limited (5-19 protective contexts),7,7,0,10,1,False,1.95050162008986e-24,1.0,1.2201313872584052e-06,,extended_r1_greedy_order,,Limited direct protective support; interpret the rank with the reported uncertainty.,0.9982248707043009,0.999977048483184,0.9999999771932456
1840,Crenobia alpina,,Turbellaria,Tricladida,Planariidae,Platyhelminthes,False,False,very_sparse_1_4,Very limited (1-4 protective contexts),2,1,0,0,1,False,1.9102579117306317e-24,1.0,1.8010471471985312e-06,,extended_r1_greedy_order,,Very limited direct protective support; confirmatory testing is a high priority.,0.9982266717514481,0.9999770808565106,0.9999999772293565
1841,Lampetra tridentata,,Cephalaspidomorphi,Petromyzontiformes,Petromyzontidae,Chordata,False,False,sparse_5_19,Limited (5-19 protective contexts),11,6,0,4,1,False,1.871725490603072e-24,1.0,1.8189770288890017e-06,,extended_r1_greedy_order,,Limited direct protective support; interpret the rank with the reported uncertainty.,0.998228490728477,0.9999771152965498,0.9999999772697815
1842,Planaria gonocephala,,Turbellaria,Tricladida,Planariidae,Platyhelminthes,False,False,very_sparse_1_4,Very limited (1-4 protective contexts),1,1,0,0,1,False,1.8333424066257263e-24,1.0,1.7660583020440157e-06,,extended_r1_greedy_order,,Very limited direct protective support; confirmatory testing is a high priority.,0.998230256786779,0.9999771470693765,0.999999977305293
1843,Ankistrodesmus braunii,,Chlorophyceae,Chlorococcales,Oocystaceae,Chlorophyta,False,False,very_sparse_1_4,Very limited (1-4 protective contexts),1,1,0,0,1,False,1.796421107691687e-24,1.0,1.2670218826338342e-06,,extended_r1_greedy_order,,Very limited direct protective support; confirmatory testing is a high priority.,0.9982315238086616,0.9999771705322278,0.9999999773322676
1844,Ophiocephalus punctatus,,Actinopterygii,Perciformes,Channidae,Chordata,False,False,sparse_5_19,Limited (5-19 protective contexts),6,6,0,0,1,False,1.7601728544456606e-24,1.0,1.1879570653849925e-06,,extended_r1_greedy_order,,Limited direct protective support; interpret the rank with the reported uncertainty.,0.998232711765727,0.9999771926821716,0.9999999773587948
1845,Bithynia tentaculata,,Gastropoda,Neotaenioglossa,Bithyniidae,Mollusca,False,False,sparse_5_19,Limited (5-19 protective contexts),9,2,0,1,1,False,1.7246470248206157e-24,1.0,1.2534736729685747e-06,,extended_r1_greedy_order,,Limited direct protective support; interpret the rank with the reported uncertainty.,0.9982339652394,0.9999772155158249,0.9999999773852386
1846,Hypnomonas sp.,,Chlorophyceae,Tetrasporales,Nautococcaceae,Chlorophyta,False,False,sparse_5_19,Limited (5-19 protective contexts),5,5,0,0,1,False,1.6900422578100207e-24,1.0,1.1333536096280739e-06,,extended_r1_greedy_order,,Limited direct protective support; interpret the rank with the reported uncertainty.,0.9982350985930096,0.99997723744593,0.9999999774123705
1847,Acorus americanus,,Liliopsida,Arales,Acoraceae,Magnoliophyta,False,False,very_sparse_1_4,Very limited (1-4 protective contexts),1,1,0,30,1,False,1.6556619874345107e-24,1.0,1.5660564620656459e-06,,extended_r1_greedy_order,,Very limited direct protective support; confirmatory testing is a high priority.,0.9982366646494717,0.9999772663164024,0.9999999774460707
1848,Chlorococcum sp.,,Chlorophyceae,Chlorococcales,Chlorococcaceae,Chlorophyta,False,False,very_sparse_1_4,Very limited (1-4 protective contexts),1,1,2,0,1,False,1.6220086703751004e-24,1.0,1.1271044014771192e-06,,extended_r1_greedy_order,,Very limited direct protective support; confirmatory testing is a high priority.,0.9982377917538732,0.9999772874857366,0.9999999774710064
1849,Nitocra spinipes,,Maxillopoda,Harpacticoida,Ameiridae,Arthropoda,False,False,very_sparse_1_4,Very limited (1-4 protective contexts),4,3,0,0,2,False,1.5891932062584227e-24,1.0,1.3269235408230884e-06,,extended_r1_greedy_order,,Very limited direct protective support; confirmatory testing is a high priority.,0.998239118677414,0.99997731404205,0.9999999775059669
1850,Channa stewartii,,Actinopterygii,Perciformes,Channidae,Chordata,False,False,very_sparse_1_4,Very limited (1-4 protective contexts),1,1,1,0,1,False,1.5570799061509585e-24,1.0,1.2505426894016125e-06,,extended_r1_greedy_order,,Very limited direct protective support; confirmatory testing is a high priority.,0.9982403692201034,0.9999773358321736,0.9999999775292718
1851,Chlorococcum lobata,,Chlorophyceae,Chlorococcales,Chlorococcaceae,Chlorophyta,False,False,very_sparse_1_4,Very limited (1-4 protective contexts),4,4,0,0,1,False,1.5257548453750517e-24,1.0,1.1209234008768831e-06,,extended_r1_greedy_order,,Very limited direct protective support; confirmatory testing is a high priority.,0.9982414901435043,0.9999773570278017,0.9999999775545125
1852,Glyceria fluitans,,Magnoliopsida,Poales,Poaceae,Magnoliophyta,False,False,very_sparse_1_4,Very limited (1-4 protective contexts),2,1,0,0,1,False,1.4950552825160898e-24,1.0,1.5553779322274863e-06,,extended_r1_greedy_order,,Very limited direct protective support; confirmatory testing is a high priority.,0.9982430455214365,0.9999773865530195,0.9999999775905509
1853,Ulothrix moniliformis,,Chlorophyceae,Ulotrichales,Ulotrichaceae,Chlorophyta,False,False,very_sparse_1_4,Very limited (1-4 protective contexts),4,4,0,0,1,False,1.4649918780661127e-24,1.0,1.1175394027951313e-06,,extended_r1_greedy_order,,Very limited direct protective support; confirmatory testing is a high priority.,0.9982441630608393,0.9999774083146885,0.9999999776177052
1854,Paramecium sp.,,Ciliatea,Hymenostomatida,Parameciidae,Ciliophora,False,False,very_sparse_1_4,Very limited (1-4 protective contexts),1,1,0,0,1,False,1.4355074124201427e-24,1.0,1.7953667851289268e-06,,extended_r1_greedy_order,,Very limited direct protective support; confirmatory testing is a high priority.,0.9982459584276244,0.9999774394728297,0.9999999776465678
1855,Haematococcus capensis,,Chlorophyceae,Volvocales,Haematococcaceae,Chlorophyta,False,False,very_sparse_1_4,Very limited (1-4 protective contexts),1,1,0,0,2,False,1.406533544070575e-24,1.0,1.113360380444739e-06,,extended_r1_greedy_order,,Very limited direct protective support; confirmatory testing is a high priority.,0.9982470717880049,0.99997746127882,0.9999999776741392
1856,Paramecium putrinum,,Ciliatea,Hymenostomatida,Parameciidae,Ciliophora,False,False,very_sparse_1_4,Very limited (1-4 protective contexts),1,1,0,0,1,False,1.3782485025675868e-24,1.0,1.7897472893713129e-06,,extended_r1_greedy_order,,Very limited direct protective support; confirmatory testing is a high priority.,0.9982488615352942,0.9999774926512551,0.9999999777033942
1857,Halteria grandinella,,Ciliatea,Oligotrichida,Halteriidae,Ciliophora,False,False,sparse_5_19,Limited (5-19 protective contexts),5,5,0,1,1,False,1.3503349912910292e-24,1.0,1.7421846248977246e-06,,extended_r1_greedy_order,,Limited direct protective support; interpret the rank with the reported uncertainty.,0.9982506037199191,0.9999775265948451,0.9999999777450052
1858,Aspidisca cicada,,Ciliatea,Hypotrichida,Aspidiscidae,Ciliophora,False,False,sparse_5_19,Limited (5-19 protective contexts),10,9,0,2,2,False,1.3231914055126804e-24,1.0,1.7394689462157942e-06,,extended_r1_greedy_order,,Limited direct protective support; interpret the rank with the reported uncertainty.,0.9982523431888654,0.9999775594434201,0.9999999777834416
1859,Heteranthera dubia,,Liliopsida,Liliales,Pontederiaceae,Magnoliophyta,False,False,sparse_5_19,Limited (5-19 protective contexts),5,5,0,35,1,False,1.296102792278124e-24,1.0,1.6461796221722835e-06,,extended_r1_greedy_order,,Limited direct protective support; interpret the rank with the reported uncertainty.,0.9982539893684875,0.9999775892839575,0.9999999778178262
1860,Ulothrix sp.,,Chlorophyceae,Ulotrichales,Ulotrichaceae,Chlorophyta,False,False,very_sparse_1_4,Very limited (1-4 protective contexts),3,3,0,0,2,False,1.2696481936696483e-24,1.0,1.0980265452431581e-06,,extended_r1_greedy_order,,Very limited direct protective support; confirmatory testing is a high priority.,0.9982550873950328,0.9999776108325953,0.9999999778450724
1861,Ichthyomyzon sp.,,Cephalaspidomorphi,Petromyzontiformes,Petromyzontidae,Chordata,False,False,very_sparse_1_4,Very limited (1-4 protective contexts),1,1,0,0,1,False,1.2431079494860531e-24,1.0,1.7828713275713781e-06,,extended_r1_greedy_order,,Very limited direct protective support; confirmatory testing is a high priority.,0.9982568702663603,0.9999776464383093,0.9999999778906676
1862,Uronema nigricans,,Ciliatea,Hymenostomatida,Uronematidae,Ciliophora,False,False,sparse_5_19,Limited (5-19 protective contexts),6,6,0,0,1,False,1.2177967831103641e-24,1.0,1.7146051040084487e-06,,extended_r1_greedy_order,,Limited direct protective support; interpret the rank with the reported uncertainty.,0.9982585848714643,0.9999776799027424,0.9999999779319584
1863,Pangasianodon hypophthalmus,,Actinopterygii,Siluriformes,Pangasiidae,Chordata,False,False,very_sparse_1_4,Very limited (1-4 protective contexts),3,2,4,0,2,False,1.193110449318563e-24,1.0,1.0904652563148431e-06,,extended_r1_greedy_order,,Very limited direct protective support; confirmatory testing is a high priority.,0.9982596753367207,0.9999777011508959,0.9999999779590245
1864,Eriocaulon aquaticum,,Liliopsida,Eriocaulales,Eriocaulaceae,Magnoliophyta,False,False,very_sparse_1_4,Very limited (1-4 protective contexts),1,1,0,15,1,False,1.1690998427934317e-24,1.0,1.5338652767926675e-06,,extended_r1_greedy_order,,Very limited direct protective support; confirmatory testing is a high priority.,0.9982612092019975,0.9999777292558688,0.9999999779915693
1865,Diacypris compacta,,Ostracoda,Podocopida,Cyprididae,Arthropoda,False,False,very_sparse_1_4,Very limited (1-4 protective contexts),4,4,0,0,1,False,1.1453863537495224e-24,1.0,1.3017313629237748e-06,,extended_r1_greedy_order,,Very limited direct protective support; confirmatory testing is a high priority.,0.9982625109333604,0.9999777549861337,0.9999999780245458
1866,Zygogonium ericetorum,,Chlorophyceae,Zygnematales,Zygnemataceae,Chlorophyta,False,False,very_sparse_1_4,Very limited (1-4 protective contexts),4,4,0,2,1,False,1.122161419555365e-24,1.0,1.0781746623278465e-06,,extended_r1_greedy_order,,Very limited direct protective support; confirmatory testing is a high priority.,0.9982635891080227,0.9999777757453969,0.9999999780502365
1867,Paramecium tetraurelia,,Ciliatea,Hymenostomatida,Parameciidae,Ciliophora,False,False,very_sparse_1_4,Very limited (1-4 protective contexts),3,3,1,0,1,False,1.0995428265073592e-24,1.0,1.7549893301938013e-06,,extended_r1_greedy_order,,Very limited direct protective support; confirmatory testing is a high priority.,0.9982653440973529,0.9999778060592832,0.9999999780782208
1868,Filinia longiseta,,Monogononta,Flosculariaceae,Filiniidae,Rotifera,False,False,very_sparse_1_4,Very limited (1-4 protective contexts),1,1,0,0,1,False,1.0764448022181298e-24,1.0,1.3192271196560412e-06,,extended_r1_greedy_order,,Very limited direct protective support; confirmatory testing is a high priority.,0.9982666633244726,0.999977831345662,0.9999999781097052
1869,Najas graminea,,Liliopsida,Najadales,Najadaceae,Magnoliophyta,False,False,very_sparse_1_4,Very limited (1-4 protective contexts),4,4,0,0,1,False,1.0549411929156056e-24,1.0,1.5346088320100648e-06,,extended_r1_greedy_order,,Very limited direct protective support; confirmatory testing is a high priority.,0.9982681979333046,0.9999778584305812,0.9999999781395696
1870,Hydrodictyon reticulatum,,Chlorophyceae,Chlorococcales,Hydrodictyaceae,Chlorophyta,False,False,very_sparse_1_4,Very limited (1-4 protective contexts),1,1,0,27,1,False,1.0335209758505967e-24,1.0,1.0933604502882943e-06,,extended_r1_greedy_order,,Very limited direct protective support; confirmatory testing is a high priority.,0.9982692912937549,0.9999778797206246,0.9999999781662594
1871,Pomatoschistus minutus,,Actinopterygii,Perciformes,Gobiidae,Chordata,False,False,very_sparse_1_4,Very limited (1-4 protective contexts),3,1,1,0,1,False,1.0125808703792263e-24,1.0,1.1069991140422175e-06,,extended_r1_greedy_order,,Very limited direct protective support; confirmatory testing is a high priority.,0.9982703982928689,0.9999779013091038,0.9999999781938866
1872,Ankistrodesmus falcatus,,Chlorophyceae,Chlorococcales,Oocystaceae,Chlorophyta,False,False,very_sparse_1_4,Very limited (1-4 protective contexts),4,3,5,4,2,False,9.923698948448434e-25,1.0,1.1792969784041318e-06,,extended_r1_greedy_order,,Very limited direct protective support; confirmatory testing is a high priority.,0.9982715775898473,0.9999779230798078,0.9999999782188942
1873,Polycelis tenuis,,Turbellaria,Tricladida,Planariidae,Platyhelminthes,False,False,sparse_5_19,Limited (5-19 protective contexts),6,5,0,0,1,False,9.724878336471379e-25,1.0,1.6700460473417778e-06,,extended_r1_greedy_order,,Limited direct protective support; interpret the rank with the reported uncertainty.,0.9982732476358946,0.9999779513749102,0.9999999782470627
1874,Stigeoclonium tenue,,Chlorophyceae,Chaetophorales,Chaetophoraceae,Chlorophyta,False,False,sparse_5_19,Limited (5-19 protective contexts),5,5,1,0,1,False,9.530638284541192e-25,1.0,1.2080279685466877e-06,,extended_r1_greedy_order,,Limited direct protective support; interpret the rank with the reported uncertainty.,0.9982744556638632,0.999977974168288,0.9999999782743467
1875,Gomphonema parvulum,,Bacillariophyceae,Cymbellales,Gomphonemataceae,Bacillariophyta,False,False,very_sparse_1_4,Very limited (1-4 protective contexts),4,4,1,0,2,False,9.339644073468536e-25,1.0,1.2467722447784269e-06,,extended_r1_greedy_order,,Very limited direct protective support; confirmatory testing is a high priority.,0.998275702436108,0.9999779986729966,0.9999999783057957
1876,Allium cepa,,Liliopsida,Liliales,Liliaceae,Magnoliophyta,False,False,very_sparse_1_4,Very limited (1-4 protective contexts),1,1,0,23,1,False,9.15243841069587e-25,1.0,1.512665470437824e-06,,extended_r1_greedy_order,,Very limited direct protective support; confirmatory testing is a high priority.,0.9982772151015784,0.9999780262231569,0.9999999783374324
1877,Argulus japonicus,,Maxillopoda,Arguloida,Argulidae,Arthropoda,False,False,very_sparse_1_4,Very limited (1-4 protective contexts),2,1,0,0,1,False,8.962788059803672e-25,1.0,1.2103747245584273e-06,,extended_r1_greedy_order,,Very limited direct protective support; confirmatory testing is a high priority.,0.998278425476303,0.9999780497949178,0.9999999783673205
1878,Euchlanis sp.,,Monogononta,Ploima,Euchlanidae,Rotifera,False,False,very_sparse_1_4,Very limited (1-4 protective contexts),1,1,0,0,1,False,8.783863461907556e-25,1.0,1.3957631248562308e-06,,extended_r1_greedy_order,,Very limited direct protective support; confirmatory testing is a high priority.,0.9982798212394278,0.9999780759763223,0.9999999783989569
1879,Trichocerca sp.,,Monogononta,Ploima,Trichocercidae,Rotifera,False,False,very_sparse_1_4,Very limited (1-4 protective contexts),1,1,0,0,1,False,8.608979525910723e-25,1.0,1.4056244659332862e-06,,extended_r1_greedy_order,,Very limited direct protective support; confirmatory testing is a high priority.,0.9982812268638938,0.9999781023061008,0.9999999784307195
1880,Chlorococcum infusionum,,Chlorophyceae,Chlorococcales,Chlorococcaceae,Chlorophyta,False,False,very_sparse_1_4,Very limited (1-4 protective contexts),4,4,0,0,1,False,8.433610704244812e-25,1.0,1.0335133883154768e-06,,extended_r1_greedy_order,,Very limited direct protective support; confirmatory testing is a high priority.,0.9982822603772821,0.9999781215067929,0.999999978453046
1881,Cypris sp.,,Ostracoda,Podocopida,Cyprididae,Arthropoda,False,False,sparse_5_19,Limited (5-19 protective contexts),7,5,0,0,1,False,8.263644127273933e-25,1.0,1.3419783734258672e-06,,extended_r1_greedy_order,,Limited direct protective support; interpret the rank with the reported uncertainty.,0.9982836023556555,0.9999781474667123,0.9999999784842888
1882,Wolffia papulifera,,Liliopsida,Arales,Lemnaceae,Magnoliophyta,False,False,sparse_5_19,Limited (5-19 protective contexts),5,5,0,28,1,False,8.08780383671176e-25,1.0,1.3261734428393623e-06,,extended_r1_greedy_order,,Limited direct protective support; interpret the rank with the reported uncertainty.,0.9982849285290983,0.9999781706122354,0.9999999785089925
1883,Stylodrilus heringianus,,Clitellata,Lumbriculida,Lumbriculidae,Annelida,False,False,very_sparse_1_4,Very limited (1-4 protective contexts),3,3,0,1,1,False,7.923551494417619e-25,1.0,1.2776224503907585e-06,,extended_r1_greedy_order,,Very limited direct protective support; confirmatory testing is a high priority.,0.9982862061515487,0.9999781940888851,0.9999999785360755
1884,Acartia tonsa,,Maxillopoda,Calanoida,Acartiidae,Arthropoda,False,False,very_sparse_1_4,Very limited (1-4 protective contexts),2,1,0,1,1,False,7.763617114107399e-25,1.0,1.143161463934561e-06,,extended_r1_greedy_order,,Very limited direct protective support; confirmatory testing is a high priority.,0.9982873493130127,0.9999782163030396,0.9999999785642643
1885,Mougeotia sp.,,Chlorophyceae,Zygnematales,Zygnemataceae,Chlorophyta,False,False,very_sparse_1_4,Very limited (1-4 protective contexts),3,3,1,0,1,False,7.608018433411193e-25,1.0,1.0140745601017187e-06,,extended_r1_greedy_order,,Very limited direct protective support; confirmatory testing is a high priority.,0.9982883633875728,0.9999782360967702,0.9999999785893837
1886,Spirogyra cylindrica,,Chlorophyceae,Zygnematales,Zygnemataceae,Chlorophyta,False,False,very_sparse_1_4,Very limited (1-4 protective contexts),1,1,0,0,1,False,7.456598407585987e-25,1.0,1.017264887215319e-06,,extended_r1_greedy_order,,Very limited direct protective support; confirmatory testing is a high priority.,0.99828938065246,0.9999782556662433,0.9999999786138539
1887,Oscillatoria rubescens,,Cyanophyceae,Nostocales,Oscillatoriaceae,Cyanophycota,False,False,very_sparse_1_4,Very limited (1-4 protective contexts),1,1,0,0,1,False,7.307465330071793e-25,1.0,1.1928893095536353e-06,,extended_r1_greedy_order,,Very limited direct protective support; confirmatory testing is a high priority.,0.9982905735417695,0.9999782785092896,0.9999999786420892
1888,Trichocerca pusilla,,Monogononta,Ploima,Trichocercidae,Rotifera,False,False,very_sparse_1_4,Very limited (1-4 protective contexts),1,1,1,0,1,False,7.161748980598377e-25,1.0,1.314909093386163e-06,,extended_r1_greedy_order,,Very limited direct protective support; confirmatory testing is a high priority.,0.9982918884508629,0.9999783032700339,0.9999999786722571
1889,Schistosoma haematobium,,Trematoda,Strigeatida,Schistosomatidae,Platyhelminthes,False,False,very_sparse_1_4,Very limited (1-4 protective contexts),2,2,0,0,1,False,7.018311282032959e-25,1.0,1.6147019891166181e-06,,extended_r1_greedy_order,,Very limited direct protective support; confirmatory testing is a high priority.,0.998293503152852,0.9999783344173306,0.9999999787081746
1890,Argulus coregoni,,Maxillopoda,Arguloida,Argulidae,Arthropoda,False,False,very_sparse_1_4,Very limited (1-4 protective contexts),3,1,0,0,4,False,6.8787763917973e-25,1.0,1.163428557271473e-06,,extended_r1_greedy_order,,Very limited direct protective support; confirmatory testing is a high priority.,0.9982946665814093,0.9999783569089642,0.9999999787363898
1891,Typha angustifolia,,Liliopsida,Typhales,Typhaceae,Magnoliophyta,False,False,very_sparse_1_4,Very limited (1-4 protective contexts),1,1,1,3,1,False,6.742233346914761e-25,1.0,1.4870278643996926e-06,,extended_r1_greedy_order,,Very limited direct protective support; confirmatory testing is a high priority.,0.9982961536092737,0.9999783838135722,0.9999999787669739
1892,Asplanchna brightwelli,,Monogononta,Ploima,Asplanchnidae,Rotifera,False,False,very_sparse_1_4,Very limited (1-4 protective contexts),1,1,0,0,1,False,6.608264622680894e-25,1.0,1.2401198227207644e-06,,extended_r1_greedy_order,,Very limited direct protective support; confirmatory testing is a high priority.,0.9982973937290964,0.9999784074208855,0.999999978796006
1893,Iris pseudacorus,,Liliopsida,Liliales,Iridaceae,Magnoliophyta,False,False,very_sparse_1_4,Very limited (1-4 protective contexts),1,1,0,1,1,False,6.476845830166397e-25,1.0,1.4836933325268475e-06,,extended_r1_greedy_order,,Very limited direct protective support; confirmatory testing is a high priority.,0.998298877422429,0.9999784342394641,0.9999999788264458
1894,Echinostoma trivolvis,,Trematoda,Echinostomida,Echinostomatidae,Platyhelminthes,False,False,sparse_5_19,Limited (5-19 protective contexts),9,4,4,0,3,False,6.345453302982367e-25,1.0,1.3835774019810287e-06,,extended_r1_greedy_order,,Limited direct protective support; interpret the rank with the reported uncertainty.,0.9983002609998309,0.9999784627511277,0.9999999788652972
1895,Stichococcus sp.,,Chlorophyceae,Prasiolales,Prasiolaceae,Chlorophyta,False,False,very_sparse_1_4,Very limited (1-4 protective contexts),1,1,0,0,1,False,6.215003943069655e-25,1.0,1.101814350867869e-06,,extended_r1_greedy_order,,Very limited direct protective support; confirmatory testing is a high priority.,0.9983013628141818,0.9999784831246954,0.9999999788886247
1896,Euchlanis dilatata,,Monogononta,Ploima,Euchlanidae,Rotifera,False,False,very_sparse_1_4,Very limited (1-4 protective contexts),1,1,0,0,1,False,6.089983441893142e-25,1.0,1.2835366017815986e-06,,extended_r1_greedy_order,,Very limited direct protective support; confirmatory testing is a high priority.,0.9983026463507836,0.9999785072509695,0.9999999789179065
1897,Asplanchna girodi,,Monogononta,Ploima,Asplanchnidae,Rotifera,False,False,very_sparse_1_4,Very limited (1-4 protective contexts),1,1,2,0,2,False,5.966362682611785e-25,1.0,1.2188494361575763e-06,,extended_r1_greedy_order,,Very limited direct protective support; confirmatory testing is a high priority.,0.9983038652002197,0.9999785303667151,0.9999999789462002
1898,Gloeotrichia echinulata,,Cyanophyceae,Nostocales,Rivulariaceae,Cyanophycota,False,False,very_sparse_1_4,Very limited (1-4 protective contexts),2,2,0,6,1,False,5.846939906648651e-25,1.0,1.196527499081057e-06,,extended_r1_greedy_order,,Very limited direct protective support; confirmatory testing is a high priority.,0.9983050617277188,0.9999785531739112,0.9999999789742632
1899,Blepharisma americanum,,Ciliatea,Heterotrichida,Spirostomidae,Ciliophora,False,False,very_sparse_1_4,Very limited (1-4 protective contexts),4,4,0,1,1,False,5.730853664503978e-25,1.0,1.5700763458248446e-06,,extended_r1_greedy_order,,Very limited direct protective support; confirmatory testing is a high priority.,0.9983066318040646,0.9999785822767745,0.9999999790075914
1900,Channa orientalis,,Actinopterygii,Perciformes,Channidae,Chordata,False,False,sparse_5_19,Limited (5-19 protective contexts),18,14,4,0,2,False,5.615167677961415e-25,1.0,9.48288983004808e-07,,extended_r1_greedy_order,,Limited direct protective support; interpret the rank with the reported uncertainty.,0.9983075800930477,0.9999785964332136,0.999999979019732
1901,Triticum aestivum,,Magnoliopsida,Poales,Poaceae,Magnoliophyta,False,False,sparse_5_19,Limited (5-19 protective contexts),5,3,0,49,1,False,5.503203207744509e-25,1.0,1.4689672958034805e-06,,extended_r1_greedy_order,,Limited direct protective support; interpret the rank with the reported uncertainty.,0.9983090490603435,0.9999786237295665,0.9999999790520476
1902,Stichococcus bacillaris,,Chlorophyceae,Prasiolales,Prasiolaceae,Chlorophyta,False,False,very_sparse_1_4,Very limited (1-4 protective contexts),4,4,1,0,1,False,5.39213971143251e-25,1.0,1.079386489521994e-06,,extended_r1_greedy_order,,Very limited direct protective support; confirmatory testing is a high priority.,0.998310128446833,0.9999786437328722,0.9999999790750713
1903,Stichococcus chlorelloides,,Chlorophyceae,Prasiolales,Prasiolaceae,Chlorophyta,False,False,very_sparse_1_4,Very limited (1-4 protective contexts),4,4,0,0,1,False,5.285677281159997e-25,1.0,1.0784277858499891e-06,,extended_r1_greedy_order,,Very limited direct protective support; confirmatory testing is a high priority.,0.9983112068746188,0.9999786637111214,0.9999999790980542
1904,Spirogyra sp.,,Chlorophyceae,Zygnematales,Zygnemataceae,Chlorophyta,False,False,sparse_5_19,Limited (5-19 protective contexts),5,4,4,0,1,False,5.180131949851098e-25,1.0,9.635393917184487e-07,,extended_r1_greedy_order,,Limited direct protective support; interpret the rank with the reported uncertainty.,0.9983121704140105,0.9999786821246578,0.9999999791210995
1905,Plectonema boryanum,,Cyanophyceae,Nostocales,Scytonemataceae,Cyanophycota,False,False,very_sparse_1_4,Very limited (1-4 protective contexts),2,2,1,0,2,False,5.077104069773863e-25,1.0,1.2176396501084596e-06,,extended_r1_greedy_order,,Very limited direct protective support; confirmatory testing is a high priority.,0.9983133880536607,0.9999787050186394,0.999999979148592
1906,Asplanchna sp.,,Monogononta,Ploima,Asplanchnidae,Rotifera,False,False,very_sparse_1_4,Very limited (1-4 protective contexts),1,1,0,0,1,False,4.975860189919426e-25,1.0,1.1950081639788834e-06,,extended_r1_greedy_order,,Very limited direct protective support; confirmatory testing is a high priority.,0.9983145830618246,0.999978727582827,0.9999999791760229
1907,Tetrahymena pyriformis,,Ciliatea,Hymenostomatida,Tetrahymenidae,Ciliophora,False,False,moderate_20_49,Moderate (20-49 protective contexts),21,18,19,0,2,False,4.873007844926138e-25,1.0,1.5072120729264782e-06,,extended_r1_greedy_order,,,0.9983160902738976,0.9999787514288753,0.9999999791964164
1908,Plectonema nostocorum,,Cyanophyceae,Nostocales,Scytonemataceae,Cyanophycota,False,False,very_sparse_1_4,Very limited (1-4 protective contexts),2,2,0,0,1,False,4.772167366842362e-25,1.0,1.160335933114709e-06,,extended_r1_greedy_order,,Very limited direct protective support; confirmatory testing is a high priority.,0.9983172506098307,0.9999787733482854,0.9999999792228874
1909,Pediastrum sp.,,Chlorophyceae,Chlorococcales,Hydrodictyaceae,Chlorophyta,False,False,very_sparse_1_4,Very limited (1-4 protective contexts),1,1,0,0,1,False,4.671206474895775e-25,1.0,1.0837281156916845e-06,,extended_r1_greedy_order,,Very limited direct protective support; confirmatory testing is a high priority.,0.9983183343379464,0.99997879372449,0.9999999792470707
1910,Cypretta seurati,,Ostracoda,Podocopida,Cyprididae,Arthropoda,False,False,very_sparse_1_4,Very limited (1-4 protective contexts),2,1,0,0,1,False,4.575520012362162e-25,1.0,1.3182894519347954e-06,,extended_r1_greedy_order,,Very limited direct protective support; confirmatory testing is a high priority.,0.9983196526273983,0.9999788187241198,0.9999999792772801
1911,Phormidium mucicola,,Cyanophyceae,Nostocales,Oscillatoriaceae,Cyanophycota,False,False,very_sparse_1_4,Very limited (1-4 protective contexts),1,1,1,1,1,False,4.485060010827731e-25,1.0,1.1585677580638887e-06,,extended_r1_greedy_order,,Very limited direct protective support; confirmatory testing is a high priority.,0.9983208111951564,0.9999788406268122,0.9999999793038797
1912,Polycelis felina,,Turbellaria,Tricladida,Planariidae,Platyhelminthes,False,False,sparse_5_19,Limited (5-19 protective contexts),10,6,3,0,1,False,4.396578666384532e-25,1.0,1.5043960943650347e-06,,extended_r1_greedy_order,,Limited direct protective support; interpret the rank with the reported uncertainty.,0.9983223155912507,0.9999788656378383,0.9999999793280895
1913,Coccomyxa minor,,Chlorophyceae,Chlorococcales,Coccomyxaceae,Chlorophyta,False,False,very_sparse_1_4,Very limited (1-4 protective contexts),1,1,0,0,1,False,4.3083739558767145e-25,1.0,1.0898452971197514e-06,,extended_r1_greedy_order,,Very limited direct protective support; confirmatory testing is a high priority.,0.9983234054365479,0.9999788859823608,0.9999999793519578
1914,Westiellopsis prolifica,,Cyanophyceae,Stigonematales,Stigonemataceae,Cyanophycota,False,False,very_sparse_1_4,Very limited (1-4 protective contexts),1,1,5,0,1,False,4.219972316197238e-25,1.0,1.1283004173190392e-06,,extended_r1_greedy_order,,Very limited direct protective support; confirmatory testing is a high priority.,0.9983245337369652,0.999978907099667,0.9999999793772351
1915,Cylindrospermum sp.,,Cyanophyceae,Nostocales,Nostocaceae,Cyanophycota,False,False,sparse_5_19,Limited (5-19 protective contexts),7,6,4,0,2,False,4.136466795411623e-25,1.0,1.267034421381652e-06,,extended_r1_greedy_order,,Limited direct protective support; interpret the rank with the reported uncertainty.,0.9983258007713866,0.9999789293265627,0.9999999794011444
1916,Lyngbya birgei,,Cyanophyceae,Nostocales,Oscillatoriaceae,Cyanophycota,False,False,very_sparse_1_4,Very limited (1-4 protective contexts),1,1,0,0,1,False,4.046290801882615e-25,1.0,1.1280437232086271e-06,,extended_r1_greedy_order,,Very limited direct protective support; confirmatory testing is a high priority.,0.9983269288151098,0.9999789506437323,0.9999999794270202
1917,Paramecium bursaria,,Ciliatea,Hymenostomatida,Parameciidae,Ciliophora,False,False,sparse_5_19,Limited (5-19 protective contexts),8,8,0,0,1,False,3.9670249148420865e-25,1.0,1.5219329296822792e-06,,extended_r1_greedy_order,,Limited direct protective support; interpret the rank with the reported uncertainty.,0.9983284507480394,0.9999789767332329,0.999999979450799
1918,Calothrix parietina,,Cyanophyceae,Nostocales,Rivulariaceae,Cyanophycota,False,False,very_sparse_1_4,Very limited (1-4 protective contexts),2,2,0,0,1,False,3.888277135624002e-25,1.0,1.1062755286284087e-06,,extended_r1_greedy_order,,Very limited direct protective support; confirmatory testing is a high priority.,0.9983295570235681,0.9999789977563046,0.999999979476527
1919,Microcoleus vaginatus,,Cyanophyceae,Nostocales,Oscillatoriaceae,Cyanophycota,False,False,very_sparse_1_4,Very limited (1-4 protective contexts),1,1,0,1,1,False,3.810056573844738e-25,1.0,1.2100079498367222e-06,,extended_r1_greedy_order,,Very limited direct protective support; confirmatory testing is a high priority.,0.9983307670315179,0.9999790202550362,0.9999999795031747
1920,Spirulina platensis,,Cyanophyceae,Nostocales,Oscillatoriaceae,Cyanophycota,False,False,very_sparse_1_4,Very limited (1-4 protective contexts),1,1,5,0,2,False,3.73521696202732e-25,1.0,1.117319225363289e-06,,extended_r1_greedy_order,,Very limited direct protective support; confirmatory testing is a high priority.,0.9983318843507433,0.999979041294611,0.9999999795285912
1921,Hormidium pseudostichococcus,,Chlorophyceae,Prasiolales,Prasiolaceae,Chlorophyta,False,False,very_sparse_1_4,Very limited (1-4 protective contexts),4,4,0,0,1,False,3.661935494579242e-25,1.0,1.1164265261154327e-06,,extended_r1_greedy_order,,Very limited direct protective support; confirmatory testing is a high priority.,0.9983330007772694,0.9999790607666967,0.9999999795486606
1922,Hormidium scopulinum,,Chlorophyceae,Prasiolales,Prasiolaceae,Chlorophyta,False,False,very_sparse_1_4,Very limited (1-4 protective contexts),4,4,0,0,1,False,3.5903400210572024e-25,1.0,1.1153879795333665e-06,,extended_r1_greedy_order,,Very limited direct protective support; confirmatory testing is a high priority.,0.9983341161652489,0.999979080214503,0.999999979568697
1923,Hormidium subtile,,Chlorophyceae,Prasiolales,Prasiolaceae,Chlorophyta,False,False,very_sparse_1_4,Very limited (1-4 protective contexts),4,4,0,0,1,False,3.5201444046832125e-25,1.0,1.1143505924682273e-06,,extended_r1_greedy_order,,Very limited direct protective support; confirmatory testing is a high priority.,0.9983352305158414,0.9999790996380639,0.9999999795887016
1924,Melosira varians,,Bacillariophyceae,Centrales,Melosiraceae,Bacillariophyta,False,False,very_sparse_1_4,Very limited (1-4 protective contexts),1,1,0,25,1,False,3.4503736628606505e-25,1.0,1.2955917595425248e-06,,extended_r1_greedy_order,,Very limited direct protective support; confirmatory testing is a high priority.,0.9983365261076009,0.9999791246526435,0.9999999796198407
1925,Chaetoceros sp.,,Bacillariophyceae,Centrales,Chaetocerotaceae,Bacillariophyta,False,False,very_sparse_1_4,Very limited (1-4 protective contexts),2,2,0,0,1,False,3.381382395084645e-25,1.0,1.2911552309535779e-06,,extended_r1_greedy_order,,Very limited direct protective support; confirmatory testing is a high priority.,0.9983378172628319,0.9999791497685147,0.9999999796512162
1926,Phaeodactylum tricornutum,,Bacillariophyceae,Naviculales,Phaeodactylaceae,Bacillariophyta,False,False,very_sparse_1_4,Very limited (1-4 protective contexts),2,2,8,1,2,False,3.3152982879745943e-25,1.0,1.2897695943481224e-06,,extended_r1_greedy_order,,Very limited direct protective support; confirmatory testing is a high priority.,0.9983391070324262,0.9999791748441693,0.9999999796825163
1927,Paramecium multimicronucleatum,,Ciliatea,Hymenostomatida,Parameciidae,Ciliophora,False,False,sparse_5_19,Limited (5-19 protective contexts),8,8,2,0,1,False,3.2494958689236115e-25,1.0,1.4972583111116933e-06,,extended_r1_greedy_order,,Limited direct protective support; interpret the rank with the reported uncertainty.,0.9983406042907373,0.9999791999314266,0.9999999797052916
1928,Cypris subglobosa,,Ostracoda,Podocopida,Cyprididae,Arthropoda,False,False,sparse_5_19,Limited (5-19 protective contexts),11,11,0,0,1,False,3.182618688852085e-25,1.0,1.113540919583933e-06,,extended_r1_greedy_order,,Limited direct protective support; interpret the rank with the reported uncertainty.,0.9983417178316569,0.999979220303135,0.9999999797281567
1929,Piscicola salmositica,,Clitellata,Rhynchobdellida,Piscicolidae,Annelida,False,False,very_sparse_1_4,Very limited (1-4 protective contexts),1,1,0,0,2,False,3.1187564938215523e-25,1.0,1.1643474080447191e-06,,extended_r1_greedy_order,,Very limited direct protective support; confirmatory testing is a high priority.,0.998342882179065,0.9999792422158358,0.999999979754294
1930,Vorticella convallaria,,Ciliatea,Peritrichida,Vorticellidae,Ciliophora,False,False,sparse_5_19,Limited (5-19 protective contexts),6,6,0,0,1,False,3.0552392187291406e-25,1.0,1.4211497808558349e-06,,extended_r1_greedy_order,,Limited direct protective support; interpret the rank with the reported uncertainty.,0.9983443033288458,0.9999792681606983,0.9999999797834892
1931,Cypretta kawatai,,Ostracoda,Podocopida,Cyprididae,Arthropoda,False,False,sparse_5_19,Limited (5-19 protective contexts),9,5,0,0,1,False,2.993746348369246e-25,1.0,1.2307498227226432e-06,,extended_r1_greedy_order,,Limited direct protective support; interpret the rank with the reported uncertainty.,0.9983455340786686,0.9999792912258006,0.9999999798111121
1932,Epipremnum pinnatum,,Magnoliopsida,Alismatales,Araceae,Magnoliophyta,False,False,very_sparse_1_4,Very limited (1-4 protective contexts),1,1,0,2,1,False,2.935191209927434e-25,1.0,1.1480305571742733e-06,,extended_r1_greedy_order,,Very limited direct protective support; confirmatory testing is a high priority.,0.9983466821092257,0.9999793125574972,0.9999999798364027
1933,Phagocata gracilis,,Turbellaria,Tricladida,Planariidae,Platyhelminthes,False,False,very_sparse_1_4,Very limited (1-4 protective contexts),3,3,0,1,1,False,2.877823684667782e-25,1.0,1.3946421739685633e-06,,extended_r1_greedy_order,,Very limited direct protective support; confirmatory testing is a high priority.,0.9983480767513997,0.9999793367443716,0.9999999798622639
1934,Colpidium campylum,,Ciliatea,Hymenostomatida,Tetrahymenidae,Ciliophora,False,False,sparse_5_19,Limited (5-19 protective contexts),5,5,0,0,1,False,2.820712456539078e-25,1.0,1.3555824777133907e-06,,extended_r1_greedy_order,,Limited direct protective support; interpret the rank with the reported uncertainty.,0.9983494323338774,0.999979361830073,0.9999999798913841
1935,Hormidium flaccidum,,Chlorophyceae,Prasiolales,Prasiolaceae,Chlorophyta,False,False,very_sparse_1_4,Very limited (1-4 protective contexts),2,1,0,0,1,False,2.763592957038369e-25,1.0,1.1057066461317433e-06,,extended_r1_greedy_order,,Very limited direct protective support; confirmatory testing is a high priority.,0.9983505380405235,0.9999793808063041,0.9999999799104115
1936,Pontederia cordata,,Liliopsida,Liliales,Pontederiaceae,Magnoliophyta,False,False,very_sparse_1_4,Very limited (1-4 protective contexts),1,1,1,36,1,False,2.7079164582257836e-25,1.0,1.3143733668119495e-06,,extended_r1_greedy_order,,Very limited direct protective support; confirmatory testing is a high priority.,0.9983518524138904,0.9999794042963335,0.9999999799368329
1937,Newnhamia sp.,,Ostracoda,Podocopida,Notodromadidae,Arthropoda,False,False,very_sparse_1_4,Very limited (1-4 protective contexts),1,1,0,0,1,False,2.6531391399797236e-25,1.0,1.1675059279347977e-06,,extended_r1_greedy_order,,Very limited direct protective support; confirmatory testing is a high priority.,0.9983530199198183,0.9999794262811534,0.9999999799635817
1938,Petromyzon sp.,,Cephalaspidomorphi,Petromyzontiformes,Petromyzontidae,Chordata,False,False,very_sparse_1_4,Very limited (1-4 protective contexts),1,1,0,0,1,False,2.6010874664675943e-25,1.0,1.4148951061887516e-06,,extended_r1_greedy_order,,Very limited direct protective support; confirmatory testing is a high priority.,0.9983544348149245,0.9999794535020048,0.9999999799971494
1939,Limnodrilus sp.,,Oligochaeta,Haplotaxida,Naididae,Annelida,False,False,very_sparse_1_4,Very limited (1-4 protective contexts),2,2,0,0,1,False,2.5501584962030773e-25,1.0,1.4120155970021031e-06,,extended_r1_greedy_order,,Very limited direct protective support; confirmatory testing is a high priority.,0.9983558468305215,0.9999794766321112,0.9999999800188998
1940,Lampetra sp.,,Cephalaspidomorphi,Petromyzontiformes,Petromyzontidae,Chordata,False,False,very_sparse_1_4,Very limited (1-4 protective contexts),1,1,0,0,1,False,2.5004711994541727e-25,1.0,1.40336056131396e-06,,extended_r1_greedy_order,,Very limited direct protective support; confirmatory testing is a high priority.,0.9983572501910828,0.9999795027464803,0.9999999800494884
1941,Vorticella campanula,,Ciliatea,Peritrichida,Vorticellidae,Ciliophora,False,False,very_sparse_1_4,Very limited (1-4 protective contexts),2,2,0,0,1,False,2.4512600949765536e-25,1.0,1.3754769809803946e-06,,extended_r1_greedy_order,,Very limited direct protective support; confirmatory testing is a high priority.,0.9983586256680638,0.9999795277443023,0.9999999800773183
1942,Blepharisma sp.,,Ciliatea,Heterotrichida,Spirostomidae,Ciliophora,False,False,sparse_5_19,Limited (5-19 protective contexts),6,6,0,0,1,False,2.403563269651999e-25,1.0,1.379844083770898e-06,,extended_r1_greedy_order,,Limited direct protective support; interpret the rank with the reported uncertainty.,0.9983600055121475,0.9999795523823869,0.9999999801039554
1943,Hormidium fluitans,,Chlorophyceae,Prasiolales,Prasiolaceae,Chlorophyta,False,False,sparse_5_19,Limited (5-19 protective contexts),6,4,0,0,1,False,2.353358864276693e-25,1.0,1.071990273548984e-06,,extended_r1_greedy_order,,Limited direct protective support; interpret the rank with the reported uncertainty.,0.9983610775024211,0.9999795708807215,0.9999999801227506
1944,Hormidium rivulare,,Chlorophyceae,Prasiolales,Prasiolaceae,Chlorophyta,False,False,sparse_5_19,Limited (5-19 protective contexts),6,4,0,0,1,False,2.30777947352084e-25,1.0,1.071004961605837e-06,,extended_r1_greedy_order,,Limited direct protective support; interpret the rank with the reported uncertainty.,0.9983621485073827,0.9999795893550978,0.9999999801415025
1945,Plumatella casmiana,,Phylactolaemata,Plumatellida,Plumatellidae,Bryozoa,False,False,very_sparse_1_4,Very limited (1-4 protective contexts),1,1,0,3,1,False,2.2593755350545703e-25,1.0,1.403561866619718e-06,,extended_r1_greedy_order,,Very limited direct protective support; confirmatory testing is a high priority.,0.9983635520692493,0.9999796146833254,0.9999999801706337
1946,Fistulifera pelliculosa,,Bacillariophyceae,Pennales,Naviculaceae,Bacillariophyta,False,False,very_sparse_1_4,Very limited (1-4 protective contexts),2,2,9,0,2,False,2.215520689368048e-25,1.0,1.1904135615026235e-06,,extended_r1_greedy_order,,Very limited direct protective support; confirmatory testing is a high priority.,0.9983647424828108,0.9999796374686102,0.9999999801987515
1947,Helobdella stagnalis,,Clitellata,Rhynchobdellida,Glossiphoniidae,Annelida,False,False,very_sparse_1_4,Very limited (1-4 protective contexts),3,3,0,7,1,False,2.1683814402227334e-25,1.0,1.0841243081038954e-06,,extended_r1_greedy_order,,Very limited direct protective support; confirmatory testing is a high priority.,0.9983658266071189,0.9999796576323221,0.9999999802225833
1948,Gomphonema gracile,,Bacillariophyceae,Cymbellales,Gomphonemataceae,Bacillariophyta,False,False,very_sparse_1_4,Very limited (1-4 protective contexts),2,2,0,0,1,False,2.1244352987599855e-25,1.0,1.2021375578319393e-06,,extended_r1_greedy_order,,Very limited direct protective support; confirmatory testing is a high priority.,0.9983670287446768,0.999979679761895,0.9999999802491595
1949,Nitzschia sp.,,Bacillariophyceae,Pennales,Bacillariaceae,Bacillariophyta,False,False,very_sparse_1_4,Very limited (1-4 protective contexts),1,1,2,0,2,False,2.083239944950805e-25,1.0,1.2542189082864752e-06,,extended_r1_greedy_order,,Very limited direct protective support; confirmatory testing is a high priority.,0.998368282963585,0.9999797037366689,0.999999980278606
1950,Paramecium aurelia,,Ciliatea,Hymenostomatida,Parameciidae,Ciliophora,False,False,sparse_5_19,Limited (5-19 protective contexts),9,9,7,0,1,False,2.041181025237071e-25,1.0,1.3765855529923599e-06,,extended_r1_greedy_order,,Limited direct protective support; interpret the rank with the reported uncertainty.,0.998369659549138,0.9999797265660446,0.9999999802990764
1951,Colpidium colpoda,,Ciliatea,Hymenostomatida,Tetrahymenidae,Ciliophora,False,False,sparse_5_19,Limited (5-19 protective contexts),5,5,0,0,1,False,2.0015120838674273e-25,1.0,1.2688120304416017e-06,,extended_r1_greedy_order,,Limited direct protective support; interpret the rank with the reported uncertainty.,0.9983709283611685,0.9999797497236118,0.9999999803257995
1952,Vorticella sp.,,Ciliatea,Peritrichida,Vorticellidae,Ciliophora,False,False,sparse_5_19,Limited (5-19 protective contexts),5,5,0,0,1,False,1.9596767842043541e-25,1.0,1.2992390264754405e-06,,extended_r1_greedy_order,,Limited direct protective support; interpret the rank with the reported uncertainty.,0.998372227600195,0.999979773229723,0.9999999803519113
1953,Planothidium lanceolatum,,Bacillariophyceae,Achnanthales,Achnanthaceae,Bacillariophyta,False,False,very_sparse_1_4,Very limited (1-4 protective contexts),3,2,0,1,1,False,1.9213046621826308e-25,1.0,1.2751055107340648e-06,,extended_r1_greedy_order,,Very limited direct protective support; confirmatory testing is a high priority.,0.9983735027057057,0.9999797966107288,0.9999999803799059
1954,Limnodrilus udekemianus,,Oligochaeta,Haplotaxida,Naididae,Annelida,False,False,very_sparse_1_4,Very limited (1-4 protective contexts),2,1,3,3,1,False,1.8828467863993483e-25,1.0,1.3187361627142735e-06,,extended_r1_greedy_order,,Very limited direct protective support; confirmatory testing is a high priority.,0.9983748214418684,0.9999798182597683,0.9999999804005019
1955,Dactylogyrus minutus,,Trematoda,Monopisthocotylea,Dactylogyridae,Platyhelminthes,False,False,very_sparse_1_4,Very limited (1-4 protective contexts),1,1,0,0,1,False,1.8451092229945833e-25,1.0,1.2625886812722698e-06,,extended_r1_greedy_order,,Very limited direct protective support; confirmatory testing is a high priority.,0.9983760840305497,0.999979842020873,0.9999999804289794
1956,Dactylogyrus vastator,,Trematoda,Monopisthocotylea,Dactylogyridae,Platyhelminthes,False,False,very_sparse_1_4,Very limited (1-4 protective contexts),1,1,0,0,1,False,1.8097061011574128e-25,1.0,1.2612290147817617e-06,,extended_r1_greedy_order,,Very limited direct protective support; confirmatory testing is a high priority.,0.9983773452595645,0.9999798657445363,0.9999999804573914
1957,Megalodiscus sp.,,Trematoda,Echinostomida,Paramphistomatidae,Platyhelminthes,False,False,very_sparse_1_4,Very limited (1-4 protective contexts),1,1,1,0,1,False,1.7749826409016237e-25,1.0,1.2598710962263837e-06,,extended_r1_greedy_order,,Very limited direct protective support; confirmatory testing is a high priority.,0.9983786051306607,0.999979889430826,0.999999980485738
1958,Pistia stratiotes,,Magnoliopsida,Alismatales,Araceae,Magnoliophyta,False,False,very_sparse_1_4,Very limited (1-4 protective contexts),3,2,1,12,2,False,1.7384581957639334e-25,1.0,1.0646863032315323e-06,,extended_r1_greedy_order,,Very limited direct protective support; confirmatory testing is a high priority.,0.9983796698169639,0.9999799091293342,0.9999999805089531
1959,Tetrahymena sp.,,Ciliatea,Hymenostomatida,Tetrahymenidae,Ciliophora,False,False,very_sparse_1_4,Very limited (1-4 protective contexts),3,3,1,0,1,False,1.7048657130925959e-25,1.0,1.242489269026592e-06,,extended_r1_greedy_order,,Very limited direct protective support; confirmatory testing is a high priority.,0.9983809123062329,0.999979929942407,0.9999999805290063
1960,Spirodela polyrrhiza,,Magnoliopsida,Alismatales,Araceae,Magnoliophyta,False,False,sparse_5_19,Limited (5-19 protective contexts),16,12,2,0,1,False,1.669877941698771e-25,1.0,1.0910216922122018e-06,,extended_r1_greedy_order,,Limited direct protective support; interpret the rank with the reported uncertainty.,0.9983820033279251,0.9999799497437021,0.9999999805516013
1961,Glossiphonia complanata,,Clitellata,Rhynchobdellida,Glossiphoniidae,Annelida,False,False,very_sparse_1_4,Very limited (1-4 protective contexts),3,3,0,3,1,False,1.6375042568982245e-25,1.0,1.0128409175802489e-06,,extended_r1_greedy_order,,Very limited direct protective support; confirmatory testing is a high priority.,0.9983830161688427,0.9999799685287679,0.9999999805737522
1962,Fabaeformiscandona wegelini,,Ostracoda,Podocopida,Candonidae,Arthropoda,False,False,very_sparse_1_4,Very limited (1-4 protective contexts),1,1,0,0,1,False,1.6058405894875001e-25,1.0,1.032319601357301e-06,,extended_r1_greedy_order,,Very limited direct protective support; confirmatory testing is a high priority.,0.9983840484884441,0.9999799880090858,0.9999999805973551
1963,Pseudocandona sp.,,Ostracoda,Podocopida,Candonidae,Arthropoda,False,False,very_sparse_1_4,Very limited (1-4 protective contexts),1,1,0,0,1,False,1.575060256990912e-25,1.0,1.0310609642738555e-06,,extended_r1_greedy_order,,Very limited direct protective support; confirmatory testing is a high priority.,0.9983850795494084,0.9999800074579297,0.9999999806209043
1964,Gyrodactylus derjavini,,Trematoda,Monopisthocotylea,Gyrodactylidae,Platyhelminthes,False,False,very_sparse_1_4,Very limited (1-4 protective contexts),1,1,0,0,1,False,1.544193232737289e-25,1.0,1.2259139337000846e-06,,extended_r1_greedy_order,,Very limited direct protective support; confirmatory testing is a high priority.,0.9983863054633421,0.9999800302671208,0.9999999806480953
1965,Cladophora sp.,,Ulvophyceae,Cladophorales,Cladophoraceae,Chlorophyta,False,False,very_sparse_1_4,Very limited (1-4 protective contexts),4,4,0,0,1,False,1.5145987388169208e-25,1.0,1.2962401660931988e-06,,extended_r1_greedy_order,,Very limited direct protective support; confirmatory testing is a high priority.,0.9983876017035082,0.9999800537681952,0.9999999806752713
1966,Notocotylus attenuatus,,Trematoda,Echinostomida,Notocotylidae,Platyhelminthes,False,False,very_sparse_1_4,Very limited (1-4 protective contexts),2,2,2,0,1,False,1.4854537691203013e-25,1.0,1.2471496934063353e-06,,extended_r1_greedy_order,,Very limited direct protective support; confirmatory testing is a high priority.,0.9983888488532016,0.9999800771225162,0.9999999807030618
1967,Alaria sp.,,Trematoda,Strigeatida,Diplostomatidae,Platyhelminthes,False,False,very_sparse_1_4,Very limited (1-4 protective contexts),1,1,1,0,1,False,1.4565669616047228e-25,1.0,1.2185242841411537e-06,,extended_r1_greedy_order,,Very limited direct protective support; confirmatory testing is a high priority.,0.9983900673774857,0.9999800999723235,0.9999999807303445
1968,Girardia tigrina,,Turbellaria,Tricladida,nan,Platyhelminthes,False,False,moderate_20_49,Moderate (20-49 protective contexts),44,37,10,3,3,False,1.4276545458191938e-25,1.0,1.3176940355519307e-06,,extended_r1_greedy_order,,,0.9983913850715213,0.9999801227399732,0.9999999807551394
1969,Haemopis grandis,,Clitellata,Arhynchobdellida,Haemopidae,Annelida,False,False,very_sparse_1_4,Very limited (1-4 protective contexts),1,1,0,2,1,False,1.3982795071374728e-25,1.0,1.0742050394751956e-06,,extended_r1_greedy_order,,Very limited direct protective support; confirmatory testing is a high priority.,0.9983924592765607,0.9999801424028567,0.9999999807778389
1970,Gyrodactylus turnbulli,,Trematoda,Monopisthocotylea,Gyrodactylidae,Platyhelminthes,False,False,very_sparse_1_4,Very limited (1-4 protective contexts),2,1,0,0,1,False,1.3712538268805542e-25,1.0,1.1986287987708621e-06,,extended_r1_greedy_order,,Very limited direct protective support; confirmatory testing is a high priority.,0.9983936579053595,0.9999801646434547,0.9999999808043425
1971,Pristina longiseta,,Oligochaeta,Haplotaxida,Naididae,Annelida,False,False,very_sparse_1_4,Very limited (1-4 protective contexts),1,1,0,2,1,False,1.3448538818354837e-25,1.0,1.247622408828697e-06,,extended_r1_greedy_order,,Very limited direct protective support; confirmatory testing is a high priority.,0.9983949055277683,0.9999801864186298,0.9999999808275983
1972,Haemopis marmorata,,Clitellata,Arhynchobdellida,Haemopidae,Annelida,False,False,very_sparse_1_4,Very limited (1-4 protective contexts),2,1,0,2,1,False,1.3190747635727844e-25,1.0,1.0709612567882942e-06,,extended_r1_greedy_order,,Very limited direct protective support; confirmatory testing is a high priority.,0.9983959764890251,0.9999802060014877,0.9999999808501968
1973,Lophopodella carteri,,Phylactolaemata,Plumatellida,Lophopodidae,Bryozoa,False,False,very_sparse_1_4,Very limited (1-4 protective contexts),4,4,0,0,1,False,1.2937598239594214e-25,1.0,1.266845384373383e-06,,extended_r1_greedy_order,,Very limited direct protective support; confirmatory testing is a high priority.,0.9983972433344095,0.9999802288659015,0.9999999808763304
1974,Cladophora glomerata,,Ulvophyceae,Cladophorales,Cladophoraceae,Chlorophyta,False,False,very_sparse_1_4,Very limited (1-4 protective contexts),3,3,1,27,1,False,1.2684559627826642e-25,1.0,1.25819256147075e-06,,extended_r1_greedy_order,,Very limited direct protective support; confirmatory testing is a high priority.,0.998398501526971,0.9999802515975703,0.9999999809025576
1975,Pristina leidyi,,Oligochaeta,Haplotaxida,Naididae,Annelida,False,False,very_sparse_1_4,Very limited (1-4 protective contexts),1,1,0,5,1,False,1.2437143289604364e-25,1.0,1.2342615230975795e-06,,extended_r1_greedy_order,,Very limited direct protective support; confirmatory testing is a high priority.,0.9983997357884941,0.9999802731726788,0.999999980925636
1976,Chaetogaster diaphanus,,Oligochaeta,Haplotaxida,Naididae,Annelida,False,False,very_sparse_1_4,Very limited (1-4 protective contexts),1,1,0,14,1,False,1.2191701936175177e-25,1.0,1.2381452325627151e-06,,extended_r1_greedy_order,,Very limited direct protective support; confirmatory testing is a high priority.,0.9984009739337266,0.9999802946343412,0.999999980948326
1977,Aspidisca lynceus,,Ciliatea,Hypotrichida,Aspidiscidae,Ciliophora,False,False,very_sparse_1_4,Very limited (1-4 protective contexts),4,4,0,1,1,False,1.1953798901942609e-25,1.0,1.1912621646903432e-06,,extended_r1_greedy_order,,Very limited direct protective support; confirmatory testing is a high priority.,0.9984021651958913,0.9999803160261643,0.9999999809719451
1978,Haemopis sanguisuga,,Clitellata,Arhynchobdellida,Haemopidae,Annelida,False,False,very_sparse_1_4,Very limited (1-4 protective contexts),1,1,0,0,1,False,1.1712316844456154e-25,1.0,1.0210572677360474e-06,,extended_r1_greedy_order,,Very limited direct protective support; confirmatory testing is a high priority.,0.998403186253159,0.9999803348111052,0.9999999809938424
1979,Tetrahymena thermophila,,Ciliatea,Hymenostomatida,Tetrahymenidae,Ciliophora,False,False,sparse_5_19,Limited (5-19 protective contexts),11,8,9,0,2,False,1.1467522970222976e-25,1.0,1.154918931489668e-06,,extended_r1_greedy_order,,Limited direct protective support; interpret the rank with the reported uncertainty.,0.9984043411720905,0.9999803538005392,0.9999999810115712
1980,Gyrodactylus sp.,,Trematoda,Monopisthocotylea,Gyrodactylidae,Platyhelminthes,False,False,very_sparse_1_4,Very limited (1-4 protective contexts),1,1,0,0,1,False,1.124813353142797e-25,1.0,1.1485703853564289e-06,,extended_r1_greedy_order,,Very limited direct protective support; confirmatory testing is a high priority.,0.9984054897424759,0.9999803750797043,0.9999999810368353
1981,Pithophora sp.,,Ulvophyceae,Cladophorales,Cladophoraceae,Chlorophyta,False,False,very_sparse_1_4,Very limited (1-4 protective contexts),4,4,0,0,1,False,1.1033795863777646e-25,1.0,1.2163477448590143e-06,,extended_r1_greedy_order,,Very limited direct protective support; confirmatory testing is a high priority.,0.9984067060902208,0.9999803963802361,0.9999999810604249
1982,Dexiotricha granulosa,,Ciliatea,Hymenostomatida,Loxocephalidae,Ciliophora,False,False,sparse_5_19,Limited (5-19 protective contexts),5,5,0,2,1,False,1.0811072817712378e-25,1.0,1.1558585967241797e-06,,extended_r1_greedy_order,,Limited direct protective support; interpret the rank with the reported uncertainty.,0.9984078619488175,0.9999804174249675,0.9999999810841423
1983,Lepidotrema bidyana,,Trematoda,Monopisthocotylea,Diplectanidae,Platyhelminthes,False,False,very_sparse_1_4,Very limited (1-4 protective contexts),4,2,0,0,1,False,1.0597921358837833e-25,1.0,1.1314954614372041e-06,,extended_r1_greedy_order,,Very limited direct protective support; confirmatory testing is a high priority.,0.9984089934442789,0.9999804384382472,0.9999999811091969
1984,Trichodina sp.,,Ciliatea,Peritrichida,Trichodinidae,Ciliophora,False,False,very_sparse_1_4,Very limited (1-4 protective contexts),1,1,0,0,1,False,1.039246398806381e-25,1.0,1.1454311842351572e-06,,extended_r1_greedy_order,,Very limited direct protective support; confirmatory testing is a high priority.,0.9984101388754631,0.9999804594305791,0.9999999811329259
1985,Arrenurus sp.,,Arachnida,Trombidiformes,Arrenuridae,Arthropoda,False,False,sparse_5_19,Limited (5-19 protective contexts),5,4,0,0,1,False,1.0188101440116229e-25,1.0,1.2555941106828783e-06,,extended_r1_greedy_order,,Limited direct protective support; interpret the rank with the reported uncertainty.,0.9984113944695738,0.9999804799834463,0.9999999811541188
1986,Hirudinaria manillensis,,Clitellata,Arhynchobdellida,Hirudinidae,Annelida,False,False,very_sparse_1_4,Very limited (1-4 protective contexts),1,1,0,0,1,False,9.986509967654635e-26,1.0,9.70684288170709e-07,,extended_r1_greedy_order,,Very limited direct protective support; confirmatory testing is a high priority.,0.998412365153862,0.9999804979225281,0.9999999811751581
1987,Poecilobdella viridis,,Clitellata,Arhynchobdellida,Hirudinidae,Annelida,False,False,very_sparse_1_4,Very limited (1-4 protective contexts),1,1,0,0,1,False,9.793877930067022e-26,1.0,9.67250990746571e-07,,extended_r1_greedy_order,,Very limited direct protective support; confirmatory testing is a high priority.,0.9984133324048527,0.9999805157492874,0.9999999811959553
1988,Euglena gracilis,,Euglenophyceae,Euglenales,Euglenaceae,Euglenophycota,False,False,sparse_5_19,Limited (5-19 protective contexts),13,12,18,0,2,False,9.596660794557706e-26,1.0,8.69628794641919e-07,,extended_r1_greedy_order,,Limited direct protective support; interpret the rank with the reported uncertainty.,0.9984142020336474,0.999980530550818,0.9999999812107888
1989,Macrobdella decora,,Clitellata,Arhynchobdellida,Hirudinidae,Annelida,False,False,very_sparse_1_4,Very limited (1-4 protective contexts),1,1,0,18,1,False,9.41473171646146e-26,1.0,1.0211813223914845e-06,,extended_r1_greedy_order,,Very limited direct protective support; confirmatory testing is a high priority.,0.9984152232149698,0.9999805491406274,0.9999999812320775
1990,Dero digitata,,Oligochaeta,Haplotaxida,Naididae,Annelida,False,False,very_sparse_1_4,Very limited (1-4 protective contexts),3,3,0,11,1,False,9.234253716417725e-26,1.0,1.1464408458117248e-06,,extended_r1_greedy_order,,Very limited direct protective support; confirmatory testing is a high priority.,0.9984163696558156,0.9999805690345199,0.9999999812532163
1991,Posthodiplostomum minimum,,Trematoda,Strigeatida,Diplostomatidae,Platyhelminthes,False,False,very_sparse_1_4,Very limited (1-4 protective contexts),1,1,0,0,1,False,9.05509952164679e-26,1.0,1.092249081957597e-06,,extended_r1_greedy_order,,Very limited direct protective support; confirmatory testing is a high priority.,0.9984174619048976,0.999980589468119,0.999999981277643
1992,Stylaria lacustris,,Oligochaeta,Haplotaxida,Naididae,Annelida,False,False,sparse_5_19,Limited (5-19 protective contexts),7,3,0,15,1,False,8.884125098880537e-26,1.0,1.1897976046615355e-06,,extended_r1_greedy_order,,Limited direct protective support; interpret the rank with the reported uncertainty.,0.9984186517025022,0.9999806099792643,0.9999999812995372
1993,Dexiostoma campyla,,Ciliatea,Hymenostomatida,Turaniellidae,Ciliophora,False,False,very_sparse_1_4,Very limited (1-4 protective contexts),3,3,0,0,1,False,8.717230245459277e-26,1.0,1.1072914832821468e-06,,extended_r1_greedy_order,,Very limited direct protective support; confirmatory testing is a high priority.,0.9984197589939855,0.9999806312606043,0.9999999813247694
1994,Ilyocypris dentifera,,Ostracoda,Podocopida,Ilyocyprididae,Arthropoda,False,False,very_sparse_1_4,Very limited (1-4 protective contexts),2,1,0,0,1,False,8.548289640736738e-26,1.0,1.0095803055776287e-06,,extended_r1_greedy_order,,Very limited direct protective support; confirmatory testing is a high priority.,0.9984207685742911,0.9999806500236876,0.9999999813469896
1995,Dero sp.,,Oligochaeta,Haplotaxida,Naididae,Annelida,False,False,very_sparse_1_4,Very limited (1-4 protective contexts),2,2,0,0,1,False,8.387607887884763e-26,1.0,1.1328312252700812e-06,,extended_r1_greedy_order,,Very limited direct protective support; confirmatory testing is a high priority.,0.9984219014055163,0.9999806697471785,0.9999999813680314
1996,Chilomonas paramecium,,Cryptophyceae,Cryptomonadales,Cryptomonadaceae,Cryptophycophyta,False,False,sparse_5_19,Limited (5-19 protective contexts),9,7,0,0,1,False,8.226145478974583e-26,1.0,1.158811564372364e-06,,extended_r1_greedy_order,,Limited direct protective support; interpret the rank with the reported uncertainty.,0.9984230602170807,0.9999806897026993,0.999999981388877
1997,Thalassiosira nordenskioeldii,,Coscinodiscophyceae,Thalassiosirales,Thalassiosiraceae,Bacillariophyta,False,False,very_sparse_1_4,Very limited (1-4 protective contexts),2,2,0,1,1,False,8.067591853743156e-26,1.0,1.0993532808534212e-06,,extended_r1_greedy_order,,Very limited direct protective support; confirmatory testing is a high priority.,0.9984241595703616,0.9999807105830829,0.9999999814141436
1998,Closterium sp.,,Conjugatophyceae,Desmidiales,Desmidiaceae,Charophyta,False,False,very_sparse_1_4,Very limited (1-4 protective contexts),1,1,0,0,1,False,7.911852529136799e-26,1.0,1.1387510686633462e-06,,extended_r1_greedy_order,,Very limited direct protective support; confirmatory testing is a high priority.,0.9984252983214302,0.9999807308301966,0.9999999814371089
1999,Pithophora oedogonia,,Ulvophyceae,Cladophorales,Cladophoraceae,Chlorophyta,False,False,very_sparse_1_4,Very limited (1-4 protective contexts),1,1,0,5,1,False,7.755260445164746e-26,1.0,1.1312702339338898e-06,,extended_r1_greedy_order,,Very limited direct protective support; confirmatory testing is a high priority.,0.9984264295916642,0.9999807510596428,0.9999999814601376
2000,Hyalinella punctata,,Phylactolaemata,Plumatellida,Plumatellidae,Bryozoa,False,False,very_sparse_1_4,Very limited (1-4 protective contexts),1,1,0,0,1,False,7.600063161660767e-26,1.0,1.122386275809184e-06,,extended_r1_greedy_order,,Very limited direct protective support; confirmatory testing is a high priority.,0.99842755197794,0.99998077127255,0.9999999814833938
2001,Closterium ehrenbergii,,Conjugatophyceae,Desmidiales,Desmidiaceae,Charophyta,False,False,very_sparse_1_4,Very limited (1-4 protective contexts),2,1,0,8,2,False,7.456572516442229e-26,1.0,1.1560104521413095e-06,,extended_r1_greedy_order,,Very limited direct protective support; confirmatory testing is a high priority.,0.9984287079883921,0.9999807914591514,0.9999999815060311
2002,Cristatella mucedo,,Phylactolaemata,Plumatellida,Cristatellidae,Bryozoa,False,False,very_sparse_1_4,Very limited (1-4 protective contexts),2,2,0,7,1,False,7.317019850702033e-26,1.0,1.1189059867522388e-06,,extended_r1_greedy_order,,Very limited direct protective support; confirmatory testing is a high priority.,0.9984298268943789,0.9999808116853443,0.9999999815294575
2003,Navicula seminulum,,Bacillariophyceae,Pennales,Naviculaceae,Bacillariophyta,False,False,very_sparse_1_4,Very limited (1-4 protective contexts),1,1,1,0,1,False,7.179852611076917e-26,1.0,9.71957603512763e-07,,extended_r1_greedy_order,,Very limited direct protective support; confirmatory testing is a high priority.,0.9984307988519824,0.9999808299410855,0.9999999815514818
2004,Pectinatella magnifica,,Phylactolaemata,Plumatellida,Pectinatellidae,Bryozoa,False,False,very_sparse_1_4,Very limited (1-4 protective contexts),3,3,0,28,1,False,7.041166885591785e-26,1.0,1.1174672897018567e-06,,extended_r1_greedy_order,,Very limited direct protective support; confirmatory testing is a high priority.,0.9984319163192721,0.9999808501545987,0.9999999815747856
2005,Trochilia minuta,,Phyllopharyngea,Dysteriida,Dysteriidae,Ciliophora,False,False,very_sparse_1_4,Very limited (1-4 protective contexts),4,4,0,0,1,False,6.905218510120887e-26,1.0,1.1079353862131214e-06,,extended_r1_greedy_order,,Very limited direct protective support; confirmatory testing is a high priority.,0.9984330242546583,0.9999808711968957,0.9999999816004073
2006,Stephanodiscus hantzschii,,Coscinodiscophyceae,Thalassiosirales,Stephanodiscaceae,Bacillariophyta,False,False,very_sparse_1_4,Very limited (1-4 protective contexts),4,4,0,0,1,False,6.76404457967529e-26,1.0,8.731928536898081e-07,,extended_r1_greedy_order,,Very limited direct protective support; confirmatory testing is a high priority.,0.998433897447512,0.9999808878026294,0.9999999816206594
2007,Azolla caroliniana,,Filicopsida,Salviniales,Salviniaceae,Polypodiophyta,False,False,sparse_5_19,Limited (5-19 protective contexts),5,4,0,25,1,False,6.637813171818552e-26,1.0,9.548541058945759e-07,,extended_r1_greedy_order,,Limited direct protective support; interpret the rank with the reported uncertainty.,0.9984348523016179,0.9999809046872696,0.9999999816391771
2008,Stylonychia lemnae,,Ciliatea,Hypotrichida,Oxytrichidae,Ciliophora,False,False,very_sparse_1_4,Very limited (1-4 protective contexts),2,2,0,0,1,False,6.511984180376752e-26,1.0,1.0436534928492947e-06,,extended_r1_greedy_order,,Very limited direct protective support; confirmatory testing is a high priority.,0.9984358959551107,0.999980924148792,0.99999998166165
2009,Hirudo medicinalis,,Clitellata,Arhynchobdellida,Hirudinidae,Annelida,False,False,very_sparse_1_4,Very limited (1-4 protective contexts),3,3,3,0,1,False,6.387144832887696e-26,1.0,9.589475928883928e-07,,extended_r1_greedy_order,,Very limited direct protective support; confirmatory testing is a high priority.,0.9984368549027036,0.9999809416322198,0.9999999816817019
2010,Cercaria sp.,,Trematoda,Strigeata,Fellodistomatidae,Platyhelminthes,False,False,very_sparse_1_4,Very limited (1-4 protective contexts),1,1,0,0,1,False,6.267578993859312e-26,1.0,1.0207613194701537e-06,,extended_r1_greedy_order,,Very limited direct protective support; confirmatory testing is a high priority.,0.9984378756640231,0.9999809605175278,0.9999999817039086
2011,Holosticha kessleri,,Ciliatea,Hypotrichida,Holostichidae,Ciliophora,False,False,very_sparse_1_4,Very limited (1-4 protective contexts),1,1,0,0,1,False,6.145354315844806e-26,1.0,1.031954975028171e-06,,extended_r1_greedy_order,,Very limited direct protective support; confirmatory testing is a high priority.,0.9984389076189981,0.9999809798270572,0.999999981726287
2012,Cachonina niei,,Dinophyceae,Peridiniales,Peridiniaceae,Pyrrophycophyta,False,False,very_sparse_1_4,Very limited (1-4 protective contexts),2,2,0,0,1,False,6.02823564125961e-26,1.0,1.0767440717929233e-06,,extended_r1_greedy_order,,Very limited direct protective support; confirmatory testing is a high priority.,0.9984399843630699,0.9999810001403461,0.9999999817506315
2013,Glaucoma scintillans,,Ciliatea,Hymenostomatida,Glaucomidae,Ciliophora,False,False,very_sparse_1_4,Very limited (1-4 protective contexts),1,1,0,0,1,False,5.915019663664375e-26,1.0,1.0262467780020046e-06,,extended_r1_greedy_order,,Very limited direct protective support; confirmatory testing is a high priority.,0.9984410106098479,0.9999810193430958,0.9999999817728942
2014,Azolla filiculoides,,Filicopsida,Salviniales,Salviniaceae,Polypodiophyta,False,False,very_sparse_1_4,Very limited (1-4 protective contexts),1,1,0,18,1,False,5.805012715463047e-26,1.0,9.174143789092426e-07,,extended_r1_greedy_order,,Very limited direct protective support; confirmatory testing is a high priority.,0.9984419280242268,0.9999810354503986,0.999999981790295
2015,Loxodes striatus,,Ciliatea,nan,Loxodidae,Ciliophora,False,False,very_sparse_1_4,Very limited (1-4 protective contexts),1,1,0,1,1,False,5.69450115193076e-26,1.0,1.0217633692466421e-06,,extended_r1_greedy_order,,Very limited direct protective support; confirmatory testing is a high priority.,0.9984429497875961,0.9999810545655565,0.9999999818124603
2016,Mesostoma ehrenbergii,,Turbellaria,Neorhabdocoela,Typhloplanidae,Platyhelminthes,False,False,very_sparse_1_4,Very limited (1-4 protective contexts),1,1,0,0,1,False,5.587697801428762e-26,1.0,1.0396604451790026e-06,,extended_r1_greedy_order,,Very limited direct protective support; confirmatory testing is a high priority.,0.9984439894480412,0.9999810730464491,0.9999999818332399
2017,Clavatospora longibrachiata,,Sordariomycetes,Halosphaeriales,Halosphaeriaceae,Ascomycota,False,False,very_sparse_1_4,Very limited (1-4 protective contexts),3,3,0,0,1,False,5.483773731669276e-26,1.0,8.086256324535412e-07,,extended_r1_greedy_order,,Very limited direct protective support; confirmatory testing is a high priority.,0.9984447980736737,0.9999810884080031,0.9999999818519666
2018,Euglena minuta,,Euglenophyceae,Euglenales,Euglenaceae,Euglenophycota,False,False,very_sparse_1_4,Very limited (1-4 protective contexts),4,4,0,0,1,False,5.380261704133973e-26,1.0,8.827784677700734e-07,,extended_r1_greedy_order,,Very limited direct protective support; confirmatory testing is a high priority.,0.9984456808521415,0.9999811034659318,0.9999999818671732
2019,Euglena viridis,,Euglenophyceae,Euglenales,Euglenaceae,Euglenophycota,False,False,very_sparse_1_4,Very limited (1-4 protective contexts),4,4,0,1,1,False,5.280395282309896e-26,1.0,8.820722512403734e-07,,extended_r1_greedy_order,,Very limited direct protective support; confirmatory testing is a high priority.,0.9984465629243927,0.9999811185074193,0.9999999818823583
2020,Chara vulgaris,,Charophyceae,Charales,Characeae,Charophyta,False,False,very_sparse_1_4,Very limited (1-4 protective contexts),4,4,1,22,1,False,5.182334862739817e-26,1.0,9.266826835885311e-07,,extended_r1_greedy_order,,Very limited direct protective support; confirmatory testing is a high priority.,0.9984474896070763,0.9999811358910137,0.9999999819032266
2021,Euglena acus,,Euglenophyceae,Euglenales,Euglenaceae,Euglenophycota,False,False,very_sparse_1_4,Very limited (1-4 protective contexts),1,1,0,13,1,False,5.0836731046712085e-26,1.0,8.780149521880887e-07,,extended_r1_greedy_order,,Very limited direct protective support; confirmatory testing is a high priority.,0.9984483676220285,0.9999811506981489,0.9999999819178856
2022,Stylonychia pustulata,,Ciliatea,Hypotrichida,Oxytrichidae,Ciliophora,False,False,very_sparse_1_4,Very limited (1-4 protective contexts),1,1,0,0,1,False,4.985967692060686e-26,1.0,1.006384449220299e-06,,extended_r1_greedy_order,,Very limited direct protective support; confirmatory testing is a high priority.,0.9984493740064777,0.9999811695557684,0.9999999819397741
2023,Bursaphelenchus xylophilus,,Secernentea,Aphelenchida,Aphelenchidae,Nematoda,False,False,sparse_5_19,Limited (5-19 protective contexts),10,7,0,0,1,False,4.889944226896698e-26,1.0,1.0835137923548288e-06,,extended_r1_greedy_order,,Limited direct protective support; interpret the rank with the reported uncertainty.,0.9984504575202701,0.9999811874966062,0.9999999819570294
2024,Ichthyophthirius multifilis,,Ciliatea,Hymenostomatida,Ichthyophthiriidae,Ciliophora,False,False,sparse_5_19,Limited (5-19 protective contexts),6,3,1,0,1,False,4.788535449723702e-26,1.0,9.967240917063691e-07,,extended_r1_greedy_order,,Limited direct protective support; interpret the rank with the reported uncertainty.,0.9984514542443618,0.9999812058355073,0.9999999819785059
2025,Didinium nasutum,,Ciliatea,nan,Didiniidae,Ciliophora,False,False,very_sparse_1_4,Very limited (1-4 protective contexts),1,1,0,0,1,False,4.697658016598447e-26,1.0,9.844163780803328e-07,,extended_r1_greedy_order,,Very limited direct protective support; confirmatory testing is a high priority.,0.9984524386607398,0.9999812238621895,0.999999981999143
2026,Stylonychia mytilus,,Ciliatea,Hypotrichida,Oxytrichidae,Ciliophora,False,False,very_sparse_1_4,Very limited (1-4 protective contexts),1,1,0,0,1,False,4.608628486156345e-26,1.0,9.80895300983775e-07,,extended_r1_greedy_order,,Very limited direct protective support; confirmatory testing is a high priority.,0.9984534195560408,0.9999812420786671,0.9999999820202026
2027,Fasciola hepatica,,Trematoda,Echinostomida,Fasciolidae,Platyhelminthes,False,False,very_sparse_1_4,Very limited (1-4 protective contexts),4,4,0,0,1,False,4.5174890791414387e-26,1.0,9.560533069663535e-07,,extended_r1_greedy_order,,Very limited direct protective support; confirmatory testing is a high priority.,0.9984543756093478,0.9999812595712717,0.9999999820404936
2028,Sigmoidea aurantiaca,,Sordariomycetes,Halosphaeriales,Halosphaeriaceae,Ascomycota,False,False,very_sparse_1_4,Very limited (1-4 protective contexts),3,3,0,0,1,False,4.431881921075649e-26,1.0,7.994314048520579e-07,,extended_r1_greedy_order,,Very limited direct protective support; confirmatory testing is a high priority.,0.9984551750407527,0.9999812746897262,0.9999999820588124
2029,Varichaeta pacifica,,Oligochaeta,Haplotaxida,Tubificidae,Annelida,False,False,very_sparse_1_4,Very limited (1-4 protective contexts),3,3,0,1,1,False,4.3497919383597743e-26,1.0,1.0061438244779453e-06,,extended_r1_greedy_order,,Very limited direct protective support; confirmatory testing is a high priority.,0.9984561811845771,0.9999812921439528,0.9999999820773341
2030,Azolla pinnata,,Filicopsida,Salviniales,Salviniaceae,Polypodiophyta,False,False,sparse_5_19,Limited (5-19 protective contexts),11,10,9,0,2,False,4.267308640123894e-26,1.0,8.64724466143052e-07,,extended_r1_greedy_order,,Limited direct protective support; interpret the rank with the reported uncertainty.,0.9984570459090433,0.9999813071175946,0.9999999820931007
2031,Cochliobolus lunatus,,Dothideomycetes,Pleosporales,Pleosporaceae,Ascomycota,False,False,very_sparse_1_4,Very limited (1-4 protective contexts),2,1,0,1,1,False,4.1853926531458314e-26,1.0,1.0059982830101788e-06,,extended_r1_greedy_order,,Very limited direct protective support; confirmatory testing is a high priority.,0.9984580519073263,0.9999813254449428,0.9999999821145699
2032,Fasciola gigantica,,Trematoda,Echinostomida,Fasciolidae,Platyhelminthes,False,False,very_sparse_1_4,Very limited (1-4 protective contexts),4,4,0,0,2,False,4.1041215499583473e-26,1.0,9.361340643776472e-07,,extended_r1_greedy_order,,Very limited direct protective support; confirmatory testing is a high priority.,0.9984589880413907,0.9999813423878147,0.9999999821340511
2033,Ceratopteris thalictroides,,Filicopsida,Salviniales,Salviniaceae,Polypodiophyta,False,False,very_sparse_1_4,Very limited (1-4 protective contexts),2,1,0,2,1,False,4.026326252663609e-26,1.0,9.081725641513216e-07,,extended_r1_greedy_order,,Very limited direct protective support; confirmatory testing is a high priority.,0.9984598962139548,0.9999813585522966,0.999999982151956
2034,Arrenurus manubriator,,Arachnida,Trombidiformes,Arrenuridae,Arthropoda,False,False,very_sparse_1_4,Very limited (1-4 protective contexts),1,1,0,0,1,False,3.949761311988751e-26,1.0,9.777897963525461e-07,,extended_r1_greedy_order,,Very limited direct protective support; confirmatory testing is a high priority.,0.9984608740037512,0.9999813753161352,0.9999999821699438
2035,Salvinia minima,,Filicopsida,Salviniales,Salviniaceae,Polypodiophyta,False,False,very_sparse_1_4,Very limited (1-4 protective contexts),2,2,1,7,1,False,3.874528980412366e-26,1.0,9.066148272118824e-07,,extended_r1_greedy_order,,Very limited direct protective support; confirmatory testing is a high priority.,0.9984617806185784,0.9999813915408159,0.9999999821880764
2036,Salvinia molesta,,Filicopsida,Salviniales,Salviniaceae,Polypodiophyta,False,False,very_sparse_1_4,Very limited (1-4 protective contexts),2,2,1,0,1,False,3.801153062714522e-26,1.0,9.054397871466335e-07,,extended_r1_greedy_order,,Very limited direct protective support; confirmatory testing is a high priority.,0.9984626860583655,0.9999814077397154,0.9999999822061743
2037,Stentor coeruleus,,Ciliatea,Oligotrichida,Stentoridae,Ciliophora,False,False,very_sparse_1_4,Very limited (1-4 protective contexts),4,4,0,15,1,False,3.7282247021750495e-26,1.0,9.306898002270358e-07,,extended_r1_greedy_order,,Very limited direct protective support; confirmatory testing is a high priority.,0.9984636167481657,0.9999814247852694,0.9999999822257553
2038,Branchiura sowerbyi,,Oligochaeta,Haplotaxida,Tubificidae,Annelida,False,False,moderate_20_49,Moderate (20-49 protective contexts),48,30,0,5,2,False,3.659197563280988e-26,1.0,9.756942845884353e-07,,extended_r1_greedy_order,,,0.9984645924424503,0.9999814380246862,0.9999999822352162
2039,Spondylosium pygmaeum,,Conjugatophyceae,Desmidiales,Desmidiaceae,Charophyta,False,False,very_sparse_1_4,Very limited (1-4 protective contexts),4,4,0,0,1,False,3.591988507856346e-26,1.0,9.738155622995848e-07,,extended_r1_greedy_order,,Very limited direct protective support; confirmatory testing is a high priority.,0.9984655662580126,0.9999814552583074,0.9999999822543467
2040,Hirudo nipponia,,Clitellata,Arhynchobdellida,Hirudinidae,Annelida,False,False,sparse_5_19,Limited (5-19 protective contexts),9,9,0,0,1,False,3.5243890670422355e-26,1.0,9.26863574668424e-07,,extended_r1_greedy_order,,Limited direct protective support; interpret the rank with the reported uncertainty.,0.9984664931215873,0.9999814719471426,0.9999999822731712
2041,Peloscolex ferox,,Oligochaeta,Haplotaxida,Tubificidae,Annelida,False,False,very_sparse_1_4,Very limited (1-4 protective contexts),3,3,0,0,1,False,3.4574970485785793e-26,1.0,9.572725278017558e-07,,extended_r1_greedy_order,,Very limited direct protective support; confirmatory testing is a high priority.,0.9984674503941151,0.9999814885009515,0.9999999822906412
2042,Ilyodrilus frantzi,,Oligochaeta,Haplotaxida,Tubificidae,Annelida,False,False,very_sparse_1_4,Very limited (1-4 protective contexts),2,2,0,0,1,False,3.392023927115031e-26,1.0,9.529875485414507e-07,,extended_r1_greedy_order,,Very limited direct protective support; confirmatory testing is a high priority.,0.9984684033816636,0.9999815047996662,0.9999999823075778
2043,Salvinia natans,,Filicopsida,Salviniales,Salviniaceae,Polypodiophyta,False,False,very_sparse_1_4,Very limited (1-4 protective contexts),4,4,0,0,1,False,3.329830910694831e-26,1.0,8.994420632735256e-07,,extended_r1_greedy_order,,Very limited direct protective support; confirmatory testing is a high priority.,0.9984693028237269,0.9999815209830327,0.9999999823258461
2044,Chilodonella uncinata,,Ciliatea,Cyrtophorida,Chilododontidae,Ciliophora,False,False,very_sparse_1_4,Very limited (1-4 protective contexts),2,2,0,1,1,False,3.267773434455689e-26,1.0,9.120780402049888e-07,,extended_r1_greedy_order,,Very limited direct protective support; confirmatory testing is a high priority.,0.9984702149017671,0.9999815376957499,0.99999998234507
2045,Catenula sp.,,Turbellaria,Catenulida,Catenulidae,Platyhelminthes,False,False,very_sparse_1_4,Very limited (1-4 protective contexts),3,2,0,0,1,False,3.205486509249237e-26,1.0,9.26127635025864e-07,,extended_r1_greedy_order,,Very limited direct protective support; confirmatory testing is a high priority.,0.9984711410294022,0.9999815541870571,0.9999999823635777
2046,Rhyacodrilus montanus,,Oligochaeta,Haplotaxida,Tubificidae,Annelida,False,False,very_sparse_1_4,Very limited (1-4 protective contexts),3,3,0,0,1,False,3.145987550258012e-26,1.0,9.418333870581108e-07,,extended_r1_greedy_order,,Very limited direct protective support; confirmatory testing is a high priority.,0.9984720828627892,0.9999815704373514,0.9999999823806772
2047,Dendrocoelum lacteum,,Turbellaria,Tricladida,Dendrocoelidae,Platyhelminthes,False,False,very_sparse_1_4,Very limited (1-4 protective contexts),2,2,1,0,1,False,3.087623439059209e-26,1.0,9.118506828498241e-07,,extended_r1_greedy_order,,Very limited direct protective support; confirmatory testing is a high priority.,0.9984729947134721,0.9999815866424165,0.9999999823988236
2048,Piona carnea,,Arachnida,Trombidiformes,Pionidae,Arthropoda,False,False,very_sparse_1_4,Very limited (1-4 protective contexts),2,1,1,0,1,False,3.029726389047277e-26,1.0,8.766577258567665e-07,,extended_r1_greedy_order,,Very limited direct protective support; confirmatory testing is a high priority.,0.9984738713711979,0.9999816025917723,0.9999999824171418
2049,Clavariopsis aquatica,,Sordariomycetes,Halosphaeriales,Halosphaeriaceae,Ascomycota,False,False,very_sparse_1_4,Very limited (1-4 protective contexts),2,2,0,1,1,False,2.971889563387636e-26,1.0,7.820495435684194e-07,,extended_r1_greedy_order,,Very limited direct protective support; confirmatory testing is a high priority.,0.9984746534207415,0.9999816172943807,0.999999982434813
2050,Opercularia coarctata,,Ciliatea,Peritrichida,Operculariidae,Ciliophora,False,False,very_sparse_1_4,Very limited (1-4 protective contexts),4,4,0,0,1,False,2.9166028967267196e-26,1.0,8.91345565245949e-07,,extended_r1_greedy_order,,Very limited direct protective support; confirmatory testing is a high priority.,0.9984755447663067,0.9999816331430941,0.9999999824521012
2051,Ephydatia fluviatilis,,Demospongiae,Haplosclerida,Spongillidae,Porifera,False,False,very_sparse_1_4,Very limited (1-4 protective contexts),3,3,0,3,1,False,2.8623855200836565e-26,1.0,7.846236027564402e-07,,extended_r1_greedy_order,,Very limited direct protective support; confirmatory testing is a high priority.,0.9984763293899095,0.9999816477678292,0.9999999824694071
2052,Chara sp.,,Charophyceae,Charales,Characeae,Charophyta,False,False,very_sparse_1_4,Very limited (1-4 protective contexts),2,2,0,0,2,False,2.806911014280837e-26,1.0,8.468409017359235e-07,,extended_r1_greedy_order,,Very limited direct protective support; confirmatory testing is a high priority.,0.9984771762308112,0.9999816635804843,0.9999999824882592
2053,Eichhornia crassipes,,Liliopsida,Liliales,Pontederiaceae,Magnoliophyta,False,False,sparse_5_19,Limited (5-19 protective contexts),18,13,10,4,3,False,2.7552457867485907e-26,1.0,9.953627772008034e-07,,extended_r1_greedy_order,,Limited direct protective support; interpret the rank with the reported uncertainty.,0.9984781715935884,0.9999816807489177,0.9999999825066099
2054,Opercularia minima,,Ciliatea,Peritrichida,Operculariidae,Ciliophora,False,False,very_sparse_1_4,Very limited (1-4 protective contexts),4,4,0,0,1,False,2.703343191761038e-26,1.0,8.759997566221145e-07,,extended_r1_greedy_order,,Very limited direct protective support; confirmatory testing is a high priority.,0.998479047593345,0.9999816962735817,0.9999999825234552
2055,Poterioochromonas malhamensis,,Chrysophyceae,Ochromonadales,Ochromonadaceae,Chrysophyta,False,False,very_sparse_1_4,Very limited (1-4 protective contexts),4,4,2,0,1,False,2.6530031550209816e-26,1.0,9.176441465585938e-07,,extended_r1_greedy_order,,Very limited direct protective support; confirmatory testing is a high priority.,0.9984799652374916,0.9999817120393467,0.9999999825403958
2056,Colpoda steinii,,Ciliatea,Entodiniomorphida,Colpodidae,Ciliophora,False,False,very_sparse_1_4,Very limited (1-4 protective contexts),3,3,0,0,1,False,2.6026959997631836e-26,1.0,8.681604800608866e-07,,extended_r1_greedy_order,,Very limited direct protective support; confirmatory testing is a high priority.,0.9984808333979717,0.9999817275421721,0.9999999825575034
2057,Philodina sp.,,Bdelloidea,Bdelloida,Philodinidae,Rotifera,False,False,very_sparse_1_4,Very limited (1-4 protective contexts),2,2,1,0,1,False,2.5552727504813372e-26,1.0,9.223863095542129e-07,,extended_r1_greedy_order,,Very limited direct protective support; confirmatory testing is a high priority.,0.9984817557842812,0.9999817432350915,0.9999999825738024
2058,Limnesia maculata,,Arachnida,Trombidiformes,Limnesiidae,Arthropoda,False,False,very_sparse_1_4,Very limited (1-4 protective contexts),2,2,0,0,1,False,2.5042583522495733e-26,1.0,8.888385250038766e-07,,extended_r1_greedy_order,,Very limited direct protective support; confirmatory testing is a high priority.,0.9984826446228062,0.9999817593402281,0.9999999825922341
2059,Acremonium tubakii,,Sordariomycetes,Hypocreales,nan,Ascomycota,False,False,very_sparse_1_4,Very limited (1-4 protective contexts),1,1,0,0,1,False,2.4543964725749825e-26,1.0,7.728621964631088e-07,,extended_r1_greedy_order,,Very limited direct protective support; confirmatory testing is a high priority.,0.9984834174850027,0.9999817738242882,0.9999999826095626
2060,Piona nodata,,Arachnida,Trombidiformes,Pionidae,Arthropoda,False,False,very_sparse_1_4,Very limited (1-4 protective contexts),1,1,1,0,3,False,2.4084359925333334e-26,1.0,8.513658835695992e-07,,extended_r1_greedy_order,,Very limited direct protective support; confirmatory testing is a high priority.,0.9984842688508863,0.9999817892028884,0.9999999826270501
2061,Quistadrilus multisetosus,,Oligochaeta,Haplotaxida,Tubificidae,Annelida,False,False,very_sparse_1_4,Very limited (1-4 protective contexts),3,3,0,2,1,False,2.364246507166102e-26,1.0,8.771249386807511e-07,,extended_r1_greedy_order,,Very limited direct protective support; confirmatory testing is a high priority.,0.9984851459758249,0.9999818042039328,0.9999999826426759
2062,Spirosperma nikolskyi,,Oligochaeta,Haplotaxida,Tubificidae,Annelida,False,False,very_sparse_1_4,Very limited (1-4 protective contexts),3,3,0,2,1,False,2.3177367926280948e-26,1.0,8.682063775689031e-07,,extended_r1_greedy_order,,Very limited direct protective support; confirmatory testing is a high priority.,0.9984860141822025,0.9999818189937254,0.9999999826579813
2063,Enchytraeus albidus,,Oligochaeta,Haplotaxida,Enchytraeidae,Annelida,False,False,very_sparse_1_4,Very limited (1-4 protective contexts),1,1,0,1,1,False,2.2736238740376625e-26,1.0,8.676952003572325e-07,,extended_r1_greedy_order,,Very limited direct protective support; confirmatory testing is a high priority.,0.9984868818774029,0.9999818344518382,0.9999999826752209
2064,Hydrozetes lacustris,,Arachnida,Sarcoptiformes,Hydrozetidae,Arthropoda,False,False,very_sparse_1_4,Very limited (1-4 protective contexts),1,1,0,0,1,False,2.2311986750324104e-26,1.0,8.54271589689759e-07,,extended_r1_greedy_order,,Very limited direct protective support; confirmatory testing is a high priority.,0.9984877361489926,0.9999818497820329,0.9999999826925606
2065,Ephydatia mulleri,,Demospongiae,Haplosclerida,Spongillidae,Porifera,False,False,very_sparse_1_4,Very limited (1-4 protective contexts),1,1,0,0,1,False,2.1894397823370642e-26,1.0,7.711142898658707e-07,,extended_r1_greedy_order,,Very limited direct protective support; confirmatory testing is a high priority.,0.9984885072632824,0.9999818640842775,0.9999999827093755
2066,Philodina roseola,,Bdelloidea,Bdelloida,Philodinidae,Rotifera,False,False,very_sparse_1_4,Very limited (1-4 protective contexts),2,2,0,0,1,False,2.148894162184508e-26,1.0,8.695452929918801e-07,,extended_r1_greedy_order,,Very limited direct protective support; confirmatory testing is a high priority.,0.9984893768085754,0.9999818788089667,0.9999999827246145
2067,Helicosporium sp.,,Dothideomycetes,Pleosporales,nan,Ascomycota,False,False,sparse_5_19,Limited (5-19 protective contexts),5,5,0,0,1,False,2.1068062899761328e-26,1.0,8.505277778736442e-07,,extended_r1_greedy_order,,Limited direct protective support; interpret the rank with the reported uncertainty.,0.9984902273363533,0.9999818943853409,0.9999999827428567
2068,Tripospermum myrti,,Dothideomycetes,Capnodiales,Capnodiaceae,Ascomycota,False,False,very_sparse_1_4,Very limited (1-4 protective contexts),1,1,0,0,1,False,2.0686809141579762e-26,1.0,8.504450527135887e-07,,extended_r1_greedy_order,,Very limited direct protective support; confirmatory testing is a high priority.,0.998491077781406,0.999981909949375,0.9999999827610659
2069,Tricladium angulatum,,Leotiomycetes,Helotiales,Helotiaceae,Ascomycota,False,False,very_sparse_1_4,Very limited (1-4 protective contexts),3,3,0,0,1,False,2.029094607068415e-26,1.0,7.651120382812238e-07,,extended_r1_greedy_order,,Very limited direct protective support; confirmatory testing is a high priority.,0.9984918428934443,0.9999819242135036,0.9999999827780026
2070,Eylais hamata,,Arachnida,Trombidiformes,Eylaidae,Arthropoda,False,False,very_sparse_1_4,Very limited (1-4 protective contexts),1,1,0,0,2,False,1.991269912825913e-26,1.0,8.31322086058961e-07,,extended_r1_greedy_order,,Very limited direct protective support; confirmatory testing is a high priority.,0.9984926742155303,0.9999819391149849,0.9999999827947913
2071,Hydryphantes ruber,,Arachnida,Trombidiformes,Hydryphantidae,Arthropoda,False,False,very_sparse_1_4,Very limited (1-4 protective contexts),1,1,0,0,2,False,1.95537884339779e-26,1.0,8.30056164469184e-07,,extended_r1_greedy_order,,Very limited direct protective support; confirmatory testing is a high priority.,0.9984935042716948,0.9999819539836836,0.9999999828115235
2072,Hydrachna marita,,Arachnida,Trombidiformes,Hydrachnidae,Arthropoda,False,False,very_sparse_1_4,Very limited (1-4 protective contexts),1,1,0,0,3,False,1.9202532352565703e-26,1.0,8.29139992553074e-07,,extended_r1_greedy_order,,Very limited direct protective support; confirmatory testing is a high priority.,0.9984943334116874,0.9999819688306488,0.9999999828282264
2073,Argyroneta aquatica,,Arachnida,Araneae,Argyronetidae,Arthropoda,False,False,very_sparse_1_4,Very limited (1-4 protective contexts),1,1,0,0,4,False,1.8857207264123458e-26,1.0,8.281046462998987e-07,,extended_r1_greedy_order,,Very limited direct protective support; confirmatory testing is a high priority.,0.9984951615163337,0.9999819836469941,0.9999999828448669
2074,Philodina acuticornis,,Bdelloidea,Bdelloida,Philodinidae,Rotifera,False,False,sparse_5_19,Limited (5-19 protective contexts),18,14,1,0,1,False,1.850854721362982e-26,1.0,8.530361466085878e-07,,extended_r1_greedy_order,,Limited direct protective support; interpret the rank with the reported uncertainty.,0.9984960145524803,0.9999819980961494,0.9999999828597343
2075,Flagellospora penicillioides,,Sordariomycetes,Hypocreales,Nectriaceae,Ascomycota,False,False,sparse_5_19,Limited (5-19 protective contexts),5,5,0,0,1,False,1.8127580411788506e-26,1.0,7.608522070157164e-07,,extended_r1_greedy_order,,Limited direct protective support; interpret the rank with the reported uncertainty.,0.9984967754046873,0.9999820122494216,0.9999999828764782
2076,Eunapius fragilis,,Demospongiae,Haplosclerida,Spongillidae,Porifera,False,False,very_sparse_1_4,Very limited (1-4 protective contexts),4,2,0,2,1,False,1.7800984070131282e-26,1.0,7.6103177548692e-07,,extended_r1_greedy_order,,Very limited direct protective support; confirmatory testing is a high priority.,0.9984975364364628,0.9999820262507365,0.9999999828927244
2077,Adineta vaga,,Bdelloidea,Bdelloida,Adinetidae,Rotifera,False,False,very_sparse_1_4,Very limited (1-4 protective contexts),1,1,0,0,1,False,1.7477668318473223e-26,1.0,8.174317546183474e-07,,extended_r1_greedy_order,,Very limited direct protective support; confirmatory testing is a high priority.,0.9984983538682174,0.9999820410330991,0.9999999829096782
2078,Spongilla lacustris,,Demospongiae,Haplosclerida,Spongillidae,Porifera,False,False,very_sparse_1_4,Very limited (1-4 protective contexts),2,2,0,12,1,False,1.715584858455334e-26,1.0,7.569255986439316e-07,,extended_r1_greedy_order,,Very limited direct protective support; confirmatory testing is a high priority.,0.998499110793816,0.9999820549691973,0.9999999829258834
2079,Limnochares aquatica,,Arachnida,Trombidiformes,Limnocharidae,Arthropoda,False,False,very_sparse_1_4,Very limited (1-4 protective contexts),2,1,0,2,4,False,1.684266101299594e-26,1.0,7.99797943207281e-07,,extended_r1_greedy_order,,Very limited direct protective support; confirmatory testing is a high priority.,0.9984999105917592,0.9999820692405191,0.999999982941787
2080,Coniothyrium sp.,,Dothideomycetes,Pleosporales,Leptosphaeriaceae,Ascomycota,False,False,very_sparse_1_4,Very limited (1-4 protective contexts),1,1,0,0,1,False,1.6537818521644394e-26,1.0,8.066139018936269e-07,,extended_r1_greedy_order,,Very limited direct protective support; confirmatory testing is a high priority.,0.9985007172056611,0.9999820840453494,0.999999982959115
2081,Phoma putaminum,,Dothideomycetes,Pleosporales,Didymellaceae,Ascomycota,False,False,very_sparse_1_4,Very limited (1-4 protective contexts),1,1,0,0,1,False,1.6242996935740383e-26,1.0,8.059990631581471e-07,,extended_r1_greedy_order,,Very limited direct protective support; confirmatory testing is a high priority.,0.9985015232047243,0.9999820988333201,0.9999999829764142
2082,Aspergillus cejpii,,Eurotiomycetes,Eurotiales,Trichocomaceae,Ascomycota,False,False,very_sparse_1_4,Very limited (1-4 protective contexts),1,1,0,0,1,False,1.595160252079502e-26,1.0,8.046846656784012e-07,,extended_r1_greedy_order,,Very limited direct protective support; confirmatory testing is a high priority.,0.99850232788939,0.9999821135642278,0.9999999829935873
2083,Aspergillus versicolor,,Eurotiomycetes,Eurotiales,Trichocomaceae,Ascomycota,False,False,very_sparse_1_4,Very limited (1-4 protective contexts),1,1,0,0,1,False,1.5667264260070313e-26,1.0,8.040719940982655e-07,,extended_r1_greedy_order,,Very limited direct protective support; confirmatory testing is a high priority.,0.9985031319613841,0.9999821282784104,0.9999999830107317
2084,Amoeba sp.,,Lobosa,Amoebida,Amoebidae,Protozoa,False,False,very_sparse_1_4,Very limited (1-4 protective contexts),1,1,0,0,1,False,1.5361160558787036e-26,1.0,8.056270572875945e-07,,extended_r1_greedy_order,,Very limited direct protective support; confirmatory testing is a high priority.,0.9985039375884414,0.9999821424701483,0.9999999830261719
2085,Flagellospora curvula,,Sordariomycetes,Hypocreales,Nectriaceae,Ascomycota,False,False,very_sparse_1_4,Very limited (1-4 protective contexts),1,1,0,0,1,False,1.5080296914148803e-26,1.0,7.551497641644644e-07,,extended_r1_greedy_order,,Very limited direct protective support; confirmatory testing is a high priority.,0.9985046927382055,0.9999821564797271,0.9999999830426942
2086,Tricladium splendens,,Leotiomycetes,Helotiales,Helotiaceae,Ascomycota,False,False,very_sparse_1_4,Very limited (1-4 protective contexts),1,1,0,0,1,False,1.4810636363356323e-26,1.0,7.518029672137772e-07,,extended_r1_greedy_order,,Very limited direct protective support; confirmatory testing is a high priority.,0.9985054445411727,0.9999821704220234,0.999999983059124
2087,Heleidomermis magnapapula,,Adenophorea,Mermithida,Mermithidae,Nematoda,False,False,very_sparse_1_4,Very limited (1-4 protective contexts),4,2,1,0,2,False,1.453131344911277e-26,1.0,7.887325337296858e-07,,extended_r1_greedy_order,,Very limited direct protective support; confirmatory testing is a high priority.,0.9985062332737065,0.9999821840748665,0.9999999830735691
2088,Doratomyces sp.,,Sordariomycetes,Microascales,Microascaceae,Ascomycota,False,False,very_sparse_1_4,Very limited (1-4 protective contexts),2,2,0,0,1,False,1.426154329624923e-26,1.0,7.529396456318338e-07,,extended_r1_greedy_order,,Very limited direct protective support; confirmatory testing is a high priority.,0.9985069862133521,0.9999821980423721,0.9999999830900466
2089,Hymenoscyphus tetracladius,,Leotiomycetes,Helotiales,Helotiaceae,Ascomycota,False,False,very_sparse_1_4,Very limited (1-4 protective contexts),1,1,0,0,1,False,1.4004499337845245e-26,1.0,7.456414771178643e-07,,extended_r1_greedy_order,,Very limited direct protective support; confirmatory testing is a high priority.,0.9985077318548292,0.9999822118126264,0.9999999831061507
2090,Parachlorella kessleri,,Trebouxiophyceae,Chlorellales,Chlorellaceae,Chlorophyta,False,False,sparse_5_19,Limited (5-19 protective contexts),7,7,3,0,2,False,1.375001597619249e-26,1.0,7.765729550524014e-07,,extended_r1_greedy_order,,Limited direct protective support; interpret the rank with the reported uncertainty.,0.9985085084277843,0.9999822252197278,0.9999999831200734
2091,Amoeba proteus,,Lobosa,Amoebida,Amoebidae,Protozoa,False,False,sparse_5_19,Limited (5-19 protective contexts),5,5,0,2,1,False,1.3501513795914106e-26,1.0,7.786774697260412e-07,,extended_r1_greedy_order,,Limited direct protective support; interpret the rank with the reported uncertainty.,0.998509287105254,0.9999822385862562,0.9999999831339561
2092,Chaos sp.,,Lobosa,Amoebida,Amoebidae,Protozoa,False,False,very_sparse_1_4,Very limited (1-4 protective contexts),1,1,0,0,1,False,1.3260178849742837e-26,1.0,7.731453148807077e-07,,extended_r1_greedy_order,,Very limited direct protective support; confirmatory testing is a high priority.,0.9985100602505689,0.9999822525538817,0.9999999831497547
2093,Diatoma vulgare,,Fragilariophyceae,Fragilariales,Fragilariaceae,Bacillariophyta,False,False,very_sparse_1_4,Very limited (1-4 protective contexts),1,1,0,11,1,False,1.3011059783759228e-26,1.0,7.675677308194295e-07,,extended_r1_greedy_order,,Very limited direct protective support; confirmatory testing is a high priority.,0.9985108278182997,0.9999822668309385,0.9999999831666643
2094,Tetracladium marchalianum,,Leotiomycetes,Helotiales,nan,Ascomycota,False,False,very_sparse_1_4,Very limited (1-4 protective contexts),3,3,0,3,1,False,1.2774253744246151e-26,1.0,7.500655042624871e-07,,extended_r1_greedy_order,,Very limited direct protective support; confirmatory testing is a high priority.,0.998511577883804,0.9999822807073756,0.9999999831829807
2095,Pseudaegerita matsushimae,,Leotiomycetes,Helotiales,Hyaloscyphaceae,Ascomycota,False,False,very_sparse_1_4,Very limited (1-4 protective contexts),1,1,0,0,1,False,1.2548094045430536e-26,1.0,7.474740094659538e-07,,extended_r1_greedy_order,,Very limited direct protective support; confirmatory testing is a high priority.,0.9985123253578134,0.9999822945420834,0.9999999831992527
2096,Agamermis unka,,Adenophorea,Mermithida,Mermithidae,Nematoda,False,False,very_sparse_1_4,Very limited (1-4 protective contexts),2,2,0,0,1,False,1.2325852533156577e-26,1.0,7.923025693301611e-07,,extended_r1_greedy_order,,Very limited direct protective support; confirmatory testing is a high priority.,0.9985131176603828,0.9999823084318906,0.999999983214323
2097,Prorocentrum micans,,Dinophyceae,Prorocentrales,Prorocentraceae,Pyrrophycophyta,False,False,very_sparse_1_4,Very limited (1-4 protective contexts),1,1,0,0,1,False,1.2104127717987682e-26,1.0,7.615870228905308e-07,,extended_r1_greedy_order,,Very limited direct protective support; confirmatory testing is a high priority.,0.9985138792474056,0.999982322445177,0.999999983230657
2098,Varicosporium elodeae,,Leotiomycetes,Helotiales,Helotiaceae,Ascomycota,False,False,very_sparse_1_4,Very limited (1-4 protective contexts),1,1,0,0,1,False,1.1888517145550448e-26,1.0,7.444589580352101e-07,,extended_r1_greedy_order,,Very limited direct protective support; confirmatory testing is a high priority.,0.9985146237063637,0.9999823361939411,0.9999999832467686
2099,Peranema trichophorum,,Euglenophyceae,Heteronematales,Paranemataceae,Euglenophycota,False,False,very_sparse_1_4,Very limited (1-4 protective contexts),4,4,0,4,1,False,1.1672905778519847e-26,1.0,7.148516250055081e-07,,extended_r1_greedy_order,,Very limited direct protective support; confirmatory testing is a high priority.,0.9985153385579887,0.9999823486588176,0.999999983259942
2100,Platyhypnidium rusciforme,,Bryopsida,Hypnales,Brachytheciaceae,Bryophyta,False,False,very_sparse_1_4,Very limited (1-4 protective contexts),2,1,0,13,1,False,1.1464796450893434e-26,1.0,7.642328637702533e-07,,extended_r1_greedy_order,,Very limited direct protective support; confirmatory testing is a high priority.,0.9985161027908525,0.9999823626820047,0.99999998327626
2101,Articulospora sp.,,Leotiomycetes,Helotiales,Helotiaceae,Ascomycota,False,False,very_sparse_1_4,Very limited (1-4 protective contexts),2,1,0,0,1,False,1.1258663149148643e-26,1.0,7.425452410725342e-07,,extended_r1_greedy_order,,Very limited direct protective support; confirmatory testing is a high priority.,0.9985168453360935,0.9999823763775285,0.999999983292278
2102,Romanomermis iyengari,,Adenophorea,Mermithida,Mermithidae,Nematoda,False,False,very_sparse_1_4,Very limited (1-4 protective contexts),1,1,0,0,1,False,1.1039000053401741e-26,1.0,7.502426772054704e-07,,extended_r1_greedy_order,,Very limited direct protective support; confirmatory testing is a high priority.,0.9985175955787707,0.9999823894494756,0.9999999833061629
2103,Heliscella stellata,,nan,nan,nan,Ascomycota,False,False,very_sparse_1_4,Very limited (1-4 protective contexts),3,3,0,0,1,False,1.0841563430041834e-26,1.0,7.474334210444411e-07,,extended_r1_greedy_order,,Very limited direct protective support; confirmatory testing is a high priority.,0.9985183430121918,0.9999824032372332,0.9999999833223377
2104,Alatospora acuminata,,nan,nan,nan,Ascomycota,False,False,very_sparse_1_4,Very limited (1-4 protective contexts),3,3,0,2,1,False,1.0650281886416664e-26,1.0,7.451566529370623e-07,,extended_r1_greedy_order,,Very limited direct protective support; confirmatory testing is a high priority.,0.9985190881688447,0.9999824169938825,0.9999999833384768
2105,Aeolosoma headleyi,,nan,nan,Aeolosomatidae,Annelida,False,False,sparse_5_19,Limited (5-19 protective contexts),6,6,0,0,2,False,1.0462382519819616e-26,1.0,7.470253814423344e-07,,extended_r1_greedy_order,,Limited direct protective support; interpret the rank with the reported uncertainty.,0.9985198351942262,0.9999824307777023,0.999999983354628
2106,Campylospora chaetocladia,,nan,nan,nan,Ascomycota,False,False,very_sparse_1_4,Very limited (1-4 protective contexts),4,4,0,0,1,False,1.0277837420207875e-26,1.0,7.424272162603884e-07,,extended_r1_greedy_order,,Very limited direct protective support; confirmatory testing is a high priority.,0.9985205776214424,0.9999824444823118,0.9999999833707003
2107,Lunulospora curvula,,nan,nan,nan,Ascomycetes,False,False,sparse_5_19,Limited (5-19 protective contexts),6,6,0,0,1,False,1.009654907665566e-26,1.0,7.418968536176962e-07,,extended_r1_greedy_order,,Limited direct protective support; interpret the rank with the reported uncertainty.,0.998521319518296,0.9999824581720924,0.9999999833867466
2108,Flabellospora sp.,,nan,nan,nan,Ascomycetes,False,False,very_sparse_1_4,Very limited (1-4 protective contexts),2,2,0,0,1,False,9.918458417078376e-27,1.0,7.413371490017084e-07,,extended_r1_greedy_order,,Very limited direct protective support; confirmatory testing is a high priority.,0.998522060855445,0.9999824718466026,0.9999999834027672
2109,Wiesneriomyces javanicus,,nan,nan,nan,Ascomycetes,False,False,very_sparse_1_4,Very limited (1-4 protective contexts),2,2,0,0,1,False,9.743509075177146e-27,1.0,7.408078142034924e-07,,extended_r1_greedy_order,,Very limited direct protective support; confirmatory testing is a high priority.,0.9985228016632592,0.9999824855063247,0.9999999834187622
2110,Alatospora constricta,,nan,nan,nan,Ascomycota,False,False,very_sparse_1_4,Very limited (1-4 protective contexts),1,1,0,2,1,False,9.57164559904529e-27,1.0,7.40238593643916e-07,,extended_r1_greedy_order,,Very limited direct protective support; confirmatory testing is a high priority.,0.9985235419018529,0.9999824991506564,0.9999999834347313
2111,Chordodes nobilii,,nan,Gordioidea,Chordodidae,Nematomorpha,False,False,very_sparse_1_4,Very limited (1-4 protective contexts),1,1,0,0,1,False,9.402813606852236e-27,1.0,7.397102177453263e-07,,extended_r1_greedy_order,,Very limited direct protective support; confirmatory testing is a high priority.,0.9985242816120706,0.999982512780238,0.9999999834506748
2112,Chordodes sp.,,nan,Gordioidea,Chordodidae,Nematomorpha,False,False,very_sparse_1_4,Very limited (1-4 protective contexts),1,1,0,0,2,False,9.236959602226003e-27,1.0,7.391822933744407e-07,,extended_r1_greedy_order,,Very limited direct protective support; confirmatory testing is a high priority.,0.998525020794364,0.9999825263950878,0.9999999834665926
2113,Nattrassia mangiferae,,nan,nan,nan,Ascomycetes,False,False,very_sparse_1_4,Very limited (1-4 protective contexts),2,2,0,1,1,False,9.074031057148447e-27,1.0,7.386548216414823e-07,,extended_r1_greedy_order,,Very limited direct protective support; confirmatory testing is a high priority.,0.9985257594491856,0.9999825399952246,0.9999999834824853
2114,Triaenophorus nodulosus,,Cestoda,nan,nan,Platyhelminthes,False,False,very_sparse_1_4,Very limited (1-4 protective contexts),1,1,0,0,1,False,8.913976370130696e-27,1.0,7.381278009921388e-07,,extended_r1_greedy_order,,Very limited direct protective support; confirmatory testing is a high priority.,0.9985264975769866,0.9999825535806659,0.9999999834983524
2115,Fontinalis antipyretica,,Bryopsida,Isobryales,Fontinalaceae,Bryophyta,False,False,very_sparse_1_4,Very limited (1-4 protective contexts),3,2,1,18,2,False,8.754777279459986e-27,1.0,7.478868677690542e-07,,extended_r1_greedy_order,,Very limited direct protective support; confirmatory testing is a high priority.,0.9985272454638544,0.9999825671578668,0.9999999835138994
2116,Asterias rubens,,Asteroidea,Forcipulatida,Asteriidae,Echinodermata,False,False,very_sparse_1_4,Very limited (1-4 protective contexts),1,1,0,5,1,False,8.598487718840343e-27,1.0,7.370014377672263e-07,,extended_r1_greedy_order,,Very limited direct protective support; confirmatory testing is a high priority.,0.9985279824652922,0.9999825807119969,0.999999983529713
2117,Dictyostelium discoideum,,Dictyosteliomycetes,Dictyosteliales,Dictyosteliaceae,Protozoa,False,False,very_sparse_1_4,Very limited (1-4 protective contexts),1,1,0,0,1,False,8.438964949856264e-27,1.0,7.361538959527181e-07,,extended_r1_greedy_order,,Very limited direct protective support; confirmatory testing is a high priority.,0.9985287186191881,0.9999825942418119,0.9999999835454804
2118,Tachypleus gigas,,Merostomata,Xiphosura,Limulidae,Arthropoda,False,False,very_sparse_1_4,Very limited (1-4 protective contexts),1,1,0,0,1,False,8.289446799181975e-27,1.0,7.293389859830413e-07,,extended_r1_greedy_order,,Very limited direct protective support; confirmatory testing is a high priority.,0.9985294479581741,0.9999826075827186,0.9999999835608893
2119,Romanomermis culicivorax,,Adenophorea,Mermithida,Mermithidae,Nematoda,False,False,sparse_5_19,Limited (5-19 protective contexts),9,7,0,0,1,False,8.142259552219707e-27,1.0,7.641483475984145e-07,,extended_r1_greedy_order,,Limited direct protective support; interpret the rank with the reported uncertainty.,0.9985302121065217,0.9999826205384865,0.999999983573977
2120,Prionchulus punctatus,,Adenophorea,Dorylaimida,Mononchidae,Nematoda,False,False,very_sparse_1_4,Very limited (1-4 protective contexts),2,2,0,0,1,False,7.994826284320001e-27,1.0,7.292238431988451e-07,,extended_r1_greedy_order,,Very limited direct protective support; confirmatory testing is a high priority.,0.9985309413303649,0.999982633613232,0.9999999835885782
2121,Nereis diversicolor,,Errantia,Aciculata,Nereididae,Annelida,False,False,very_sparse_1_4,Very limited (1-4 protective contexts),1,1,0,0,1,False,7.853927425199295e-27,1.0,7.166331272845383e-07,,extended_r1_greedy_order,,Very limited direct protective support; confirmatory testing is a high priority.,0.9985316579634922,0.9999826464386072,0.9999999836029304
2122,Scapania undulata,,Hepatopsida,Jungermanniales,Scapaniaceae,Marchantiophyta,False,False,very_sparse_1_4,Very limited (1-4 protective contexts),2,1,0,18,1,False,7.715420224896924e-27,1.0,7.269965427436631e-07,,extended_r1_greedy_order,,Very limited direct protective support; confirmatory testing is a high priority.,0.9985323849600349,0.9999826597270961,0.9999999836183231
2123,Tobrilus gracilis,,Adenophorea,Enoplida,Tripylidae,Nematoda,False,False,very_sparse_1_4,Very limited (1-4 protective contexts),2,2,0,0,1,False,7.570789156199738e-27,1.0,7.222354292402144e-07,,extended_r1_greedy_order,,Very limited direct protective support; confirmatory testing is a high priority.,0.9985331071954642,0.9999826726342396,0.999999983632659
2124,Dorylaimus stagnalis,,Adenophorea,Dorylaimida,Dorylaimidae,Nematoda,False,False,very_sparse_1_4,Very limited (1-4 protective contexts),2,2,0,0,2,False,7.432303493838068e-27,1.0,7.185132310238984e-07,,extended_r1_greedy_order,,Very limited direct protective support; confirmatory testing is a high priority.,0.9985338257086952,0.9999826854543322,0.999999983646863
2125,Aporcelaimellus obtusicaudatus,,Adenophorea,Dorylaimida,Aporcelaimidae,Nematoda,False,False,very_sparse_1_4,Very limited (1-4 protective contexts),2,2,0,0,1,False,7.300712321255218e-27,1.0,7.173874656540846e-07,,extended_r1_greedy_order,,Very limited direct protective support; confirmatory testing is a high priority.,0.9985345430961609,0.999982698248441,0.9999999836610347
2126,Pythium sp.,,Oomycetes,Pythiales,Pythiaceae,Oomycota,False,False,very_sparse_1_4,Very limited (1-4 protective contexts),2,2,0,0,1,False,7.167324413970355e-27,1.0,7.301006110793651e-07,,extended_r1_greedy_order,,Very limited direct protective support; confirmatory testing is a high priority.,0.9985352731967719,0.9999827116120061,0.9999999836765159
2127,Dictyuchus sterile,,Oomycetes,Saprolegniales,Saprolegniaceae,Oomycota,False,False,very_sparse_1_4,Very limited (1-4 protective contexts),3,2,0,0,1,False,7.018033652293342e-27,1.0,7.283970370197679e-07,,extended_r1_greedy_order,,Very limited direct protective support; confirmatory testing is a high priority.,0.998536001593809,0.9999827249270493,0.9999999836919057
2128,Aphelenchus avenae,,Secernentea,Aphelenchida,Aphelenchidae,Nematoda,False,False,sparse_5_19,Limited (5-19 protective contexts),5,5,0,0,2,False,6.890423739647862e-27,1.0,7.19376826774365e-07,,extended_r1_greedy_order,,Limited direct protective support; interpret the rank with the reported uncertainty.,0.9985367209706357,0.999982737406145,0.9999999837051206
2129,Plectus communis,,Adenophorea,Araeolaimida,Plectidae,Nematoda,False,False,very_sparse_1_4,Very limited (1-4 protective contexts),4,3,0,0,1,False,6.765925761103877e-27,1.0,6.94398769929272e-07,,extended_r1_greedy_order,,Very limited direct protective support; confirmatory testing is a high priority.,0.9985374153694057,0.9999827495598423,0.9999999837181272
2130,Hediste diversicolor,,Errantia,Aciculata,Nereididae,Annelida,False,False,sparse_5_19,Limited (5-19 protective contexts),9,7,2,0,1,False,6.633519383624298e-27,1.0,6.594641698276504e-07,,extended_r1_greedy_order,,Limited direct protective support; interpret the rank with the reported uncertainty.,0.9985380748335755,0.9999827604756515,0.9999999837289981
2131,Meloidogyne incognita,,Secernentea,Tylenchida,Heteroderidae,Nematoda,False,False,very_sparse_1_4,Very limited (1-4 protective contexts),2,1,0,0,1,False,6.516597852514192e-27,1.0,7.138410140772322e-07,,extended_r1_greedy_order,,Very limited direct protective support; confirmatory testing is a high priority.,0.9985387886745896,0.9999827731047874,0.9999999837428373
2132,Globodera rostochiensis,,Secernentea,Tylenchida,Heteroderidae,Nematoda,False,False,very_sparse_1_4,Very limited (1-4 protective contexts),2,2,0,0,1,False,6.400728890169222e-27,1.0,7.030631523630149e-07,,extended_r1_greedy_order,,Very limited direct protective support; confirmatory testing is a high priority.,0.9985394917377419,0.9999827856572897,0.9999999837568289
2133,Anguillicola crassus,,Secernentea,Camallanida,Anguillicolidae,Nematoda,False,False,very_sparse_1_4,Very limited (1-4 protective contexts),2,1,0,0,1,False,6.284646133091888e-27,1.0,7.003922180004452e-07,,extended_r1_greedy_order,,Very limited direct protective support; confirmatory testing is a high priority.,0.9985401921299599,0.9999827980330651,0.9999999837703876
2134,Tylenchus elegans,,Secernentea,Tylenchida,Tylenchidae,Nematoda,False,False,very_sparse_1_4,Very limited (1-4 protective contexts),1,1,0,0,1,False,6.1739768037212264e-27,1.0,6.980840343562278e-07,,extended_r1_greedy_order,,Very limited direct protective support; confirmatory testing is a high priority.,0.9985408902139943,0.999982810275248,0.9999999837836068
2135,Diplogasteritus sp.,,Secernentea,Diplogasterida,Diplogasteridae,Nematoda,False,False,very_sparse_1_4,Very limited (1-4 protective contexts),2,2,0,0,1,False,6.062549227183148e-27,1.0,6.947931284750908e-07,,extended_r1_greedy_order,,Very limited direct protective support; confirmatory testing is a high priority.,0.9985415850071228,0.9999828225037766,0.9999999837968827
2136,Rhabditis sp.,,Secernentea,Rhabditida,Rhabditidae,Nematoda,False,False,very_sparse_1_4,Very limited (1-4 protective contexts),2,2,0,0,1,False,5.956561360584185e-27,1.0,6.939415466700183e-07,,extended_r1_greedy_order,,Very limited direct protective support; confirmatory testing is a high priority.,0.9985422789486694,0.999982834702215,0.9999999838100745
2137,Heterorhabditis sp.,,Secernentea,Rhabditida,Heterorhabditidae,Nematoda,False,False,very_sparse_1_4,Very limited (1-4 protective contexts),3,3,0,0,1,False,5.852945721649487e-27,1.0,7.003014221851345e-07,,extended_r1_greedy_order,,Very limited direct protective support; confirmatory testing is a high priority.,0.9985429792500916,0.9999828469864289,0.9999999838233076
2138,Neoaplectana bibionis,,Secernentea,Rhabditida,Steinernematidae,Nematoda,False,False,very_sparse_1_4,Very limited (1-4 protective contexts),3,3,0,0,1,False,5.7388013394871636e-27,1.0,6.905366340959063e-07,,extended_r1_greedy_order,,Very limited direct protective support; confirmatory testing is a high priority.,0.9985436697867257,0.9999828590303066,0.9999999838361282
2139,Neoaplectana carpocapsae,,Secernentea,Rhabditida,Steinernematidae,Nematoda,False,False,very_sparse_1_4,Very limited (1-4 protective contexts),3,3,0,0,1,False,5.6391898024691214e-27,1.0,6.900584978986046e-07,,extended_r1_greedy_order,,Very limited direct protective support; confirmatory testing is a high priority.,0.9985443598452236,0.9999828710621811,0.9999999838489315
2140,Acrobeloides buetschlii,,Secernentea,Rhabditida,Cephalobidae,Nematoda,False,False,very_sparse_1_4,Very limited (1-4 protective contexts),1,1,0,0,1,False,5.5347172455512854e-27,1.0,6.789031564702341e-07,,extended_r1_greedy_order,,Very limited direct protective support; confirmatory testing is a high priority.,0.9985450387483801,0.9999828828999153,0.9999999838616417
2141,Heterocephalobus pauciannulatus,,Secernentea,Rhabditida,Cephalobidae,Nematoda,False,False,very_sparse_1_4,Very limited (1-4 protective contexts),2,1,0,0,1,False,5.433885016906439e-27,1.0,6.783231624174491e-07,,extended_r1_greedy_order,,Very limited direct protective support; confirmatory testing is a high priority.,0.9985457170715425,0.9999828947225494,0.9999999838743275
2142,Cephalobus persegnis,,Secernentea,Rhabditida,Cephalobidae,Nematoda,False,False,sparse_5_19,Limited (5-19 protective contexts),6,6,0,0,1,False,5.25496945780288e-27,1.0,6.082669512519345e-07,,extended_r1_greedy_order,,Limited direct protective support; interpret the rank with the reported uncertainty.,0.9985463253384937,0.999982905002739,0.9999999838850858
2143,Panagrellus redivivus,,Secernentea,Rhabditida,Panagrolaimidae,Nematoda,False,False,very_sparse_1_4,Very limited (1-4 protective contexts),2,1,0,0,1,False,5.135456078753754e-27,1.0,6.406345434140093e-07,,extended_r1_greedy_order,,Very limited direct protective support; confirmatory testing is a high priority.,0.9985469659730372,0.9999829155645927,0.9999999838953397
2144,Panagrellus silusiae,,Secernentea,Rhabditida,Panagrolaimidae,Nematoda,False,False,sparse_5_19,Limited (5-19 protective contexts),17,7,0,0,2,False,4.882706672501822e-27,1.0,5.624137867643597e-07,,extended_r1_greedy_order,,Limited direct protective support; interpret the rank with the reported uncertainty.,0.9985475283868239,0.9999829243249402,0.9999999839030532
