sequence_basis_target,evaluation_target,measured_tail,panel_size,added_species,expected_capture,coverage_scope,unit
0.95,0.95,lower-5%,1,Gastrophryne carolinensis,0.09503893897030144,frozen_top20,probability
0.95,0.95,lower-5%,2,Neocloeon triangulifer,0.17003810144538814,frozen_top20,probability
0.95,0.95,lower-5%,3,Hyalella azteca,0.23363752336430868,frozen_top20,probability
0.95,0.95,lower-5%,4,Daphnia ambigua,0.2898215453986168,frozen_top20,probability
0.95,0.95,lower-5%,5,Daphnia magna,0.33776433099900055,frozen_top20,probability
0.95,0.95,lower-5%,6,Ceriodaphnia dubia,0.38055265325852106,frozen_top20,probability
0.95,0.95,lower-5%,7,Daphnia pulex,0.41649931252221717,frozen_top20,probability
0.95,0.95,lower-5%,8,Daphnia carinata,0.4489143000023919,frozen_top20,probability
0.95,0.95,lower-5%,9,Gammarus fasciatus,0.4779968805396197,frozen_top20,probability
0.95,0.95,lower-5%,10,Gammarus lacustris,0.5044113657739118,frozen_top20,probability
0.95,0.95,lower-5%,11,Moina macrocopa,0.5280498218566975,frozen_top20,probability
0.95,0.95,lower-5%,12,Gammarus pulex,0.5498050017036321,frozen_top20,probability
0.95,0.95,lower-5%,13,Paratya australiensis,0.5698703402067913,frozen_top20,probability
0.95,0.95,lower-5%,14,Gammarus pseudolimnaeus,0.5883690727207328,frozen_top20,probability
0.95,0.95,lower-5%,15,Ceriodaphnia reticulata,0.6048858556544334,frozen_top20,probability
0.95,0.95,lower-5%,16,Dugesia japonica,0.620042888141143,frozen_top20,probability
0.95,0.95,lower-5%,17,Chironomus dilutus,0.6341231488461421,frozen_top20,probability
0.95,0.95,lower-5%,18,Daphnia similis,0.6473068261121859,frozen_top20,probability
0.95,0.95,lower-5%,19,Echinogammarus tibaldii,0.6596639107355262,frozen_top20,probability
0.95,0.95,lower-5%,20,Gammarus fossarum,0.6712077124278809,frozen_top20,probability
0.95,0.95,lower-5%,21,Margaritifera falcata,0.6821430681264471,extended_prefix_evaluation,probability
0.95,0.95,lower-5%,22,Megalonaias nervosa,0.6923451400567169,extended_prefix_evaluation,probability
0.95,0.95,lower-5%,23,Gammarus italicus,0.7017227342995365,extended_prefix_evaluation,probability
0.95,0.95,lower-5%,24,Gastrophryne olivacea,0.7105820998906659,extended_prefix_evaluation,probability
0.95,0.95,lower-5%,25,Amblema plicata,0.7190020492917559,extended_prefix_evaluation,probability
0.95,0.95,lower-5%,26,Daphnia hyalina,0.7270345340792082,extended_prefix_evaluation,probability
0.95,0.95,lower-5%,27,Ceriodaphnia quadrangula,0.7346488730402667,extended_prefix_evaluation,probability
0.95,0.95,lower-5%,28,Gammarus minus,0.7419357540493149,extended_prefix_evaluation,probability
0.95,0.95,lower-5%,29,Cloeon dipterum,0.7488640563558903,extended_prefix_evaluation,probability
0.95,0.95,lower-5%,30,Daphnia galeata,0.7554767711953184,extended_prefix_evaluation,probability
0.95,0.95,lower-5%,31,Hyalella meinerti,0.7616164464241929,extended_prefix_evaluation,probability
0.95,0.95,lower-5%,32,Ceriodaphnia lacustris,0.767515288521054,extended_prefix_evaluation,probability
0.95,0.95,lower-5%,33,Jordanella floridae,0.7731928902689428,extended_prefix_evaluation,probability
0.95,0.95,lower-5%,34,Lampsilis siliquoidea,0.7786475788414488,extended_prefix_evaluation,probability
0.95,0.95,lower-5%,35,Daphnia parvula,0.7838696589012812,extended_prefix_evaluation,probability
0.95,0.95,lower-5%,36,Chironomus riparius,0.7889238738484644,extended_prefix_evaluation,probability
0.95,0.95,lower-5%,37,Daphnia rosea,0.793774438130728,extended_prefix_evaluation,probability
0.95,0.95,lower-5%,38,Daphnia cephalata,0.7984466189529508,extended_prefix_evaluation,probability
0.95,0.95,lower-5%,39,Daphnia cucullata,0.8029518698652562,extended_prefix_evaluation,probability
0.95,0.95,lower-5%,40,Pteronarcys californica,0.8073310913752205,extended_prefix_evaluation,probability
0.95,0.95,lower-5%,41,Macrobrachium nipponense,0.8115479455368084,extended_prefix_evaluation,probability
0.95,0.95,lower-5%,42,Hyridella australis,0.8155984670803188,extended_prefix_evaluation,probability
0.95,0.95,lower-5%,43,Tanytarsus dissimilis,0.8195128186699503,extended_prefix_evaluation,probability
0.95,0.95,lower-5%,44,Ceriodaphnia cornuta,0.8232347477527144,extended_prefix_evaluation,probability
0.95,0.95,lower-5%,45,Chironomus tentans,0.8268600213987732,extended_prefix_evaluation,probability
0.95,0.95,lower-5%,46,Ceriodaphnia pulchella,0.8303454328582826,extended_prefix_evaluation,probability
0.95,0.95,lower-5%,47,Ceriodaphnia silvestrii,0.8337252046978924,extended_prefix_evaluation,probability
0.95,0.95,lower-5%,48,Daphnia retrocurva,0.8369947194286583,extended_prefix_evaluation,probability
0.95,0.95,lower-5%,49,Daphnia spinulata,0.8401525881963179,extended_prefix_evaluation,probability
0.95,0.95,lower-5%,50,Daphnia gessneri,0.8432089062243852,extended_prefix_evaluation,probability
0.95,0.95,lower-5%,51,Hyalella curvispina,0.8461894949286796,extended_prefix_evaluation,probability
0.95,0.95,lower-5%,52,Hyridella depressa,0.8490885887928137,extended_prefix_evaluation,probability
0.95,0.95,lower-5%,53,Daphnia pulicaria,0.851884749682741,extended_prefix_evaluation,probability
0.95,0.95,lower-5%,54,Hyridella drapeta,0.8546076723786902,extended_prefix_evaluation,probability
0.95,0.95,lower-5%,55,Daphnia sp.,0.8572252587137373,extended_prefix_evaluation,probability
0.95,0.95,lower-5%,56,Daphnia obtusa,0.8597668186486838,extended_prefix_evaluation,probability
0.95,0.95,lower-5%,57,Daphnia longispina,0.8622432827096953,extended_prefix_evaluation,probability
0.95,0.95,lower-5%,58,Thamnocephalus platyurus,0.864643708006987,extended_prefix_evaluation,probability
0.95,0.95,lower-5%,59,Daphnia catawba,0.8669625326785769,extended_prefix_evaluation,probability
0.95,0.95,lower-5%,60,Macrobrachium rosenbergii,0.8692321246142466,extended_prefix_evaluation,probability
0.95,0.95,lower-5%,61,Ceriodaphnia acanthina,0.8714239223501475,extended_prefix_evaluation,probability
0.95,0.95,lower-5%,62,Hyalella sp.,0.873566334788071,extended_prefix_evaluation,probability
0.95,0.95,lower-5%,63,Lithobates pipiens,0.8756427163836819,extended_prefix_evaluation,probability
0.95,0.95,lower-5%,64,Ceriodaphnia rigaudi,0.8776646110035785,extended_prefix_evaluation,probability
0.95,0.95,lower-5%,65,Cucumerunio novaehollandiae,0.8796432183393992,extended_prefix_evaluation,probability
0.95,0.95,lower-5%,66,Palaemonetes kadiakensis,0.8815756299439617,extended_prefix_evaluation,probability
0.95,0.95,lower-5%,67,Daphnia laevis,0.883428110396662,extended_prefix_evaluation,probability
0.95,0.95,lower-5%,68,Macrobrachium lamarrei,0.8852518764147866,extended_prefix_evaluation,probability
0.95,0.95,lower-5%,69,Ceriodaphnia sp.,0.8870223224889032,extended_prefix_evaluation,probability
0.95,0.95,lower-5%,70,Xenopus laevis,0.8887701590048137,extended_prefix_evaluation,probability
0.95,0.95,lower-5%,71,Daphnia similoides,0.8904292651858013,extended_prefix_evaluation,probability
0.95,0.95,lower-5%,72,Nemoura cinerea,0.8920668603868537,extended_prefix_evaluation,probability
0.95,0.95,lower-5%,73,Gammarus sp.,0.8936667973772853,extended_prefix_evaluation,probability
0.95,0.95,lower-5%,74,Gammarus elvirae,0.8952086648046969,extended_prefix_evaluation,probability
0.95,0.95,lower-5%,75,Gammarus roeseli,0.8967142179960554,extended_prefix_evaluation,probability
0.95,0.95,lower-5%,76,Simocephalus vetulus,0.898168694450418,extended_prefix_evaluation,probability
0.95,0.95,lower-5%,77,Aquarana catesbeiana,0.8996005709616018,extended_prefix_evaluation,probability
0.95,0.95,lower-5%,78,Utterbackia imbecillis,0.9009996571561096,extended_prefix_evaluation,probability
0.95,0.95,lower-5%,79,Daphnia lumholtzi,0.9023544038151754,extended_prefix_evaluation,probability
0.95,0.95,lower-5%,80,Moina dubia,0.9036902881930152,extended_prefix_evaluation,probability
0.95,0.95,lower-5%,81,Brachionus calyciflorus,0.905012333465881,extended_prefix_evaluation,probability
0.95,0.95,lower-5%,82,Ceriodaphnia affinis,0.906279269579508,extended_prefix_evaluation,probability
0.95,0.95,lower-5%,83,Asellus aquaticus,0.9075363497000991,extended_prefix_evaluation,probability
0.95,0.95,lower-5%,84,Etheostoma fonticola,0.9087478986606181,extended_prefix_evaluation,probability
0.95,0.95,lower-5%,85,Gammarus orinos,0.9099286793170855,extended_prefix_evaluation,probability
0.95,0.95,lower-5%,86,Baetis rhodani,0.9110868095652667,extended_prefix_evaluation,probability
0.95,0.95,lower-5%,87,Lithobates sylvaticus,0.9122089440589528,extended_prefix_evaluation,probability
0.95,0.95,lower-5%,88,Gammarus limnaeus,0.9133144477797782,extended_prefix_evaluation,probability
0.95,0.95,lower-5%,89,Moina australiensis,0.9143925710417998,extended_prefix_evaluation,probability
0.95,0.95,lower-5%,90,Moina sp.,0.9154410064182809,extended_prefix_evaluation,probability
0.95,0.95,lower-5%,91,Oncorhynchus mykiss,0.9165204027490119,extended_prefix_evaluation,probability
0.95,0.95,lower-5%,92,Aedes vexans,0.9175296192173572,extended_prefix_evaluation,probability
0.95,0.95,lower-5%,93,Physa gyrina,0.9185197331053423,extended_prefix_evaluation,probability
0.95,0.95,lower-5%,94,Gammarus tigrinus,0.919484013406456,extended_prefix_evaluation,probability
0.95,0.95,lower-5%,95,Lymnaea stagnalis,0.9204184579670085,extended_prefix_evaluation,probability
0.95,0.95,lower-5%,96,Moina irrasa,0.9213247386765141,extended_prefix_evaluation,probability
0.95,0.95,lower-5%,97,Alathyria profuga,0.9222146507167114,extended_prefix_evaluation,probability
0.95,0.95,lower-5%,98,Moina rectirostris,0.9230856976007519,extended_prefix_evaluation,probability
0.95,0.95,lower-5%,99,Macrobrachium malcolmsonii,0.9239462300885419,extended_prefix_evaluation,probability
0.95,0.95,lower-5%,100,Chironomus plumosus,0.9247843924229298,extended_prefix_evaluation,probability
0.95,0.95,lower-5%,101,Echinogammarus stammeri,0.9256142087804823,extended_prefix_evaluation,probability
0.95,0.95,lower-5%,102,Hydra oligactis,0.926432230387642,extended_prefix_evaluation,probability
0.95,0.95,lower-5%,103,Gammarus duebeni,0.9272285113502259,extended_prefix_evaluation,probability
0.95,0.95,lower-5%,104,Anopheles quadrimaculatus,0.9280099234707719,extended_prefix_evaluation,probability
0.95,0.95,lower-5%,105,Paratya curvirostris,0.9287775105027832,extended_prefix_evaluation,probability
0.95,0.95,lower-5%,106,Caridina laevis,0.9295295421936011,extended_prefix_evaluation,probability
0.95,0.95,lower-5%,107,Velesunio ambiguus,0.9302654640907126,extended_prefix_evaluation,probability
0.95,0.95,lower-5%,108,Notonecta sp.,0.9309874757850238,extended_prefix_evaluation,probability
0.95,0.95,lower-5%,109,Echinogammarus echinosetosus,0.9316991194465555,extended_prefix_evaluation,probability
0.95,0.95,lower-5%,110,Aedes punctor,0.9323978856075528,extended_prefix_evaluation,probability
0.95,0.95,lower-5%,111,Pteronarcella badia,0.9330868247052769,extended_prefix_evaluation,probability
0.95,0.95,lower-5%,112,Diaptomus sp.,0.9337685265565147,extended_prefix_evaluation,probability
0.95,0.95,lower-5%,113,Ambystoma mexicanum,0.9344334619161853,extended_prefix_evaluation,probability
0.95,0.95,lower-5%,114,Isonychia sp.,0.9350893186667277,extended_prefix_evaluation,probability
0.95,0.95,lower-5%,115,Epioblasma capsaeformis,0.9357331486451612,extended_prefix_evaluation,probability
0.95,0.95,lower-5%,116,Gammarus kischineffensis,0.9363655212078469,extended_prefix_evaluation,probability
0.95,0.95,lower-5%,117,Hexagenia sp.,0.9369908151856936,extended_prefix_evaluation,probability
0.95,0.95,lower-5%,118,Macrobrachium amazonicum,0.9376029793559233,extended_prefix_evaluation,probability
0.95,0.95,lower-5%,119,Salmo trutta,0.9382053639715873,extended_prefix_evaluation,probability
0.95,0.95,lower-5%,120,Macrobrachium superbum,0.9387984486451063,extended_prefix_evaluation,probability
0.95,0.95,lower-5%,121,Simocephalus sp.,0.9393736208730895,extended_prefix_evaluation,probability
0.95,0.95,lower-5%,122,Simocephalus exspinosus,0.9399403438611686,extended_prefix_evaluation,probability
0.95,0.95,lower-5%,123,Dugesia lugubris,0.9405170611063874,extended_prefix_evaluation,probability
0.95,0.95,lower-5%,124,Macrobrachium carcinus,0.941076250055475,extended_prefix_evaluation,probability
0.95,0.95,lower-5%,125,Palaemonetes argentinus,0.9416254328042931,extended_prefix_evaluation,probability
0.95,0.95,lower-5%,126,Echinogammarus meridionalis,0.9421646108737375,extended_prefix_evaluation,probability
0.95,0.95,lower-5%,127,Hyla chrysoscelis,0.9426937769415878,extended_prefix_evaluation,probability
0.95,0.95,lower-5%,128,Macrobrachium lar,0.9432167686393398,extended_prefix_evaluation,probability
0.95,0.95,lower-5%,129,Macrobrachium lanchesteri,0.9437320916425258,extended_prefix_evaluation,probability
0.95,0.95,lower-5%,130,Palaemonetes africanus,0.9442402616834212,extended_prefix_evaluation,probability
0.95,0.95,lower-5%,131,Macrobrachium ferreirai,0.9447395214913495,extended_prefix_evaluation,probability
0.95,0.95,lower-5%,132,Macrobrachium naso,0.9452256434769899,extended_prefix_evaluation,probability
0.95,0.95,lower-5%,133,Macrobrachium sp.,0.9457039224676955,extended_prefix_evaluation,probability
0.95,0.95,lower-5%,134,Caridina rajadhari,0.9461764868011311,extended_prefix_evaluation,probability
0.95,0.95,lower-5%,135,Echinogammarus berilloni,0.9466415709460567,extended_prefix_evaluation,probability
0.95,0.95,lower-5%,136,Margaritifera margaritifera,0.9471013429603886,extended_prefix_evaluation,probability
0.95,0.95,lower-5%,137,Oryzias latipes,0.9475550656925731,extended_prefix_evaluation,probability
0.95,0.95,lower-5%,138,Palaemonetes vulgaris,0.9480072252384278,extended_prefix_evaluation,probability
0.95,0.95,lower-5%,139,Aedes sticticus,0.9484454876512685,extended_prefix_evaluation,probability
0.95,0.95,lower-5%,140,Planorbella trivolvis,0.9488788893807388,extended_prefix_evaluation,probability
0.95,0.95,lower-5%,141,Simocephalus mixtus,0.9492924878687341,extended_prefix_evaluation,probability
0.95,0.95,lower-5%,142,Marisa cornuarietis,0.9497140545194056,extended_prefix_evaluation,probability
0.95,0.95,lower-5%,143,Aedes cantans,0.950126221857035,extended_prefix_evaluation,probability
0.95,0.95,lower-5%,144,Macrobrachium hendersodayanus,0.9505315909464427,extended_prefix_evaluation,probability
0.95,0.95,lower-5%,145,Palaemonetes varians,0.9509329476266446,extended_prefix_evaluation,probability
0.95,0.95,lower-5%,146,Lampsilis fasciola,0.9513286097813427,extended_prefix_evaluation,probability
0.95,0.95,lower-5%,147,Culiseta annulata,0.9517184315454458,extended_prefix_evaluation,probability
0.95,0.95,lower-5%,148,Lecane quadridentata,0.9521071136813967,extended_prefix_evaluation,probability
0.95,0.95,lower-5%,149,Culex quinquefasciatus,0.9524875888255949,extended_prefix_evaluation,probability
0.95,0.95,lower-5%,150,Caridina sp.,0.9528629434475021,extended_prefix_evaluation,probability
0.95,0.95,lower-5%,151,Simocephalus serrulatus,0.9532206507363418,extended_prefix_evaluation,probability
0.95,0.95,lower-5%,152,Caridina weberi,0.9535858621845801,extended_prefix_evaluation,probability
0.95,0.95,lower-5%,153,Lepomis macrochirus,0.9539638472394635,extended_prefix_evaluation,probability
0.95,0.95,lower-5%,154,Anodonta imbecillis,0.9543177918566135,extended_prefix_evaluation,probability
0.95,0.95,lower-5%,155,Macrobrachium kistnensis,0.9546659946696378,extended_prefix_evaluation,probability
0.95,0.95,lower-5%,156,Hydra vulgaris,0.9550139198925977,extended_prefix_evaluation,probability
0.95,0.95,lower-5%,157,Chironomus xanthus,0.9553450363361469,extended_prefix_evaluation,probability
0.95,0.95,lower-5%,158,Caridina indistincta,0.9556825861864571,extended_prefix_evaluation,probability
0.95,0.95,lower-5%,159,Aedes aegypti,0.9560190860035681,extended_prefix_evaluation,probability
0.95,0.95,lower-5%,160,Chironomus sp.,0.9563377938277904,extended_prefix_evaluation,probability
0.95,0.95,lower-5%,161,Palaemonetes paludosus,0.9566633976425112,extended_prefix_evaluation,probability
0.95,0.95,lower-5%,162,Moina micrura,0.9569824733616885,extended_prefix_evaluation,probability
0.95,0.95,lower-5%,163,Cottus bairdi,0.957298876130826,extended_prefix_evaluation,probability
0.95,0.95,lower-5%,164,Cottus confusus,0.9576105167437783,extended_prefix_evaluation,probability
0.95,0.95,lower-5%,165,Brachionus rubens,0.957919273715135,extended_prefix_evaluation,probability
0.95,0.95,lower-5%,166,Aedes taeniorhynchus,0.9582171723935865,extended_prefix_evaluation,probability
0.95,0.95,lower-5%,167,Esox lucius,0.958516004898486,extended_prefix_evaluation,probability
0.95,0.95,lower-5%,168,Perca flavescens,0.9588107003615037,extended_prefix_evaluation,probability
0.95,0.95,lower-5%,169,Ictalurus punctatus,0.9591069762962499,extended_prefix_evaluation,probability
0.95,0.95,lower-5%,170,Corixa punctata,0.959391980016667,extended_prefix_evaluation,probability
0.95,0.95,lower-5%,171,Chironomus stigmaterus,0.959663510380005,extended_prefix_evaluation,probability
0.95,0.95,lower-5%,172,Physalaemus cuvieri,0.9599473799441752,extended_prefix_evaluation,probability
0.95,0.95,lower-5%,173,Ameiurus melas,0.9602262861176133,extended_prefix_evaluation,probability
0.95,0.95,lower-5%,174,Macrobrachium dayanum,0.9604980924775834,extended_prefix_evaluation,probability
0.95,0.95,lower-5%,175,Lecane lunaris,0.9607702382363257,extended_prefix_evaluation,probability
0.95,0.95,lower-5%,176,Lecane closterocerca,0.9610395791178383,extended_prefix_evaluation,probability
0.95,0.95,lower-5%,177,Lecane bulla,0.9613061993216527,extended_prefix_evaluation,probability
0.95,0.95,lower-5%,178,Myriophyllum spicatum,0.9615682935871739,extended_prefix_evaluation,probability
0.95,0.95,lower-5%,179,Chironomus piger,0.9618162680927942,extended_prefix_evaluation,probability
0.95,0.95,lower-5%,180,Chironomus maddeni,0.9620611519317759,extended_prefix_evaluation,probability
0.95,0.95,lower-5%,181,Chironomus luridus,0.9623036212749875,extended_prefix_evaluation,probability
0.95,0.95,lower-5%,182,Puntius sophore,0.9625535439542744,extended_prefix_evaluation,probability
0.95,0.95,lower-5%,183,Hydra americana,0.9628028812625864,extended_prefix_evaluation,probability
0.95,0.95,lower-5%,184,Chironomus ramosus,0.9630376807261085,extended_prefix_evaluation,probability
0.95,0.95,lower-5%,185,Pimephales promelas,0.9632908902939685,extended_prefix_evaluation,probability
0.95,0.95,lower-5%,186,Hyla versicolor,0.9635270624521651,extended_prefix_evaluation,probability
0.95,0.95,lower-5%,187,Moinodaphnia macleayi,0.9637632104139349,extended_prefix_evaluation,probability
0.95,0.95,lower-5%,188,Lumbriculus variegatus,0.9640019534731796,extended_prefix_evaluation,probability
0.95,0.95,lower-5%,189,Caridina nilotica,0.9642361409936936,extended_prefix_evaluation,probability
0.95,0.95,lower-5%,190,Scapholeberis microcephala,0.9644567969470952,extended_prefix_evaluation,probability
0.95,0.95,lower-5%,191,Sander vitreus,0.9646861440550286,extended_prefix_evaluation,probability
0.95,0.95,lower-5%,192,Scapholeberis kingi,0.9649025456761336,extended_prefix_evaluation,probability
0.95,0.95,lower-5%,193,Pteronarcys comstocki,0.9651254377188566,extended_prefix_evaluation,probability
0.95,0.95,lower-5%,194,Ischnura elegans,0.9653466607474018,extended_prefix_evaluation,probability
0.95,0.95,lower-5%,195,Chironomus anthracinus,0.9655552210361259,extended_prefix_evaluation,probability
0.95,0.95,lower-5%,196,Bufo americanus,0.9657710183629836,extended_prefix_evaluation,probability
0.95,0.95,lower-5%,197,Culex tarsalis,0.9659805571153947,extended_prefix_evaluation,probability
0.95,0.95,lower-5%,198,Lampsilis rafinesqueana,0.966191900882994,extended_prefix_evaluation,probability
0.95,0.95,lower-5%,199,Lemna minor,0.9664025371537078,extended_prefix_evaluation,probability
0.95,0.95,lower-5%,200,Simulium vittatum,0.9666105512941906,extended_prefix_evaluation,probability
0.95,0.95,lower-5%,201,Chironomus crassiforceps,0.9668045243093257,extended_prefix_evaluation,probability
0.95,0.95,lower-5%,202,Ambystoma jeffersonianum,0.9670049347793718,extended_prefix_evaluation,probability
0.95,0.95,lower-5%,203,Chironomus attenuatus,0.9671956387348497,extended_prefix_evaluation,probability
0.95,0.95,lower-5%,204,Tanytarsus sp.,0.9673922506382407,extended_prefix_evaluation,probability
0.95,0.95,lower-5%,205,Myriophyllum sp.,0.9675909117817049,extended_prefix_evaluation,probability
0.95,0.95,lower-5%,206,Elodea canadensis,0.9677894405727467,extended_prefix_evaluation,probability
0.95,0.95,lower-5%,207,Chironomus utahensis,0.967972997166988,extended_prefix_evaluation,probability
0.95,0.95,lower-5%,208,Lecane inermis,0.9681667730784725,extended_prefix_evaluation,probability
0.95,0.95,lower-5%,209,Villosa iris,0.9683559936178834,extended_prefix_evaluation,probability
0.95,0.95,lower-5%,210,Pteronarcys sp.,0.9685437618748612,extended_prefix_evaluation,probability
0.95,0.95,lower-5%,211,Myriophyllum sibiricum,0.9687316562117387,extended_prefix_evaluation,probability
0.95,0.95,lower-5%,212,Lampsilis sp.,0.9689154968424409,extended_prefix_evaluation,probability
0.95,0.95,lower-5%,213,Oncorhynchus kisutch,0.9690987387663672,extended_prefix_evaluation,probability
0.95,0.95,lower-5%,214,Macrobrachium rude,0.9692787360991368,extended_prefix_evaluation,probability
0.95,0.95,lower-5%,215,Dreissena polymorpha,0.9694598541668246,extended_prefix_evaluation,probability
0.95,0.95,lower-5%,216,Lithobates sphenocephalus,0.9696331117272975,extended_prefix_evaluation,probability
0.95,0.95,lower-5%,217,Chironomus yoshimatsui,0.9697982654418862,extended_prefix_evaluation,probability
0.95,0.95,lower-5%,218,Scapholeberis mucronata,0.969967271788928,extended_prefix_evaluation,probability
0.95,0.95,lower-5%,219,Hydropsyche sp.,0.9701386799978855,extended_prefix_evaluation,probability
0.95,0.95,lower-5%,220,Actinonaias pectorosa,0.9703098676487844,extended_prefix_evaluation,probability
0.95,0.95,lower-5%,221,Paratanytarsus parthenogeneticus,0.9704745557189365,extended_prefix_evaluation,probability
0.95,0.95,lower-5%,222,Potamopyrgus antipodarum,0.970641733666482,extended_prefix_evaluation,probability
0.95,0.95,lower-5%,223,Dugesia gonocephala,0.9708117934827355,extended_prefix_evaluation,probability
0.95,0.95,lower-5%,224,Chironomus zealandicus,0.9709649786908868,extended_prefix_evaluation,probability
0.95,0.95,lower-5%,225,Salvelinus namaycush,0.9711269407342715,extended_prefix_evaluation,probability
0.95,0.95,lower-5%,226,Acipenser transmontanus,0.9712904954286358,extended_prefix_evaluation,probability
0.95,0.95,lower-5%,227,Ambystoma maculatum,0.9714490990901234,extended_prefix_evaluation,probability
0.95,0.95,lower-5%,228,Rutilus rutilus,0.9716106534117745,extended_prefix_evaluation,probability
0.95,0.95,lower-5%,229,Alonella sp.,0.9717649064276809,extended_prefix_evaluation,probability
0.95,0.95,lower-5%,230,Pteronarcys dorsata,0.9719196410461849,extended_prefix_evaluation,probability
0.95,0.95,lower-5%,231,Lithobates palustris,0.9720670518608594,extended_prefix_evaluation,probability
0.95,0.95,lower-5%,232,Dugesia bengalensis,0.9722235565989078,extended_prefix_evaluation,probability
0.95,0.95,lower-5%,233,Dugesia schubarti,0.9723787186841878,extended_prefix_evaluation,probability
0.95,0.95,lower-5%,234,Hyla squirella,0.9725267519989204,extended_prefix_evaluation,probability
0.95,0.95,lower-5%,235,Baetis pygmaeus,0.9726749296645296,extended_prefix_evaluation,probability
0.95,0.95,lower-5%,236,Lecane luna,0.972825447276986,extended_prefix_evaluation,probability
0.95,0.95,lower-5%,237,Corbicula fluminea,0.9729738447315488,extended_prefix_evaluation,probability
0.95,0.95,lower-5%,238,Salmo salar,0.9731159614199492,extended_prefix_evaluation,probability
0.95,0.95,lower-5%,239,Orconectes nais,0.9732622173550508,extended_prefix_evaluation,probability
0.95,0.95,lower-5%,240,Chironomus crassicaudatus,0.9733932693845474,extended_prefix_evaluation,probability
0.95,0.95,lower-5%,241,Sander sp.,0.9735345428874603,extended_prefix_evaluation,probability
0.95,0.95,lower-5%,242,Salvelinus curilus,0.9736691564445074,extended_prefix_evaluation,probability
0.95,0.95,lower-5%,243,Oncorhynchus clarkii,0.9738049961078519,extended_prefix_evaluation,probability
0.95,0.95,lower-5%,244,Salvelinus sp.,0.9739375273541395,extended_prefix_evaluation,probability
0.95,0.95,lower-5%,245,Aedes albopictus,0.9740723887826842,extended_prefix_evaluation,probability
0.95,0.95,lower-5%,246,Cloeon sp.,0.9742068548966571,extended_prefix_evaluation,probability
0.95,0.95,lower-5%,247,Caridina africana,0.9743419044466138,extended_prefix_evaluation,probability
0.95,0.95,lower-5%,248,Aedes communis,0.9744718604273988,extended_prefix_evaluation,probability
0.95,0.95,lower-5%,249,Pseudacris regilla,0.9746025355171692,extended_prefix_evaluation,probability
0.95,0.95,lower-5%,250,Culex tritaeniorhynchus,0.9747280876215164,extended_prefix_evaluation,probability
0.95,0.95,lower-5%,251,Americamysis bahia,0.9748587708636969,extended_prefix_evaluation,probability
0.95,0.95,lower-5%,252,Hexagenia bilineata,0.9749875544053733,extended_prefix_evaluation,probability
0.95,0.95,lower-5%,253,Hyla intermedia,0.9751146882501739,extended_prefix_evaluation,probability
0.95,0.95,lower-5%,254,Myriophyllum alterniflorum,0.9752422708950548,extended_prefix_evaluation,probability
0.95,0.95,lower-5%,255,Oncorhynchus tshawytscha,0.975366422576584,extended_prefix_evaluation,probability
0.95,0.95,lower-5%,256,Hydra littoralis,0.9754927513443515,extended_prefix_evaluation,probability
0.95,0.95,lower-5%,257,Etheostoma flabellare,0.9756166191628667,extended_prefix_evaluation,probability
0.95,0.95,lower-5%,258,Hyla japonica,0.9757362455609708,extended_prefix_evaluation,probability
0.95,0.95,lower-5%,259,Cyprinus carpio,0.9758638010384033,extended_prefix_evaluation,probability
0.95,0.95,lower-5%,260,Chironomus tepperi,0.9759727973743728,extended_prefix_evaluation,probability
0.95,0.95,lower-5%,261,Leptodora kindtii,0.9760885499219054,extended_prefix_evaluation,probability
0.95,0.95,lower-5%,262,Hyla cinerea,0.9762038901563289,extended_prefix_evaluation,probability
0.95,0.95,lower-5%,263,Procladius sp.,0.9763163426644899,extended_prefix_evaluation,probability
0.95,0.95,lower-5%,264,Xenopus tropicalis,0.976432311724572,extended_prefix_evaluation,probability
0.95,0.95,lower-5%,265,Asellus sp.,0.9765478273264326,extended_prefix_evaluation,probability
0.95,0.95,lower-5%,266,Hydra sp.,0.9766643718622299,extended_prefix_evaluation,probability
0.95,0.95,lower-5%,267,Notonecta unifasciata,0.9767764512005362,extended_prefix_evaluation,probability
0.95,0.95,lower-5%,268,Dugesia etrusca,0.9768931877230909,extended_prefix_evaluation,probability
0.95,0.95,lower-5%,269,Hexagenia limbata,0.9770046943565345,extended_prefix_evaluation,probability
0.95,0.95,lower-5%,270,Nemoura sp.,0.9771140923537284,extended_prefix_evaluation,probability
0.95,0.95,lower-5%,271,Hyla femoralis,0.977221432707426,extended_prefix_evaluation,probability
0.95,0.95,lower-5%,272,Lampsilis teres,0.9773299877313554,extended_prefix_evaluation,probability
0.95,0.95,lower-5%,273,Cirrhinus mrigala,0.9774401960036921,extended_prefix_evaluation,probability
0.95,0.95,lower-5%,274,Culex pipiens,0.9775443927459235,extended_prefix_evaluation,probability
0.95,0.95,lower-5%,275,Etheostoma nigrum,0.9776516378105194,extended_prefix_evaluation,probability
0.95,0.95,lower-5%,276,Caecidotea brevicauda,0.9777590275237122,extended_prefix_evaluation,probability
0.95,0.95,lower-5%,277,Lepomis humilis,0.9778616555429419,extended_prefix_evaluation,probability
0.95,0.95,lower-5%,278,Gobiocypris rarus,0.9779658065666049,extended_prefix_evaluation,probability
0.95,0.95,lower-5%,279,Chaoborus crystallinus,0.9780680453708533,extended_prefix_evaluation,probability
0.95,0.95,lower-5%,280,Diaptomus leptopus,0.9781732893491982,extended_prefix_evaluation,probability
0.95,0.95,lower-5%,281,Hesperoperla pacifica,0.9782752693264697,extended_prefix_evaluation,probability
0.95,0.95,lower-5%,282,Oncorhynchus gilae,0.9783677586293359,extended_prefix_evaluation,probability
0.95,0.95,lower-5%,283,Chironomus decorus,0.9784568678977807,extended_prefix_evaluation,probability
0.95,0.95,lower-5%,284,Hydra viridissima,0.978559249150032,extended_prefix_evaluation,probability
0.95,0.95,lower-5%,285,Lymnaea sp.,0.9786589825072035,extended_prefix_evaluation,probability
0.95,0.95,lower-5%,286,Heptagenia sulphurea,0.9787572311649305,extended_prefix_evaluation,probability
0.95,0.95,lower-5%,287,Salvelinus fontinalis,0.9788536538553568,extended_prefix_evaluation,probability
0.95,0.95,lower-5%,288,Epioblasma triquetra,0.9789501897037166,extended_prefix_evaluation,probability
0.95,0.95,lower-5%,289,Nais elinguis,0.9790510437067302,extended_prefix_evaluation,probability
0.95,0.95,lower-5%,290,Chironomus javanus,0.9791345666295764,extended_prefix_evaluation,probability
0.95,0.95,lower-5%,291,Lampsilis cardium,0.9792289980863613,extended_prefix_evaluation,probability
0.95,0.95,lower-5%,292,Epioblasma rangiana,0.979322837239146,extended_prefix_evaluation,probability
0.95,0.95,lower-5%,293,Lithobates berlandieri,0.9794086162242773,extended_prefix_evaluation,probability
0.95,0.95,lower-5%,294,Poecilia reticulata,0.9794980581850641,extended_prefix_evaluation,probability
0.95,0.95,lower-5%,295,Notonecta glauca,0.9795895403199969,extended_prefix_evaluation,probability
0.95,0.95,lower-5%,296,Lampsilis abrupta,0.9796807410726255,extended_prefix_evaluation,probability
0.95,0.95,lower-5%,297,Rana temporaria,0.9797676598285012,extended_prefix_evaluation,probability
0.95,0.95,lower-5%,298,Physa fontinalis,0.9798585681594965,extended_prefix_evaluation,probability
0.95,0.95,lower-5%,299,Cyprinodon variegatus,0.9799481903026954,extended_prefix_evaluation,probability
0.95,0.95,lower-5%,300,Rana cascadae,0.9800322410225792,extended_prefix_evaluation,probability
0.95,0.95,lower-5%,301,Baetis sp.,0.9801217438458959,extended_prefix_evaluation,probability
0.95,0.95,lower-5%,302,Aedes excrucians,0.9802062758589565,extended_prefix_evaluation,probability
0.95,0.95,lower-5%,303,Danio rerio,0.9802998012815459,extended_prefix_evaluation,probability
0.95,0.95,lower-5%,304,Physa heterostropha,0.9803868200810859,extended_prefix_evaluation,probability
0.95,0.95,lower-5%,305,Culex gelidus,0.9804668530574934,extended_prefix_evaluation,probability
0.95,0.95,lower-5%,306,Canthocamptus sp.,0.980555531177435,extended_prefix_evaluation,probability
0.95,0.95,lower-5%,307,Brachionus caudatus,0.980641980576564,extended_prefix_evaluation,probability
0.95,0.95,lower-5%,308,Aedes epactius,0.980722893553376,extended_prefix_evaluation,probability
0.95,0.95,lower-5%,309,Tallaperla maria,0.980805217301831,extended_prefix_evaluation,probability
0.95,0.95,lower-5%,310,Aedes vigilax,0.9808852525806531,extended_prefix_evaluation,probability
0.95,0.95,lower-5%,311,Aedes funereus,0.9809641449602701,extended_prefix_evaluation,probability
0.95,0.95,lower-5%,312,Lithobates blairi,0.9810381061010714,extended_prefix_evaluation,probability
0.95,0.95,lower-5%,313,Aedes cantator,0.981115879444641,extended_prefix_evaluation,probability
0.95,0.95,lower-5%,314,Aedes notoscriptus,0.9811930831365374,extended_prefix_evaluation,probability
0.95,0.95,lower-5%,315,Aedes sp.,0.9812697814028986,extended_prefix_evaluation,probability
0.95,0.95,lower-5%,316,Aedes euedes,0.9813460105465213,extended_prefix_evaluation,probability
0.95,0.95,lower-5%,317,Notonecta maculata,0.9814236783307916,extended_prefix_evaluation,probability
0.95,0.95,lower-5%,318,Oncorhynchus nerka,0.9814995286384559,extended_prefix_evaluation,probability
0.95,0.95,lower-5%,319,Lithobates clamitans,0.9815701407546001,extended_prefix_evaluation,probability
0.95,0.95,lower-5%,320,Aedes koreicus,0.9816444614994176,extended_prefix_evaluation,probability
0.95,0.95,lower-5%,321,Micropterus salmoides,0.9817246784316984,extended_prefix_evaluation,probability
0.95,0.95,lower-5%,322,Aedes diantaeus,0.9817978986775762,extended_prefix_evaluation,probability
0.95,0.95,lower-5%,323,Aedes fitchii,0.9818706478109104,extended_prefix_evaluation,probability
0.95,0.95,lower-5%,324,Aedes abserratus,0.98194295664551,extended_prefix_evaluation,probability
0.95,0.95,lower-5%,325,Aedes provocans,0.9820148328478459,extended_prefix_evaluation,probability
0.95,0.95,lower-5%,326,Oncorhynchus keta,0.9820860697740725,extended_prefix_evaluation,probability
0.95,0.95,lower-5%,327,Leptodea fragilis,0.9821598153790465,extended_prefix_evaluation,probability
0.95,0.95,lower-5%,328,Aplexa hypnorum,0.9822343501144585,extended_prefix_evaluation,probability
0.95,0.95,lower-5%,329,Ambystoma texanum,0.9823052075830331,extended_prefix_evaluation,probability
0.95,0.95,lower-5%,330,Chaoborus sp.,0.9823764169809681,extended_prefix_evaluation,probability
0.95,0.95,lower-5%,331,Notonecta undulata,0.982447185340075,extended_prefix_evaluation,probability
0.95,0.95,lower-5%,332,Hyla meridionalis,0.982515974540017,extended_prefix_evaluation,probability
0.95,0.95,lower-5%,333,Culex vagans,0.982581023490515,extended_prefix_evaluation,probability
0.95,0.95,lower-5%,334,Ambystoma sp.,0.9826500695447774,extended_prefix_evaluation,probability
0.95,0.95,lower-5%,335,Oncorhynchus gorbuscha,0.9827163503405059,extended_prefix_evaluation,probability
0.95,0.95,lower-5%,336,Etheostoma spectabile,0.9827870864968982,extended_prefix_evaluation,probability
0.95,0.95,lower-5%,337,Diaptomus forbesi,0.9828591480826733,extended_prefix_evaluation,probability
0.95,0.95,lower-5%,338,Aedes caspius,0.9829248101858173,extended_prefix_evaluation,probability
0.95,0.95,lower-5%,339,Aedes cinereus,0.982989899779927,extended_prefix_evaluation,probability
0.95,0.95,lower-5%,340,Lepomis cyanellus,0.9830590011603686,extended_prefix_evaluation,probability
0.95,0.95,lower-5%,341,Culex alpicalis,0.9831205723419579,extended_prefix_evaluation,probability
0.95,0.95,lower-5%,342,Culex annulirostris,0.9831820795882855,extended_prefix_evaluation,probability
0.95,0.95,lower-5%,343,Rana arvalis,0.9832437909595927,extended_prefix_evaluation,probability
0.95,0.95,lower-5%,344,Chaoborus punctipennis,0.9833085385140353,extended_prefix_evaluation,probability
0.95,0.95,lower-5%,345,Anacystis aeruginosa,0.9833761165193866,extended_prefix_evaluation,probability
0.95,0.95,lower-5%,346,Myriophyllum aquaticum,0.9834432289672018,extended_prefix_evaluation,probability
0.95,0.95,lower-5%,347,Ambystoma tigrinum,0.9835069993315938,extended_prefix_evaluation,probability
0.95,0.95,lower-5%,348,Chaoborus astictopus,0.9835700527784786,extended_prefix_evaluation,probability
0.95,0.95,lower-5%,349,Culex salinarius,0.9836284377611024,extended_prefix_evaluation,probability
0.95,0.95,lower-5%,350,Aedes cyprius,0.9836893060307627,extended_prefix_evaluation,probability
0.95,0.95,lower-5%,351,Ambystoma macrodactylum,0.9837516971621197,extended_prefix_evaluation,probability
0.95,0.95,lower-5%,352,Culex restuans,0.9838093143699421,extended_prefix_evaluation,probability
0.95,0.95,lower-5%,353,Chaoborus americanus,0.9838705432846127,extended_prefix_evaluation,probability
0.95,0.95,lower-5%,354,Lithobates grylio,0.9839257006503506,extended_prefix_evaluation,probability
0.95,0.95,lower-5%,355,Aedes atropalpus,0.9839845276216688,extended_prefix_evaluation,probability
0.95,0.95,lower-5%,356,Micropterus dolomieu,0.9840484119310586,extended_prefix_evaluation,probability
0.95,0.95,lower-5%,357,Rana luteiventris,0.9841044766769624,extended_prefix_evaluation,probability
0.95,0.95,lower-5%,358,Aedes togoi,0.9841622133220667,extended_prefix_evaluation,probability
0.95,0.95,lower-5%,359,Aedes sollicitans,0.9842196461145043,extended_prefix_evaluation,probability
0.95,0.95,lower-5%,360,Lecane hamata,0.9842828663753714,extended_prefix_evaluation,probability
0.95,0.95,lower-5%,361,Rana muscosa,0.9843376264291602,extended_prefix_evaluation,probability
0.95,0.95,lower-5%,362,Hydropsyche siltalai,0.9843947547960358,extended_prefix_evaluation,probability
0.95,0.95,lower-5%,363,Gasterosteus aculeatus,0.9844560623301986,extended_prefix_evaluation,probability
0.95,0.95,lower-5%,364,Drunella grandis,0.9845139947729229,extended_prefix_evaluation,probability
0.95,0.95,lower-5%,365,Aedes canadensis,0.9845692247055048,extended_prefix_evaluation,probability
0.95,0.95,lower-5%,366,Faxonius rusticus,0.9846294951707429,extended_prefix_evaluation,probability
0.95,0.95,lower-5%,367,Aedes trivittatus,0.9846840432823668,extended_prefix_evaluation,probability
0.95,0.95,lower-5%,368,Diaptomus clavipes,0.984744141816147,extended_prefix_evaluation,probability
0.95,0.95,lower-5%,369,Paratanytarsus dissimilis,0.9847952378364894,extended_prefix_evaluation,probability
0.95,0.95,lower-5%,370,Culex melanurus,0.98484608600279,extended_prefix_evaluation,probability
0.95,0.95,lower-5%,371,Paratanytarsus sp.,0.9848966530971567,extended_prefix_evaluation,probability
0.95,0.95,lower-5%,372,Streptocephalus seali,0.9849493553316863,extended_prefix_evaluation,probability
0.95,0.95,lower-5%,373,Anaxyrus boreas,0.9850041870151743,extended_prefix_evaluation,probability
0.95,0.95,lower-5%,374,Perca sp.,0.9850603857908222,extended_prefix_evaluation,probability
0.95,0.95,lower-5%,375,Culex vishnui,0.9851095387074547,extended_prefix_evaluation,probability
0.95,0.95,lower-5%,376,Glyptotendipes paripes,0.9851592125486885,extended_prefix_evaluation,probability
0.95,0.95,lower-5%,377,Lithobates heckscheri,0.9852065451448223,extended_prefix_evaluation,probability
0.95,0.95,lower-5%,378,Notonecta indica,0.9852592641583132,extended_prefix_evaluation,probability
0.95,0.95,lower-5%,379,Brachionus havanaensis,0.9853150834139831,extended_prefix_evaluation,probability
0.95,0.95,lower-5%,380,Rana limnocharis,0.985363578184672,extended_prefix_evaluation,probability
0.95,0.95,lower-5%,381,Brachionus plicatilis,0.9854188692112306,extended_prefix_evaluation,probability
0.95,0.95,lower-5%,382,Culex peus,0.9854659491312551,extended_prefix_evaluation,probability
0.95,0.95,lower-5%,383,Aedes stimulans,0.9855155251988358,extended_prefix_evaluation,probability
0.95,0.95,lower-5%,384,Hydropsyche bulbifera,0.9855651939554744,extended_prefix_evaluation,probability
0.95,0.95,lower-5%,385,Velesunio angasi,0.985619298666727,extended_prefix_evaluation,probability
0.95,0.95,lower-5%,386,Hydropsyche lobata,0.9856684404980585,extended_prefix_evaluation,probability
0.95,0.95,lower-5%,387,Poecilia sphenops,0.9857123500052706,extended_prefix_evaluation,probability
0.95,0.95,lower-5%,388,Rana sp.,0.9857582815963994,extended_prefix_evaluation,probability
0.95,0.95,lower-5%,389,Streptocephalus dichotomus,0.985805486703951,extended_prefix_evaluation,probability
0.95,0.95,lower-5%,390,Claassenia sabulosa,0.9858552784492691,extended_prefix_evaluation,probability
0.95,0.95,lower-5%,391,Etheostoma caeruleum,0.9859062383909885,extended_prefix_evaluation,probability
0.95,0.95,lower-5%,392,Rana chensinensis,0.9859509596296339,extended_prefix_evaluation,probability
0.95,0.95,lower-5%,393,Ambystoma opacum,0.9859996327683511,extended_prefix_evaluation,probability
0.95,0.95,lower-5%,394,Hydropsyche occidentalis,0.9860464613833935,extended_prefix_evaluation,probability
0.95,0.95,lower-5%,395,Culiseta inornata,0.9860926399268982,extended_prefix_evaluation,probability
0.95,0.95,lower-5%,396,Culex sitiens,0.9861356412131798,extended_prefix_evaluation,probability
0.95,0.95,lower-5%,397,Culex fuscocephala,0.9861784496644631,extended_prefix_evaluation,probability
0.95,0.95,lower-5%,398,Micropterus sp.,0.986226959340641,extended_prefix_evaluation,probability
0.95,0.95,lower-5%,399,Asellus hilgendorfii,0.9862753874760672,extended_prefix_evaluation,probability
0.95,0.95,lower-5%,400,Rana boylii,0.9863191923465635,extended_prefix_evaluation,probability
0.95,0.95,lower-5%,401,Villosa fabalis,0.9863670491225952,extended_prefix_evaluation,probability
0.95,0.95,lower-5%,402,Culiseta longiareolata,0.9864114230848641,extended_prefix_evaluation,probability
0.95,0.95,lower-5%,403,Deleatidium sp.,0.9864589616237647,extended_prefix_evaluation,probability
0.95,0.95,lower-5%,404,Streptocephalus torvicornis,0.986502417198241,extended_prefix_evaluation,probability
0.95,0.95,lower-5%,405,Hexagenia rigida,0.9865486382153233,extended_prefix_evaluation,probability
0.95,0.95,lower-5%,406,Aedes polynesiensis,0.9865920780890695,extended_prefix_evaluation,probability
0.95,0.95,lower-5%,407,Hydropsyche elissoma,0.9866351304496619,extended_prefix_evaluation,probability
0.95,0.95,lower-5%,408,Rana pretiosa,0.9866758413573311,extended_prefix_evaluation,probability
0.95,0.95,lower-5%,409,Ambystoma barbouri,0.9867204130876389,extended_prefix_evaluation,probability
0.95,0.95,lower-5%,410,Physalaemus santafecinus,0.9867672338973076,extended_prefix_evaluation,probability
0.95,0.95,lower-5%,411,Hydropsyche sparna,0.9868093224149134,extended_prefix_evaluation,probability
0.95,0.95,lower-5%,412,Villosa constricta,0.986854276618093,extended_prefix_evaluation,probability
0.95,0.95,lower-5%,413,Baetis tricaudatus,0.9868984731674346,extended_prefix_evaluation,probability
0.95,0.95,lower-5%,414,Pseudacris crucifer,0.9869410548468512,extended_prefix_evaluation,probability
0.95,0.95,lower-5%,415,Poecilia mexicana,0.9869773646588811,extended_prefix_evaluation,probability
0.95,0.95,lower-5%,416,Hydropsyche exocellata,0.987018542951307,extended_prefix_evaluation,probability
0.95,0.95,lower-5%,417,Rasbora heteromorpha,0.987060546992038,extended_prefix_evaluation,probability
0.95,0.95,lower-5%,418,Ambystoma gracile,0.9871030213701166,extended_prefix_evaluation,probability
0.95,0.95,lower-5%,419,Villosa delumbis,0.987146381344574,extended_prefix_evaluation,probability
0.95,0.95,lower-5%,420,Etheostoma lepidum,0.9871900081884765,extended_prefix_evaluation,probability
0.95,0.95,lower-5%,421,Acroperus harpae,0.9872285868527874,extended_prefix_evaluation,probability
0.95,0.95,lower-5%,422,Procambarus clarkii,0.9872745678829965,extended_prefix_evaluation,probability
0.95,0.95,lower-5%,423,Disparalona rostrata,0.9873127600134627,extended_prefix_evaluation,probability
0.95,0.95,lower-5%,424,Cnesterodon decemmaculatus,0.9873522651821629,extended_prefix_evaluation,probability
0.95,0.95,lower-5%,425,Acroperus elongatus,0.9873901087767245,extended_prefix_evaluation,probability
0.95,0.95,lower-5%,426,Caenis horaria,0.98742943872452,extended_prefix_evaluation,probability
0.95,0.95,lower-5%,427,Corynoneura sp.,0.9874645537980011,extended_prefix_evaluation,probability
0.95,0.95,lower-5%,428,Fallceon quilleri,0.9875044738140791,extended_prefix_evaluation,probability
0.95,0.95,lower-5%,429,Aedes nigromaculis,0.9875421896574881,extended_prefix_evaluation,probability
0.95,0.95,lower-5%,430,Physalaemus nattereri,0.9875842064964678,extended_prefix_evaluation,probability
0.95,0.95,lower-5%,431,Diaphanosoma brachyurum,0.9876223139596587,extended_prefix_evaluation,probability
0.95,0.95,lower-5%,432,Culex sp.,0.9876571067654872,extended_prefix_evaluation,probability
0.95,0.95,lower-5%,433,Spicodiaptomus chelospinus,0.9876995671534178,extended_prefix_evaluation,probability
0.95,0.95,lower-5%,434,Culex nigripalpus,0.9877334913498104,extended_prefix_evaluation,probability
0.95,0.95,lower-5%,435,Rana sierrae,0.9877685486637959,extended_prefix_evaluation,probability
0.95,0.95,lower-5%,436,Carassius auratus,0.9878106009102019,extended_prefix_evaluation,probability
0.95,0.95,lower-5%,437,Lemna sp.,0.9878530372907048,extended_prefix_evaluation,probability
0.95,0.95,lower-5%,438,Obliquaria reflexa,0.9878917088110343,extended_prefix_evaluation,probability
0.95,0.95,lower-5%,439,Anopheles culicifacies,0.9879290017141161,extended_prefix_evaluation,probability
0.95,0.95,lower-5%,440,Aedes triseriatus,0.9879644822158942,extended_prefix_evaluation,probability
0.95,0.95,lower-5%,441,Poecilia latipinna,0.9879949840839811,extended_prefix_evaluation,probability
0.95,0.95,lower-5%,442,Camptocercus lilljeborgi,0.9880288414339496,extended_prefix_evaluation,probability
0.95,0.95,lower-5%,443,Asellus militaris,0.9880669889432574,extended_prefix_evaluation,probability
0.95,0.95,lower-5%,444,Pleuroxus truncatus,0.9881005413623333,extended_prefix_evaluation,probability
0.95,0.95,lower-5%,445,Physalaemus gracilis,0.9881393253888613,extended_prefix_evaluation,probability
0.95,0.95,lower-5%,446,Ctenopharyngodon idella,0.9881777119739024,extended_prefix_evaluation,probability
0.95,0.95,lower-5%,447,Physalaemus biligonigerus,0.988216126418612,extended_prefix_evaluation,probability
0.95,0.95,lower-5%,448,Rana aurora,0.9882487755692027,extended_prefix_evaluation,probability
0.95,0.95,lower-5%,449,Bufo quercicus,0.9882829070551848,extended_prefix_evaluation,probability
0.95,0.95,lower-5%,450,Streptocephalus sudanicus,0.9883162530115568,extended_prefix_evaluation,probability
0.95,0.95,lower-5%,451,Villosa villosa,0.988352766737662,extended_prefix_evaluation,probability
0.95,0.95,lower-5%,452,Vallisneria americana,0.9883921786089814,extended_prefix_evaluation,probability
0.95,0.95,lower-5%,453,Bufo cognatus,0.9884258666919326,extended_prefix_evaluation,probability
0.95,0.95,lower-5%,454,Diaphanosoma birgei,0.9884588874111502,extended_prefix_evaluation,probability
0.95,0.95,lower-5%,455,Hydropsyche pellucidula,0.9884917547164914,extended_prefix_evaluation,probability
0.95,0.95,lower-5%,456,Salvelinus confluentus,0.9885246333588342,extended_prefix_evaluation,probability
0.95,0.95,lower-5%,457,Bufo terrestris,0.9885571869096792,extended_prefix_evaluation,probability
0.95,0.95,lower-5%,458,Culiseta incidens,0.9885891435770768,extended_prefix_evaluation,probability
0.95,0.95,lower-5%,459,Isonychia bicolor,0.9886236747263631,extended_prefix_evaluation,probability
0.95,0.95,lower-5%,460,Diaphanosoma excisum,0.9886557077471133,extended_prefix_evaluation,probability
0.95,0.95,lower-5%,461,Branchinecta lynchi,0.9886864374822186,extended_prefix_evaluation,probability
0.95,0.95,lower-5%,462,Eucyclops sp.,0.9887246953074996,extended_prefix_evaluation,probability
0.95,0.95,lower-5%,463,Dugesia dorotocephala,0.9887640111937342,extended_prefix_evaluation,probability
0.95,0.95,lower-5%,464,Eulimnogammarus toletanus,0.9887976999192855,extended_prefix_evaluation,probability
0.95,0.95,lower-5%,465,Hydropsyche californica,0.9888283878050556,extended_prefix_evaluation,probability
0.95,0.95,lower-5%,466,Poecilia sp.,0.9888540283957183,extended_prefix_evaluation,probability
0.95,0.95,lower-5%,467,Orconectes immunis,0.9888889522483407,extended_prefix_evaluation,probability
0.95,0.95,lower-5%,468,Phaenopsectra sp.,0.9889158578579883,extended_prefix_evaluation,probability
0.95,0.95,lower-5%,469,Bufo canorus,0.9889463165321789,extended_prefix_evaluation,probability
0.95,0.95,lower-5%,470,Glyptotendipes barbipes,0.9889736817642752,extended_prefix_evaluation,probability
0.95,0.95,lower-5%,471,Kiefferulus sp.,0.9890001042806211,extended_prefix_evaluation,probability
0.95,0.95,lower-5%,472,Asellus meridianus,0.989032931183168,extended_prefix_evaluation,probability
0.95,0.95,lower-5%,473,Psectrocladius sp.,0.9890591753896217,extended_prefix_evaluation,probability
0.95,0.95,lower-5%,474,Villosa lienosa,0.989091651584147,extended_prefix_evaluation,probability
0.95,0.95,lower-5%,475,Camptocercus rectirostris,0.9891193637005186,extended_prefix_evaluation,probability
0.95,0.95,lower-5%,476,Streptocephalus proboscideus,0.9891478280946318,extended_prefix_evaluation,probability
0.95,0.95,lower-5%,477,Pleuroxus denticulatus,0.989175320980375,extended_prefix_evaluation,probability
0.95,0.95,lower-5%,478,Chydorus ovalis,0.9892031497406799,extended_prefix_evaluation,probability
0.95,0.95,lower-5%,479,Glyptotendipes pallens,0.9892292265522822,extended_prefix_evaluation,probability
0.95,0.95,lower-5%,480,Bufo arabicus,0.9892584954605459,extended_prefix_evaluation,probability
0.95,0.95,lower-5%,481,Barbus ticto,0.9892893915321439,extended_prefix_evaluation,probability
0.95,0.95,lower-5%,482,Brachythemis contaminata,0.9893198282394294,extended_prefix_evaluation,probability
0.95,0.95,lower-5%,483,Catostomus commersoni,0.9893524511770162,extended_prefix_evaluation,probability
0.95,0.95,lower-5%,484,Oncorhynchus sp.,0.9893796306939376,extended_prefix_evaluation,probability
0.95,0.95,lower-5%,485,Procloeon sp.,0.9894094212426489,extended_prefix_evaluation,probability
0.95,0.95,lower-5%,486,Caenis miliaria,0.9894380221719088,extended_prefix_evaluation,probability
0.95,0.95,lower-5%,487,Physalaemus olfersii,0.9894697785747729,extended_prefix_evaluation,probability
0.95,0.95,lower-5%,488,Culex fatigans,0.9894942541708435,extended_prefix_evaluation,probability
0.95,0.95,lower-5%,489,Caenis moesta,0.9895221284212766,extended_prefix_evaluation,probability
0.95,0.95,lower-5%,490,Eurycercus lamellatus,0.9895480406202671,extended_prefix_evaluation,probability
0.95,0.95,lower-5%,491,Rutilus kutum,0.9895761006955289,extended_prefix_evaluation,probability
0.95,0.95,lower-5%,492,Chaetogammarus marinus,0.9896058209222951,extended_prefix_evaluation,probability
0.95,0.95,lower-5%,493,Pentaneura sp.,0.9896293275565484,extended_prefix_evaluation,probability
0.95,0.95,lower-5%,494,Cyprinus sp.,0.9896567152394715,extended_prefix_evaluation,probability
0.95,0.95,lower-5%,495,Branchinecta lindahli,0.989682578088557,extended_prefix_evaluation,probability
0.95,0.95,lower-5%,496,Rana dalmatina,0.9897079976523716,extended_prefix_evaluation,probability
0.95,0.95,lower-5%,497,Planorbella duryi,0.9897350902264209,extended_prefix_evaluation,probability
0.95,0.95,lower-5%,498,Oryzias melastigma,0.9897625481189428,extended_prefix_evaluation,probability
0.95,0.95,lower-5%,499,Asellus racovitzai,0.9897917860209549,extended_prefix_evaluation,probability
0.95,0.95,lower-5%,500,Chaoborus obscuripes,0.9898193103459232,extended_prefix_evaluation,probability
0.95,0.95,lower-5%,501,Hydropsyche angustipennis,0.9898451545897671,extended_prefix_evaluation,probability
0.95,0.95,lower-5%,502,Bufo bufo,0.9898717964221708,extended_prefix_evaluation,probability
0.95,0.95,lower-5%,503,Anopheles vagus,0.9898983686133401,extended_prefix_evaluation,probability
0.95,0.95,lower-5%,504,Peracantha truncata,0.989923187618978,extended_prefix_evaluation,probability
0.95,0.95,lower-5%,505,Stictochironomus sticticus,0.9899460699223593,extended_prefix_evaluation,probability
0.95,0.95,lower-5%,506,Bufo gargarizans,0.9899728580331444,extended_prefix_evaluation,probability
0.95,0.95,lower-5%,507,Hydropsyche recurvata,0.9899980019160022,extended_prefix_evaluation,probability
0.95,0.95,lower-5%,508,Palaemon pugio,0.9900262414760944,extended_prefix_evaluation,probability
0.95,0.95,lower-5%,509,Chydorus sp.,0.990049927892613,extended_prefix_evaluation,probability
0.95,0.95,lower-5%,510,Caenis maxima,0.9900754012378066,extended_prefix_evaluation,probability
0.95,0.95,lower-5%,511,Dikerogammarus villosus,0.990102887877066,extended_prefix_evaluation,probability
0.95,0.95,lower-5%,512,Caenis diminuta,0.9901280332542711,extended_prefix_evaluation,probability
0.95,0.95,lower-5%,513,Xenopus sp.,0.9901539901367131,extended_prefix_evaluation,probability
0.95,0.95,lower-5%,514,Oryzias dancena,0.9901794190238924,extended_prefix_evaluation,probability
0.95,0.95,lower-5%,515,Einfeldia natchitocheae,0.9902005801505938,extended_prefix_evaluation,probability
0.95,0.95,lower-5%,516,Anopheles balabacensis,0.9902256662064407,extended_prefix_evaluation,probability
0.95,0.95,lower-5%,517,Anopheles maculatus,0.9902506198168963,extended_prefix_evaluation,probability
0.95,0.95,lower-5%,518,Anopheles farauti,0.990275599677243,extended_prefix_evaluation,probability
0.95,0.95,lower-5%,519,Anopheles sundaicus,0.9903004151617206,extended_prefix_evaluation,probability
0.95,0.95,lower-5%,520,Alona glabra,0.990323341692806,extended_prefix_evaluation,probability
0.95,0.95,lower-5%,521,Bufo anderssoni,0.9903475818053785,extended_prefix_evaluation,probability
0.95,0.95,lower-5%,522,Oncorhynchus masou,0.9903701763522464,extended_prefix_evaluation,probability
0.95,0.95,lower-5%,523,Clinotanypus pinguis,0.990390546936384,extended_prefix_evaluation,probability
0.95,0.95,lower-5%,524,Alona quadrangularis,0.9904131556866125,extended_prefix_evaluation,probability
0.95,0.95,lower-5%,525,Anopheles stephensi,0.9904394082542332,extended_prefix_evaluation,probability
0.95,0.95,lower-5%,526,Macropelopia sp.,0.9904594880431683,extended_prefix_evaluation,probability
0.95,0.95,lower-5%,527,Cricotopus trifasciatus,0.9904793983811229,extended_prefix_evaluation,probability
0.95,0.95,lower-5%,528,Pseudacris feriarum,0.990502900924092,extended_prefix_evaluation,probability
0.95,0.95,lower-5%,529,Raphidocelis subcapitata,0.9905220067168924,extended_prefix_evaluation,probability
0.95,0.95,lower-5%,530,Cricotopus sp.,0.9905420998840458,extended_prefix_evaluation,probability
0.95,0.95,lower-5%,531,Villosa vibex,0.9905678705123695,extended_prefix_evaluation,probability
0.95,0.95,lower-5%,532,Morone saxatilis,0.990595656872687,extended_prefix_evaluation,probability
0.95,0.95,lower-5%,533,Planorbella campanulata,0.9906189208377608,extended_prefix_evaluation,probability
0.95,0.95,lower-5%,534,Anodonta sp.,0.9906444216576753,extended_prefix_evaluation,probability
0.95,0.95,lower-5%,535,Pseudacris sierra,0.9906678167981634,extended_prefix_evaluation,probability
0.95,0.95,lower-5%,536,Anopheles pseudopunctipennis,0.9906917342740353,extended_prefix_evaluation,probability
0.95,0.95,lower-5%,537,Brachionus angularis,0.9907183999822239,extended_prefix_evaluation,probability
0.95,0.95,lower-5%,538,Oryzias mekongensis,0.9907413976062596,extended_prefix_evaluation,probability
0.95,0.95,lower-5%,539,Potamopyrgus jenkinsi,0.9907634647156712,extended_prefix_evaluation,probability
0.95,0.95,lower-5%,540,Anaxyrus americanus,0.9907872354799654,extended_prefix_evaluation,probability
0.95,0.95,lower-5%,541,Puntius tetrazona,0.990809683736611,extended_prefix_evaluation,probability
0.95,0.95,lower-5%,542,Goeldichironomus holoprasinus,0.9908294000404185,extended_prefix_evaluation,probability
0.95,0.95,lower-5%,543,Polypedilum nubifer,0.9908482591792077,extended_prefix_evaluation,probability
0.95,0.95,lower-5%,544,Oncorhynchus aguabonita,0.9908687191800166,extended_prefix_evaluation,probability
0.95,0.95,lower-5%,545,Ischnura heterosticta,0.9908929029560419,extended_prefix_evaluation,probability
0.95,0.95,lower-5%,546,Tanypus bilobatus,0.9909114254331373,extended_prefix_evaluation,probability
0.95,0.95,lower-5%,547,Puntius sarana,0.9909334652335883,extended_prefix_evaluation,probability
0.95,0.95,lower-5%,548,Centroptilum sp.,0.9909562153119483,extended_prefix_evaluation,probability
0.95,0.95,lower-5%,549,Physalaemus centralis,0.9909813179112763,extended_prefix_evaluation,probability
0.95,0.95,lower-5%,550,Elachistocleis bicolor,0.9910060705716734,extended_prefix_evaluation,probability
0.95,0.95,lower-5%,551,Physa virgata,0.9910297409185806,extended_prefix_evaluation,probability
0.95,0.95,lower-5%,552,Rasbora sumatrana,0.9910511156723846,extended_prefix_evaluation,probability
0.95,0.95,lower-5%,553,Stenonema frontale,0.9910740582779012,extended_prefix_evaluation,probability
0.95,0.95,lower-5%,554,Stenonema luteum,0.9910969135972597,extended_prefix_evaluation,probability
0.95,0.95,lower-5%,555,Diamesa zernyi,0.9911141020803904,extended_prefix_evaluation,probability
0.95,0.95,lower-5%,556,Rana cyanophlyctis,0.9911322548776184,extended_prefix_evaluation,probability
0.95,0.95,lower-5%,557,Alona rectangula,0.9911514761788671,extended_prefix_evaluation,probability
0.95,0.95,lower-5%,558,Alona costata,0.9911706007453853,extended_prefix_evaluation,probability
0.95,0.95,lower-5%,559,Salvelinus leucomaenis,0.9911913195872756,extended_prefix_evaluation,probability
0.95,0.95,lower-5%,560,Polypedilum sp.,0.9912083510517323,extended_prefix_evaluation,probability
0.95,0.95,lower-5%,561,Chydorus sphaericus,0.9912275085158703,extended_prefix_evaluation,probability
0.95,0.95,lower-5%,562,Stenonema vicarium,0.9912497767439565,extended_prefix_evaluation,probability
0.95,0.95,lower-5%,563,Anopheles gambiae,0.9912713011558054,extended_prefix_evaluation,probability
0.95,0.95,lower-5%,564,Anopheles dirus,0.9912916807367582,extended_prefix_evaluation,probability
0.95,0.95,lower-5%,565,Caenis sp.,0.9913116780051919,extended_prefix_evaluation,probability
0.95,0.95,lower-5%,566,Tanypus neopunctipennis,0.9913284691937254,extended_prefix_evaluation,probability
0.95,0.95,lower-5%,567,Pseudacris triseriata,0.9913487228936131,extended_prefix_evaluation,probability
0.95,0.95,lower-5%,568,Salvelinus alpinus,0.991368590448981,extended_prefix_evaluation,probability
0.95,0.95,lower-5%,569,Cyrnus trimaculatus,0.991388942915735,extended_prefix_evaluation,probability
0.95,0.95,lower-5%,570,Lemna aequinoctialis,0.9914133441925309,extended_prefix_evaluation,probability
0.95,0.95,lower-5%,571,Stenonema terminatum,0.991434442224841,extended_prefix_evaluation,probability
0.95,0.95,lower-5%,572,Alona affinis,0.9914527702468817,extended_prefix_evaluation,probability
0.95,0.95,lower-5%,573,Euphlyctis hexadactylus,0.9914747595454109,extended_prefix_evaluation,probability
0.95,0.95,lower-5%,574,Cheumatopsyche brevilineata,0.9914915812289551,extended_prefix_evaluation,probability
0.95,0.95,lower-5%,575,Lemna trisulca,0.9915155577268678,extended_prefix_evaluation,probability
0.95,0.95,lower-5%,576,Ptychadena bibroni,0.9915337231947209,extended_prefix_evaluation,probability
0.95,0.95,lower-5%,577,Pelophylax nigromaculatus,0.9915522457624697,extended_prefix_evaluation,probability
0.95,0.95,lower-5%,578,Anopheles pharoensis,0.9915713017222318,extended_prefix_evaluation,probability
0.95,0.95,lower-5%,579,Tanypus nubifer,0.9915873911297549,extended_prefix_evaluation,probability
0.95,0.95,lower-5%,580,Rasbora trilineata,0.9916061897947683,extended_prefix_evaluation,probability
0.95,0.95,lower-5%,581,Puntius parrah,0.991624962206866,extended_prefix_evaluation,probability
0.95,0.95,lower-5%,582,Stenonema tripunctatum,0.9916450491083212,extended_prefix_evaluation,probability
0.95,0.95,lower-5%,583,Cheumatopsyche oxa,0.9916611640568332,extended_prefix_evaluation,probability
0.95,0.95,lower-5%,584,Hydropsyche betteni,0.991679193533342,extended_prefix_evaluation,probability
0.95,0.95,lower-5%,585,Cheumatopsyche pettiti,0.9916955384035961,extended_prefix_evaluation,probability
0.95,0.95,lower-5%,586,Salvelinus malma,0.9917138148732229,extended_prefix_evaluation,probability
0.95,0.95,lower-5%,587,Anaxyrus terrestris,0.991733112551157,extended_prefix_evaluation,probability
0.95,0.95,lower-5%,588,Branchinecta longiantenna,0.991749908354906,extended_prefix_evaluation,probability
0.95,0.95,lower-5%,589,Barbus anoplus,0.9917686095664385,extended_prefix_evaluation,probability
0.95,0.95,lower-5%,590,Potamilus ohiensis,0.9917885353882107,extended_prefix_evaluation,probability
0.95,0.95,lower-5%,591,Stenonema ithaca,0.9918079888140913,extended_prefix_evaluation,probability
0.95,0.95,lower-5%,592,Anopheles fluviatilis,0.9918259714629135,extended_prefix_evaluation,probability
0.95,0.95,lower-5%,593,Anopheles freeborni,0.9918442638564379,extended_prefix_evaluation,probability
0.95,0.95,lower-5%,594,Barbus natalensis,0.9918626123778599,extended_prefix_evaluation,probability
0.95,0.95,lower-5%,595,Danio devario,0.9918811713513107,extended_prefix_evaluation,probability
0.95,0.95,lower-5%,596,Stenonema candidum,0.9919002086234658,extended_prefix_evaluation,probability
0.95,0.95,lower-5%,597,Ischnura sp.,0.9919197377292781,extended_prefix_evaluation,probability
0.95,0.95,lower-5%,598,Anopheles dthali,0.9919372692384484,extended_prefix_evaluation,probability
0.95,0.95,lower-5%,599,Hypophthalmichthys nobilis,0.9919566679073164,extended_prefix_evaluation,probability
0.95,0.95,lower-5%,600,Coquillettidia richardii,0.9919731060748034,extended_prefix_evaluation,probability
0.95,0.95,lower-5%,601,Anopheles albimanus,0.9919908714606633,extended_prefix_evaluation,probability
0.95,0.95,lower-5%,602,Anopheles arabiensis,0.9920087472762664,extended_prefix_evaluation,probability
0.95,0.95,lower-5%,603,Boana pardalis,0.9920263798686535,extended_prefix_evaluation,probability
0.95,0.95,lower-5%,604,Barbus gurneyi,0.9920439155037615,extended_prefix_evaluation,probability
0.95,0.95,lower-5%,605,Alona sp.,0.9920594888052159,extended_prefix_evaluation,probability
0.95,0.95,lower-5%,606,Paratelphusa jacquemontii,0.9920786300979435,extended_prefix_evaluation,probability
0.95,0.95,lower-5%,607,Corixa sp.,0.9920967092593385,extended_prefix_evaluation,probability
0.95,0.95,lower-5%,608,Dicrotendipes californicus,0.9921098497888688,extended_prefix_evaluation,probability
0.95,0.95,lower-5%,609,Physella acuta,0.9921300437552995,extended_prefix_evaluation,probability
0.95,0.95,lower-5%,610,Epeorus longimanus,0.992148703214966,extended_prefix_evaluation,probability
0.95,0.95,lower-5%,611,Stenonema modestum,0.9921669554833452,extended_prefix_evaluation,probability
0.95,0.95,lower-5%,612,Stenonema femoratum,0.9921850139030169,extended_prefix_evaluation,probability
0.95,0.95,lower-5%,613,Barbus filamentosus,0.9922018581912525,extended_prefix_evaluation,probability
0.95,0.95,lower-5%,614,Lemna perpusilla,0.9922228902621005,extended_prefix_evaluation,probability
0.95,0.95,lower-5%,615,Glandirana rugosa,0.9922385470446671,extended_prefix_evaluation,probability
0.95,0.95,lower-5%,616,Plectomerus sp.,0.9922564436691794,extended_prefix_evaluation,probability
0.95,0.95,lower-5%,617,Gambusia sp.,0.9922722627009667,extended_prefix_evaluation,probability
0.95,0.95,lower-5%,618,Asellus communis,0.9922902635654003,extended_prefix_evaluation,probability
0.95,0.95,lower-5%,619,Anopheles subpictus,0.9923061831905371,extended_prefix_evaluation,probability
0.95,0.95,lower-5%,620,Epeorus vitreus,0.9923239205437904,extended_prefix_evaluation,probability
0.95,0.95,lower-5%,621,Prosopium williamsoni,0.9923405250739413,extended_prefix_evaluation,probability
0.95,0.95,lower-5%,622,Danio malabaricus,0.9923569270229863,extended_prefix_evaluation,probability
0.95,0.95,lower-5%,623,Leptodea leptodon,0.9923743955384301,extended_prefix_evaluation,probability
0.95,0.95,lower-5%,624,Venustaconcha ellipsiformis,0.9923917644355457,extended_prefix_evaluation,probability
0.95,0.95,lower-5%,625,Ischnura verticalis,0.9924091648069198,extended_prefix_evaluation,probability
0.95,0.95,lower-5%,626,Anodonta anatina,0.9924266993011887,extended_prefix_evaluation,probability
0.95,0.95,lower-5%,627,Pacifastacus leniusculus,0.9924442374103232,extended_prefix_evaluation,probability
0.95,0.95,lower-5%,628,Anaxyrus fowleri,0.9924600512863679,extended_prefix_evaluation,probability
0.95,0.95,lower-5%,629,Bufo punctatus,0.9924749613198014,extended_prefix_evaluation,probability
0.95,0.95,lower-5%,630,Ochlerotatus caspius,0.9924891602848753,extended_prefix_evaluation,probability
0.95,0.95,lower-5%,631,Cheumatopsyche sp.,0.9925027371793883,extended_prefix_evaluation,probability
0.95,0.95,lower-5%,632,Anisops sardeus,0.9925188447275481,extended_prefix_evaluation,probability
0.95,0.95,lower-5%,633,Artemia salina,0.9925323476986164,extended_prefix_evaluation,probability
0.95,0.95,lower-5%,634,Physa sp.,0.9925485767600752,extended_prefix_evaluation,probability
0.95,0.95,lower-5%,635,Protonemura meyeri,0.9925637555822425,extended_prefix_evaluation,probability
0.95,0.95,lower-5%,636,Mansonia uniformis,0.992577590226099,extended_prefix_evaluation,probability
0.95,0.95,lower-5%,637,Brachionus patulus,0.9925957306638729,extended_prefix_evaluation,probability
0.95,0.95,lower-5%,638,Pelophylax esculentus,0.9926096762892826,extended_prefix_evaluation,probability
0.95,0.95,lower-5%,639,Amphinemura sulcicollis,0.9926246475062823,extended_prefix_evaluation,probability
0.95,0.95,lower-5%,640,Barbus guganio,0.9926395983937775,extended_prefix_evaluation,probability
0.95,0.95,lower-5%,641,Barbus grypus,0.99265449507137,extended_prefix_evaluation,probability
0.95,0.95,lower-5%,642,Planorbella pilsbryi,0.9926696118073982,extended_prefix_evaluation,probability
0.95,0.95,lower-5%,643,Palaemon adspersus,0.9926856626285753,extended_prefix_evaluation,probability
0.95,0.95,lower-5%,644,Anacystis incerta,0.9927045785681172,extended_prefix_evaluation,probability
0.95,0.95,lower-5%,645,Macrostemum sp.,0.9927175045222982,extended_prefix_evaluation,probability
0.95,0.95,lower-5%,646,Potamyia flava,0.9927303962543432,extended_prefix_evaluation,probability
0.95,0.95,lower-5%,647,Potamilus alatus,0.9927460003532707,extended_prefix_evaluation,probability
0.95,0.95,lower-5%,648,Sida crystallina,0.9927597022314105,extended_prefix_evaluation,probability
0.95,0.95,lower-5%,649,Lymnaea emarginata,0.9927761815262617,extended_prefix_evaluation,probability
0.95,0.95,lower-5%,650,Isogenus sp.,0.9927909774561322,extended_prefix_evaluation,probability
0.95,0.95,lower-5%,651,Carassius carassius,0.9928069834120626,extended_prefix_evaluation,probability
0.95,0.95,lower-5%,652,Ochlerotatus nigromaculis,0.9928198082189755,extended_prefix_evaluation,probability
0.95,0.95,lower-5%,653,Puntius stigma,0.99283343639979,extended_prefix_evaluation,probability
0.95,0.95,lower-5%,654,Spirostomum teres,0.9928534582600843,extended_prefix_evaluation,probability
0.95,0.95,lower-5%,655,Wyeomyia smithii,0.9928678828313988,extended_prefix_evaluation,probability
0.95,0.95,lower-5%,656,Leuciscus idus,0.9928834975676193,extended_prefix_evaluation,probability
0.95,0.95,lower-5%,657,Anopheles sp.,0.9928969320499629,extended_prefix_evaluation,probability
0.95,0.95,lower-5%,658,Amphinemura delosa,0.9929106010604719,extended_prefix_evaluation,probability
0.95,0.95,lower-5%,659,Pelophylax perezi,0.9929233832932759,extended_prefix_evaluation,probability
0.95,0.95,lower-5%,660,Gambusia yucatana,0.9929364252281668,extended_prefix_evaluation,probability
0.95,0.95,lower-5%,661,Notropis blennius,0.9929499325137998,extended_prefix_evaluation,probability
0.95,0.95,lower-5%,662,Physa integra,0.9929652540534311,extended_prefix_evaluation,probability
0.95,0.95,lower-5%,663,Poecilia vivipara,0.9929773233617933,extended_prefix_evaluation,probability
0.95,0.95,lower-5%,664,Perca fluviatilis,0.9929938762430729,extended_prefix_evaluation,probability
0.95,0.95,lower-5%,665,Pantala flavescens,0.9930077156367315,extended_prefix_evaluation,probability
0.95,0.95,lower-5%,666,Notropis rubellus,0.9930209509403856,extended_prefix_evaluation,probability
0.95,0.95,lower-5%,667,Epeorus latifolium,0.9930358451395008,extended_prefix_evaluation,probability
0.95,0.95,lower-5%,668,Stenonema sp.,0.9930498677436115,extended_prefix_evaluation,probability
0.95,0.95,lower-5%,669,Diphetor hageni,0.9930632765206644,extended_prefix_evaluation,probability
0.95,0.95,lower-5%,670,Ladona deplanata,0.9930769063320513,extended_prefix_evaluation,probability
0.95,0.95,lower-5%,671,Obovaria subrotunda,0.993091030641443,extended_prefix_evaluation,probability
0.95,0.95,lower-5%,672,Barbus javanicus,0.9931040363051454,extended_prefix_evaluation,probability
0.95,0.95,lower-5%,673,Lymnaea palustris,0.9931190205502339,extended_prefix_evaluation,probability
0.95,0.95,lower-5%,674,Bosmina coregoni,0.9931311981895535,extended_prefix_evaluation,probability
0.95,0.95,lower-5%,675,Cyprinella whipplei,0.9931434547285227,extended_prefix_evaluation,probability
0.95,0.95,lower-5%,676,Asellus intermedius,0.9931576381156308,extended_prefix_evaluation,probability
0.95,0.95,lower-5%,677,Artemia sp.,0.9931685305309821,extended_prefix_evaluation,probability
0.95,0.95,lower-5%,678,Plathemis lydia,0.9931818448230592,extended_prefix_evaluation,probability
0.95,0.95,lower-5%,679,Leptestheria compleximanus,0.9931926393156949,extended_prefix_evaluation,probability
0.95,0.95,lower-5%,680,Eulimnadia sp.,0.9932033567921092,extended_prefix_evaluation,probability
0.95,0.95,lower-5%,681,Ligumia subrostrata,0.9932170960700318,extended_prefix_evaluation,probability
0.95,0.95,lower-5%,682,Cyrtonaias tampicoensis,0.9932306372398491,extended_prefix_evaluation,probability
0.95,0.95,lower-5%,683,Toxolasma texasensis,0.9932441386658436,extended_prefix_evaluation,probability
0.95,0.95,lower-5%,684,Erimonax monachus,0.993256470250689,extended_prefix_evaluation,probability
0.95,0.95,lower-5%,685,Fejervarya limnocharis,0.993268377583041,extended_prefix_evaluation,probability
0.95,0.95,lower-5%,686,Toxorhynchites splendens,0.9932793716630737,extended_prefix_evaluation,probability
0.95,0.95,lower-5%,687,Cyprinella leedsi,0.9932910996825912,extended_prefix_evaluation,probability
0.95,0.95,lower-5%,688,Chaetopteryx villosa,0.9933033752410425,extended_prefix_evaluation,probability
0.95,0.95,lower-5%,689,Barbus arulius,0.9933155227932765,extended_prefix_evaluation,probability
0.95,0.95,lower-5%,690,Cyprinella lutrensis,0.9933271623975446,extended_prefix_evaluation,probability
0.95,0.95,lower-5%,691,Epeorus sp.,0.9933403089393101,extended_prefix_evaluation,probability
0.95,0.95,lower-5%,692,Simulium latigonium,0.9933539908473868,extended_prefix_evaluation,probability
0.95,0.95,lower-5%,693,Crangonyx pseudogracilis,0.9933677739971764,extended_prefix_evaluation,probability
0.95,0.95,lower-5%,694,Isthmohyla pseudopuma,0.9933796408571498,extended_prefix_evaluation,probability
0.95,0.95,lower-5%,695,Holopedium gibberum,0.9933897236725755,extended_prefix_evaluation,probability
0.95,0.95,lower-5%,696,Agalychnis callidryas,0.9934015228028467,extended_prefix_evaluation,probability
0.95,0.95,lower-5%,697,Atyaephyra desmarestii,0.9934152717859108,extended_prefix_evaluation,probability
0.95,0.95,lower-5%,698,Ptychobranchus fasciolaris,0.9934280958800905,extended_prefix_evaluation,probability
0.95,0.95,lower-5%,699,Sigara arguta,0.9934403829404274,extended_prefix_evaluation,probability
0.95,0.95,lower-5%,700,Triops longicaudatus,0.9934502842831542,extended_prefix_evaluation,probability
0.95,0.95,lower-5%,701,Smilisca baudinii,0.9934618902843853,extended_prefix_evaluation,probability
0.95,0.95,lower-5%,702,Sinanodonta woodiana,0.9934745532049826,extended_prefix_evaluation,probability
0.95,0.95,lower-5%,703,Buenoa sp.,0.993486442472107,extended_prefix_evaluation,probability
0.95,0.95,lower-5%,704,Barbus conchonius,0.9934981108289153,extended_prefix_evaluation,probability
0.95,0.95,lower-5%,705,Phoxinus eos,0.9935092242443316,extended_prefix_evaluation,probability
0.95,0.95,lower-5%,706,Cyprinodon bovinus,0.9935220382240747,extended_prefix_evaluation,probability
0.95,0.95,lower-5%,707,Notropis mekistocholas,0.9935336619071302,extended_prefix_evaluation,probability
0.95,0.95,lower-5%,708,Lymnaea rubiginosa,0.9935470079865182,extended_prefix_evaluation,probability
0.95,0.95,lower-5%,709,Notropis atherinoides,0.9935582651062214,extended_prefix_evaluation,probability
0.95,0.95,lower-5%,710,Ligumia recta,0.9935706748809817,extended_prefix_evaluation,probability
0.95,0.95,lower-5%,711,Poeciliopsis occidentalis,0.9935801297883519,extended_prefix_evaluation,probability
0.95,0.95,lower-5%,712,Oreochromis niloticus,0.993593603043141,extended_prefix_evaluation,probability
0.95,0.95,lower-5%,713,Buenoa unguis,0.9936052529276195,extended_prefix_evaluation,probability
0.95,0.95,lower-5%,714,Rhinichthys osculus,0.993615878233612,extended_prefix_evaluation,probability
0.95,0.95,lower-5%,715,Sigara substriata,0.9936275401636959,extended_prefix_evaluation,probability
0.95,0.95,lower-5%,716,Drunella cornuta,0.993639310367465,extended_prefix_evaluation,probability
0.95,0.95,lower-5%,717,Ceratophyllum demersum,0.9936500100851332,extended_prefix_evaluation,probability
0.95,0.95,lower-5%,718,Notropis buccatus,0.993660933592706,extended_prefix_evaluation,probability
0.95,0.95,lower-5%,719,Drunella doddsi,0.9936722833141928,extended_prefix_evaluation,probability
0.95,0.95,lower-5%,720,Pomacea paludosa,0.9936867190067619,extended_prefix_evaluation,probability
0.95,0.95,lower-5%,721,Bosmina sp.,0.9936967542657431,extended_prefix_evaluation,probability
0.95,0.95,lower-5%,722,Sigara sp.,0.9937081191783695,extended_prefix_evaluation,probability
0.95,0.95,lower-5%,723,Bosmina longirostris,0.9937182924523874,extended_prefix_evaluation,probability
0.95,0.95,lower-5%,724,Poeciliopsis sp.,0.9937272431610326,extended_prefix_evaluation,probability
0.95,0.95,lower-5%,725,Pimephales notatus,0.9937374789488321,extended_prefix_evaluation,probability
0.95,0.95,lower-5%,726,Anacystis alpicola,0.9937520802675853,extended_prefix_evaluation,probability
0.95,0.95,lower-5%,727,Sigara dorsalis,0.9937632706378131,extended_prefix_evaluation,probability
0.95,0.95,lower-5%,728,Hyriopsis cumingii,0.9937749137298663,extended_prefix_evaluation,probability
0.95,0.95,lower-5%,729,Orthemis sp.,0.9937856633583785,extended_prefix_evaluation,probability
0.95,0.95,lower-5%,730,Hamiota subangulata,0.9937972450228479,extended_prefix_evaluation,probability
0.95,0.95,lower-5%,731,Claassenia sp.,0.9938082747635172,extended_prefix_evaluation,probability
0.95,0.95,lower-5%,732,Libellula sp.,0.9938188982663411,extended_prefix_evaluation,probability
0.95,0.95,lower-5%,733,Lymnaea peregra,0.9938312778208414,extended_prefix_evaluation,probability
0.95,0.95,lower-5%,734,Rhinichthys cataractae,0.9938411566385948,extended_prefix_evaluation,probability
0.95,0.95,lower-5%,735,Sympetrum flaveolum,0.9938517468471941,extended_prefix_evaluation,probability
0.95,0.95,lower-5%,736,Megalobrama amblycephala,0.9938617943207395,extended_prefix_evaluation,probability
0.95,0.95,lower-5%,737,Fejervarya multistriata,0.9938711715017368,extended_prefix_evaluation,probability
0.95,0.95,lower-5%,738,Callibaetis skokianus,0.9938818834978932,extended_prefix_evaluation,probability
0.95,0.95,lower-5%,739,Wyeomyia mitchellii,0.9938915900076358,extended_prefix_evaluation,probability
0.95,0.95,lower-5%,740,Simulium decorum,0.9939033529682921,extended_prefix_evaluation,probability
0.95,0.95,lower-5%,741,Arctopsyche grandis,0.9939120162191363,extended_prefix_evaluation,probability
0.95,0.95,lower-5%,742,Ameletus sp.,0.9939220612557512,extended_prefix_evaluation,probability
0.95,0.95,lower-5%,743,Ligumia sp.,0.9939333671338918,extended_prefix_evaluation,probability
0.95,0.95,lower-5%,744,Anacystis dimidiata,0.9939472764836133,extended_prefix_evaluation,probability
0.95,0.95,lower-5%,745,Erythemis simplicicollis,0.9939574411401907,extended_prefix_evaluation,probability
0.95,0.95,lower-5%,746,Labeo boga,0.9939673091229381,extended_prefix_evaluation,probability
0.95,0.95,lower-5%,747,Actinonaias ligamentina,0.993978470647437,extended_prefix_evaluation,probability
0.95,0.95,lower-5%,748,Pseudosida ramosa,0.9939881237710714,extended_prefix_evaluation,probability
0.95,0.95,lower-5%,749,Epidalea calamita,0.9939988462740608,extended_prefix_evaluation,probability
0.95,0.95,lower-5%,750,Ceratopsyche morosa,0.9940079666565288,extended_prefix_evaluation,probability
0.95,0.95,lower-5%,751,Paratelphusa spinigera,0.9940192360309834,extended_prefix_evaluation,probability
0.95,0.95,lower-5%,752,Ceratopsyche slossonae,0.994027838306045,extended_prefix_evaluation,probability
0.95,0.95,lower-5%,753,Ceratopsyche bronta,0.9940366513363573,extended_prefix_evaluation,probability
0.95,0.95,lower-5%,754,Boana faber,0.9940461965545696,extended_prefix_evaluation,probability
0.95,0.95,lower-5%,755,Bosmina fatalis,0.9940555411105763,extended_prefix_evaluation,probability
0.95,0.95,lower-5%,756,Corbicula striatella,0.9940687795471851,extended_prefix_evaluation,probability
0.95,0.95,lower-5%,757,Osteopilus septentrionalis,0.9940784421020773,extended_prefix_evaluation,probability
0.95,0.95,lower-5%,758,Sclerophrys maculata,0.994088293483303,extended_prefix_evaluation,probability
0.95,0.95,lower-5%,759,Simulium verecundum,0.9940994997979382,extended_prefix_evaluation,probability
0.95,0.95,lower-5%,760,Corisella decolor,0.994109387800449,extended_prefix_evaluation,probability
0.95,0.95,lower-5%,761,Macrothrix sp.,0.9941174482943893,extended_prefix_evaluation,probability
0.95,0.95,lower-5%,762,Lepomis sp.,0.9941277087456131,extended_prefix_evaluation,probability
0.95,0.95,lower-5%,763,Stenacron interpunctatum,0.9941377124733429,extended_prefix_evaluation,probability
0.95,0.95,lower-5%,764,Tricorythus sp.,0.994147006494025,extended_prefix_evaluation,probability
0.95,0.95,lower-5%,765,Cryophila lapponica,0.9941565888004074,extended_prefix_evaluation,probability
0.95,0.95,lower-5%,766,Richardsonius balteatus,0.9941654407967646,extended_prefix_evaluation,probability
0.95,0.95,lower-5%,767,Limnephilus bipunctatus,0.9941750759834563,extended_prefix_evaluation,probability
0.95,0.95,lower-5%,768,Maccaffertium vicarium,0.9941850185026475,extended_prefix_evaluation,probability
0.95,0.95,lower-5%,769,Neocaridina heteropoda,0.9941962484006462,extended_prefix_evaluation,probability
0.95,0.95,lower-5%,770,Macrothrix flabelligera,0.9942040753339914,extended_prefix_evaluation,probability
0.95,0.95,lower-5%,771,Opsopoeodus emiliae,0.9942127969010022,extended_prefix_evaluation,probability
0.95,0.95,lower-5%,772,Fusconaia flava,0.9942229656869468,extended_prefix_evaluation,probability
0.95,0.95,lower-5%,773,Anisops bouvieri,0.9942324500888262,extended_prefix_evaluation,probability
0.95,0.95,lower-5%,774,Simulium pugetense,0.994243091078546,extended_prefix_evaluation,probability
0.95,0.95,lower-5%,775,Maccaffertium sp.,0.9942527684045789,extended_prefix_evaluation,probability
0.95,0.95,lower-5%,776,Hypophthalmichthys molitrix,0.9942632494689656,extended_prefix_evaluation,probability
0.95,0.95,lower-5%,777,Gambusia affinis,0.9942745673046173,extended_prefix_evaluation,probability
0.95,0.95,lower-5%,778,Tipula sp.,0.9942835695534614,extended_prefix_evaluation,probability
0.95,0.95,lower-5%,779,Gibelion catla,0.9942920673359401,extended_prefix_evaluation,probability
0.95,0.95,lower-5%,780,Limnephilus lunatus,0.9943013201519681,extended_prefix_evaluation,probability
0.95,0.95,lower-5%,781,Puntigrus tetrazona,0.9943097976880549,extended_prefix_evaluation,probability
0.95,0.95,lower-5%,782,Labeo niloticus,0.9943185899983646,extended_prefix_evaluation,probability
0.95,0.95,lower-5%,783,Hydatophylax argus,0.9943275168781022,extended_prefix_evaluation,probability
0.95,0.95,lower-5%,784,Acrocheilus alutaceus,0.9943358771965514,extended_prefix_evaluation,probability
0.95,0.95,lower-5%,785,Rhamdia quelen,0.9943479256319678,extended_prefix_evaluation,probability
0.95,0.95,lower-5%,786,Anopheles sinensis,0.9943563465449281,extended_prefix_evaluation,probability
0.95,0.95,lower-5%,787,Pycnopsyche lepida,0.9943651790919651,extended_prefix_evaluation,probability
0.95,0.95,lower-5%,788,Percina caprodes,0.994375271931048,extended_prefix_evaluation,probability
0.95,0.95,lower-5%,789,Medionidus conradicus,0.994384951406578,extended_prefix_evaluation,probability
0.95,0.95,lower-5%,790,Hydroperla crosbyi,0.9943936731069442,extended_prefix_evaluation,probability
0.95,0.95,lower-5%,791,Rhithrogena semicolorata,0.9944028853134439,extended_prefix_evaluation,probability
0.95,0.95,lower-5%,792,Philarctus quaeris,0.9944115737878475,extended_prefix_evaluation,probability
0.95,0.95,lower-5%,793,Dasycorixa hybrida,0.9944205401880006,extended_prefix_evaluation,probability
0.95,0.95,lower-5%,794,Caecidotea bicrenata,0.9944308548696755,extended_prefix_evaluation,probability
0.95,0.95,lower-5%,795,Ephoron virgo,0.9944393092869211,extended_prefix_evaluation,probability
0.95,0.95,lower-5%,796,Nuria danrica,0.9944473637309224,extended_prefix_evaluation,probability
0.95,0.95,lower-5%,797,Margariscus margarita,0.9944553984385959,extended_prefix_evaluation,probability
0.95,0.95,lower-5%,798,Simulium argus,0.9944652046761966,extended_prefix_evaluation,probability
0.95,0.95,lower-5%,799,Megarasbora elanga,0.9944731834396411,extended_prefix_evaluation,probability
0.95,0.95,lower-5%,800,Pycnopsyche sp.,0.9944817205073703,extended_prefix_evaluation,probability
0.95,0.95,lower-5%,801,Anodonta cygnea,0.9944920171446192,extended_prefix_evaluation,probability
0.95,0.95,lower-5%,802,Pycnopsyche guttifera,0.9945004377045086,extended_prefix_evaluation,probability
0.95,0.95,lower-5%,803,Hesperophylax sp.,0.9945088190527895,extended_prefix_evaluation,probability
0.95,0.95,lower-5%,804,Paracheirodon axelrodi,0.9945189713116294,extended_prefix_evaluation,probability
0.95,0.95,lower-5%,805,Trichocorixa reticulata,0.9945276711159606,extended_prefix_evaluation,probability
0.95,0.95,lower-5%,806,Ephemera danica,0.9945362606670428,extended_prefix_evaluation,probability
0.95,0.95,lower-5%,807,Ephemera simulans,0.9945448294049454,extended_prefix_evaluation,probability
0.95,0.95,lower-5%,808,Ephemera orientalis,0.9945533758398113,extended_prefix_evaluation,probability
0.95,0.95,lower-5%,809,Simulium medusaeforme,0.9945631164711638,extended_prefix_evaluation,probability
0.95,0.95,lower-5%,810,Lepomis microlophus,0.9945724406969388,extended_prefix_evaluation,probability
0.95,0.95,lower-5%,811,Ptychocheilus oregonensis,0.9945820066147341,extended_prefix_evaluation,probability
0.95,0.95,lower-5%,812,Labeo calbasu,0.9945899982219397,extended_prefix_evaluation,probability
0.95,0.95,lower-5%,813,Labeo bata,0.9945979700895955,extended_prefix_evaluation,probability
0.95,0.95,lower-5%,814,Tumeodiaptomus diabolicus,0.9946088023830727,extended_prefix_evaluation,probability
0.95,0.95,lower-5%,815,Leiopotherapon unicolor,0.9946181388062908,extended_prefix_evaluation,probability
0.95,0.95,lower-5%,816,Orconectes neglectus,0.9946284541605569,extended_prefix_evaluation,probability
0.95,0.95,lower-5%,817,Sigara alternata,0.9946371578458075,extended_prefix_evaluation,probability
0.95,0.95,lower-5%,818,Echinisca triserialis,0.9946441157338338,extended_prefix_evaluation,probability
0.95,0.95,lower-5%,819,Calineuria californica,0.9946524945598056,extended_prefix_evaluation,probability
0.95,0.95,lower-5%,820,Skwala sp.,0.9946604960516395,extended_prefix_evaluation,probability
0.95,0.95,lower-5%,821,Isogenoides sp.,0.9946684027213817,extended_prefix_evaluation,probability
0.95,0.95,lower-5%,822,Tribolodon hakonensis,0.9946757903135929,extended_prefix_evaluation,probability
0.95,0.95,lower-5%,823,Garra mullya,0.9946833206072385,extended_prefix_evaluation,probability
0.95,0.95,lower-5%,824,Limnephilus sp.,0.9946917286715091,extended_prefix_evaluation,probability
0.95,0.95,lower-5%,825,Fusconaia masoni,0.9947004424360467,extended_prefix_evaluation,probability
0.95,0.95,lower-5%,826,Coregonus muksun,0.9947080674800429,extended_prefix_evaluation,probability
0.95,0.95,lower-5%,827,Arcynopteryx sp.,0.9947158530454163,extended_prefix_evaluation,probability
0.95,0.95,lower-5%,828,Simulium squamosum,0.9947250769326231,extended_prefix_evaluation,probability
0.95,0.95,lower-5%,829,Acantholeberis curvirostris,0.9947319294508822,extended_prefix_evaluation,probability
0.95,0.95,lower-5%,830,Clioperla clio,0.9947396523556629,extended_prefix_evaluation,probability
0.95,0.95,lower-5%,831,Hypsiboas pulchellus,0.9947472220163405,extended_prefix_evaluation,probability
0.95,0.95,lower-5%,832,Agosia chrysogaster,0.9947543893455189,extended_prefix_evaluation,probability
0.95,0.95,lower-5%,833,Pyganodon grandis,0.9947631948285046,extended_prefix_evaluation,probability
0.95,0.95,lower-5%,834,Sander lucioperca,0.9947730591385238,extended_prefix_evaluation,probability
0.95,0.95,lower-5%,835,Lepomis gibbosus,0.9947814140846158,extended_prefix_evaluation,probability
0.95,0.95,lower-5%,836,Skwala parallela,0.9947889767267353,extended_prefix_evaluation,probability
0.95,0.95,lower-5%,837,Sigara striata,0.9947970826382903,extended_prefix_evaluation,probability
0.95,0.95,lower-5%,838,Stenacron sp.,0.9948051037526845,extended_prefix_evaluation,probability
0.95,0.95,lower-5%,839,Cinygmula reticulata,0.9948135038684044,extended_prefix_evaluation,probability
0.95,0.95,lower-5%,840,Hybognathus amarus,0.9948204841088747,extended_prefix_evaluation,probability
0.95,0.95,lower-5%,841,Psychoglypha sp.,0.9948279522136583,extended_prefix_evaluation,probability
0.95,0.95,lower-5%,842,Jappa kutera,0.9948361483591412,extended_prefix_evaluation,probability
0.95,0.95,lower-5%,843,Tropisternus lateralis,0.9948435655047929,extended_prefix_evaluation,probability
0.95,0.95,lower-5%,844,Serratella micheneri,0.9948510626898045,extended_prefix_evaluation,probability
0.95,0.95,lower-5%,845,Cyprinodon macularius,0.994859627148515,extended_prefix_evaluation,probability
0.95,0.95,lower-5%,846,Hemibarbus mylodon,0.994866487762764,extended_prefix_evaluation,probability
0.95,0.95,lower-5%,847,Misgurnus anguillicaudatus,0.994877018688597,extended_prefix_evaluation,probability
0.95,0.95,lower-5%,848,Cinygma sp.,0.9948848044863113,extended_prefix_evaluation,probability
0.95,0.95,lower-5%,849,Litoria aurea,0.9948922577336609,extended_prefix_evaluation,probability
0.95,0.95,lower-5%,850,Alasmidonta raveneliana,0.9949003757989755,extended_prefix_evaluation,probability
0.95,0.95,lower-5%,851,Rhyacophila dorsalis,0.9949075411255311,extended_prefix_evaluation,probability
0.95,0.95,lower-5%,852,Labeo fimbriatus,0.9949146140705626,extended_prefix_evaluation,probability
0.95,0.95,lower-5%,853,Orconectes limosus,0.9949239573402672,extended_prefix_evaluation,probability
0.95,0.95,lower-5%,854,Rhinichthys atratulus,0.9949306735838401,extended_prefix_evaluation,probability
0.95,0.95,lower-5%,855,Attaneuria ruralis,0.9949382297486788,extended_prefix_evaluation,probability
0.95,0.95,lower-5%,856,Dinocras cephalotes,0.9949457659051069,extended_prefix_evaluation,probability
0.95,0.95,lower-5%,857,Physella hendersoni,0.994954862382871,extended_prefix_evaluation,probability
0.95,0.95,lower-5%,858,Simulium damnosum,0.9949631205112545,extended_prefix_evaluation,probability
0.95,0.95,lower-5%,859,Litoria citropa,0.9949703712710851,extended_prefix_evaluation,probability
0.95,0.95,lower-5%,860,Hoplobatrachus tigerinus,0.994976725562318,extended_prefix_evaluation,probability
0.95,0.95,lower-5%,861,Isoperla sp.,0.9949839504609326,extended_prefix_evaluation,probability
0.95,0.95,lower-5%,862,Anacystis sp.,0.9949943191151267,extended_prefix_evaluation,probability
0.95,0.95,lower-5%,863,Lestes sponsa,0.9950012925019439,extended_prefix_evaluation,probability
0.95,0.95,lower-5%,864,Litoria freycineti,0.9950085811084194,extended_prefix_evaluation,probability
0.95,0.95,lower-5%,865,Niphargus rhenorhodanensis,0.99501675049027,extended_prefix_evaluation,probability
0.95,0.95,lower-5%,866,Isoperla longiseta,0.9950238598630007,extended_prefix_evaluation,probability
0.95,0.95,lower-5%,867,Physella sp.,0.9950327387485567,extended_prefix_evaluation,probability
0.95,0.95,lower-5%,868,Physella heterostropha,0.995041567943911,extended_prefix_evaluation,probability
0.95,0.95,lower-5%,869,Cyprinion watsoni,0.9950479502510378,extended_prefix_evaluation,probability
0.95,0.95,lower-5%,870,Isoperla quinquepunctata,0.9950550415188322,extended_prefix_evaluation,probability
0.95,0.95,lower-5%,871,Callibaetis sp.,0.9950624847838518,extended_prefix_evaluation,probability
0.95,0.95,lower-5%,872,Simulium equinum,0.9950704506348763,extended_prefix_evaluation,probability
0.95,0.95,lower-5%,873,Popenaias buckleyi,0.9950780701301765,extended_prefix_evaluation,probability
0.95,0.95,lower-5%,874,Isoperla transmarina,0.9950850128980273,extended_prefix_evaluation,probability
0.95,0.95,lower-5%,875,Thymallus arcticus,0.9950916267562802,extended_prefix_evaluation,probability
0.95,0.95,lower-5%,876,Barilius bendelisis,0.9950978911928311,extended_prefix_evaluation,probability
0.95,0.95,lower-5%,877,Skistodiaptomus oregonensis,0.995107310236309,extended_prefix_evaluation,probability
0.95,0.95,lower-5%,878,Isoperla slossonae,0.995114420053078,extended_prefix_evaluation,probability
0.95,0.95,lower-5%,879,Lestes congener,0.9951210263296372,extended_prefix_evaluation,probability
0.95,0.95,lower-5%,880,Isoperla bilineata,0.9951278639427694,extended_prefix_evaluation,probability
0.95,0.95,lower-5%,881,Procambarus acutus,0.9951369831509962,extended_prefix_evaluation,probability
0.95,0.95,lower-5%,882,Clistoronia magnifica,0.995143599769038,extended_prefix_evaluation,probability
0.95,0.95,lower-5%,883,Isoperla grammatica,0.9951503739506709,extended_prefix_evaluation,probability
0.95,0.95,lower-5%,884,Procambarus virginalis,0.9951594334000458,extended_prefix_evaluation,probability
0.95,0.95,lower-5%,885,Hoplobatrachus rugulosus,0.9951656131230516,extended_prefix_evaluation,probability
0.95,0.95,lower-5%,886,Procambarus sp.,0.9951748680807063,extended_prefix_evaluation,probability
0.95,0.95,lower-5%,887,Cottus gobio,0.9951839867080982,extended_prefix_evaluation,probability
0.95,0.95,lower-5%,888,Simulium virgatum,0.9951916317811388,extended_prefix_evaluation,probability
0.95,0.95,lower-5%,889,Physella virgata,0.9952000030876585,extended_prefix_evaluation,probability
0.95,0.95,lower-5%,890,Enneacanthus gloriosus,0.9952069719962402,extended_prefix_evaluation,probability
0.95,0.95,lower-5%,891,Physella elliptica,0.9952152919941383,extended_prefix_evaluation,probability
0.95,0.95,lower-5%,892,Ephemerella catawba,0.9952219443515948,extended_prefix_evaluation,probability
0.95,0.95,lower-5%,893,Lepomis megalotis,0.9952291923950854,extended_prefix_evaluation,probability
0.95,0.95,lower-5%,894,Scinax nasicus,0.9952354572824743,extended_prefix_evaluation,probability
0.95,0.95,lower-5%,895,Lythrurus umbratilis,0.9952413387195447,extended_prefix_evaluation,probability
0.95,0.95,lower-5%,896,Oryzias sinensis,0.9952482150218575,extended_prefix_evaluation,probability
0.95,0.95,lower-5%,897,Oreochromis sp.,0.9952544271927772,extended_prefix_evaluation,probability
0.95,0.95,lower-5%,898,Hybognathus placitus,0.9952602596295913,extended_prefix_evaluation,probability
0.95,0.95,lower-5%,899,Ephemerella lata,0.9952668097996107,extended_prefix_evaluation,probability
0.95,0.95,lower-5%,900,Ephemerella doddsi,0.9952733263162153,extended_prefix_evaluation,probability
0.95,0.95,lower-5%,901,Barilius vagra,0.9952791171065652,extended_prefix_evaluation,probability
0.95,0.95,lower-5%,902,Scinax fuscovarius,0.9952854180411354,extended_prefix_evaluation,probability
0.95,0.95,lower-5%,903,Coregonus peled,0.995291731713358,extended_prefix_evaluation,probability
0.95,0.95,lower-5%,904,Unio tumidus,0.9952987499040205,extended_prefix_evaluation,probability
0.95,0.95,lower-5%,905,Gila elegans,0.9953052604351841,extended_prefix_evaluation,probability
0.95,0.95,lower-5%,906,Rutilus caspicus,0.9953125465245379,extended_prefix_evaluation,probability
0.95,0.95,lower-5%,907,Scinax nasica,0.9953186072489958,extended_prefix_evaluation,probability
0.95,0.95,lower-5%,908,Physella gyrina,0.9953267164473487,extended_prefix_evaluation,probability
0.95,0.95,lower-5%,909,Litoria raniformis,0.9953332564102948,extended_prefix_evaluation,probability
0.95,0.95,lower-5%,910,Coregonus hoyi,0.9953393752093306,extended_prefix_evaluation,probability
0.95,0.95,lower-5%,911,Ephemerella ignita,0.9953457497218384,extended_prefix_evaluation,probability
0.95,0.95,lower-5%,912,Acroneuria abnormis,0.9953522433477003,extended_prefix_evaluation,probability
0.95,0.95,lower-5%,913,Phoxinus phoxinus,0.9953596314984091,extended_prefix_evaluation,probability
0.95,0.95,lower-5%,914,Pomacea lineata,0.9953681496751157,extended_prefix_evaluation,probability
0.95,0.95,lower-5%,915,Gila cypha,0.9953740560104771,extended_prefix_evaluation,probability
0.95,0.95,lower-5%,916,Procambarus hayi,0.99538254941546,extended_prefix_evaluation,probability
0.95,0.95,lower-5%,917,Simulium venustum,0.9953896483423392,extended_prefix_evaluation,probability
0.95,0.95,lower-5%,918,Simulium ornatum,0.9953967419901791,extended_prefix_evaluation,probability
0.95,0.95,lower-5%,919,Mogurnda mogurnda,0.995403978682654,extended_prefix_evaluation,probability
0.95,0.95,lower-5%,920,Coregonus lavaretus,0.9954098886104881,extended_prefix_evaluation,probability
0.95,0.95,lower-5%,921,Litoria caerulea,0.9954162195841848,extended_prefix_evaluation,probability
0.95,0.95,lower-5%,922,Paragnetina sp.,0.9954226544314332,extended_prefix_evaluation,probability
0.95,0.95,lower-5%,923,Candidia barbatus,0.9954280659908651,extended_prefix_evaluation,probability
0.95,0.95,lower-5%,924,Unio crassus,0.9954347041935874,extended_prefix_evaluation,probability
0.95,0.95,lower-5%,925,Anacystis nidulans,0.9954437749507483,extended_prefix_evaluation,probability
0.95,0.95,lower-5%,926,Micronecta sp.,0.9954504138524799,extended_prefix_evaluation,probability
0.95,0.95,lower-5%,927,Esox masquinongy,0.9954587730628428,extended_prefix_evaluation,probability
0.95,0.95,lower-5%,928,Pogonichthys macrolepidotus,0.9954643963112174,extended_prefix_evaluation,probability
0.95,0.95,lower-5%,929,Corbicula australis,0.99547303805894,extended_prefix_evaluation,probability
0.95,0.95,lower-5%,930,Rhithrogena sp.,0.9954791970641845,extended_prefix_evaluation,probability
0.95,0.95,lower-5%,931,Physella pomilia,0.9954871534699135,extended_prefix_evaluation,probability
0.95,0.95,lower-5%,932,Peltodytes sp.,0.9954927866005839,extended_prefix_evaluation,probability
0.95,0.95,lower-5%,933,Luxilus chrysocephalus,0.9954981741975389,extended_prefix_evaluation,probability
0.95,0.95,lower-5%,934,Pontastacus leptodactylus,0.9955051384117841,extended_prefix_evaluation,probability
0.95,0.95,lower-5%,935,Pachydiplax longipennis,0.9955108621273947,extended_prefix_evaluation,probability
0.95,0.95,lower-5%,936,Aplocheilichthys johnstonii,0.9955175009560164,extended_prefix_evaluation,probability
0.95,0.95,lower-5%,937,Rhithrogena hageni,0.9955235475973768,extended_prefix_evaluation,probability
0.95,0.95,lower-5%,938,Litoria moorei,0.9955293324497241,extended_prefix_evaluation,probability
0.95,0.95,lower-5%,939,Lepidostoma unicolor,0.9955350776076748,extended_prefix_evaluation,probability
0.95,0.95,lower-5%,940,Dugesia sp.,0.9955449511711095,extended_prefix_evaluation,probability
0.95,0.95,lower-5%,941,Tanichthys albonubes,0.995550061408815,extended_prefix_evaluation,probability
0.95,0.95,lower-5%,942,Unio ravoisieri,0.995556371491547,extended_prefix_evaluation,probability
0.95,0.95,lower-5%,943,Coregonus albula,0.9955620402088768,extended_prefix_evaluation,probability
0.95,0.95,lower-5%,944,Abramis ballerus,0.9955672662319351,extended_prefix_evaluation,probability
0.95,0.95,lower-5%,945,Esomus danricus,0.995572363668908,extended_prefix_evaluation,probability
0.95,0.95,lower-5%,946,Acroneuria sp.,0.9955781962620737,extended_prefix_evaluation,probability
0.95,0.95,lower-5%,947,Onychostoma barbata,0.995583229369381,extended_prefix_evaluation,probability
0.95,0.95,lower-5%,948,Scenedesmus acuminatus,0.9955895492455724,extended_prefix_evaluation,probability
0.95,0.95,lower-5%,949,Procambarus simulans,0.9955972905422396,extended_prefix_evaluation,probability
0.95,0.95,lower-5%,950,Rhyacophila sp.,0.9956025764492997,extended_prefix_evaluation,probability
0.95,0.95,lower-5%,951,Coregonus clupeaformis,0.9956079447850996,extended_prefix_evaluation,probability
0.95,0.95,lower-5%,952,Simulium sp.,0.995614474831679,extended_prefix_evaluation,probability
0.95,0.95,lower-5%,953,Neocaridina denticulata,0.9956215804416368,extended_prefix_evaluation,probability
0.95,0.95,lower-5%,954,Anabolia nervosa,0.9956270400405954,extended_prefix_evaluation,probability
0.95,0.95,lower-5%,955,Xiphophorus helleri,0.9956333850496726,extended_prefix_evaluation,probability
0.95,0.95,lower-5%,956,Diporeia sp.,0.995639796398875,extended_prefix_evaluation,probability
0.95,0.95,lower-5%,957,Gambusia holbrooki,0.9956464246042,extended_prefix_evaluation,probability
0.95,0.95,lower-5%,958,Cirrhinus molitorella,0.9956528837128588,extended_prefix_evaluation,probability
0.95,0.95,lower-5%,959,Carassius gibelio,0.9956592801750531,extended_prefix_evaluation,probability
0.95,0.95,lower-5%,960,Paratelphusa masoniana,0.9956656137154193,extended_prefix_evaluation,probability
0.95,0.95,lower-5%,961,Chauliodes sp.,0.9956707227452475,extended_prefix_evaluation,probability
0.95,0.95,lower-5%,962,Elassoma gilberti,0.9956764254478151,extended_prefix_evaluation,probability
0.95,0.95,lower-5%,963,Crocothemis erythraea,0.9956817354790767,extended_prefix_evaluation,probability
0.95,0.95,lower-5%,964,Erpobdella octoculata,0.9956907272292665,extended_prefix_evaluation,probability
0.95,0.95,lower-5%,965,Ephemerella sp.,0.9956963237432671,extended_prefix_evaluation,probability
0.95,0.95,lower-5%,966,Unio elongatulus,0.9957022445879447,extended_prefix_evaluation,probability
0.95,0.95,lower-5%,967,Barbus sp.,0.995708416627058,extended_prefix_evaluation,probability
0.95,0.95,lower-5%,968,Somatogyrus virginicus,0.9957144515983448,extended_prefix_evaluation,probability
0.95,0.95,lower-5%,969,Ephemerella subvaria,0.9957198335613235,extended_prefix_evaluation,probability
0.95,0.95,lower-5%,970,Indonaia caerulea,0.9957256812643243,extended_prefix_evaluation,probability
0.95,0.95,lower-5%,971,Ranatra filiformis,0.9957311880184155,extended_prefix_evaluation,probability
0.95,0.95,lower-5%,972,Craterocephalus marjoriae,0.9957375168900752,extended_prefix_evaluation,probability
0.95,0.95,lower-5%,973,Lymnaea acuminata,0.9957441202631099,extended_prefix_evaluation,probability
0.95,0.95,lower-5%,974,Procambarus zonangulus,0.9957514050808559,extended_prefix_evaluation,probability
0.95,0.95,lower-5%,975,Corbicula sp.,0.9957593849393329,extended_prefix_evaluation,probability
0.95,0.95,lower-5%,976,Tipula abdominalis,0.9957642714044002,extended_prefix_evaluation,probability
0.95,0.95,lower-5%,977,Barbus barbus,0.995770286602023,extended_prefix_evaluation,probability
0.95,0.95,lower-5%,978,Macromia sp.,0.9957751834393629,extended_prefix_evaluation,probability
0.95,0.95,lower-5%,979,Elliptio sp.,0.9957811916542113,extended_prefix_evaluation,probability
0.95,0.95,lower-5%,980,Scenedesmus dimorphus,0.9957869905560577,extended_prefix_evaluation,probability
0.95,0.95,lower-5%,981,Scenedesmus abundans,0.9957929071303311,extended_prefix_evaluation,probability
0.95,0.95,lower-5%,982,Pelophylax ridibundus,0.9957980950964391,extended_prefix_evaluation,probability
0.95,0.95,lower-5%,983,Procambarus alleni,0.9958052250245187,extended_prefix_evaluation,probability
0.95,0.95,lower-5%,984,Paragnetina media,0.9958109142681468,extended_prefix_evaluation,probability
0.95,0.95,lower-5%,985,Procambarus paeninsulanus,0.9958180139468176,extended_prefix_evaluation,probability
0.95,0.95,lower-5%,986,Acris crepitans,0.9958235366727792,extended_prefix_evaluation,probability
0.95,0.95,lower-5%,987,Agnetina sp.,0.9958289284605282,extended_prefix_evaluation,probability
0.95,0.95,lower-5%,988,Antocha sp.,0.995833653688724,extended_prefix_evaluation,probability
0.95,0.95,lower-5%,989,Orconectes sp.,0.9958403137400881,extended_prefix_evaluation,probability
0.95,0.95,lower-5%,990,Acroneuria lycorias,0.9958454664206475,extended_prefix_evaluation,probability
0.95,0.95,lower-5%,991,Barbonymus gonionotus,0.9958499585706763,extended_prefix_evaluation,probability
0.95,0.95,lower-5%,992,Craterocephalus stercusmuscarum,0.9958559914081221,extended_prefix_evaluation,probability
0.95,0.95,lower-5%,993,Leptodactylus fuscus,0.9958621095120821,extended_prefix_evaluation,probability
0.95,0.95,lower-5%,994,Lemna gibba,0.9958696361584373,extended_prefix_evaluation,probability
0.95,0.95,lower-5%,995,Pseudepidalea viridis,0.9958745699992634,extended_prefix_evaluation,probability
0.95,0.95,lower-5%,996,Sander canadensis,0.99588116954948,extended_prefix_evaluation,probability
0.95,0.95,lower-5%,997,Danio sp.,0.9958867347902122,extended_prefix_evaluation,probability
0.95,0.95,lower-5%,998,Paraleptophlebia praepedita,0.995891919366084,extended_prefix_evaluation,probability
0.95,0.95,lower-5%,999,Noturus flavus,0.9958977099805568,extended_prefix_evaluation,probability
0.95,0.95,lower-5%,1000,Ranatra sp.,0.9959026744133896,extended_prefix_evaluation,probability
0.95,0.95,lower-5%,1001,Cinygmula sp.,0.9959078384469526,extended_prefix_evaluation,probability
0.95,0.95,lower-5%,1002,Paraleptophlebia pallipes,0.995912950279839,extended_prefix_evaluation,probability
0.95,0.95,lower-5%,1003,Rasbora neilgherriensis,0.9959185025031727,extended_prefix_evaluation,probability
0.95,0.95,lower-5%,1004,Phyllodiaptomus annae,0.995925292810408,extended_prefix_evaluation,probability
0.95,0.95,lower-5%,1005,Thymallus thymallus,0.9959299786110097,extended_prefix_evaluation,probability
0.95,0.95,lower-5%,1006,Orconectes propinquus,0.9959363701602841,extended_prefix_evaluation,probability
0.95,0.95,lower-5%,1007,Schizopelex festiva,0.9959410682963238,extended_prefix_evaluation,probability
0.95,0.95,lower-5%,1008,Leptodactylus latrans,0.9959470627765517,extended_prefix_evaluation,probability
0.95,0.95,lower-5%,1009,Elliptio dilatata,0.9959525638067641,extended_prefix_evaluation,probability
0.95,0.95,lower-5%,1010,Fluminicola sp.,0.9959578367803507,extended_prefix_evaluation,probability
0.95,0.95,lower-5%,1011,Trichogaster pectoralis,0.9959637472820949,extended_prefix_evaluation,probability
0.95,0.95,lower-5%,1012,Ictalurus furcatus,0.9959697058541189,extended_prefix_evaluation,probability
0.95,0.95,lower-5%,1013,Ecnomus omiensis,0.9959743477790884,extended_prefix_evaluation,probability
0.95,0.95,lower-5%,1014,Unio pictorum,0.9959795588569337,extended_prefix_evaluation,probability
0.95,0.95,lower-5%,1015,Triogma sp.,0.995983934948656,extended_prefix_evaluation,probability
0.95,0.95,lower-5%,1016,Craterocephalus marianae,0.9959895807665544,extended_prefix_evaluation,probability
0.95,0.95,lower-5%,1017,Puntius chola,0.9959948891424807,extended_prefix_evaluation,probability
0.95,0.95,lower-5%,1018,Ophiogomphus sp.,0.9959992321495054,extended_prefix_evaluation,probability
0.95,0.95,lower-5%,1019,Adenophlebia auriculata,0.9960040375030295,extended_prefix_evaluation,probability
0.95,0.95,lower-5%,1020,Erimyzon sucetta,0.9960097340510551,extended_prefix_evaluation,probability
0.95,0.95,lower-5%,1021,Somatochlora cingulata,0.9960140243850386,extended_prefix_evaluation,probability
0.95,0.95,lower-5%,1022,Ptychocheilus lucius,0.9960187491151078,extended_prefix_evaluation,probability
0.95,0.95,lower-5%,1023,Semisulcospira libertina,0.9960245909521831,extended_prefix_evaluation,probability
0.95,0.95,lower-5%,1024,Zacco temmincki,0.9960286593257378,extended_prefix_evaluation,probability
0.95,0.95,lower-5%,1025,Scenedesmus incrassatulus,0.9960340901154964,extended_prefix_evaluation,probability
0.95,0.95,lower-5%,1026,Corbicula leana,0.9960410128693584,extended_prefix_evaluation,probability
0.95,0.95,lower-5%,1027,Prosimulium magnum,0.996045729600056,extended_prefix_evaluation,probability
0.95,0.95,lower-5%,1028,Paraleptophlebia sp.,0.996050624155866,extended_prefix_evaluation,probability
0.95,0.95,lower-5%,1029,Prosimulium formosum,0.9960553550728447,extended_prefix_evaluation,probability
0.95,0.95,lower-5%,1030,Scenedesmus sp.,0.9960606165867681,extended_prefix_evaluation,probability
0.95,0.95,lower-5%,1031,Paratelphusa hydrodromus,0.9960659021981079,extended_prefix_evaluation,probability
0.95,0.95,lower-5%,1032,Fundulus seminolis,0.9960713776727629,extended_prefix_evaluation,probability
0.95,0.95,lower-5%,1033,Procambarus blandingii,0.9960777653115817,extended_prefix_evaluation,probability
0.95,0.95,lower-5%,1034,Laccotrephes sp.,0.9960820966457282,extended_prefix_evaluation,probability
0.95,0.95,lower-5%,1035,Fontigens aldrichi,0.9960870602670006,extended_prefix_evaluation,probability
0.95,0.95,lower-5%,1036,Corbicula manilensis,0.996093857025929,extended_prefix_evaluation,probability
0.95,0.95,lower-5%,1037,Brachycentrus americanus,0.9960986491707184,extended_prefix_evaluation,probability
0.95,0.95,lower-5%,1038,Macromia magnifica,0.9961027414235297,extended_prefix_evaluation,probability
0.95,0.95,lower-5%,1039,Argia fumipennis,0.9961076156317348,extended_prefix_evaluation,probability
0.95,0.95,lower-5%,1040,Microhyla pulchra,0.996113345417395,extended_prefix_evaluation,probability
0.95,0.95,lower-5%,1041,Australorbis sp.,0.9961176095145916,extended_prefix_evaluation,probability
0.95,0.95,lower-5%,1042,Acipenser brevirostrum,0.9961240205891637,extended_prefix_evaluation,probability
0.95,0.95,lower-5%,1043,Aplocheilus lineatus,0.9961290210598273,extended_prefix_evaluation,probability
0.95,0.95,lower-5%,1044,Scenedesmus acutiformis,0.9961339220160643,extended_prefix_evaluation,probability
0.95,0.95,lower-5%,1045,Scenedesmus bijuga,0.9961388143143095,extended_prefix_evaluation,probability
0.95,0.95,lower-5%,1046,Scenedesmus longus,0.9961436979757018,extended_prefix_evaluation,probability
0.95,0.95,lower-5%,1047,Scenedesmus serratus,0.9961485730213114,extended_prefix_evaluation,probability
0.95,0.95,lower-5%,1048,Brachydeutera argentata,0.9961525561726542,extended_prefix_evaluation,probability
0.95,0.95,lower-5%,1049,Caudiverbera caudiverbera,0.9961578762124608,extended_prefix_evaluation,probability
0.95,0.95,lower-5%,1050,Laccophilus sp.,0.9961620849863637,extended_prefix_evaluation,probability
0.95,0.95,lower-5%,1051,Fundulus notatus,0.996167319452732,extended_prefix_evaluation,probability
0.95,0.95,lower-5%,1052,Stenopsyche griseipennis,0.9961712603449407,extended_prefix_evaluation,probability
0.95,0.95,lower-5%,1053,Psychomyia sp.,0.9961751941577532,extended_prefix_evaluation,probability
0.95,0.95,lower-5%,1054,Scenedesmus hystrix,0.9961799923938525,extended_prefix_evaluation,probability
0.95,0.95,lower-5%,1055,Crangonyx sp.,0.9961852665245146,extended_prefix_evaluation,probability
0.95,0.95,lower-5%,1056,Ranatra linearis,0.9961897217886624,extended_prefix_evaluation,probability
0.95,0.95,lower-5%,1057,Etroplus maculatus,0.9961944961759018,extended_prefix_evaluation,probability
0.95,0.95,lower-5%,1058,Acipenser ruthenus,0.9962006845789586,extended_prefix_evaluation,probability
0.95,0.95,lower-5%,1059,Scenedesmus quadricauda,0.9962056594462994,extended_prefix_evaluation,probability
0.95,0.95,lower-5%,1060,Isidorella newcombi,0.9962097269894186,extended_prefix_evaluation,probability
0.95,0.95,lower-5%,1061,Alasmidonta heterodon,0.9962143717030251,extended_prefix_evaluation,probability
0.95,0.95,lower-5%,1062,Acipenser gueldenstaedtii,0.9962206396064979,extended_prefix_evaluation,probability
0.95,0.95,lower-5%,1063,Labeo rohita,0.9962258271722961,extended_prefix_evaluation,probability
0.95,0.95,lower-5%,1064,Ranatra elongata,0.9962300153899785,extended_prefix_evaluation,probability
0.95,0.95,lower-5%,1065,Scenedesmus bijugatus,0.9962346789977117,extended_prefix_evaluation,probability
0.95,0.95,lower-5%,1066,Orthotrichia sp.,0.9962387149687448,extended_prefix_evaluation,probability
0.95,0.95,lower-5%,1067,Taylorconcha serpenticola,0.9962432984005113,extended_prefix_evaluation,probability
0.95,0.95,lower-5%,1068,Ameiurus nebulosus,0.996249119536923,extended_prefix_evaluation,probability
0.95,0.95,lower-5%,1069,Pseudorasbora parva,0.9962542170646399,extended_prefix_evaluation,probability
0.95,0.95,lower-5%,1070,Haliplus sp.,0.9962579637670042,extended_prefix_evaluation,probability
0.95,0.95,lower-5%,1071,Psilotreta sp.,0.9962617048129006,extended_prefix_evaluation,probability
0.95,0.95,lower-5%,1072,Ictalurus sp.,0.99626697551275,extended_prefix_evaluation,probability
0.95,0.95,lower-5%,1073,Pseudagrion sp.,0.9962714790429785,extended_prefix_evaluation,probability
0.95,0.95,lower-5%,1074,Nepa sp.,0.9962756887364985,extended_prefix_evaluation,probability
0.95,0.95,lower-5%,1075,Notemigonus crysoleucas,0.9962804039027804,extended_prefix_evaluation,probability
0.95,0.95,lower-5%,1076,Scenedesmus pannonicus,0.9962853480658496,extended_prefix_evaluation,probability
0.95,0.95,lower-5%,1077,Holorusia sp.,0.9962890355271085,extended_prefix_evaluation,probability
0.95,0.95,lower-5%,1078,Coretus corneus,0.9962934069537679,extended_prefix_evaluation,probability
0.95,0.95,lower-5%,1079,Eretes sticticus,0.9962973148017581,extended_prefix_evaluation,probability
0.95,0.95,lower-5%,1080,Taeniopteryx nivalis,0.996300974107344,extended_prefix_evaluation,probability
0.95,0.95,lower-5%,1081,Morone americana,0.99630651867905,extended_prefix_evaluation,probability
0.95,0.95,lower-5%,1082,Baetisca obesa,0.9963106330067771,extended_prefix_evaluation,probability
0.95,0.95,lower-5%,1083,Elliptio icterina,0.9963152493503828,extended_prefix_evaluation,probability
0.95,0.95,lower-5%,1084,Rhinella arenarum,0.9963200381764388,extended_prefix_evaluation,probability
0.95,0.95,lower-5%,1085,Pericoma sp.,0.9963236577504261,extended_prefix_evaluation,probability
0.95,0.95,lower-5%,1086,Berosus styliferus,0.9963273701547719,extended_prefix_evaluation,probability
0.95,0.95,lower-5%,1087,Siphlonurus linnaeanus,0.9963310148351076,extended_prefix_evaluation,probability
0.95,0.95,lower-5%,1088,Cordulia aenea,0.9963346530920962,extended_prefix_evaluation,probability
0.95,0.95,lower-5%,1089,Glossosoma sp.,0.996338246196063,extended_prefix_evaluation,probability
0.95,0.95,lower-5%,1090,Leuctra sp.,0.9963418341723235,extended_prefix_evaluation,probability
0.95,0.95,lower-5%,1091,Platycnemis pennipes,0.9963454448057621,extended_prefix_evaluation,probability
0.95,0.95,lower-5%,1092,Thermonectus basillaris,0.9963492457168864,extended_prefix_evaluation,probability
0.95,0.95,lower-5%,1093,Atalophlebia sp.,0.9963533116387281,extended_prefix_evaluation,probability
0.95,0.95,lower-5%,1094,Xylota sp.,0.9963568679958816,extended_prefix_evaluation,probability
0.95,0.95,lower-5%,1095,Lethocerus sp.,0.9963605734073544,extended_prefix_evaluation,probability
0.95,0.95,lower-5%,1096,Austrolestes colensonis,0.9963641159333916,extended_prefix_evaluation,probability
0.95,0.95,lower-5%,1097,Erythromma viridulum,0.9963683972581806,extended_prefix_evaluation,probability
0.95,0.95,lower-5%,1098,Agnetina capitata,0.996372670559723,extended_prefix_evaluation,probability
0.95,0.95,lower-5%,1099,Heliodiaptomus viduus,0.9963782146883874,extended_prefix_evaluation,probability
0.95,0.95,lower-5%,1100,Pomacea patula,0.99638376599072,extended_prefix_evaluation,probability
0.95,0.95,lower-5%,1101,Helicopsyche sp.,0.9963872649255159,extended_prefix_evaluation,probability
0.95,0.95,lower-5%,1102,Leuctra moselyi,0.9963907555066519,extended_prefix_evaluation,probability
0.95,0.95,lower-5%,1103,Hexatoma sp.,0.9963942402575419,extended_prefix_evaluation,probability
0.95,0.95,lower-5%,1104,Dolophilodes distinctus,0.9963978558695885,extended_prefix_evaluation,probability
0.95,0.95,lower-5%,1105,Limnius sp.,0.9964013269422607,extended_prefix_evaluation,probability
0.95,0.95,lower-5%,1106,Helisoma sp.,0.9964051440484155,extended_prefix_evaluation,probability
0.95,0.95,lower-5%,1107,Pomacea dolioides,0.9964106764983501,extended_prefix_evaluation,probability
0.95,0.95,lower-5%,1108,Taeniopteryx burksi,0.9964141291646235,extended_prefix_evaluation,probability
0.95,0.95,lower-5%,1109,Macrocyclops albidus,0.9964201834946063,extended_prefix_evaluation,probability
0.95,0.95,lower-5%,1110,Cyclops bicuspidatus,0.996426088685073,extended_prefix_evaluation,probability
0.95,0.95,lower-5%,1111,Nectopsyche albida,0.9964295028964947,extended_prefix_evaluation,probability
0.95,0.95,lower-5%,1112,Scenedesmus armatus,0.9964338673054781,extended_prefix_evaluation,probability
0.95,0.95,lower-5%,1113,Cyclops vernalis,0.9964397416930356,extended_prefix_evaluation,probability
0.95,0.95,lower-5%,1114,Gerris lacustris,0.996443149706692,extended_prefix_evaluation,probability
0.95,0.95,lower-5%,1115,Eristalis sp.,0.9964465519349437,extended_prefix_evaluation,probability
0.95,0.95,lower-5%,1116,Mystacides sp.,0.9964499282370982,extended_prefix_evaluation,probability
0.95,0.95,lower-5%,1117,Cyclops strenuus,0.9964558600908918,extended_prefix_evaluation,probability
0.95,0.95,lower-5%,1118,Pycnocentria evecta,0.9964592204124544,extended_prefix_evaluation,probability
0.95,0.95,lower-5%,1119,Leuctra inermis,0.9964625712707241,extended_prefix_evaluation,probability
0.95,0.95,lower-5%,1120,Duttaphrynus melanostictus,0.9964666546486114,extended_prefix_evaluation,probability
0.95,0.95,lower-5%,1121,Aeshna sp.,0.9964700915967248,extended_prefix_evaluation,probability
0.95,0.95,lower-5%,1122,Helophorus sp.,0.9964735146747509,extended_prefix_evaluation,probability
0.95,0.95,lower-5%,1123,Euphlyctis cyanophlyctis,0.9964778664360668,extended_prefix_evaluation,probability
0.95,0.95,lower-5%,1124,Paraponyx stratiotata,0.9964812827285912,extended_prefix_evaluation,probability
0.95,0.95,lower-5%,1125,Acrossocheilus paradoxus,0.9964854583308733,extended_prefix_evaluation,probability
0.95,0.95,lower-5%,1126,Atalophlebia australis,0.9964893220309728,extended_prefix_evaluation,probability
0.95,0.95,lower-5%,1127,Neurocordulia virginiensis,0.9964926123847921,extended_prefix_evaluation,probability
0.95,0.95,lower-5%,1128,Acipenser stellatus,0.9964980993043435,extended_prefix_evaluation,probability
0.95,0.95,lower-5%,1129,Dytiscus sp.,0.9965020721770693,extended_prefix_evaluation,probability
0.95,0.95,lower-5%,1130,Dictya sp.,0.9965058825635147,extended_prefix_evaluation,probability
0.95,0.95,lower-5%,1131,Argia sp.,0.9965098374144611,extended_prefix_evaluation,probability
0.95,0.95,lower-5%,1132,Leptophlebia sp.,0.9965137407725296,extended_prefix_evaluation,probability
0.95,0.95,lower-5%,1133,Chimarra marginata,0.996517440168581,extended_prefix_evaluation,probability
0.95,0.95,lower-5%,1134,Ilyocoris cimicoides,0.9965206962179086,extended_prefix_evaluation,probability
0.95,0.95,lower-5%,1135,Aphelocheirus aestivalis,0.9965239265108659,extended_prefix_evaluation,probability
0.95,0.95,lower-5%,1136,Nigronia serricornis,0.9965271517403013,extended_prefix_evaluation,probability
0.95,0.95,lower-5%,1137,Lirceus fontinalis,0.9965315626689505,extended_prefix_evaluation,probability
0.95,0.95,lower-5%,1138,Corydalus cornutus,0.9965347742983933,extended_prefix_evaluation,probability
0.95,0.95,lower-5%,1139,Alloperla sp.,0.9965379873021798,extended_prefix_evaluation,probability
0.95,0.95,lower-5%,1140,Sphaerodema annulatum,0.9965415646361486,extended_prefix_evaluation,probability
0.95,0.95,lower-5%,1141,Cyclops varicans,0.9965471948330622,extended_prefix_evaluation,probability
0.95,0.95,lower-5%,1142,Scenedesmus acutus,0.9965511594086337,extended_prefix_evaluation,probability
0.95,0.95,lower-5%,1143,Aeshna cyanea,0.9965544520464861,extended_prefix_evaluation,probability
0.95,0.95,lower-5%,1144,Elliptio complanata,0.9965587467914201,extended_prefix_evaluation,probability
0.95,0.95,lower-5%,1145,Helisoma duryi,0.9965621521796532,extended_prefix_evaluation,probability
0.95,0.95,lower-5%,1146,Basiaeschna janata,0.9965653982134557,extended_prefix_evaluation,probability
0.95,0.95,lower-5%,1147,Spirostomum ambiguum,0.996572102280557,extended_prefix_evaluation,probability
0.95,0.95,lower-5%,1148,Coenagrion pulchellum,0.9965762345728469,extended_prefix_evaluation,probability
0.95,0.95,lower-5%,1149,Acipenser oxyrhynchus,0.9965815221045521,extended_prefix_evaluation,probability
0.95,0.95,lower-5%,1150,Phryganea sp.,0.9965846345988744,extended_prefix_evaluation,probability
0.95,0.95,lower-5%,1151,Hydroptila angusta,0.9965877869348395,extended_prefix_evaluation,probability
0.95,0.95,lower-5%,1152,Oligostomis pardalis,0.9965908869376896,extended_prefix_evaluation,probability
0.95,0.95,lower-5%,1153,Gillia altilis,0.9965946907098775,extended_prefix_evaluation,probability
0.95,0.95,lower-5%,1154,Chimarra sp.,0.9965981115151239,extended_prefix_evaluation,probability
0.95,0.95,lower-5%,1155,Planorbis carinatus,0.9966013769078736,extended_prefix_evaluation,probability
0.95,0.95,lower-5%,1156,Phryganea striata,0.9966044738618708,extended_prefix_evaluation,probability
0.95,0.95,lower-5%,1157,Lepidostoma sp.,0.9966079365797533,extended_prefix_evaluation,probability
0.95,0.95,lower-5%,1158,Alburnus alburnus,0.9966118205998812,extended_prefix_evaluation,probability
0.95,0.95,lower-5%,1159,Stenelmis sexlineata,0.9966148807646753,extended_prefix_evaluation,probability
0.95,0.95,lower-5%,1160,Planorbis planorbis,0.9966181136182608,extended_prefix_evaluation,probability
0.95,0.95,lower-5%,1161,Lasmigona subviridis,0.9966219384644092,extended_prefix_evaluation,probability
0.95,0.95,lower-5%,1162,Cambarus sp.,0.9966264704274238,extended_prefix_evaluation,probability
0.95,0.95,lower-5%,1163,Dytiscus marginalis,0.9966299208720939,extended_prefix_evaluation,probability
0.95,0.95,lower-5%,1164,Coenagrion puella,0.9966339281296975,extended_prefix_evaluation,probability
0.95,0.95,lower-5%,1165,Tinca tinca,0.996637761645069,extended_prefix_evaluation,probability
0.95,0.95,lower-5%,1166,Rhinella ornata,0.9966417049950566,extended_prefix_evaluation,probability
0.95,0.95,lower-5%,1167,Cambarus latimanus,0.9966461910542559,extended_prefix_evaluation,probability
0.95,0.95,lower-5%,1168,Lumbriculus inconstans,0.9966512243599822,extended_prefix_evaluation,probability
0.95,0.95,lower-5%,1169,Biomphalaria glabrata,0.9966553406414437,extended_prefix_evaluation,probability
0.95,0.95,lower-5%,1170,Gyraulus parvus,0.9966584960892386,extended_prefix_evaluation,probability
0.95,0.95,lower-5%,1171,Physastra gibbosa,0.9966625985811872,extended_prefix_evaluation,probability
0.95,0.95,lower-5%,1172,Calopteryx splendens,0.9966655639688293,extended_prefix_evaluation,probability
0.95,0.95,lower-5%,1173,Micropterus treculii,0.9966700691292348,extended_prefix_evaluation,probability
0.95,0.95,lower-5%,1174,Hydrophilus sp.,0.9966734918003766,extended_prefix_evaluation,probability
0.95,0.95,lower-5%,1175,Ameiurus natalis,0.9966781938366265,extended_prefix_evaluation,probability
0.95,0.95,lower-5%,1176,Sweltsa sp.,0.9966811297604429,extended_prefix_evaluation,probability
0.95,0.95,lower-5%,1177,Notropis stramineus,0.9966849582740482,extended_prefix_evaluation,probability
0.95,0.95,lower-5%,1178,Platyias quadricornis,0.9966900457874682,extended_prefix_evaluation,probability
0.95,0.95,lower-5%,1179,Lirceus alabamae,0.996694077593777,extended_prefix_evaluation,probability
0.95,0.95,lower-5%,1180,Calopteryx sp.,0.9966969838894132,extended_prefix_evaluation,probability
0.95,0.95,lower-5%,1181,Cybister sp.,0.9967003580637793,extended_prefix_evaluation,probability
0.95,0.95,lower-5%,1182,Psephenus herricki,0.996703274941196,extended_prefix_evaluation,probability
0.95,0.95,lower-5%,1183,Palustra laboulbeni,0.9967062216135546,extended_prefix_evaluation,probability
0.95,0.95,lower-5%,1184,Gymnocephalus cernuus,0.9967099939153333,extended_prefix_evaluation,probability
0.95,0.95,lower-5%,1185,Rasbora daniconius,0.9967136339436286,extended_prefix_evaluation,probability
0.95,0.95,lower-5%,1186,Barbus sharpeyi,0.9967175569494315,extended_prefix_evaluation,probability
0.95,0.95,lower-5%,1187,Gymnocorymbus ternetzi,0.9967215288962744,extended_prefix_evaluation,probability
0.95,0.95,lower-5%,1188,Notropis anogenus,0.9967252643224437,extended_prefix_evaluation,probability
0.95,0.95,lower-5%,1189,Mesocyclops longisetus,0.9967304922627824,extended_prefix_evaluation,probability
0.95,0.95,lower-5%,1190,Tricorythodes sp.,0.9967337213093531,extended_prefix_evaluation,probability
0.95,0.95,lower-5%,1191,Tricorythodes minutus,0.9967367655364072,extended_prefix_evaluation,probability
0.95,0.95,lower-5%,1192,Allocapnia sp.,0.9967398911570081,extended_prefix_evaluation,probability
0.95,0.95,lower-5%,1193,Radix natalensis,0.9967443298214479,extended_prefix_evaluation,probability
0.95,0.95,lower-5%,1194,Allocapnia vivipara,0.9967473304150274,extended_prefix_evaluation,probability
0.95,0.95,lower-5%,1195,Hygrotus novemlineatus,0.9967503398936195,extended_prefix_evaluation,probability
0.95,0.95,lower-5%,1196,Mesocyclops thermocyclopoides,0.996755545250503,extended_prefix_evaluation,probability
0.95,0.95,lower-5%,1197,Sepedon fuscipennis,0.9967589742936697,extended_prefix_evaluation,probability
0.95,0.95,lower-5%,1198,Cambarus diogenes,0.9967631752673807,extended_prefix_evaluation,probability
0.95,0.95,lower-5%,1199,Cichlasoma nigrofasciatum,0.9967666443331942,extended_prefix_evaluation,probability
0.95,0.95,lower-5%,1200,Acipenser persicus,0.9967714346295656,extended_prefix_evaluation,probability
0.95,0.95,lower-5%,1201,Austropotamobius pallipes,0.9967750612446876,extended_prefix_evaluation,probability
0.95,0.95,lower-5%,1202,Barbus dorsalis,0.9967786970615636,extended_prefix_evaluation,probability
0.95,0.95,lower-5%,1203,Planorbis corneus,0.9967816050328929,extended_prefix_evaluation,probability
0.95,0.95,lower-5%,1204,Rhinella marina,0.9967853354430418,extended_prefix_evaluation,probability
0.95,0.95,lower-5%,1205,Pyrgulopsis idahoensis,0.9967887651898135,extended_prefix_evaluation,probability
0.95,0.95,lower-5%,1206,Leptophlebia marginata,0.9967919309112035,extended_prefix_evaluation,probability
0.95,0.95,lower-5%,1207,Bryocamptus zschokkei,0.9967968366234314,extended_prefix_evaluation,probability
0.95,0.95,lower-5%,1208,Gyraulus circumstriatus,0.9967997132839301,extended_prefix_evaluation,probability
0.95,0.95,lower-5%,1209,Brachycentrus subnulis,0.9968029028904141,extended_prefix_evaluation,probability
0.95,0.95,lower-5%,1210,Chimarra obscura,0.9968060440146399,extended_prefix_evaluation,probability
0.95,0.95,lower-5%,1211,Cambarus robustus,0.996810124749396,extended_prefix_evaluation,probability
0.95,0.95,lower-5%,1212,Notropis hudsonius,0.9968136548440145,extended_prefix_evaluation,probability
0.95,0.95,lower-5%,1213,Bryocamptus echinatus,0.9968184914361461,extended_prefix_evaluation,probability
0.95,0.95,lower-5%,1214,Capnia sp.,0.9968212340201432,extended_prefix_evaluation,probability
0.95,0.95,lower-5%,1215,Brachycentrus numerosus,0.9968243651401849,extended_prefix_evaluation,probability
0.95,0.95,lower-5%,1216,Cichlasoma bimaculatum,0.996827699314942,extended_prefix_evaluation,probability
0.95,0.95,lower-5%,1217,Alitropus typus,0.9968311995781853,extended_prefix_evaluation,probability
0.95,0.95,lower-5%,1218,Proasellus sp.,0.9968349551223027,extended_prefix_evaluation,probability
0.95,0.95,lower-5%,1219,Brachycentrus sp.,0.9968380689475437,extended_prefix_evaluation,probability
0.95,0.95,lower-5%,1220,Acipenser fulvescens,0.996842684697504,extended_prefix_evaluation,probability
0.95,0.95,lower-5%,1221,Proasellus coxalis,0.9968465420801151,extended_prefix_evaluation,probability
0.95,0.95,lower-5%,1222,Belostoma sp.,0.9968493972505826,extended_prefix_evaluation,probability
0.95,0.95,lower-5%,1223,Anax junius,0.9968522233287975,extended_prefix_evaluation,probability
0.95,0.95,lower-5%,1224,Vallisneria natans,0.9968575388996758,extended_prefix_evaluation,probability
0.95,0.95,lower-5%,1225,Cyprinella spiloptera,0.9968609017064007,extended_prefix_evaluation,probability
0.95,0.95,lower-5%,1226,Anax sp.,0.9968637024792124,extended_prefix_evaluation,probability
0.95,0.95,lower-5%,1227,Acipenser baerii,0.9968682160292271,extended_prefix_evaluation,probability
0.95,0.95,lower-5%,1228,Hydrophilus triangularis,0.9968709862560193,extended_prefix_evaluation,probability
0.95,0.95,lower-5%,1229,Anguilla anguilla,0.9968753064557694,extended_prefix_evaluation,probability
0.95,0.95,lower-5%,1230,Hygrotus sp.,0.9968780535923609,extended_prefix_evaluation,probability
0.95,0.95,lower-5%,1231,Amnicola limosa,0.9968812405463607,extended_prefix_evaluation,probability
0.95,0.95,lower-5%,1232,Acipenser sinensis,0.9968857554368017,extended_prefix_evaluation,probability
0.95,0.95,lower-5%,1233,Cichlasoma urophthalmus,0.9968889668285154,extended_prefix_evaluation,probability
0.95,0.95,lower-5%,1234,Gyrinus sp.,0.9968917248430059,extended_prefix_evaluation,probability
0.95,0.95,lower-5%,1235,Lepadella sp.,0.9968962831272213,extended_prefix_evaluation,probability
0.95,0.95,lower-5%,1236,Culicoides furens,0.9968988030652679,extended_prefix_evaluation,probability
0.95,0.95,lower-5%,1237,Leuciscus leuciscus,0.9969022835061193,extended_prefix_evaluation,probability
0.95,0.95,lower-5%,1238,Potamogeton diversifolius,0.9969062176349209,extended_prefix_evaluation,probability
0.95,0.95,lower-5%,1239,Bryocamptus pygmaeus,0.9969108185045404,extended_prefix_evaluation,probability
0.95,0.95,lower-5%,1240,Hyphessobrycon herbertaxelrodi,0.9969143275448846,extended_prefix_evaluation,probability
0.95,0.95,lower-5%,1241,Molanna angustata,0.9969171871646656,extended_prefix_evaluation,probability
0.95,0.95,lower-5%,1242,Calamoceras marsupus,0.996920001723035,extended_prefix_evaluation,probability
0.95,0.95,lower-5%,1243,Bryocamptus minutus,0.9969245732660217,extended_prefix_evaluation,probability
0.95,0.95,lower-5%,1244,Neomysis integer,0.9969279849886222,extended_prefix_evaluation,probability
0.95,0.95,lower-5%,1245,Vallisneria sp.,0.9969330419274752,extended_prefix_evaluation,probability
0.95,0.95,lower-5%,1246,Hyphessobrycon bifasciatus,0.9969365203208693,extended_prefix_evaluation,probability
0.95,0.95,lower-5%,1247,Belostoma indicum,0.9969393726549104,extended_prefix_evaluation,probability
0.95,0.95,lower-5%,1248,Gyrinus punctellus,0.9969419833530371,extended_prefix_evaluation,probability
0.95,0.95,lower-5%,1249,Pseudosuccinea columella,0.9969456023029782,extended_prefix_evaluation,probability
0.95,0.95,lower-5%,1250,Hemigrammus erythrozonus,0.996949050663702,extended_prefix_evaluation,probability
0.95,0.95,lower-5%,1251,Plationus patulus,0.9969533375279164,extended_prefix_evaluation,probability
0.95,0.95,lower-5%,1252,Chela cachius,0.9969563979877871,extended_prefix_evaluation,probability
0.95,0.95,lower-5%,1253,Cypria sp.,0.9969611716462482,extended_prefix_evaluation,probability
0.95,0.95,lower-5%,1254,Hyphessobrycon eques,0.9969645669749724,extended_prefix_evaluation,probability
0.95,0.95,lower-5%,1255,Gyraulus sp.,0.9969671135112045,extended_prefix_evaluation,probability
0.95,0.95,lower-5%,1256,Culicoides variipennis,0.9969694982501547,extended_prefix_evaluation,probability
0.95,0.95,lower-5%,1257,Notopterus notopterus,0.9969734011806726,extended_prefix_evaluation,probability
0.95,0.95,lower-5%,1258,Mesocyclops edax,0.9969779558308686,extended_prefix_evaluation,probability
0.95,0.95,lower-5%,1259,Trichogaster trichopterus,0.9969813433182128,extended_prefix_evaluation,probability
0.95,0.95,lower-5%,1260,Gyrinus natator,0.9969839842447101,extended_prefix_evaluation,probability
0.95,0.95,lower-5%,1261,Enallagma aspersum,0.9969872179910052,extended_prefix_evaluation,probability
0.95,0.95,lower-5%,1262,Pomacea canaliculata,0.9969912954289136,extended_prefix_evaluation,probability
0.95,0.95,lower-5%,1263,Spiralothelphusa hydrodroma,0.9969944296490924,extended_prefix_evaluation,probability
0.95,0.95,lower-5%,1264,Atherix variegata,0.9969969176242642,extended_prefix_evaluation,probability
0.95,0.95,lower-5%,1265,Macropsobrycon uruguayanae,0.9970004093592721,extended_prefix_evaluation,probability
0.95,0.95,lower-5%,1266,Keratella cochlearis,0.9970045499299314,extended_prefix_evaluation,probability
0.95,0.95,lower-5%,1267,Corydoras melanistius,0.9970077227856228,extended_prefix_evaluation,probability
0.95,0.95,lower-5%,1268,Sialis lutaria,0.9970104405507513,extended_prefix_evaluation,probability
0.95,0.95,lower-5%,1269,Cambarus bartonii,0.9970140343476385,extended_prefix_evaluation,probability
0.95,0.95,lower-5%,1270,Culicoides schultzei,0.9970163296495339,extended_prefix_evaluation,probability
0.95,0.95,lower-5%,1271,Melanotaenia fluviatilis,0.9970200611161667,extended_prefix_evaluation,probability
0.95,0.95,lower-5%,1272,Notropis topeka,0.9970232095657614,extended_prefix_evaluation,probability
0.95,0.95,lower-5%,1273,Morone chrysops,0.9970269799436617,extended_prefix_evaluation,probability
0.95,0.95,lower-5%,1274,Moxostoma hubbsi,0.9970302842616104,extended_prefix_evaluation,probability
0.95,0.95,lower-5%,1275,Hyphessobrycon erythrostigma,0.997033594432875,extended_prefix_evaluation,probability
0.95,0.95,lower-5%,1276,Biomphalaria straminea,0.997036603136575,extended_prefix_evaluation,probability
0.95,0.95,lower-5%,1277,Parreysia sp.,0.9970396894457474,extended_prefix_evaluation,probability
0.95,0.95,lower-5%,1278,Cyclops sp.,0.9970439522764641,extended_prefix_evaluation,probability
0.95,0.95,lower-5%,1279,Atherix sp.,0.9970464732171554,extended_prefix_evaluation,probability
0.95,0.95,lower-5%,1280,Anguilla rostrata,0.9970502260365898,extended_prefix_evaluation,probability
0.95,0.95,lower-5%,1281,Noemacheilus denisonii,0.9970533972585507,extended_prefix_evaluation,probability
0.95,0.95,lower-5%,1282,Catostomus catostomus,0.9970569583572055,extended_prefix_evaluation,probability
0.95,0.95,lower-5%,1283,Elodea sp.,0.9970617004621888,extended_prefix_evaluation,probability
0.95,0.95,lower-5%,1284,Parapoynx stratiotata,0.9970642698333052,extended_prefix_evaluation,probability
0.95,0.95,lower-5%,1285,Pseudambassis ranga,0.9970673020868462,extended_prefix_evaluation,probability
0.95,0.95,lower-5%,1286,Catostomus platyrhynchus,0.9970708262601428,extended_prefix_evaluation,probability
0.95,0.95,lower-5%,1287,Lepadella patella,0.9970748781645001,extended_prefix_evaluation,probability
0.95,0.95,lower-5%,1288,Mesocyclops pehpeiensis,0.9970791832405421,extended_prefix_evaluation,probability
0.95,0.95,lower-5%,1289,Pseudocrenilabrus philander,0.9970819716393359,extended_prefix_evaluation,probability
0.95,0.95,lower-5%,1290,Leptoxis ampla,0.997085163999852,extended_prefix_evaluation,probability
0.95,0.95,lower-5%,1291,Coloburiscus humeralis,0.9970877183365889,extended_prefix_evaluation,probability
0.95,0.95,lower-5%,1292,Biomphalaria havanensis,0.9970906024135028,extended_prefix_evaluation,probability
0.95,0.95,lower-5%,1293,Keratella quadrata,0.9970945214916451,extended_prefix_evaluation,probability
0.95,0.95,lower-5%,1294,Scardinius erythrophthalmus,0.9970974234590899,extended_prefix_evaluation,probability
0.95,0.95,lower-5%,1295,Potamogeton nodosus,0.9971008971534129,extended_prefix_evaluation,probability
0.95,0.95,lower-5%,1296,Trypaea australiensis,0.9971037941599269,extended_prefix_evaluation,probability
0.95,0.95,lower-5%,1297,Astacus astacus,0.9971066904485243,extended_prefix_evaluation,probability
0.95,0.95,lower-5%,1298,Ceratophyllum submersum,0.9971097049963292,extended_prefix_evaluation,probability
0.95,0.95,lower-5%,1299,Neoplea striola,0.9971121033463988,extended_prefix_evaluation,probability
0.95,0.95,lower-5%,1300,Biomphalaria sp.,0.9971149442481698,extended_prefix_evaluation,probability
0.95,0.95,lower-5%,1301,Microhyla ornata,0.9971183798473406,extended_prefix_evaluation,probability
0.95,0.95,lower-5%,1302,Amniataba percoides,0.997121364078245,extended_prefix_evaluation,probability
0.95,0.95,lower-5%,1303,Geophagus brasiliensis,0.9971240839298252,extended_prefix_evaluation,probability
0.95,0.95,lower-5%,1304,Morone sp.,0.9971277004930776,extended_prefix_evaluation,probability
0.95,0.95,lower-5%,1305,Faxonius virilis,0.9971312322258232,extended_prefix_evaluation,probability
0.95,0.95,lower-5%,1306,Radix plicatula,0.997134683635825,extended_prefix_evaluation,probability
0.95,0.95,lower-5%,1307,Potamogeton illinoensis,0.9971380960194247,extended_prefix_evaluation,probability
0.95,0.95,lower-5%,1308,Rocio octofasciata,0.9971407709746519,extended_prefix_evaluation,probability
0.95,0.95,lower-5%,1309,Astacopsis gouldi,0.9971437672634892,extended_prefix_evaluation,probability
0.95,0.95,lower-5%,1310,Anax imperator,0.9971461866874811,extended_prefix_evaluation,probability
0.95,0.95,lower-5%,1311,Radix ovata,0.9971496255103146,extended_prefix_evaluation,probability
0.95,0.95,lower-5%,1312,Leptoxis praerosa,0.9971526776963681,extended_prefix_evaluation,probability
0.95,0.95,lower-5%,1313,Xyrauchen texanus,0.9971558016068409,extended_prefix_evaluation,probability
0.95,0.95,lower-5%,1314,Basilichthys australis,0.99715871949416,extended_prefix_evaluation,probability
0.95,0.95,lower-5%,1315,Elimia virginica,0.9971618852444852,extended_prefix_evaluation,probability
0.95,0.95,lower-5%,1316,Pontoporeia affinis,0.9971646672282011,extended_prefix_evaluation,probability
0.95,0.95,lower-5%,1317,Eudiaptomus gracilis,0.9971682379924641,extended_prefix_evaluation,probability
0.95,0.95,lower-5%,1318,Galba truncatula,0.9971713341661159,extended_prefix_evaluation,probability
0.95,0.95,lower-5%,1319,Caquetaia kraussii,0.9971739461708258,extended_prefix_evaluation,probability
0.95,0.95,lower-5%,1320,Keratella americana,0.9971776621178573,extended_prefix_evaluation,probability
0.95,0.95,lower-5%,1321,Leuciscus cephalus,0.9971805612177784,extended_prefix_evaluation,probability
0.95,0.95,lower-5%,1322,Indoplanorbis exustus,0.9971835294749121,extended_prefix_evaluation,probability
0.95,0.95,lower-5%,1323,Plea minutissima,0.99718597768498,extended_prefix_evaluation,probability
0.95,0.95,lower-5%,1324,Rhinella fernandezae,0.9971889133739863,extended_prefix_evaluation,probability
0.95,0.95,lower-5%,1325,Mylopharyngodon piceus,0.9971915965360241,extended_prefix_evaluation,probability
0.95,0.95,lower-5%,1326,Xiphophorus maculatus,0.9971943786735662,extended_prefix_evaluation,probability
0.95,0.95,lower-5%,1327,Leptoxis dilatata,0.9971973134887108,extended_prefix_evaluation,probability
0.95,0.95,lower-5%,1328,Mesocyclops ruttneri,0.9972012613402705,extended_prefix_evaluation,probability
0.95,0.95,lower-5%,1329,Quasipaa spinosa,0.9972039811281006,extended_prefix_evaluation,probability
0.95,0.95,lower-5%,1330,Parreysia corrugata,0.9972068876855448,extended_prefix_evaluation,probability
0.95,0.95,lower-5%,1331,Plagiognathops microlepis,0.9972095463593347,extended_prefix_evaluation,probability
0.95,0.95,lower-5%,1332,Radix peregra,0.9972128983767129,extended_prefix_evaluation,probability
0.95,0.95,lower-5%,1333,Galaxias truttaceus,0.9972156566032527,extended_prefix_evaluation,probability
0.95,0.95,lower-5%,1334,Abramis brama,0.99721822411729,extended_prefix_evaluation,probability
0.95,0.95,lower-5%,1335,Ceratophyllum sp.,0.9972210715186277,extended_prefix_evaluation,probability
0.95,0.95,lower-5%,1336,Sialis velata,0.9972234557736996,extended_prefix_evaluation,probability
0.95,0.95,lower-5%,1337,Spea multiplicata,0.9972264947319913,extended_prefix_evaluation,probability
0.95,0.95,lower-5%,1338,Clibanarius africanus,0.9972291290506035,extended_prefix_evaluation,probability
0.95,0.95,lower-5%,1339,Leptoxis carinata,0.9972320472557978,extended_prefix_evaluation,probability
0.95,0.95,lower-5%,1340,Prochilodus lineatus,0.9972354484347652,extended_prefix_evaluation,probability
0.95,0.95,lower-5%,1341,Paramelita nigroculus,0.9972380754125202,extended_prefix_evaluation,probability
0.95,0.95,lower-5%,1342,Paracalliope fluviatilis,0.9972406893843975,extended_prefix_evaluation,probability
0.95,0.95,lower-5%,1343,Alburnus albidus,0.9972432753918503,extended_prefix_evaluation,probability
0.95,0.95,lower-5%,1344,Mysis relicta,0.9972459751968784,extended_prefix_evaluation,probability
0.95,0.95,lower-5%,1345,Chanodichthys erythropterus,0.997248550874267,extended_prefix_evaluation,probability
0.95,0.95,lower-5%,1346,Nostoc fritschii,0.9972524611292666,extended_prefix_evaluation,probability
0.95,0.95,lower-5%,1347,Elodea nuttallii,0.9972567477603441,extended_prefix_evaluation,probability
0.95,0.95,lower-5%,1348,Pontoporeia sp.,0.997259319761614,extended_prefix_evaluation,probability
0.95,0.95,lower-5%,1349,Campostoma anomalum,0.9972619121686334,extended_prefix_evaluation,probability
0.95,0.95,lower-5%,1350,Biomphalaria boissyi,0.9972644418268412,extended_prefix_evaluation,probability
0.95,0.95,lower-5%,1351,Mesocyclops leuckarti,0.9972682455144102,extended_prefix_evaluation,probability
0.95,0.95,lower-5%,1352,Elimia catenaria,0.997271113619969,extended_prefix_evaluation,probability
0.95,0.95,lower-5%,1353,Semotilus atromaculatus,0.9972735678407655,extended_prefix_evaluation,probability
0.95,0.95,lower-5%,1354,Capoeta fusca,0.9972759381908789,extended_prefix_evaluation,probability
0.95,0.95,lower-5%,1355,Parastenocaris germanica,0.9972797614210978,extended_prefix_evaluation,probability
0.95,0.95,lower-5%,1356,Spea intermontana,0.9972824844445394,extended_prefix_evaluation,probability
0.95,0.95,lower-5%,1357,Elimia clavaeformis,0.9972853840483872,extended_prefix_evaluation,probability
0.95,0.95,lower-5%,1358,Platygobio gracilis,0.9972878465553627,extended_prefix_evaluation,probability
0.95,0.95,lower-5%,1359,Nostoc calcicola,0.9972915645959912,extended_prefix_evaluation,probability
0.95,0.95,lower-5%,1360,Pandalus montagui,0.997294049918157,extended_prefix_evaluation,probability
0.95,0.95,lower-5%,1361,Potamogeton sp.,0.9972971912271857,extended_prefix_evaluation,probability
0.95,0.95,lower-5%,1362,Xanthocnemis zealandica,0.9972998454841834,extended_prefix_evaluation,probability
0.95,0.95,lower-5%,1363,Mystus vittatus,0.9973028551250684,extended_prefix_evaluation,probability
0.95,0.95,lower-5%,1364,Afrochiltonia subtenuis,0.9973053215105826,extended_prefix_evaluation,probability
0.95,0.95,lower-5%,1365,Mystus bleekeri,0.9973078517645024,extended_prefix_evaluation,probability
0.95,0.95,lower-5%,1366,Pontogammarus maeoticus,0.9973103080302704,extended_prefix_evaluation,probability
0.95,0.95,lower-5%,1367,Skiffia multipunctata,0.9973128147528856,extended_prefix_evaluation,probability
0.95,0.95,lower-5%,1368,Lamellidens corrianus,0.997315320238612,extended_prefix_evaluation,probability
0.95,0.95,lower-5%,1369,Alburnus tarichi,0.9973178661674135,extended_prefix_evaluation,probability
0.95,0.95,lower-5%,1370,Enallagma sp.,0.9973205368426784,extended_prefix_evaluation,probability
0.95,0.95,lower-5%,1371,Mictyris longicarpus,0.9973229631725737,extended_prefix_evaluation,probability
0.95,0.95,lower-5%,1372,Potamonautes sp.,0.9973253929120401,extended_prefix_evaluation,probability
0.95,0.95,lower-5%,1373,Anuraeopsis fissa,0.9973288245818511,extended_prefix_evaluation,probability
0.95,0.95,lower-5%,1374,Metynnis orinocensis,0.9973315494181567,extended_prefix_evaluation,probability
0.95,0.95,lower-5%,1375,Biomphalaria tenagophila,0.9973339846997884,extended_prefix_evaluation,probability
0.95,0.95,lower-5%,1376,Ilyoplax gangetica,0.997336376311809,extended_prefix_evaluation,probability
0.95,0.95,lower-5%,1377,Heloecius cordiformis,0.997338745945932,extended_prefix_evaluation,probability
0.95,0.95,lower-5%,1378,Leucaspius delineatus,0.9973411061608153,extended_prefix_evaluation,probability
0.95,0.95,lower-5%,1379,Melanotaenia duboulayi,0.9973439618134733,extended_prefix_evaluation,probability
0.95,0.95,lower-5%,1380,Melanotaenia nigrans,0.9973468618569766,extended_prefix_evaluation,probability
0.95,0.95,lower-5%,1381,Bidyanus bidyanus,0.9973500762652648,extended_prefix_evaluation,probability
0.95,0.95,lower-5%,1382,Potamogeton crispus,0.9973531286033556,extended_prefix_evaluation,probability
0.95,0.95,lower-5%,1383,Cipangopaludina cathayensis,0.9973558076130559,extended_prefix_evaluation,probability
0.95,0.95,lower-5%,1384,Noemacheilus montanus,0.9973582815492926,extended_prefix_evaluation,probability
0.95,0.95,lower-5%,1385,Radix balthica,0.9973613031911066,extended_prefix_evaluation,probability
0.95,0.95,lower-5%,1386,Nostoc muscorum,0.9973648236730487,extended_prefix_evaluation,probability
0.95,0.95,lower-5%,1387,Cyclops viridis,0.9973681711235411,extended_prefix_evaluation,probability
0.95,0.95,lower-5%,1388,Pontoporeia hoyi,0.9973704795498193,extended_prefix_evaluation,probability
0.95,0.95,lower-5%,1389,Rhamdia sapo,0.9973734770963693,extended_prefix_evaluation,probability
0.95,0.95,lower-5%,1390,Vimba vimba,0.9973757649271707,extended_prefix_evaluation,probability
0.95,0.95,lower-5%,1391,Ambassis gymnocephalus,0.9973781515790809,extended_prefix_evaluation,probability
0.95,0.95,lower-5%,1392,Enallagma cyathigerum,0.9973807030466323,extended_prefix_evaluation,probability
0.95,0.95,lower-5%,1393,Menidia beryllina,0.9973832726685857,extended_prefix_evaluation,probability
0.95,0.95,lower-5%,1394,Sinotaia aeruginosa,0.9973858461830156,extended_prefix_evaluation,probability
0.95,0.95,lower-5%,1395,Anabaena circinalis,0.9973892246564617,extended_prefix_evaluation,probability
0.95,0.95,lower-5%,1396,Notodiaptomus conifer,0.9973922898419295,extended_prefix_evaluation,probability
0.95,0.95,lower-5%,1397,Misgurnus fossilis,0.9973953398415607,extended_prefix_evaluation,probability
0.95,0.95,lower-5%,1398,Metapenaeus monoceros,0.9973975851732008,extended_prefix_evaluation,probability
0.95,0.95,lower-5%,1399,Corophium sp.,0.9973998275635241,extended_prefix_evaluation,probability
0.95,0.95,lower-5%,1400,Goodea atripinnis,0.9974021206467689,extended_prefix_evaluation,probability
0.95,0.95,lower-5%,1401,Callinectes sapidus,0.9974045030286667,extended_prefix_evaluation,probability
0.95,0.95,lower-5%,1402,Anguilla australis,0.9974074237558311,extended_prefix_evaluation,probability
0.95,0.95,lower-5%,1403,Nyctibatrachus major,0.9974098435378832,extended_prefix_evaluation,probability
0.95,0.95,lower-5%,1404,Pseudomugil tenellus,0.9974124419289747,extended_prefix_evaluation,probability
0.95,0.95,lower-5%,1405,Luxilus cornutus,0.9974146882499868,extended_prefix_evaluation,probability
0.95,0.95,lower-5%,1406,Zacco platypus,0.9974169100459362,extended_prefix_evaluation,probability
0.95,0.95,lower-5%,1407,Potamogeton perfoliatus,0.9974197303160705,extended_prefix_evaluation,probability
0.95,0.95,lower-5%,1408,Oreochromis mossambicus,0.9974223398312324,extended_prefix_evaluation,probability
0.95,0.95,lower-5%,1409,Acanthocyclops venustus,0.9974256655674267,extended_prefix_evaluation,probability
0.95,0.95,lower-5%,1410,Mystus tengara,0.9974279013768335,extended_prefix_evaluation,probability
0.95,0.95,lower-5%,1411,Anabaena inaequalis,0.9974312344747158,extended_prefix_evaluation,probability
0.95,0.95,lower-5%,1412,Nematalosa erebi,0.997433502886521,extended_prefix_evaluation,probability
0.95,0.95,lower-5%,1413,Litopenaeus vannamei,0.9974356630635424,extended_prefix_evaluation,probability
0.95,0.95,lower-5%,1414,Farfantepenaeus duorarum,0.9974378205338204,extended_prefix_evaluation,probability
0.95,0.95,lower-5%,1415,Fundulus heteroclitus,0.9974406227342637,extended_prefix_evaluation,probability
0.95,0.95,lower-5%,1416,Catostomus latipinnis,0.997443319528107,extended_prefix_evaluation,probability
0.95,0.95,lower-5%,1417,Chapalichthys pardalis,0.997445520541425,extended_prefix_evaluation,probability
0.95,0.95,lower-5%,1418,Rhithropanopeus harrisii,0.9974477810680523,extended_prefix_evaluation,probability
0.95,0.95,lower-5%,1419,Tilapia rendalli,0.9974500253772406,extended_prefix_evaluation,probability
0.95,0.95,lower-5%,1420,Tilapia melanopleura,0.9974522644002886,extended_prefix_evaluation,probability
0.95,0.95,lower-5%,1421,Anabaena cylindrica,0.9974556694034263,extended_prefix_evaluation,probability
0.95,0.95,lower-5%,1422,Chirostoma jordani,0.9974584335887,extended_prefix_evaluation,probability
0.95,0.95,lower-5%,1423,Leptoxis sp.,0.9974607721014419,extended_prefix_evaluation,probability
0.95,0.95,lower-5%,1424,Mesochra parva,0.9974638560453307,extended_prefix_evaluation,probability
0.95,0.95,lower-5%,1425,Egeria densa,0.9974673247508645,extended_prefix_evaluation,probability
0.95,0.95,lower-5%,1426,Parreysia favidens,0.9974694548858872,extended_prefix_evaluation,probability
0.95,0.95,lower-5%,1427,Gobiomorphus huttoni,0.9974715954892036,extended_prefix_evaluation,probability
0.95,0.95,lower-5%,1428,Bellamya bengalensis,0.9974739627531025,extended_prefix_evaluation,probability
0.95,0.95,lower-5%,1429,Penaeus indicus,0.9974760423279402,extended_prefix_evaluation,probability
0.95,0.95,lower-5%,1430,Elimia livescens,0.9974784040554637,extended_prefix_evaluation,probability
0.95,0.95,lower-5%,1431,Hemibagrus nemurus,0.9974806109017545,extended_prefix_evaluation,probability
0.95,0.95,lower-5%,1432,Attheyella crassa,0.9974836843244226,extended_prefix_evaluation,probability
0.95,0.95,lower-5%,1433,Paracyclops fimbriatus,0.9974867922085672,extended_prefix_evaluation,probability
0.95,0.95,lower-5%,1434,Syngnathus scovelli,0.9974890316551869,extended_prefix_evaluation,probability
0.95,0.95,lower-5%,1435,Thiara scabra,0.9974912662747903,extended_prefix_evaluation,probability
0.95,0.95,lower-5%,1436,Drepanomonas revoluta,0.997495099586415,extended_prefix_evaluation,probability
0.95,0.95,lower-5%,1437,Odontophrynus americanus,0.9974971657354297,extended_prefix_evaluation,probability
0.95,0.95,lower-5%,1438,Lepidocephalichthys guntea,0.9974995166757207,extended_prefix_evaluation,probability
0.95,0.95,lower-5%,1439,Egeria sp.,0.9975029157480264,extended_prefix_evaluation,probability
0.95,0.95,lower-5%,1440,Pelodytes ibericus,0.9975049625934267,extended_prefix_evaluation,probability
0.95,0.95,lower-5%,1441,Thiara lineata,0.9975071596147789,extended_prefix_evaluation,probability
0.95,0.95,lower-5%,1442,Filopaludina sp.,0.9975094439157587,extended_prefix_evaluation,probability
0.95,0.95,lower-5%,1443,Viviparus bengalensis,0.9975120265361254,extended_prefix_evaluation,probability
0.95,0.95,lower-5%,1444,Eupomatis gibbosus,0.9975145302240918,extended_prefix_evaluation,probability
0.95,0.95,lower-5%,1445,Anabaena flosaquae,0.997517650698965,extended_prefix_evaluation,probability
0.95,0.95,lower-5%,1446,Acanthocyclops robustus,0.9975206762829131,extended_prefix_evaluation,probability
0.95,0.95,lower-5%,1447,Cypridopsis vidua,0.997523430711432,extended_prefix_evaluation,probability
0.95,0.95,lower-5%,1448,Campeloma decisum,0.9975258361929173,extended_prefix_evaluation,probability
0.95,0.95,lower-5%,1449,Hepsetus odoe,0.9975278640460815,extended_prefix_evaluation,probability
0.95,0.95,lower-5%,1450,Paramecium caudatum,0.9975317499980779,extended_prefix_evaluation,probability
0.95,0.95,lower-5%,1451,Sesarma huzardi,0.9975337155722028,extended_prefix_evaluation,probability
0.95,0.95,lower-5%,1452,Cipangopaludina chinensis,0.9975359638483712,extended_prefix_evaluation,probability
0.95,0.95,lower-5%,1453,Pomoxis nigromaculatus,0.9975382779112387,extended_prefix_evaluation,probability
0.95,0.95,lower-5%,1454,Adelotus brevis,0.9975402639032145,extended_prefix_evaluation,probability
0.95,0.95,lower-5%,1455,Cherax tenuimanus,0.997542406364525,extended_prefix_evaluation,probability
0.95,0.95,lower-5%,1456,Eurycea bislineata,0.9975443919040412,extended_prefix_evaluation,probability
0.95,0.95,lower-5%,1457,Pomoxis annularis,0.9975466537075707,extended_prefix_evaluation,probability
0.95,0.95,lower-5%,1458,Bulinus truncatus,0.9975489806659371,extended_prefix_evaluation,probability
0.95,0.95,lower-5%,1459,Penaeus chinensis,0.997550916554949,extended_prefix_evaluation,probability
0.95,0.95,lower-5%,1460,Fundulus diaphanus,0.9975534376615192,extended_prefix_evaluation,probability
0.95,0.95,lower-5%,1461,Limnodynastes peronii,0.9975555575431447,extended_prefix_evaluation,probability
0.95,0.95,lower-5%,1462,Diacyclops sp.,0.9975585391081253,extended_prefix_evaluation,probability
0.95,0.95,lower-5%,1463,Diacyclops disjunctus,0.997561513078348,extended_prefix_evaluation,probability
0.95,0.95,lower-5%,1464,Diacyclops bicuspidatus,0.997564477162353,extended_prefix_evaluation,probability
0.95,0.95,lower-5%,1465,Clarias gariepinus,0.9975675416335021,extended_prefix_evaluation,probability
0.95,0.95,lower-5%,1466,Aphanocapsa sp.,0.9975705321109664,extended_prefix_evaluation,probability
0.95,0.95,lower-5%,1467,Gloeocapsa sp.,0.997573517672416,extended_prefix_evaluation,probability
0.95,0.95,lower-5%,1468,Colisa lalia,0.9975756602037543,extended_prefix_evaluation,probability
0.95,0.95,lower-5%,1469,Schistosoma mansoni,0.9975792892563546,extended_prefix_evaluation,probability
0.95,0.95,lower-5%,1470,Pleurocera sp.,0.9975814968122061,extended_prefix_evaluation,probability
0.95,0.95,lower-5%,1471,Diacyclops thomasi,0.9975844625699376,extended_prefix_evaluation,probability
0.95,0.95,lower-5%,1472,Anabaena aphanizomendoides,0.9975873303930645,extended_prefix_evaluation,probability
0.95,0.95,lower-5%,1473,Hypostomus plecostomus,0.9975893455373999,extended_prefix_evaluation,probability
0.95,0.95,lower-5%,1474,Monoporeia affinis,0.9975914413706096,extended_prefix_evaluation,probability
0.95,0.95,lower-5%,1475,Parreysia cylindrica,0.9975934785048827,extended_prefix_evaluation,probability
0.95,0.95,lower-5%,1476,Biomphalaria alexandrina,0.997595607023497,extended_prefix_evaluation,probability
0.95,0.95,lower-5%,1477,Synodontis sp.,0.9975975039224715,extended_prefix_evaluation,probability
0.95,0.95,lower-5%,1478,Chlamydomonas geitleri,0.9975999707208245,extended_prefix_evaluation,probability
0.95,0.95,lower-5%,1479,Neosilurus sp.,0.9976018508499421,extended_prefix_evaluation,probability
0.95,0.95,lower-5%,1480,Viviparus contectus,0.997604132156839,extended_prefix_evaluation,probability
0.95,0.95,lower-5%,1481,Scylla serrata,0.9976060909980514,extended_prefix_evaluation,probability
0.95,0.95,lower-5%,1482,Rhacophorus arboreus,0.9976080908953973,extended_prefix_evaluation,probability
0.95,0.95,lower-5%,1483,Barytelphusa guerini,0.9976099714588641,extended_prefix_evaluation,probability
0.95,0.95,lower-5%,1484,Stagnicola elodes,0.9976122666481732,extended_prefix_evaluation,probability
0.95,0.95,lower-5%,1485,Wallago attu,0.9976141228509864,extended_prefix_evaluation,probability
0.95,0.95,lower-5%,1486,Aphanothece stagnina,0.9976170043534494,extended_prefix_evaluation,probability
0.95,0.95,lower-5%,1487,Clarias batrachus,0.9976199918064168,extended_prefix_evaluation,probability
0.95,0.95,lower-5%,1488,Tilapia guineensis,0.9976219148028015,extended_prefix_evaluation,probability
0.95,0.95,lower-5%,1489,Eriocheir sinensis,0.9976239024454151,extended_prefix_evaluation,probability
0.95,0.95,lower-5%,1490,Umbra pygmaea,0.997625740659182,extended_prefix_evaluation,probability
0.95,0.95,lower-5%,1491,Pseudoplatystoma sp.,0.9976275759318936,extended_prefix_evaluation,probability
0.95,0.95,lower-5%,1492,Nandus nandus,0.9976294073274139,extended_prefix_evaluation,probability
0.95,0.95,lower-5%,1493,Nemapteryx nenga,0.9976312336851048,extended_prefix_evaluation,probability
0.95,0.95,lower-5%,1494,Leporinus obtusidens,0.9976332640810618,extended_prefix_evaluation,probability
0.95,0.95,lower-5%,1495,Rivulus marmoratus,0.9976350850781738,extended_prefix_evaluation,probability
0.95,0.95,lower-5%,1496,Dilocarcinus pagei,0.9976371336745152,extended_prefix_evaluation,probability
0.95,0.95,lower-5%,1497,Sulcospira hainanensis,0.9976389688985925,extended_prefix_evaluation,probability
0.95,0.95,lower-5%,1498,Scaphiopus holbrookii,0.9976408314246709,extended_prefix_evaluation,probability
0.95,0.95,lower-5%,1499,Rhinomugil corsula,0.9976426382284669,extended_prefix_evaluation,probability
0.95,0.95,lower-5%,1500,Anguilla sp.,0.997645033235467,extended_prefix_evaluation,probability
0.95,0.95,lower-5%,1501,Crinia signifera,0.9976468144661486,extended_prefix_evaluation,probability
0.95,0.95,lower-5%,1502,Nemacheilus botia,0.9976487798922626,extended_prefix_evaluation,probability
0.95,0.95,lower-5%,1503,Ambloplites rupestris,0.9976508458470863,extended_prefix_evaluation,probability
0.95,0.95,lower-5%,1504,Chlamydomonas reinhardtii,0.9976530088110769,extended_prefix_evaluation,probability
0.95,0.95,lower-5%,1505,Nannostomus unifasciatus,0.9976548497848126,extended_prefix_evaluation,probability
0.95,0.95,lower-5%,1506,Piaractus mesopotamicus,0.9976571619752874,extended_prefix_evaluation,probability
0.95,0.95,lower-5%,1507,Cherax quadricarinatus,0.9976591433230728,extended_prefix_evaluation,probability
0.95,0.95,lower-5%,1508,Thiara sp.,0.9976610401395858,extended_prefix_evaluation,probability
0.95,0.95,lower-5%,1509,Prochilodus scrofa,0.9976632958888352,extended_prefix_evaluation,probability
0.95,0.95,lower-5%,1510,Alytes obstetricans,0.9976651325133746,extended_prefix_evaluation,probability
0.95,0.95,lower-5%,1511,Chlamydomonas angulosa,0.9976674483876194,extended_prefix_evaluation,probability
0.95,0.95,lower-5%,1512,Colisa fasciata,0.9976695438518296,extended_prefix_evaluation,probability
0.95,0.95,lower-5%,1513,Bulinus globosus,0.9976714567205537,extended_prefix_evaluation,probability
0.95,0.95,lower-5%,1514,Callinectes amnicola,0.9976733474621615,extended_prefix_evaluation,probability
0.95,0.95,lower-5%,1515,Odontesthes bonariensis,0.9976756858495278,extended_prefix_evaluation,probability
0.95,0.95,lower-5%,1516,Theodoxus fluviatilis,0.9976774446879971,extended_prefix_evaluation,probability
0.95,0.95,lower-5%,1517,Carcinus maenas,0.9976792057700051,extended_prefix_evaluation,probability
0.95,0.95,lower-5%,1518,Macquaria novemaculeata,0.997680940943263,extended_prefix_evaluation,probability
0.95,0.95,lower-5%,1519,Nostoc commune,0.9976836984143344,extended_prefix_evaluation,probability
0.95,0.95,lower-5%,1520,Amphimelania holandri,0.9976855596057098,extended_prefix_evaluation,probability
0.95,0.95,lower-5%,1521,Monopterus albus,0.9976872920334975,extended_prefix_evaluation,probability
0.95,0.95,lower-5%,1522,Otocinclus affinis,0.9976890886008317,extended_prefix_evaluation,probability
0.95,0.95,lower-5%,1523,Chlorohydra viridissima,0.997691939270284,extended_prefix_evaluation,probability
0.95,0.95,lower-5%,1524,Chlamydomonas eugametos,0.9976942020865325,extended_prefix_evaluation,probability
0.95,0.95,lower-5%,1525,Macrognathus aculeatus,0.9976959196202189,extended_prefix_evaluation,probability
0.95,0.95,lower-5%,1526,Colossoma macropomum,0.9976982395613917,extended_prefix_evaluation,probability
0.95,0.95,lower-5%,1527,Rita rita,0.9976999800209845,extended_prefix_evaluation,probability
0.95,0.95,lower-5%,1528,Selenastrum minutum,0.9977017224938448,extended_prefix_evaluation,probability
0.95,0.95,lower-5%,1529,Anguilla japonica,0.9977040719453771,extended_prefix_evaluation,probability
0.95,0.95,lower-5%,1530,Aplocheilus panchax,0.9977061640463144,extended_prefix_evaluation,probability
0.95,0.95,lower-5%,1531,Stenotomus versicolor,0.9977078503048246,extended_prefix_evaluation,probability
0.95,0.95,lower-5%,1532,Barytelphusa cunicularis,0.9977095554559169,extended_prefix_evaluation,probability
0.95,0.95,lower-5%,1533,Bombina orientalis,0.997711414426127,extended_prefix_evaluation,probability
0.95,0.95,lower-5%,1534,Anabaena variabilis,0.9977141149522353,extended_prefix_evaluation,probability
0.95,0.95,lower-5%,1535,Crinia insignifera,0.9977157919540569,extended_prefix_evaluation,probability
0.95,0.95,lower-5%,1536,Bombina variegata,0.9977175551042723,extended_prefix_evaluation,probability
0.95,0.95,lower-5%,1537,Pterophyllum scalare,0.9977194947299669,extended_prefix_evaluation,probability
0.95,0.95,lower-5%,1538,Mesocyclops sp.,0.997722137763924,extended_prefix_evaluation,probability
0.95,0.95,lower-5%,1539,Hynobius retardatus,0.9977237835195738,extended_prefix_evaluation,probability
0.95,0.95,lower-5%,1540,Limnodynastes tasmaniensis,0.9977256329034828,extended_prefix_evaluation,probability
0.95,0.95,lower-5%,1541,Bulinus tropicus,0.9977274394228014,extended_prefix_evaluation,probability
0.95,0.95,lower-5%,1542,Texadina sp.,0.9977291043573209,extended_prefix_evaluation,probability
0.95,0.95,lower-5%,1543,Nothobranchius guentheri,0.9977312504995842,extended_prefix_evaluation,probability
0.95,0.95,lower-5%,1544,Brotia sp.,0.9977332020698909,extended_prefix_evaluation,probability
0.95,0.95,lower-5%,1545,Monopterus cuchia,0.9977348307731989,extended_prefix_evaluation,probability
0.95,0.95,lower-5%,1546,Chilina gibbosa,0.9977364712647336,extended_prefix_evaluation,probability
0.95,0.95,lower-5%,1547,Discoglossus pictus,0.9977382585338979,extended_prefix_evaluation,probability
0.95,0.95,lower-5%,1548,Coccochloris peniocystis,0.9977408113800257,extended_prefix_evaluation,probability
0.95,0.95,lower-5%,1549,Macropodus opercularis,0.9977425317922202,extended_prefix_evaluation,probability
0.95,0.95,lower-5%,1550,Viviparus georgianus,0.9977446199670937,extended_prefix_evaluation,probability
0.95,0.95,lower-5%,1551,Tilapia aurea,0.9977463696648512,extended_prefix_evaluation,probability
0.95,0.95,lower-5%,1552,Paralichthys orbignyanus,0.9977479647870771,extended_prefix_evaluation,probability
0.95,0.95,lower-5%,1553,Chlamydomonas applanata,0.9977500833901354,extended_prefix_evaluation,probability
0.95,0.95,lower-5%,1554,Bulinus abyssinicus,0.9977518243854971,extended_prefix_evaluation,probability
0.95,0.95,lower-5%,1555,Synechococcus elongatus,0.9977543477706591,extended_prefix_evaluation,probability
0.95,0.95,lower-5%,1556,Tubifex tubifex,0.9977574153977529,extended_prefix_evaluation,probability
0.95,0.95,lower-5%,1557,Polypedates megacephalus,0.9977592985916273,extended_prefix_evaluation,probability
0.95,0.95,lower-5%,1558,Najas guadalupensis,0.9977621261901114,extended_prefix_evaluation,probability
0.95,0.95,lower-5%,1559,Chlamydomonas altera,0.9977641955737334,extended_prefix_evaluation,probability
0.95,0.95,lower-5%,1560,Chlamydomonas asymmetrica,0.9977662623719923,extended_prefix_evaluation,probability
0.95,0.95,lower-5%,1561,Chlamydomonas botryopara,0.9977683265889019,extended_prefix_evaluation,probability
0.95,0.95,lower-5%,1562,Chlamydomonas britannica,0.9977703882284694,extended_prefix_evaluation,probability
0.95,0.95,lower-5%,1563,Chlamydomonas debaryana,0.9977724472946918,extended_prefix_evaluation,probability
0.95,0.95,lower-5%,1564,Chlamydomonas globosa,0.9977745037915601,extended_prefix_evaluation,probability
0.95,0.95,lower-5%,1565,Cherax destructor,0.9977762207992957,extended_prefix_evaluation,probability
0.95,0.95,lower-5%,1566,Chlamydomonas gloeopara,0.9977782725825103,extended_prefix_evaluation,probability
0.95,0.95,lower-5%,1567,Chlamydomonas hebes,0.9977803218076647,extended_prefix_evaluation,probability
0.95,0.95,lower-5%,1568,Chlamydomonas heterogama,0.9977823684787183,extended_prefix_evaluation,probability
0.95,0.95,lower-5%,1569,Chlamydomonas kniepii,0.9977844125996217,extended_prefix_evaluation,probability
0.95,0.95,lower-5%,1570,Chlamydomonas latifrons,0.9977864541743178,extended_prefix_evaluation,probability
0.95,0.95,lower-5%,1571,Chlamydomonas micropapillata,0.9977884932067416,extended_prefix_evaluation,probability
0.95,0.95,lower-5%,1572,Chlamydomonas mutabilis,0.9977905297008203,extended_prefix_evaluation,probability
0.95,0.95,lower-5%,1573,Chlamydomonas peterfi,0.9977925636604726,extended_prefix_evaluation,probability
0.95,0.95,lower-5%,1574,Chlamydomonas planctogloea,0.99779459508961,extended_prefix_evaluation,probability
0.95,0.95,lower-5%,1575,Chlamydomonas pseudoelegans,0.997796623992135,extended_prefix_evaluation,probability
0.95,0.95,lower-5%,1576,Chlamydomonas quiescens,0.9977986503719442,extended_prefix_evaluation,probability
0.95,0.95,lower-5%,1577,Chlamydomonas snowiae,0.9978006742329242,extended_prefix_evaluation,probability
0.95,0.95,lower-5%,1578,Chlamydomonas sphagnophila,0.9978026955789548,extended_prefix_evaluation,probability
0.95,0.95,lower-5%,1579,Chlamydomonas subtilis,0.9978047144139082,extended_prefix_evaluation,probability
0.95,0.95,lower-5%,1580,Chlamydomonas terricola,0.9978067307416484,extended_prefix_evaluation,probability
0.95,0.95,lower-5%,1581,Chlamydomonas vulgaris,0.997808744566032,extended_prefix_evaluation,probability
0.95,0.95,lower-5%,1582,Chasmagnathus granulata,0.9978104062836364,extended_prefix_evaluation,probability
0.95,0.95,lower-5%,1583,Chlamydomonas sp.,0.9978124684007967,extended_prefix_evaluation,probability
0.95,0.95,lower-5%,1584,Deltistes luxatus,0.9978143806187441,extended_prefix_evaluation,probability
0.95,0.95,lower-5%,1585,Burnupia stenochorias,0.9978159910066332,extended_prefix_evaluation,probability
0.95,0.95,lower-5%,1586,Sphaerium simile,0.9978182426685527,extended_prefix_evaluation,probability
0.95,0.95,lower-5%,1587,Polypedates cruciger,0.99782010101402,extended_prefix_evaluation,probability
0.95,0.95,lower-5%,1588,Radix luteola,0.9978220774213521,extended_prefix_evaluation,probability
0.95,0.95,lower-5%,1589,Macoma balthica,0.9978241868159919,extended_prefix_evaluation,probability
0.95,0.95,lower-5%,1590,Eupera singleyi,0.9978262896961566,extended_prefix_evaluation,probability
0.95,0.95,lower-5%,1591,Piaractus brachypomus,0.9978282086458891,extended_prefix_evaluation,probability
0.95,0.95,lower-5%,1592,Mystus cavasius,0.9978301073836348,extended_prefix_evaluation,probability
0.95,0.95,lower-5%,1593,Ictiobus cyprinellus,0.9978320070175587,extended_prefix_evaluation,probability
0.95,0.95,lower-5%,1594,Galaxias maculatus,0.9978340085457248,extended_prefix_evaluation,probability
0.95,0.95,lower-5%,1595,Channa punctata,0.9978361951706273,extended_prefix_evaluation,probability
0.95,0.95,lower-5%,1596,Microcystis sp.,0.9978386898034292,extended_prefix_evaluation,probability
0.95,0.95,lower-5%,1597,Cichla ocellaris,0.997840395887439,extended_prefix_evaluation,probability
0.95,0.95,lower-5%,1598,Lanistes carinatus,0.9978421534817082,extended_prefix_evaluation,probability
0.95,0.95,lower-5%,1599,Polycelis nigra,0.9978449828961522,extended_prefix_evaluation,probability
0.95,0.95,lower-5%,1600,Cynops pyrrhogaster,0.9978466460114135,extended_prefix_evaluation,probability
0.95,0.95,lower-5%,1601,Sinopotamon honanense,0.9978482954724942,extended_prefix_evaluation,probability
0.95,0.95,lower-5%,1602,Acanthocyclops vernalis,0.9978505209037691,extended_prefix_evaluation,probability
0.95,0.95,lower-5%,1603,Trichodactylus borellianus,0.9978521998094362,extended_prefix_evaluation,probability
0.95,0.95,lower-5%,1604,Clarias macrocephalus,0.9978542644268404,extended_prefix_evaluation,probability
0.95,0.95,lower-5%,1605,Melanoides tuberculata,0.9978559438685054,extended_prefix_evaluation,probability
0.95,0.95,lower-5%,1606,Pleurodeles sp.,0.9978576134909527,extended_prefix_evaluation,probability
0.95,0.95,lower-5%,1607,Musculium transversum,0.9978597480724753,extended_prefix_evaluation,probability
0.95,0.95,lower-5%,1608,Chlamydomonas gloeogama,0.9978616407745952,extended_prefix_evaluation,probability
0.95,0.95,lower-5%,1609,Tilapia sp.,0.9978634867771723,extended_prefix_evaluation,probability
0.95,0.95,lower-5%,1610,Valvata piscinalis,0.9978650225277755,extended_prefix_evaluation,probability
0.95,0.95,lower-5%,1611,Chasmistes brevirostris,0.9978668292177794,extended_prefix_evaluation,probability
0.95,0.95,lower-5%,1612,Mystus keletius,0.9978686328064673,extended_prefix_evaluation,probability
0.95,0.95,lower-5%,1613,Stenocypris major,0.9978708501232361,extended_prefix_evaluation,probability
0.95,0.95,lower-5%,1614,Discoglossus galganoi,0.9978724418620722,extended_prefix_evaluation,probability
0.95,0.95,lower-5%,1615,Nais variabilis,0.9978752474869776,extended_prefix_evaluation,probability
0.95,0.95,lower-5%,1616,Parachromis dovii,0.9978768693324118,extended_prefix_evaluation,probability
0.95,0.95,lower-5%,1617,Myxocyprinus asiaticus,0.9978786275750748,extended_prefix_evaluation,probability
0.95,0.95,lower-5%,1618,Pungitius pungitius,0.9978805081835259,extended_prefix_evaluation,probability
0.95,0.95,lower-5%,1619,Alosa sapidissima,0.9978822919425652,extended_prefix_evaluation,probability
0.95,0.95,lower-5%,1620,Tilapia zillii,0.9978838839106654,extended_prefix_evaluation,probability
0.95,0.95,lower-5%,1621,Australoheros facetus,0.9978855599214406,extended_prefix_evaluation,probability
0.95,0.95,lower-5%,1622,Lepidocephalichthys thermalis,0.9978875085091864,extended_prefix_evaluation,probability
0.95,0.95,lower-5%,1623,Culaea inconstans,0.9978893768762644,extended_prefix_evaluation,probability
0.95,0.95,lower-5%,1624,Zilchiopsis collastinensis,0.99789090852514,extended_prefix_evaluation,probability
0.95,0.95,lower-5%,1625,Nais sp.,0.9978936680629765,extended_prefix_evaluation,probability
0.95,0.95,lower-5%,1626,Anabaena doliolum,0.9978957884314058,extended_prefix_evaluation,probability
0.95,0.95,lower-5%,1627,Astyanax bimaculatus,0.9978975914807754,extended_prefix_evaluation,probability
0.95,0.95,lower-5%,1628,Microcystis aeruginosa,0.9979000048118732,extended_prefix_evaluation,probability
0.95,0.95,lower-5%,1629,Herotilapia multispinosa,0.9979016245636835,extended_prefix_evaluation,probability
0.95,0.95,lower-5%,1630,Astyanax fasciatus,0.9979034232832209,extended_prefix_evaluation,probability
0.95,0.95,lower-5%,1631,Discoglossus jeanneae,0.9979049547843658,extended_prefix_evaluation,probability
0.95,0.95,lower-5%,1632,Galaxias fasciatus,0.997906698831606,extended_prefix_evaluation,probability
0.95,0.95,lower-5%,1633,Chioglossa lusitanica,0.9979082982430745,extended_prefix_evaluation,probability
0.95,0.95,lower-5%,1634,Chlorella sorokiniana,0.9979101121104323,extended_prefix_evaluation,probability
0.95,0.95,lower-5%,1635,Chlorella vulgaris,0.9979121381145692,extended_prefix_evaluation,probability
0.95,0.95,lower-5%,1636,Chlorella salina,0.9979139429025204,extended_prefix_evaluation,probability
0.95,0.95,lower-5%,1637,Tigriopus japonicus,0.9979156734203212,extended_prefix_evaluation,probability
0.95,0.95,lower-5%,1638,Chlorella variegata,0.9979174708211181,extended_prefix_evaluation,probability
0.95,0.95,lower-5%,1639,Chlorella sp.,0.9979193011307855,extended_prefix_evaluation,probability
0.95,0.95,lower-5%,1640,Galaxias auratus,0.9979210521763096,extended_prefix_evaluation,probability
0.95,0.95,lower-5%,1641,Astronotus ocellatus,0.997922658267117,extended_prefix_evaluation,probability
0.95,0.95,lower-5%,1642,Tilapia sparrmanii,0.9979243407150736,extended_prefix_evaluation,probability
0.95,0.95,lower-5%,1643,Pila ovata,0.9979259175578037,extended_prefix_evaluation,probability
0.95,0.95,lower-5%,1644,Melanopsis dufouri,0.997927222028219,extended_prefix_evaluation,probability
0.95,0.95,lower-5%,1645,Erpobdella sp.,0.9979296070699222,extended_prefix_evaluation,probability
0.95,0.95,lower-5%,1646,Sphaerium sp.,0.9979316253261408,extended_prefix_evaluation,probability
0.95,0.95,lower-5%,1647,Erpobdella punctata,0.99793403218331,extended_prefix_evaluation,probability
0.95,0.95,lower-5%,1648,Lamellidens marginalis,0.9979354565186495,extended_prefix_evaluation,probability
0.95,0.95,lower-5%,1649,Desmodesmus subspicatus,0.997937120338627,extended_prefix_evaluation,probability
0.95,0.95,lower-5%,1650,Anabaena sp.,0.9979391848639468,extended_prefix_evaluation,probability
0.95,0.95,lower-5%,1651,Nais communis,0.997941815600671,extended_prefix_evaluation,probability
0.95,0.95,lower-5%,1652,Aulosira prolifica,0.9979438034905972,extended_prefix_evaluation,probability
0.95,0.95,lower-5%,1653,Tilapia spilurus,0.9979454393176262,extended_prefix_evaluation,probability
0.95,0.95,lower-5%,1654,Sarotherodon galilaeus,0.9979470074325385,extended_prefix_evaluation,probability
0.95,0.95,lower-5%,1655,Hypentelium nigricans,0.9979487039236311,extended_prefix_evaluation,probability
0.95,0.95,lower-5%,1656,Pleurodeles waltl,0.997950215999824,extended_prefix_evaluation,probability
0.95,0.95,lower-5%,1657,Tilapia galilaea,0.997951859854096,extended_prefix_evaluation,probability
0.95,0.95,lower-5%,1658,Corydoras paleatus,0.9979534796065102,extended_prefix_evaluation,probability
0.95,0.95,lower-5%,1659,Chlorella luteoviridis,0.9979551904519733,extended_prefix_evaluation,probability
0.95,0.95,lower-5%,1660,Chlorella minutissima,0.9979568993528765,extended_prefix_evaluation,probability
0.95,0.95,lower-5%,1661,Chlorella protothecoides,0.997958606311932,extended_prefix_evaluation,probability
0.95,0.95,lower-5%,1662,Pelobates cultripes,0.9979600637758897,extended_prefix_evaluation,probability
0.95,0.95,lower-5%,1663,Huso huso,0.9979618511108692,extended_prefix_evaluation,probability
0.95,0.95,lower-5%,1664,Betta splendens,0.9979632784328168,extended_prefix_evaluation,probability
0.95,0.95,lower-5%,1665,Sphaerium novaezelandiae,0.9979652424868038,extended_prefix_evaluation,probability
0.95,0.95,lower-5%,1666,Silurus glanis,0.9979668474905405,extended_prefix_evaluation,probability
0.95,0.95,lower-5%,1667,Tilapia natalensis,0.9979684379002292,extended_prefix_evaluation,probability
0.95,0.95,lower-5%,1668,Cypria ophthalmica,0.9979704088348359,extended_prefix_evaluation,probability
0.95,0.95,lower-5%,1669,Crassula helmsii,0.9979723262772255,extended_prefix_evaluation,probability
0.95,0.95,lower-5%,1670,Fallopia convolvulus,0.9979742412677617,extended_prefix_evaluation,probability
0.95,0.95,lower-5%,1671,Megacyclops viridis,0.9979761984476637,extended_prefix_evaluation,probability
0.95,0.95,lower-5%,1672,Triturus boscai,0.9979777192377736,extended_prefix_evaluation,probability
0.95,0.95,lower-5%,1673,Clarias anguillaris,0.9979795018300834,extended_prefix_evaluation,probability
0.95,0.95,lower-5%,1674,Heteropneustes fossilis,0.9979814327741502,extended_prefix_evaluation,probability
0.95,0.95,lower-5%,1675,Tilapia hornorum,0.9979829946334893,extended_prefix_evaluation,probability
0.95,0.95,lower-5%,1676,Thermocyclops oblongatus,0.9979849021337129,extended_prefix_evaluation,probability
0.95,0.95,lower-5%,1677,Triturus cristatus,0.9979863702148344,extended_prefix_evaluation,probability
0.95,0.95,lower-5%,1678,Noemacheilus barbatulus,0.997987951359446,extended_prefix_evaluation,probability
0.95,0.95,lower-5%,1679,Bithynia leachi,0.9979894768431459,extended_prefix_evaluation,probability
0.95,0.95,lower-5%,1680,Scaphirhynchus platorynchus,0.9979911486205794,extended_prefix_evaluation,probability
0.95,0.95,lower-5%,1681,Oscillatoria agardhii,0.9979927139408514,extended_prefix_evaluation,probability
0.95,0.95,lower-5%,1682,Tilapia leucosticta,0.9979942499824909,extended_prefix_evaluation,probability
0.95,0.95,lower-5%,1683,Nostoc sp.,0.9979961982879444,extended_prefix_evaluation,probability
0.95,0.95,lower-5%,1684,Groenlandia densa,0.9979980498892105,extended_prefix_evaluation,probability
0.95,0.95,lower-5%,1685,Euplotes moebiusi,0.9980004490044261,extended_prefix_evaluation,probability
0.95,0.95,lower-5%,1686,Oncomelania quadrasi,0.9980017827257547,extended_prefix_evaluation,probability
0.95,0.95,lower-5%,1687,Pisidium sp.,0.998003508461173,extended_prefix_evaluation,probability
0.95,0.95,lower-5%,1688,Eurytemora affinis,0.9980053276635996,extended_prefix_evaluation,probability
0.95,0.95,lower-5%,1689,Rangia cuneata,0.9980068439955909,extended_prefix_evaluation,probability
0.95,0.95,lower-5%,1690,Apium nodiflorum,0.9980087259025837,extended_prefix_evaluation,probability
0.95,0.95,lower-5%,1691,Nasturtium officinale,0.9980105897217206,extended_prefix_evaluation,probability
0.95,0.95,lower-5%,1692,Mytilus edulis,0.9980121114439173,extended_prefix_evaluation,probability
0.95,0.95,lower-5%,1693,Triturus helveticus,0.9980135507458685,extended_prefix_evaluation,probability
0.95,0.95,lower-5%,1694,Nothobranchius furzeri,0.9980150485046313,extended_prefix_evaluation,probability
0.95,0.95,lower-5%,1695,Aulosira fertilissima,0.9980168370937323,extended_prefix_evaluation,probability
0.95,0.95,lower-5%,1696,Aphanizomenon flos-aquae,0.9980187429568731,extended_prefix_evaluation,probability
0.95,0.95,lower-5%,1697,Mugil liza,0.9980201948248494,extended_prefix_evaluation,probability
0.95,0.95,lower-5%,1698,Chlorogonium elongatum,0.9980217732726423,extended_prefix_evaluation,probability
0.95,0.95,lower-5%,1699,Triturus vulgaris,0.9980232144436266,extended_prefix_evaluation,probability
0.95,0.95,lower-5%,1700,Cobitis taenia,0.9980247793596378,extended_prefix_evaluation,probability
0.95,0.95,lower-5%,1701,Chanos chanos,0.9980262575858629,extended_prefix_evaluation,probability
0.95,0.95,lower-5%,1702,Limnocalanus macrurus,0.9980279664592888,extended_prefix_evaluation,probability
0.95,0.95,lower-5%,1703,Ancylus fluviatilis,0.9980293964530695,extended_prefix_evaluation,probability
0.95,0.95,lower-5%,1704,Chrissia halyi,0.9980312070945685,extended_prefix_evaluation,probability
0.95,0.95,lower-5%,1705,Nephelopsis obscura,0.9980332652437841,extended_prefix_evaluation,probability
0.95,0.95,lower-5%,1706,Euplotes aediculatus,0.9980355574680555,extended_prefix_evaluation,probability
0.95,0.95,lower-5%,1707,Stuckenia pectinata,0.9980374731337768,extended_prefix_evaluation,probability
0.95,0.95,lower-5%,1708,Pseudosphromenus cupanus,0.9980387426014935,extended_prefix_evaluation,probability
0.95,0.95,lower-5%,1709,Chlorella pyrenoidosa,0.9980404254204414,extended_prefix_evaluation,probability
0.95,0.95,lower-5%,1710,Tandanus tandanus,0.9980418790853117,extended_prefix_evaluation,probability
0.95,0.95,lower-5%,1711,Clarias submarginatus,0.9980437925904263,extended_prefix_evaluation,probability
0.95,0.95,lower-5%,1712,Limnoperna fortunei,0.9980452501985027,extended_prefix_evaluation,probability
0.95,0.95,lower-5%,1713,Pisidium amnicum,0.9980468549115362,extended_prefix_evaluation,probability
0.95,0.95,lower-5%,1714,Bryconamericus iheringii,0.9980482664217303,extended_prefix_evaluation,probability
0.95,0.95,lower-5%,1715,Chitala ornata,0.9980497399647809,extended_prefix_evaluation,probability
0.95,0.95,lower-5%,1716,Anodontites trapesialis,0.9980511590487287,extended_prefix_evaluation,probability
0.95,0.95,lower-5%,1717,Silurus lanzhouensis,0.9980525691820819,extended_prefix_evaluation,probability
0.95,0.95,lower-5%,1718,Berula erecta,0.9980543760935798,extended_prefix_evaluation,probability
0.95,0.95,lower-5%,1719,Alosa pseudoharengus,0.9980558378266025,extended_prefix_evaluation,probability
0.95,0.95,lower-5%,1720,Pisidium compressum,0.9980574070092955,extended_prefix_evaluation,probability
0.95,0.95,lower-5%,1721,Clarias lazera,0.9980590554460778,extended_prefix_evaluation,probability
0.95,0.95,lower-5%,1722,Ludwigia repens,0.9980608499299082,extended_prefix_evaluation,probability
0.95,0.95,lower-5%,1723,Ambassis macleayi,0.9980622528178658,extended_prefix_evaluation,probability
0.95,0.95,lower-5%,1724,Cypricercus sp.,0.998063975258811,extended_prefix_evaluation,probability
0.95,0.95,lower-5%,1725,Dunaliella tertiolecta,0.9980654249030306,extended_prefix_evaluation,probability
0.95,0.95,lower-5%,1726,Jenynsia multidentata,0.9980668238299987,extended_prefix_evaluation,probability
0.95,0.95,lower-5%,1727,Alosa aestivalis,0.9980682839816976,extended_prefix_evaluation,probability
0.95,0.95,lower-5%,1728,Gobiomorphus cotidianus,0.9980696576257057,extended_prefix_evaluation,probability
0.95,0.95,lower-5%,1729,Mugil curema,0.9980710747474967,extended_prefix_evaluation,probability
0.95,0.95,lower-5%,1730,Crassostrea rhizophorae,0.9980724447999271,extended_prefix_evaluation,probability
0.95,0.95,lower-5%,1731,Anabas testudineus,0.9980739687930069,extended_prefix_evaluation,probability
0.95,0.95,lower-5%,1732,Tympanotonus fuscatus,0.9980751147608004,extended_prefix_evaluation,probability
0.95,0.95,lower-5%,1733,Lophiosilurus alexandri,0.998076449424332,extended_prefix_evaluation,probability
0.95,0.95,lower-5%,1734,Anabaenopsis raciborskii,0.998078085136955,extended_prefix_evaluation,probability
0.95,0.95,lower-5%,1735,Mugil cephalus,0.9980794710088341,extended_prefix_evaluation,probability
0.95,0.95,lower-5%,1736,Wolffia globosa,0.9980812829747165,extended_prefix_evaluation,probability
0.95,0.95,lower-5%,1737,Pseudodiaptomus forbesi,0.9980828829791929,extended_prefix_evaluation,probability
0.95,0.95,lower-5%,1738,Channa marulius,0.9980844236930048,extended_prefix_evaluation,probability
0.95,0.95,lower-5%,1739,Tolypothrix tenuis,0.9980861201185995,extended_prefix_evaluation,probability
0.95,0.95,lower-5%,1740,Brasenia schreberi,0.9980878781209827,extended_prefix_evaluation,probability
0.95,0.95,lower-5%,1741,Pila globosa,0.9980891066768867,extended_prefix_evaluation,probability
0.95,0.95,lower-5%,1742,Perccottus glenii,0.998090457310743,extended_prefix_evaluation,probability
0.95,0.95,lower-5%,1743,Hypomesus transpacificus,0.9980917918029593,extended_prefix_evaluation,probability
0.95,0.95,lower-5%,1744,Pisidium casertanum,0.998093271121296,extended_prefix_evaluation,probability
0.95,0.95,lower-5%,1745,Microspora sp.,0.998094653409249,extended_prefix_evaluation,probability
0.95,0.95,lower-5%,1746,Cyprinotus carolinensis,0.9980962929091485,extended_prefix_evaluation,probability
0.95,0.95,lower-5%,1747,Euplotes affinis,0.99809838966818,extended_prefix_evaluation,probability
0.95,0.95,lower-5%,1748,Channa argus,0.9980998762322634,extended_prefix_evaluation,probability
0.95,0.95,lower-5%,1749,Centropomus parallelus,0.9981011663771666,extended_prefix_evaluation,probability
0.95,0.95,lower-5%,1750,Ambassis sp.,0.998102485350924,extended_prefix_evaluation,probability
0.95,0.95,lower-5%,1751,Channa striata,0.9981040417034573,extended_prefix_evaluation,probability
0.95,0.95,lower-5%,1752,Aplodinotus grunniens,0.9981053166327236,extended_prefix_evaluation,probability
0.95,0.95,lower-5%,1753,Arapaima gigas,0.9981066048767733,extended_prefix_evaluation,probability
0.95,0.95,lower-5%,1754,Microspora pachyderma,0.9981079626295781,extended_prefix_evaluation,probability
0.95,0.95,lower-5%,1755,Microspora stagnorum,0.9981093190452237,extended_prefix_evaluation,probability
0.95,0.95,lower-5%,1756,Microspora tumidula,0.9981106741253147,extended_prefix_evaluation,probability
0.95,0.95,lower-5%,1757,Protoderma frequens,0.9981120668900951,extended_prefix_evaluation,probability
0.95,0.95,lower-5%,1758,Euplotes patella,0.9981141325055027,extended_prefix_evaluation,probability
0.95,0.95,lower-5%,1759,Heterocypris sp.,0.9981157382812099,extended_prefix_evaluation,probability
0.95,0.95,lower-5%,1760,Pangasius hypophthalmus,0.9981170399480505,extended_prefix_evaluation,probability
0.95,0.95,lower-5%,1761,Lates calcarifer,0.9981183466592731,extended_prefix_evaluation,probability
0.95,0.95,lower-5%,1762,Cyprois sp.,0.9981199412016927,extended_prefix_evaluation,probability
0.95,0.95,lower-5%,1763,Notophthalmus viridescens,0.9981212102013817,extended_prefix_evaluation,probability
0.95,0.95,lower-5%,1764,Pseudaphritis urvillii,0.9981225427122787,extended_prefix_evaluation,probability
0.95,0.95,lower-5%,1765,Barbatula barbatula,0.9981238794657021,extended_prefix_evaluation,probability
0.95,0.95,lower-5%,1766,Cynoscion nebulosus,0.9981251867115027,extended_prefix_evaluation,probability
0.95,0.95,lower-5%,1767,Dorosoma cepedianum,0.9981265036987366,extended_prefix_evaluation,probability
0.95,0.95,lower-5%,1768,Oocystis borgei,0.9981278775921725,extended_prefix_evaluation,probability
0.95,0.95,lower-5%,1769,Oocystis parva,0.9981292501024557,extended_prefix_evaluation,probability
0.95,0.95,lower-5%,1770,Oocystis pusilla,0.9981306212312787,extended_prefix_evaluation,probability
0.95,0.95,lower-5%,1771,Oocystis solitaria,0.9981319909803317,extended_prefix_evaluation,probability
0.95,0.95,lower-5%,1772,Pandorina sp.,0.9981333100485555,extended_prefix_evaluation,probability
0.95,0.95,lower-5%,1773,Volvox sp.,0.9981346278356842,extended_prefix_evaluation,probability
0.95,0.95,lower-5%,1774,Pollimyrus isidori,0.9981358732457202,extended_prefix_evaluation,probability
0.95,0.95,lower-5%,1775,Plumatella emarginata,0.998137960682627,extended_prefix_evaluation,probability
0.95,0.95,lower-5%,1776,Lepisosteus osseus,0.9981392113377662,extended_prefix_evaluation,probability
0.95,0.95,lower-5%,1777,Macquaria ambigua,0.9981404467733478,extended_prefix_evaluation,probability
0.95,0.95,lower-5%,1778,Sciaenops ocellatus,0.9981417071521106,extended_prefix_evaluation,probability
0.95,0.95,lower-5%,1779,Gobio gobio,0.9981429815551713,extended_prefix_evaluation,probability
0.95,0.95,lower-5%,1780,Heterobranchus longifilis,0.9981443673701504,extended_prefix_evaluation,probability
0.95,0.95,lower-5%,1781,Micropogonias undulatus,0.9981456661414939,extended_prefix_evaluation,probability
0.95,0.95,lower-5%,1782,Gloeococcus sp.,0.9981469576968267,extended_prefix_evaluation,probability
0.95,0.95,lower-5%,1783,Retropinna retropinna,0.9981481950621888,extended_prefix_evaluation,probability
0.95,0.95,lower-5%,1784,Hydrilla verticillata,0.9981499810888642,extended_prefix_evaluation,probability
0.95,0.95,lower-5%,1785,Peprilus triacanthus,0.9981512066221468,extended_prefix_evaluation,probability
0.95,0.95,lower-5%,1786,Euplotes sp.,0.9981531774688092,extended_prefix_evaluation,probability
0.95,0.95,lower-5%,1787,Plecoglossus altivelis,0.998154159046144,extended_prefix_evaluation,probability
0.95,0.95,lower-5%,1788,Oedogonium sp.,0.9981554360157034,extended_prefix_evaluation,probability
0.95,0.95,lower-5%,1789,Amia calva,0.9981566481530456,extended_prefix_evaluation,probability
0.95,0.95,lower-5%,1790,Osmerus mordax,0.9981578659119645,extended_prefix_evaluation,probability
0.95,0.95,lower-5%,1791,Petromyzon marinus,0.9981598605855821,extended_prefix_evaluation,probability
0.95,0.95,lower-5%,1792,Rhinogobius giurinus,0.9981610679337921,extended_prefix_evaluation,probability
0.95,0.95,lower-5%,1793,Gloeococcus maximus,0.9981623344145074,extended_prefix_evaluation,probability
0.95,0.95,lower-5%,1794,Gloeococcus mucosus,0.9981635996930265,extended_prefix_evaluation,probability
0.95,0.95,lower-5%,1795,Gongrosira sp.,0.9981648627624762,extended_prefix_evaluation,probability
0.95,0.95,lower-5%,1796,Boeckella triarticulata,0.9981662773557385,extended_prefix_evaluation,probability
0.95,0.95,lower-5%,1797,Chlamydotheca arcuata,0.9981677342542176,extended_prefix_evaluation,probability
0.95,0.95,lower-5%,1798,Protoderma viride,0.9981690217432576,extended_prefix_evaluation,probability
0.95,0.95,lower-5%,1799,Apareiodon affinis,0.9981702019595561,extended_prefix_evaluation,probability
0.95,0.95,lower-5%,1800,Pleurococcus rufescens,0.9981714477541169,extended_prefix_evaluation,probability
0.95,0.95,lower-5%,1801,Pleurococcus vulgaris,0.9981726923786376,extended_prefix_evaluation,probability
0.95,0.95,lower-5%,1802,Sporotetras pyriformis,0.9981739358344542,extended_prefix_evaluation,probability
0.95,0.95,lower-5%,1803,Ipomoea aquatica,0.9981755782075508,extended_prefix_evaluation,probability
0.95,0.95,lower-5%,1804,Calanus finmarchicus,0.998176961847155,extended_prefix_evaluation,probability
0.95,0.95,lower-5%,1805,Plecostomus commersoni,0.9981781552404326,extended_prefix_evaluation,probability
0.95,0.95,lower-5%,1806,Cephalodella paggiae,0.9981797913745671,extended_prefix_evaluation,probability
0.95,0.95,lower-5%,1807,Polycelis sp.,0.9981816938775563,extended_prefix_evaluation,probability
0.95,0.95,lower-5%,1808,Ankistrodesmus sp.,0.9981830112719771,extended_prefix_evaluation,probability
0.95,0.95,lower-5%,1809,Oryza sativa,0.9981846429971836,extended_prefix_evaluation,probability
0.95,0.95,lower-5%,1810,Cypridopsis sp.,0.9981861294950558,extended_prefix_evaluation,probability
0.95,0.95,lower-5%,1811,Ranunculus penicillatus,0.9981875619438161,extended_prefix_evaluation,probability
0.95,0.95,lower-5%,1812,Calamoecia lucasi,0.9981889201255922,extended_prefix_evaluation,probability
0.95,0.95,lower-5%,1813,Boeckella delicata,0.9981902760709535,extended_prefix_evaluation,probability
0.95,0.95,lower-5%,1814,Gongrosira viridis,0.9981914862495388,extended_prefix_evaluation,probability
0.95,0.95,lower-5%,1815,Bacopa caroliniana,0.9981929242451433,extended_prefix_evaluation,probability
0.95,0.95,lower-5%,1816,Anabas scandens,0.9981941621712392,extended_prefix_evaluation,probability
0.95,0.95,lower-5%,1817,Balanus amphitrite,0.9981955089529504,extended_prefix_evaluation,probability
0.95,0.95,lower-5%,1818,Platichthys flesus,0.9981966963900651,extended_prefix_evaluation,probability
0.95,0.95,lower-5%,1819,Limnodrilus hoffmeisteri,0.9981986320162274,extended_prefix_evaluation,probability
0.95,0.95,lower-5%,1820,Echinoparyphium recurvatum,0.9982004361641829,extended_prefix_evaluation,probability
0.95,0.95,lower-5%,1821,Microthamnion kuetzingianum,0.9982016654143723,extended_prefix_evaluation,probability
0.95,0.95,lower-5%,1822,Microthamnion strictissimum,0.9982028935052301,extended_prefix_evaluation,probability
0.95,0.95,lower-5%,1823,Mastacembelus pancalus,0.9982040576926756,extended_prefix_evaluation,probability
0.95,0.95,lower-5%,1824,Atractosteus tropicus,0.9982052325830775,extended_prefix_evaluation,probability
0.95,0.95,lower-5%,1825,Schilbe mystus,0.9982064082905597,extended_prefix_evaluation,probability
0.95,0.95,lower-5%,1826,Pelteobagrus fulvidraco,0.9982076488895733,extended_prefix_evaluation,probability
0.95,0.95,lower-5%,1827,Stigeoclonium sp.,0.9982089209945632,extended_prefix_evaluation,probability
0.95,0.95,lower-5%,1828,Trochiscia granulata,0.9982101430332343,extended_prefix_evaluation,probability
0.95,0.95,lower-5%,1829,Chlamydocapsa ampla,0.9982113191516632,extended_prefix_evaluation,probability
0.95,0.95,lower-5%,1830,Chlamydocapsa planctonica,0.998212494200604,extended_prefix_evaluation,probability
0.95,0.95,lower-5%,1831,Chlorococcum hypnosporum,0.9982137191716771,extended_prefix_evaluation,probability
0.95,0.95,lower-5%,1832,Utricularia sp.,0.9982151061292068,extended_prefix_evaluation,probability
0.95,0.95,lower-5%,1833,Cyclocypris sp.,0.9982165147782854,extended_prefix_evaluation,probability
0.95,0.95,lower-5%,1834,Chlorococcum vacuolatum,0.9982176771728494,extended_prefix_evaluation,probability
0.95,0.95,lower-5%,1835,Chlorococcum macrostigmatum,0.9982188385183361,extended_prefix_evaluation,probability
0.95,0.95,lower-5%,1836,Pseudococcomyxa simplex,0.9982200416899095,extended_prefix_evaluation,probability
0.95,0.95,lower-5%,1837,Tubifex sp.,0.9982218495610781,extended_prefix_evaluation,probability
0.95,0.95,lower-5%,1838,Planaria sp.,0.9982236505729136,extended_prefix_evaluation,probability
0.95,0.95,lower-5%,1839,Lota lota,0.9982248707043009,extended_prefix_evaluation,probability
0.95,0.95,lower-5%,1840,Crenobia alpina,0.9982266717514481,extended_prefix_evaluation,probability
0.95,0.95,lower-5%,1841,Lampetra tridentata,0.998228490728477,extended_prefix_evaluation,probability
0.95,0.95,lower-5%,1842,Planaria gonocephala,0.998230256786779,extended_prefix_evaluation,probability
0.95,0.95,lower-5%,1843,Ankistrodesmus braunii,0.9982315238086616,extended_prefix_evaluation,probability
0.95,0.95,lower-5%,1844,Ophiocephalus punctatus,0.998232711765727,extended_prefix_evaluation,probability
0.95,0.95,lower-5%,1845,Bithynia tentaculata,0.9982339652394,extended_prefix_evaluation,probability
0.95,0.95,lower-5%,1846,Hypnomonas sp.,0.9982350985930096,extended_prefix_evaluation,probability
0.95,0.95,lower-5%,1847,Acorus americanus,0.9982366646494717,extended_prefix_evaluation,probability
0.95,0.95,lower-5%,1848,Chlorococcum sp.,0.9982377917538732,extended_prefix_evaluation,probability
0.95,0.95,lower-5%,1849,Nitocra spinipes,0.998239118677414,extended_prefix_evaluation,probability
0.95,0.95,lower-5%,1850,Channa stewartii,0.9982403692201034,extended_prefix_evaluation,probability
0.95,0.95,lower-5%,1851,Chlorococcum lobata,0.9982414901435043,extended_prefix_evaluation,probability
0.95,0.95,lower-5%,1852,Glyceria fluitans,0.9982430455214365,extended_prefix_evaluation,probability
0.95,0.95,lower-5%,1853,Ulothrix moniliformis,0.9982441630608393,extended_prefix_evaluation,probability
0.95,0.95,lower-5%,1854,Paramecium sp.,0.9982459584276244,extended_prefix_evaluation,probability
0.95,0.95,lower-5%,1855,Haematococcus capensis,0.9982470717880049,extended_prefix_evaluation,probability
0.95,0.95,lower-5%,1856,Paramecium putrinum,0.9982488615352942,extended_prefix_evaluation,probability
0.95,0.95,lower-5%,1857,Halteria grandinella,0.9982506037199191,extended_prefix_evaluation,probability
0.95,0.95,lower-5%,1858,Aspidisca cicada,0.9982523431888654,extended_prefix_evaluation,probability
0.95,0.95,lower-5%,1859,Heteranthera dubia,0.9982539893684875,extended_prefix_evaluation,probability
0.95,0.95,lower-5%,1860,Ulothrix sp.,0.9982550873950328,extended_prefix_evaluation,probability
0.95,0.95,lower-5%,1861,Ichthyomyzon sp.,0.9982568702663603,extended_prefix_evaluation,probability
0.95,0.95,lower-5%,1862,Uronema nigricans,0.9982585848714643,extended_prefix_evaluation,probability
0.95,0.95,lower-5%,1863,Pangasianodon hypophthalmus,0.9982596753367207,extended_prefix_evaluation,probability
0.95,0.95,lower-5%,1864,Eriocaulon aquaticum,0.9982612092019975,extended_prefix_evaluation,probability
0.95,0.95,lower-5%,1865,Diacypris compacta,0.9982625109333604,extended_prefix_evaluation,probability
0.95,0.95,lower-5%,1866,Zygogonium ericetorum,0.9982635891080227,extended_prefix_evaluation,probability
0.95,0.95,lower-5%,1867,Paramecium tetraurelia,0.9982653440973529,extended_prefix_evaluation,probability
0.95,0.95,lower-5%,1868,Filinia longiseta,0.9982666633244726,extended_prefix_evaluation,probability
0.95,0.95,lower-5%,1869,Najas graminea,0.9982681979333046,extended_prefix_evaluation,probability
0.95,0.95,lower-5%,1870,Hydrodictyon reticulatum,0.9982692912937549,extended_prefix_evaluation,probability
0.95,0.95,lower-5%,1871,Pomatoschistus minutus,0.9982703982928689,extended_prefix_evaluation,probability
0.95,0.95,lower-5%,1872,Ankistrodesmus falcatus,0.9982715775898473,extended_prefix_evaluation,probability
0.95,0.95,lower-5%,1873,Polycelis tenuis,0.9982732476358946,extended_prefix_evaluation,probability
0.95,0.95,lower-5%,1874,Stigeoclonium tenue,0.9982744556638632,extended_prefix_evaluation,probability
0.95,0.95,lower-5%,1875,Gomphonema parvulum,0.998275702436108,extended_prefix_evaluation,probability
0.95,0.95,lower-5%,1876,Allium cepa,0.9982772151015784,extended_prefix_evaluation,probability
0.95,0.95,lower-5%,1877,Argulus japonicus,0.998278425476303,extended_prefix_evaluation,probability
0.95,0.95,lower-5%,1878,Euchlanis sp.,0.9982798212394278,extended_prefix_evaluation,probability
0.95,0.95,lower-5%,1879,Trichocerca sp.,0.9982812268638938,extended_prefix_evaluation,probability
0.95,0.95,lower-5%,1880,Chlorococcum infusionum,0.9982822603772821,extended_prefix_evaluation,probability
0.95,0.95,lower-5%,1881,Cypris sp.,0.9982836023556555,extended_prefix_evaluation,probability
0.95,0.95,lower-5%,1882,Wolffia papulifera,0.9982849285290983,extended_prefix_evaluation,probability
0.95,0.95,lower-5%,1883,Stylodrilus heringianus,0.9982862061515487,extended_prefix_evaluation,probability
0.95,0.95,lower-5%,1884,Acartia tonsa,0.9982873493130127,extended_prefix_evaluation,probability
0.95,0.95,lower-5%,1885,Mougeotia sp.,0.9982883633875728,extended_prefix_evaluation,probability
0.95,0.95,lower-5%,1886,Spirogyra cylindrica,0.99828938065246,extended_prefix_evaluation,probability
0.95,0.95,lower-5%,1887,Oscillatoria rubescens,0.9982905735417695,extended_prefix_evaluation,probability
0.95,0.95,lower-5%,1888,Trichocerca pusilla,0.9982918884508629,extended_prefix_evaluation,probability
0.95,0.95,lower-5%,1889,Schistosoma haematobium,0.998293503152852,extended_prefix_evaluation,probability
0.95,0.95,lower-5%,1890,Argulus coregoni,0.9982946665814093,extended_prefix_evaluation,probability
0.95,0.95,lower-5%,1891,Typha angustifolia,0.9982961536092737,extended_prefix_evaluation,probability
0.95,0.95,lower-5%,1892,Asplanchna brightwelli,0.9982973937290964,extended_prefix_evaluation,probability
0.95,0.95,lower-5%,1893,Iris pseudacorus,0.998298877422429,extended_prefix_evaluation,probability
0.95,0.95,lower-5%,1894,Echinostoma trivolvis,0.9983002609998309,extended_prefix_evaluation,probability
0.95,0.95,lower-5%,1895,Stichococcus sp.,0.9983013628141818,extended_prefix_evaluation,probability
0.95,0.95,lower-5%,1896,Euchlanis dilatata,0.9983026463507836,extended_prefix_evaluation,probability
0.95,0.95,lower-5%,1897,Asplanchna girodi,0.9983038652002197,extended_prefix_evaluation,probability
0.95,0.95,lower-5%,1898,Gloeotrichia echinulata,0.9983050617277188,extended_prefix_evaluation,probability
0.95,0.95,lower-5%,1899,Blepharisma americanum,0.9983066318040646,extended_prefix_evaluation,probability
0.95,0.95,lower-5%,1900,Channa orientalis,0.9983075800930477,extended_prefix_evaluation,probability
0.95,0.95,lower-5%,1901,Triticum aestivum,0.9983090490603435,extended_prefix_evaluation,probability
0.95,0.95,lower-5%,1902,Stichococcus bacillaris,0.998310128446833,extended_prefix_evaluation,probability
0.95,0.95,lower-5%,1903,Stichococcus chlorelloides,0.9983112068746188,extended_prefix_evaluation,probability
0.95,0.95,lower-5%,1904,Spirogyra sp.,0.9983121704140105,extended_prefix_evaluation,probability
0.95,0.95,lower-5%,1905,Plectonema boryanum,0.9983133880536607,extended_prefix_evaluation,probability
0.95,0.95,lower-5%,1906,Asplanchna sp.,0.9983145830618246,extended_prefix_evaluation,probability
0.95,0.95,lower-5%,1907,Tetrahymena pyriformis,0.9983160902738976,extended_prefix_evaluation,probability
0.95,0.95,lower-5%,1908,Plectonema nostocorum,0.9983172506098307,extended_prefix_evaluation,probability
0.95,0.95,lower-5%,1909,Pediastrum sp.,0.9983183343379464,extended_prefix_evaluation,probability
0.95,0.95,lower-5%,1910,Cypretta seurati,0.9983196526273983,extended_prefix_evaluation,probability
0.95,0.95,lower-5%,1911,Phormidium mucicola,0.9983208111951564,extended_prefix_evaluation,probability
0.95,0.95,lower-5%,1912,Polycelis felina,0.9983223155912507,extended_prefix_evaluation,probability
0.95,0.95,lower-5%,1913,Coccomyxa minor,0.9983234054365479,extended_prefix_evaluation,probability
0.95,0.95,lower-5%,1914,Westiellopsis prolifica,0.9983245337369652,extended_prefix_evaluation,probability
0.95,0.95,lower-5%,1915,Cylindrospermum sp.,0.9983258007713866,extended_prefix_evaluation,probability
0.95,0.95,lower-5%,1916,Lyngbya birgei,0.9983269288151098,extended_prefix_evaluation,probability
0.95,0.95,lower-5%,1917,Paramecium bursaria,0.9983284507480394,extended_prefix_evaluation,probability
0.95,0.95,lower-5%,1918,Calothrix parietina,0.9983295570235681,extended_prefix_evaluation,probability
0.95,0.95,lower-5%,1919,Microcoleus vaginatus,0.9983307670315179,extended_prefix_evaluation,probability
0.95,0.95,lower-5%,1920,Spirulina platensis,0.9983318843507433,extended_prefix_evaluation,probability
0.95,0.95,lower-5%,1921,Hormidium pseudostichococcus,0.9983330007772694,extended_prefix_evaluation,probability
0.95,0.95,lower-5%,1922,Hormidium scopulinum,0.9983341161652489,extended_prefix_evaluation,probability
0.95,0.95,lower-5%,1923,Hormidium subtile,0.9983352305158414,extended_prefix_evaluation,probability
0.95,0.95,lower-5%,1924,Melosira varians,0.9983365261076009,extended_prefix_evaluation,probability
0.95,0.95,lower-5%,1925,Chaetoceros sp.,0.9983378172628319,extended_prefix_evaluation,probability
0.95,0.95,lower-5%,1926,Phaeodactylum tricornutum,0.9983391070324262,extended_prefix_evaluation,probability
0.95,0.95,lower-5%,1927,Paramecium multimicronucleatum,0.9983406042907373,extended_prefix_evaluation,probability
0.95,0.95,lower-5%,1928,Cypris subglobosa,0.9983417178316569,extended_prefix_evaluation,probability
0.95,0.95,lower-5%,1929,Piscicola salmositica,0.998342882179065,extended_prefix_evaluation,probability
0.95,0.95,lower-5%,1930,Vorticella convallaria,0.9983443033288458,extended_prefix_evaluation,probability
0.95,0.95,lower-5%,1931,Cypretta kawatai,0.9983455340786686,extended_prefix_evaluation,probability
0.95,0.95,lower-5%,1932,Epipremnum pinnatum,0.9983466821092257,extended_prefix_evaluation,probability
0.95,0.95,lower-5%,1933,Phagocata gracilis,0.9983480767513997,extended_prefix_evaluation,probability
0.95,0.95,lower-5%,1934,Colpidium campylum,0.9983494323338774,extended_prefix_evaluation,probability
0.95,0.95,lower-5%,1935,Hormidium flaccidum,0.9983505380405235,extended_prefix_evaluation,probability
0.95,0.95,lower-5%,1936,Pontederia cordata,0.9983518524138904,extended_prefix_evaluation,probability
0.95,0.95,lower-5%,1937,Newnhamia sp.,0.9983530199198183,extended_prefix_evaluation,probability
0.95,0.95,lower-5%,1938,Petromyzon sp.,0.9983544348149245,extended_prefix_evaluation,probability
0.95,0.95,lower-5%,1939,Limnodrilus sp.,0.9983558468305215,extended_prefix_evaluation,probability
0.95,0.95,lower-5%,1940,Lampetra sp.,0.9983572501910828,extended_prefix_evaluation,probability
0.95,0.95,lower-5%,1941,Vorticella campanula,0.9983586256680638,extended_prefix_evaluation,probability
0.95,0.95,lower-5%,1942,Blepharisma sp.,0.9983600055121475,extended_prefix_evaluation,probability
0.95,0.95,lower-5%,1943,Hormidium fluitans,0.9983610775024211,extended_prefix_evaluation,probability
0.95,0.95,lower-5%,1944,Hormidium rivulare,0.9983621485073827,extended_prefix_evaluation,probability
0.95,0.95,lower-5%,1945,Plumatella casmiana,0.9983635520692493,extended_prefix_evaluation,probability
0.95,0.95,lower-5%,1946,Fistulifera pelliculosa,0.9983647424828108,extended_prefix_evaluation,probability
0.95,0.95,lower-5%,1947,Helobdella stagnalis,0.9983658266071189,extended_prefix_evaluation,probability
0.95,0.95,lower-5%,1948,Gomphonema gracile,0.9983670287446768,extended_prefix_evaluation,probability
0.95,0.95,lower-5%,1949,Nitzschia sp.,0.998368282963585,extended_prefix_evaluation,probability
0.95,0.95,lower-5%,1950,Paramecium aurelia,0.998369659549138,extended_prefix_evaluation,probability
0.95,0.95,lower-5%,1951,Colpidium colpoda,0.9983709283611685,extended_prefix_evaluation,probability
0.95,0.95,lower-5%,1952,Vorticella sp.,0.998372227600195,extended_prefix_evaluation,probability
0.95,0.95,lower-5%,1953,Planothidium lanceolatum,0.9983735027057057,extended_prefix_evaluation,probability
0.95,0.95,lower-5%,1954,Limnodrilus udekemianus,0.9983748214418684,extended_prefix_evaluation,probability
0.95,0.95,lower-5%,1955,Dactylogyrus minutus,0.9983760840305497,extended_prefix_evaluation,probability
0.95,0.95,lower-5%,1956,Dactylogyrus vastator,0.9983773452595645,extended_prefix_evaluation,probability
0.95,0.95,lower-5%,1957,Megalodiscus sp.,0.9983786051306607,extended_prefix_evaluation,probability
0.95,0.95,lower-5%,1958,Pistia stratiotes,0.9983796698169639,extended_prefix_evaluation,probability
0.95,0.95,lower-5%,1959,Tetrahymena sp.,0.9983809123062329,extended_prefix_evaluation,probability
0.95,0.95,lower-5%,1960,Spirodela polyrrhiza,0.9983820033279251,extended_prefix_evaluation,probability
0.95,0.95,lower-5%,1961,Glossiphonia complanata,0.9983830161688427,extended_prefix_evaluation,probability
0.95,0.95,lower-5%,1962,Fabaeformiscandona wegelini,0.9983840484884441,extended_prefix_evaluation,probability
0.95,0.95,lower-5%,1963,Pseudocandona sp.,0.9983850795494084,extended_prefix_evaluation,probability
0.95,0.95,lower-5%,1964,Gyrodactylus derjavini,0.9983863054633421,extended_prefix_evaluation,probability
0.95,0.95,lower-5%,1965,Cladophora sp.,0.9983876017035082,extended_prefix_evaluation,probability
0.95,0.95,lower-5%,1966,Notocotylus attenuatus,0.9983888488532016,extended_prefix_evaluation,probability
0.95,0.95,lower-5%,1967,Alaria sp.,0.9983900673774857,extended_prefix_evaluation,probability
0.95,0.95,lower-5%,1968,Girardia tigrina,0.9983913850715213,extended_prefix_evaluation,probability
0.95,0.95,lower-5%,1969,Haemopis grandis,0.9983924592765607,extended_prefix_evaluation,probability
0.95,0.95,lower-5%,1970,Gyrodactylus turnbulli,0.9983936579053595,extended_prefix_evaluation,probability
0.95,0.95,lower-5%,1971,Pristina longiseta,0.9983949055277683,extended_prefix_evaluation,probability
0.95,0.95,lower-5%,1972,Haemopis marmorata,0.9983959764890251,extended_prefix_evaluation,probability
0.95,0.95,lower-5%,1973,Lophopodella carteri,0.9983972433344095,extended_prefix_evaluation,probability
0.95,0.95,lower-5%,1974,Cladophora glomerata,0.998398501526971,extended_prefix_evaluation,probability
0.95,0.95,lower-5%,1975,Pristina leidyi,0.9983997357884941,extended_prefix_evaluation,probability
0.95,0.95,lower-5%,1976,Chaetogaster diaphanus,0.9984009739337266,extended_prefix_evaluation,probability
0.95,0.95,lower-5%,1977,Aspidisca lynceus,0.9984021651958913,extended_prefix_evaluation,probability
0.95,0.95,lower-5%,1978,Haemopis sanguisuga,0.998403186253159,extended_prefix_evaluation,probability
0.95,0.95,lower-5%,1979,Tetrahymena thermophila,0.9984043411720905,extended_prefix_evaluation,probability
0.95,0.95,lower-5%,1980,Gyrodactylus sp.,0.9984054897424759,extended_prefix_evaluation,probability
0.95,0.95,lower-5%,1981,Pithophora sp.,0.9984067060902208,extended_prefix_evaluation,probability
0.95,0.95,lower-5%,1982,Dexiotricha granulosa,0.9984078619488175,extended_prefix_evaluation,probability
0.95,0.95,lower-5%,1983,Lepidotrema bidyana,0.9984089934442789,extended_prefix_evaluation,probability
0.95,0.95,lower-5%,1984,Trichodina sp.,0.9984101388754631,extended_prefix_evaluation,probability
0.95,0.95,lower-5%,1985,Arrenurus sp.,0.9984113944695738,extended_prefix_evaluation,probability
0.95,0.95,lower-5%,1986,Hirudinaria manillensis,0.998412365153862,extended_prefix_evaluation,probability
0.95,0.95,lower-5%,1987,Poecilobdella viridis,0.9984133324048527,extended_prefix_evaluation,probability
0.95,0.95,lower-5%,1988,Euglena gracilis,0.9984142020336474,extended_prefix_evaluation,probability
0.95,0.95,lower-5%,1989,Macrobdella decora,0.9984152232149698,extended_prefix_evaluation,probability
0.95,0.95,lower-5%,1990,Dero digitata,0.9984163696558156,extended_prefix_evaluation,probability
0.95,0.95,lower-5%,1991,Posthodiplostomum minimum,0.9984174619048976,extended_prefix_evaluation,probability
0.95,0.95,lower-5%,1992,Stylaria lacustris,0.9984186517025022,extended_prefix_evaluation,probability
0.95,0.95,lower-5%,1993,Dexiostoma campyla,0.9984197589939855,extended_prefix_evaluation,probability
0.95,0.95,lower-5%,1994,Ilyocypris dentifera,0.9984207685742911,extended_prefix_evaluation,probability
0.95,0.95,lower-5%,1995,Dero sp.,0.9984219014055163,extended_prefix_evaluation,probability
0.95,0.95,lower-5%,1996,Chilomonas paramecium,0.9984230602170807,extended_prefix_evaluation,probability
0.95,0.95,lower-5%,1997,Thalassiosira nordenskioeldii,0.9984241595703616,extended_prefix_evaluation,probability
0.95,0.95,lower-5%,1998,Closterium sp.,0.9984252983214302,extended_prefix_evaluation,probability
0.95,0.95,lower-5%,1999,Pithophora oedogonia,0.9984264295916642,extended_prefix_evaluation,probability
0.95,0.95,lower-5%,2000,Hyalinella punctata,0.99842755197794,extended_prefix_evaluation,probability
0.95,0.95,lower-5%,2001,Closterium ehrenbergii,0.9984287079883921,extended_prefix_evaluation,probability
0.95,0.95,lower-5%,2002,Cristatella mucedo,0.9984298268943789,extended_prefix_evaluation,probability
0.95,0.95,lower-5%,2003,Navicula seminulum,0.9984307988519824,extended_prefix_evaluation,probability
0.95,0.95,lower-5%,2004,Pectinatella magnifica,0.9984319163192721,extended_prefix_evaluation,probability
0.95,0.95,lower-5%,2005,Trochilia minuta,0.9984330242546583,extended_prefix_evaluation,probability
0.95,0.95,lower-5%,2006,Stephanodiscus hantzschii,0.998433897447512,extended_prefix_evaluation,probability
0.95,0.95,lower-5%,2007,Azolla caroliniana,0.9984348523016179,extended_prefix_evaluation,probability
0.95,0.95,lower-5%,2008,Stylonychia lemnae,0.9984358959551107,extended_prefix_evaluation,probability
0.95,0.95,lower-5%,2009,Hirudo medicinalis,0.9984368549027036,extended_prefix_evaluation,probability
0.95,0.95,lower-5%,2010,Cercaria sp.,0.9984378756640231,extended_prefix_evaluation,probability
0.95,0.95,lower-5%,2011,Holosticha kessleri,0.9984389076189981,extended_prefix_evaluation,probability
0.95,0.95,lower-5%,2012,Cachonina niei,0.9984399843630699,extended_prefix_evaluation,probability
0.95,0.95,lower-5%,2013,Glaucoma scintillans,0.9984410106098479,extended_prefix_evaluation,probability
0.95,0.95,lower-5%,2014,Azolla filiculoides,0.9984419280242268,extended_prefix_evaluation,probability
0.95,0.95,lower-5%,2015,Loxodes striatus,0.9984429497875961,extended_prefix_evaluation,probability
0.95,0.95,lower-5%,2016,Mesostoma ehrenbergii,0.9984439894480412,extended_prefix_evaluation,probability
0.95,0.95,lower-5%,2017,Clavatospora longibrachiata,0.9984447980736737,extended_prefix_evaluation,probability
0.95,0.95,lower-5%,2018,Euglena minuta,0.9984456808521415,extended_prefix_evaluation,probability
0.95,0.95,lower-5%,2019,Euglena viridis,0.9984465629243927,extended_prefix_evaluation,probability
0.95,0.95,lower-5%,2020,Chara vulgaris,0.9984474896070763,extended_prefix_evaluation,probability
0.95,0.95,lower-5%,2021,Euglena acus,0.9984483676220285,extended_prefix_evaluation,probability
0.95,0.95,lower-5%,2022,Stylonychia pustulata,0.9984493740064777,extended_prefix_evaluation,probability
0.95,0.95,lower-5%,2023,Bursaphelenchus xylophilus,0.9984504575202701,extended_prefix_evaluation,probability
0.95,0.95,lower-5%,2024,Ichthyophthirius multifilis,0.9984514542443618,extended_prefix_evaluation,probability
0.95,0.95,lower-5%,2025,Didinium nasutum,0.9984524386607398,extended_prefix_evaluation,probability
0.95,0.95,lower-5%,2026,Stylonychia mytilus,0.9984534195560408,extended_prefix_evaluation,probability
0.95,0.95,lower-5%,2027,Fasciola hepatica,0.9984543756093478,extended_prefix_evaluation,probability
0.95,0.95,lower-5%,2028,Sigmoidea aurantiaca,0.9984551750407527,extended_prefix_evaluation,probability
0.95,0.95,lower-5%,2029,Varichaeta pacifica,0.9984561811845771,extended_prefix_evaluation,probability
0.95,0.95,lower-5%,2030,Azolla pinnata,0.9984570459090433,extended_prefix_evaluation,probability
0.95,0.95,lower-5%,2031,Cochliobolus lunatus,0.9984580519073263,extended_prefix_evaluation,probability
0.95,0.95,lower-5%,2032,Fasciola gigantica,0.9984589880413907,extended_prefix_evaluation,probability
0.95,0.95,lower-5%,2033,Ceratopteris thalictroides,0.9984598962139548,extended_prefix_evaluation,probability
0.95,0.95,lower-5%,2034,Arrenurus manubriator,0.9984608740037512,extended_prefix_evaluation,probability
0.95,0.95,lower-5%,2035,Salvinia minima,0.9984617806185784,extended_prefix_evaluation,probability
0.95,0.95,lower-5%,2036,Salvinia molesta,0.9984626860583655,extended_prefix_evaluation,probability
0.95,0.95,lower-5%,2037,Stentor coeruleus,0.9984636167481657,extended_prefix_evaluation,probability
0.95,0.95,lower-5%,2038,Branchiura sowerbyi,0.9984645924424503,extended_prefix_evaluation,probability
0.95,0.95,lower-5%,2039,Spondylosium pygmaeum,0.9984655662580126,extended_prefix_evaluation,probability
0.95,0.95,lower-5%,2040,Hirudo nipponia,0.9984664931215873,extended_prefix_evaluation,probability
0.95,0.95,lower-5%,2041,Peloscolex ferox,0.9984674503941151,extended_prefix_evaluation,probability
0.95,0.95,lower-5%,2042,Ilyodrilus frantzi,0.9984684033816636,extended_prefix_evaluation,probability
0.95,0.95,lower-5%,2043,Salvinia natans,0.9984693028237269,extended_prefix_evaluation,probability
0.95,0.95,lower-5%,2044,Chilodonella uncinata,0.9984702149017671,extended_prefix_evaluation,probability
0.95,0.95,lower-5%,2045,Catenula sp.,0.9984711410294022,extended_prefix_evaluation,probability
0.95,0.95,lower-5%,2046,Rhyacodrilus montanus,0.9984720828627892,extended_prefix_evaluation,probability
0.95,0.95,lower-5%,2047,Dendrocoelum lacteum,0.9984729947134721,extended_prefix_evaluation,probability
0.95,0.95,lower-5%,2048,Piona carnea,0.9984738713711979,extended_prefix_evaluation,probability
0.95,0.95,lower-5%,2049,Clavariopsis aquatica,0.9984746534207415,extended_prefix_evaluation,probability
0.95,0.95,lower-5%,2050,Opercularia coarctata,0.9984755447663067,extended_prefix_evaluation,probability
0.95,0.95,lower-5%,2051,Ephydatia fluviatilis,0.9984763293899095,extended_prefix_evaluation,probability
0.95,0.95,lower-5%,2052,Chara sp.,0.9984771762308112,extended_prefix_evaluation,probability
0.95,0.95,lower-5%,2053,Eichhornia crassipes,0.9984781715935884,extended_prefix_evaluation,probability
0.95,0.95,lower-5%,2054,Opercularia minima,0.998479047593345,extended_prefix_evaluation,probability
0.95,0.95,lower-5%,2055,Poterioochromonas malhamensis,0.9984799652374916,extended_prefix_evaluation,probability
0.95,0.95,lower-5%,2056,Colpoda steinii,0.9984808333979717,extended_prefix_evaluation,probability
0.95,0.95,lower-5%,2057,Philodina sp.,0.9984817557842812,extended_prefix_evaluation,probability
0.95,0.95,lower-5%,2058,Limnesia maculata,0.9984826446228062,extended_prefix_evaluation,probability
0.95,0.95,lower-5%,2059,Acremonium tubakii,0.9984834174850027,extended_prefix_evaluation,probability
0.95,0.95,lower-5%,2060,Piona nodata,0.9984842688508863,extended_prefix_evaluation,probability
0.95,0.95,lower-5%,2061,Quistadrilus multisetosus,0.9984851459758249,extended_prefix_evaluation,probability
0.95,0.95,lower-5%,2062,Spirosperma nikolskyi,0.9984860141822025,extended_prefix_evaluation,probability
0.95,0.95,lower-5%,2063,Enchytraeus albidus,0.9984868818774029,extended_prefix_evaluation,probability
0.95,0.95,lower-5%,2064,Hydrozetes lacustris,0.9984877361489926,extended_prefix_evaluation,probability
0.95,0.95,lower-5%,2065,Ephydatia mulleri,0.9984885072632824,extended_prefix_evaluation,probability
0.95,0.95,lower-5%,2066,Philodina roseola,0.9984893768085754,extended_prefix_evaluation,probability
0.95,0.95,lower-5%,2067,Helicosporium sp.,0.9984902273363533,extended_prefix_evaluation,probability
0.95,0.95,lower-5%,2068,Tripospermum myrti,0.998491077781406,extended_prefix_evaluation,probability
0.95,0.95,lower-5%,2069,Tricladium angulatum,0.9984918428934443,extended_prefix_evaluation,probability
0.95,0.95,lower-5%,2070,Eylais hamata,0.9984926742155303,extended_prefix_evaluation,probability
0.95,0.95,lower-5%,2071,Hydryphantes ruber,0.9984935042716948,extended_prefix_evaluation,probability
0.95,0.95,lower-5%,2072,Hydrachna marita,0.9984943334116874,extended_prefix_evaluation,probability
0.95,0.95,lower-5%,2073,Argyroneta aquatica,0.9984951615163337,extended_prefix_evaluation,probability
0.95,0.95,lower-5%,2074,Philodina acuticornis,0.9984960145524803,extended_prefix_evaluation,probability
0.95,0.95,lower-5%,2075,Flagellospora penicillioides,0.9984967754046873,extended_prefix_evaluation,probability
0.95,0.95,lower-5%,2076,Eunapius fragilis,0.9984975364364628,extended_prefix_evaluation,probability
0.95,0.95,lower-5%,2077,Adineta vaga,0.9984983538682174,extended_prefix_evaluation,probability
0.95,0.95,lower-5%,2078,Spongilla lacustris,0.998499110793816,extended_prefix_evaluation,probability
0.95,0.95,lower-5%,2079,Limnochares aquatica,0.9984999105917592,extended_prefix_evaluation,probability
0.95,0.95,lower-5%,2080,Coniothyrium sp.,0.9985007172056611,extended_prefix_evaluation,probability
0.95,0.95,lower-5%,2081,Phoma putaminum,0.9985015232047243,extended_prefix_evaluation,probability
0.95,0.95,lower-5%,2082,Aspergillus cejpii,0.99850232788939,extended_prefix_evaluation,probability
0.95,0.95,lower-5%,2083,Aspergillus versicolor,0.9985031319613841,extended_prefix_evaluation,probability
0.95,0.95,lower-5%,2084,Amoeba sp.,0.9985039375884414,extended_prefix_evaluation,probability
0.95,0.95,lower-5%,2085,Flagellospora curvula,0.9985046927382055,extended_prefix_evaluation,probability
0.95,0.95,lower-5%,2086,Tricladium splendens,0.9985054445411727,extended_prefix_evaluation,probability
0.95,0.95,lower-5%,2087,Heleidomermis magnapapula,0.9985062332737065,extended_prefix_evaluation,probability
0.95,0.95,lower-5%,2088,Doratomyces sp.,0.9985069862133521,extended_prefix_evaluation,probability
0.95,0.95,lower-5%,2089,Hymenoscyphus tetracladius,0.9985077318548292,extended_prefix_evaluation,probability
0.95,0.95,lower-5%,2090,Parachlorella kessleri,0.9985085084277843,extended_prefix_evaluation,probability
0.95,0.95,lower-5%,2091,Amoeba proteus,0.998509287105254,extended_prefix_evaluation,probability
0.95,0.95,lower-5%,2092,Chaos sp.,0.9985100602505689,extended_prefix_evaluation,probability
0.95,0.95,lower-5%,2093,Diatoma vulgare,0.9985108278182997,extended_prefix_evaluation,probability
0.95,0.95,lower-5%,2094,Tetracladium marchalianum,0.998511577883804,extended_prefix_evaluation,probability
0.95,0.95,lower-5%,2095,Pseudaegerita matsushimae,0.9985123253578134,extended_prefix_evaluation,probability
0.95,0.95,lower-5%,2096,Agamermis unka,0.9985131176603828,extended_prefix_evaluation,probability
0.95,0.95,lower-5%,2097,Prorocentrum micans,0.9985138792474056,extended_prefix_evaluation,probability
0.95,0.95,lower-5%,2098,Varicosporium elodeae,0.9985146237063637,extended_prefix_evaluation,probability
0.95,0.95,lower-5%,2099,Peranema trichophorum,0.9985153385579887,extended_prefix_evaluation,probability
0.95,0.95,lower-5%,2100,Platyhypnidium rusciforme,0.9985161027908525,extended_prefix_evaluation,probability
0.95,0.95,lower-5%,2101,Articulospora sp.,0.9985168453360935,extended_prefix_evaluation,probability
0.95,0.95,lower-5%,2102,Romanomermis iyengari,0.9985175955787707,extended_prefix_evaluation,probability
0.95,0.95,lower-5%,2103,Heliscella stellata,0.9985183430121918,extended_prefix_evaluation,probability
0.95,0.95,lower-5%,2104,Alatospora acuminata,0.9985190881688447,extended_prefix_evaluation,probability
0.95,0.95,lower-5%,2105,Aeolosoma headleyi,0.9985198351942262,extended_prefix_evaluation,probability
0.95,0.95,lower-5%,2106,Campylospora chaetocladia,0.9985205776214424,extended_prefix_evaluation,probability
0.95,0.95,lower-5%,2107,Lunulospora curvula,0.998521319518296,extended_prefix_evaluation,probability
0.95,0.95,lower-5%,2108,Flabellospora sp.,0.998522060855445,extended_prefix_evaluation,probability
0.95,0.95,lower-5%,2109,Wiesneriomyces javanicus,0.9985228016632592,extended_prefix_evaluation,probability
0.95,0.95,lower-5%,2110,Alatospora constricta,0.9985235419018529,extended_prefix_evaluation,probability
0.95,0.95,lower-5%,2111,Chordodes nobilii,0.9985242816120706,extended_prefix_evaluation,probability
0.95,0.95,lower-5%,2112,Chordodes sp.,0.998525020794364,extended_prefix_evaluation,probability
0.95,0.95,lower-5%,2113,Nattrassia mangiferae,0.9985257594491856,extended_prefix_evaluation,probability
0.95,0.95,lower-5%,2114,Triaenophorus nodulosus,0.9985264975769866,extended_prefix_evaluation,probability
0.95,0.95,lower-5%,2115,Fontinalis antipyretica,0.9985272454638544,extended_prefix_evaluation,probability
0.95,0.95,lower-5%,2116,Asterias rubens,0.9985279824652922,extended_prefix_evaluation,probability
0.95,0.95,lower-5%,2117,Dictyostelium discoideum,0.9985287186191881,extended_prefix_evaluation,probability
0.95,0.95,lower-5%,2118,Tachypleus gigas,0.9985294479581741,extended_prefix_evaluation,probability
0.95,0.95,lower-5%,2119,Romanomermis culicivorax,0.9985302121065217,extended_prefix_evaluation,probability
0.95,0.95,lower-5%,2120,Prionchulus punctatus,0.9985309413303649,extended_prefix_evaluation,probability
0.95,0.95,lower-5%,2121,Nereis diversicolor,0.9985316579634922,extended_prefix_evaluation,probability
0.95,0.95,lower-5%,2122,Scapania undulata,0.9985323849600349,extended_prefix_evaluation,probability
0.95,0.95,lower-5%,2123,Tobrilus gracilis,0.9985331071954642,extended_prefix_evaluation,probability
0.95,0.95,lower-5%,2124,Dorylaimus stagnalis,0.9985338257086952,extended_prefix_evaluation,probability
0.95,0.95,lower-5%,2125,Aporcelaimellus obtusicaudatus,0.9985345430961609,extended_prefix_evaluation,probability
0.95,0.95,lower-5%,2126,Pythium sp.,0.9985352731967719,extended_prefix_evaluation,probability
0.95,0.95,lower-5%,2127,Dictyuchus sterile,0.998536001593809,extended_prefix_evaluation,probability
0.95,0.95,lower-5%,2128,Aphelenchus avenae,0.9985367209706357,extended_prefix_evaluation,probability
0.95,0.95,lower-5%,2129,Plectus communis,0.9985374153694057,extended_prefix_evaluation,probability
0.95,0.95,lower-5%,2130,Hediste diversicolor,0.9985380748335755,extended_prefix_evaluation,probability
0.95,0.95,lower-5%,2131,Meloidogyne incognita,0.9985387886745896,extended_prefix_evaluation,probability
0.95,0.95,lower-5%,2132,Globodera rostochiensis,0.9985394917377419,extended_prefix_evaluation,probability
0.95,0.95,lower-5%,2133,Anguillicola crassus,0.9985401921299599,extended_prefix_evaluation,probability
0.95,0.95,lower-5%,2134,Tylenchus elegans,0.9985408902139943,extended_prefix_evaluation,probability
0.95,0.95,lower-5%,2135,Diplogasteritus sp.,0.9985415850071228,extended_prefix_evaluation,probability
0.95,0.95,lower-5%,2136,Rhabditis sp.,0.9985422789486694,extended_prefix_evaluation,probability
0.95,0.95,lower-5%,2137,Heterorhabditis sp.,0.9985429792500916,extended_prefix_evaluation,probability
0.95,0.95,lower-5%,2138,Neoaplectana bibionis,0.9985436697867257,extended_prefix_evaluation,probability
0.95,0.95,lower-5%,2139,Neoaplectana carpocapsae,0.9985443598452236,extended_prefix_evaluation,probability
0.95,0.95,lower-5%,2140,Acrobeloides buetschlii,0.9985450387483801,extended_prefix_evaluation,probability
0.95,0.95,lower-5%,2141,Heterocephalobus pauciannulatus,0.9985457170715425,extended_prefix_evaluation,probability
0.95,0.95,lower-5%,2142,Cephalobus persegnis,0.9985463253384937,extended_prefix_evaluation,probability
0.95,0.95,lower-5%,2143,Panagrellus redivivus,0.9985469659730372,extended_prefix_evaluation,probability
0.95,0.95,lower-5%,2144,Panagrellus silusiae,0.9985475283868239,extended_prefix_evaluation,probability
0.95,0.9,lower-10%,1,Gastrophryne carolinensis,0.22416986033089858,frozen_top20,probability
0.95,0.9,lower-10%,2,Neocloeon triangulifer,0.37143898372395384,frozen_top20,probability
0.95,0.9,lower-10%,3,Hyalella azteca,0.47938562818174013,frozen_top20,probability
0.95,0.9,lower-10%,4,Daphnia ambigua,0.5659711429752481,frozen_top20,probability
0.95,0.9,lower-10%,5,Daphnia magna,0.6240965136220255,frozen_top20,probability
0.95,0.9,lower-10%,6,Ceriodaphnia dubia,0.6791973489728107,frozen_top20,probability
0.95,0.9,lower-10%,7,Daphnia pulex,0.7183662844944108,frozen_top20,probability
0.95,0.9,lower-10%,8,Daphnia carinata,0.7514672669121899,frozen_top20,probability
0.95,0.9,lower-10%,9,Gammarus fasciatus,0.7802723736486304,frozen_top20,probability
0.95,0.9,lower-10%,10,Gammarus lacustris,0.8037351637820871,frozen_top20,probability
0.95,0.9,lower-10%,11,Moina macrocopa,0.8237604462537113,frozen_top20,probability
0.95,0.9,lower-10%,12,Gammarus pulex,0.8404648567228905,frozen_top20,probability
0.95,0.9,lower-10%,13,Paratya australiensis,0.8574521864056883,frozen_top20,probability
0.95,0.9,lower-10%,14,Gammarus pseudolimnaeus,0.8700462883354452,frozen_top20,probability
0.95,0.9,lower-10%,15,Ceriodaphnia reticulata,0.8805846752278043,frozen_top20,probability
0.95,0.9,lower-10%,16,Dugesia japonica,0.8885042706177896,frozen_top20,probability
0.95,0.9,lower-10%,17,Chironomus dilutus,0.8966177905318763,frozen_top20,probability
0.95,0.9,lower-10%,18,Daphnia similis,0.9037822785227237,frozen_top20,probability
0.95,0.9,lower-10%,19,Echinogammarus tibaldii,0.9099989039469015,frozen_top20,probability
0.95,0.9,lower-10%,20,Gammarus fossarum,0.9162218610897322,frozen_top20,probability
0.95,0.9,lower-10%,21,Margaritifera falcata,0.9212044547125429,extended_prefix_evaluation,probability
0.95,0.9,lower-10%,22,Megalonaias nervosa,0.9256308305939631,extended_prefix_evaluation,probability
0.95,0.9,lower-10%,23,Gammarus italicus,0.9298446870634651,extended_prefix_evaluation,probability
0.95,0.9,lower-10%,24,Gastrophryne olivacea,0.9337083881590236,extended_prefix_evaluation,probability
0.95,0.9,lower-10%,25,Amblema plicata,0.9370942353047583,extended_prefix_evaluation,probability
0.95,0.9,lower-10%,26,Daphnia hyalina,0.940456591041335,extended_prefix_evaluation,probability
0.95,0.9,lower-10%,27,Ceriodaphnia quadrangula,0.9435328818756641,extended_prefix_evaluation,probability
0.95,0.9,lower-10%,28,Gammarus minus,0.9463682154162321,extended_prefix_evaluation,probability
0.95,0.9,lower-10%,29,Cloeon dipterum,0.9490265549403438,extended_prefix_evaluation,probability
0.95,0.9,lower-10%,30,Daphnia galeata,0.9515058444620881,extended_prefix_evaluation,probability
0.95,0.9,lower-10%,31,Hyalella meinerti,0.9537968025631401,extended_prefix_evaluation,probability
0.95,0.9,lower-10%,32,Ceriodaphnia lacustris,0.9559630130388959,extended_prefix_evaluation,probability
0.95,0.9,lower-10%,33,Jordanella floridae,0.9578712932962817,extended_prefix_evaluation,probability
0.95,0.9,lower-10%,34,Lampsilis siliquoidea,0.959620474030883,extended_prefix_evaluation,probability
0.95,0.9,lower-10%,35,Daphnia parvula,0.9613507741739795,extended_prefix_evaluation,probability
0.95,0.9,lower-10%,36,Chironomus riparius,0.9628164348675416,extended_prefix_evaluation,probability
0.95,0.9,lower-10%,37,Daphnia rosea,0.9643642595627897,extended_prefix_evaluation,probability
0.95,0.9,lower-10%,38,Daphnia cephalata,0.9658230790187537,extended_prefix_evaluation,probability
0.95,0.9,lower-10%,39,Daphnia cucullata,0.9671523872236447,extended_prefix_evaluation,probability
0.95,0.9,lower-10%,40,Pteronarcys californica,0.9685109586968887,extended_prefix_evaluation,probability
0.95,0.9,lower-10%,41,Macrobrachium nipponense,0.9697390417558827,extended_prefix_evaluation,probability
0.95,0.9,lower-10%,42,Hyridella australis,0.9710768606598994,extended_prefix_evaluation,probability
0.95,0.9,lower-10%,43,Tanytarsus dissimilis,0.9720971324894643,extended_prefix_evaluation,probability
0.95,0.9,lower-10%,44,Ceriodaphnia cornuta,0.9731588824341857,extended_prefix_evaluation,probability
0.95,0.9,lower-10%,45,Chironomus tentans,0.9740569580905281,extended_prefix_evaluation,probability
0.95,0.9,lower-10%,46,Ceriodaphnia pulchella,0.9750180531385181,extended_prefix_evaluation,probability
0.95,0.9,lower-10%,47,Ceriodaphnia silvestrii,0.9759323433885105,extended_prefix_evaluation,probability
0.95,0.9,lower-10%,48,Daphnia retrocurva,0.9767700222857499,extended_prefix_evaluation,probability
0.95,0.9,lower-10%,49,Daphnia spinulata,0.9775643014098309,extended_prefix_evaluation,probability
0.95,0.9,lower-10%,50,Daphnia gessneri,0.9783211394527975,extended_prefix_evaluation,probability
0.95,0.9,lower-10%,51,Hyalella curvispina,0.9790669949250037,extended_prefix_evaluation,probability
0.95,0.9,lower-10%,52,Hyridella depressa,0.9798672446502177,extended_prefix_evaluation,probability
0.95,0.9,lower-10%,53,Daphnia pulicaria,0.9805166197385695,extended_prefix_evaluation,probability
0.95,0.9,lower-10%,54,Hyridella drapeta,0.981240523030206,extended_prefix_evaluation,probability
0.95,0.9,lower-10%,55,Daphnia sp.,0.9818226701232512,extended_prefix_evaluation,probability
0.95,0.9,lower-10%,56,Daphnia obtusa,0.9823865370157628,extended_prefix_evaluation,probability
0.95,0.9,lower-10%,57,Daphnia longispina,0.9829317231372746,extended_prefix_evaluation,probability
0.95,0.9,lower-10%,58,Thamnocephalus platyurus,0.9834806629094525,extended_prefix_evaluation,probability
0.95,0.9,lower-10%,59,Daphnia catawba,0.9839710164695804,extended_prefix_evaluation,probability
0.95,0.9,lower-10%,60,Macrobrachium rosenbergii,0.9844674708746564,extended_prefix_evaluation,probability
0.95,0.9,lower-10%,61,Ceriodaphnia acanthina,0.9849318669964456,extended_prefix_evaluation,probability
0.95,0.9,lower-10%,62,Hyalella sp.,0.9853664840244364,extended_prefix_evaluation,probability
0.95,0.9,lower-10%,63,Lithobates pipiens,0.9857431367204039,extended_prefix_evaluation,probability
0.95,0.9,lower-10%,64,Ceriodaphnia rigaudi,0.9861506485656769,extended_prefix_evaluation,probability
0.95,0.9,lower-10%,65,Cucumerunio novaehollandiae,0.9865878548498881,extended_prefix_evaluation,probability
0.95,0.9,lower-10%,66,Palaemonetes kadiakensis,0.9870038351119648,extended_prefix_evaluation,probability
0.95,0.9,lower-10%,67,Daphnia laevis,0.9873529888411021,extended_prefix_evaluation,probability
0.95,0.9,lower-10%,68,Macrobrachium lamarrei,0.9877148525488204,extended_prefix_evaluation,probability
0.95,0.9,lower-10%,69,Ceriodaphnia sp.,0.9880443545097732,extended_prefix_evaluation,probability
0.95,0.9,lower-10%,70,Xenopus laevis,0.9882864528034486,extended_prefix_evaluation,probability
0.95,0.9,lower-10%,71,Daphnia similoides,0.9885787887102486,extended_prefix_evaluation,probability
0.95,0.9,lower-10%,72,Nemoura cinerea,0.988835837186908,extended_prefix_evaluation,probability
0.95,0.9,lower-10%,73,Gammarus sp.,0.9891086408828258,extended_prefix_evaluation,probability
0.95,0.9,lower-10%,74,Gammarus elvirae,0.9893859305167917,extended_prefix_evaluation,probability
0.95,0.9,lower-10%,75,Gammarus roeseli,0.9896402407017072,extended_prefix_evaluation,probability
0.95,0.9,lower-10%,76,Simocephalus vetulus,0.9898957246736503,extended_prefix_evaluation,probability
0.95,0.9,lower-10%,77,Aquarana catesbeiana,0.9901072913153567,extended_prefix_evaluation,probability
0.95,0.9,lower-10%,78,Utterbackia imbecillis,0.9903244705871603,extended_prefix_evaluation,probability
0.95,0.9,lower-10%,79,Daphnia lumholtzi,0.9905492385419051,extended_prefix_evaluation,probability
0.95,0.9,lower-10%,80,Moina dubia,0.9907841508961517,extended_prefix_evaluation,probability
0.95,0.9,lower-10%,81,Brachionus calyciflorus,0.9909707941098421,extended_prefix_evaluation,probability
0.95,0.9,lower-10%,82,Ceriodaphnia affinis,0.9911832707927176,extended_prefix_evaluation,probability
0.95,0.9,lower-10%,83,Asellus aquaticus,0.9913570540185052,extended_prefix_evaluation,probability
0.95,0.9,lower-10%,84,Etheostoma fonticola,0.991562092152349,extended_prefix_evaluation,probability
0.95,0.9,lower-10%,85,Gammarus orinos,0.9917509051797331,extended_prefix_evaluation,probability
0.95,0.9,lower-10%,86,Baetis rhodani,0.9919333753241159,extended_prefix_evaluation,probability
0.95,0.9,lower-10%,87,Lithobates sylvaticus,0.9920864175409129,extended_prefix_evaluation,probability
0.95,0.9,lower-10%,88,Gammarus limnaeus,0.9922582770223771,extended_prefix_evaluation,probability
0.95,0.9,lower-10%,89,Moina australiensis,0.9924311915998661,extended_prefix_evaluation,probability
0.95,0.9,lower-10%,90,Moina sp.,0.9925969398351628,extended_prefix_evaluation,probability
0.95,0.9,lower-10%,91,Oncorhynchus mykiss,0.9927262272445624,extended_prefix_evaluation,probability
0.95,0.9,lower-10%,92,Aedes vexans,0.9928881539404314,extended_prefix_evaluation,probability
0.95,0.9,lower-10%,93,Physa gyrina,0.9930126593116054,extended_prefix_evaluation,probability
0.95,0.9,lower-10%,94,Gammarus tigrinus,0.9931546686190571,extended_prefix_evaluation,probability
0.95,0.9,lower-10%,95,Lymnaea stagnalis,0.9932648994561053,extended_prefix_evaluation,probability
0.95,0.9,lower-10%,96,Moina irrasa,0.993407801980194,extended_prefix_evaluation,probability
0.95,0.9,lower-10%,97,Alathyria profuga,0.993549254403232,extended_prefix_evaluation,probability
0.95,0.9,lower-10%,98,Moina rectirostris,0.9936762617733157,extended_prefix_evaluation,probability
0.95,0.9,lower-10%,99,Macrobrachium malcolmsonii,0.9937957876153916,extended_prefix_evaluation,probability
0.95,0.9,lower-10%,100,Chironomus plumosus,0.993894724356037,extended_prefix_evaluation,probability
0.95,0.9,lower-10%,101,Echinogammarus stammeri,0.9940049881474708,extended_prefix_evaluation,probability
0.95,0.9,lower-10%,102,Hydra oligactis,0.9941016506574005,extended_prefix_evaluation,probability
0.95,0.9,lower-10%,103,Gammarus duebeni,0.9942098031447862,extended_prefix_evaluation,probability
0.95,0.9,lower-10%,104,Anopheles quadrimaculatus,0.9943168728600456,extended_prefix_evaluation,probability
0.95,0.9,lower-10%,105,Paratya curvirostris,0.9944297153383869,extended_prefix_evaluation,probability
0.95,0.9,lower-10%,106,Caridina laevis,0.9945348079865638,extended_prefix_evaluation,probability
0.95,0.9,lower-10%,107,Velesunio ambiguus,0.9946413696269844,extended_prefix_evaluation,probability
0.95,0.9,lower-10%,108,Notonecta sp.,0.9947316075591385,extended_prefix_evaluation,probability
0.95,0.9,lower-10%,109,Echinogammarus echinosetosus,0.9948212299367584,extended_prefix_evaluation,probability
0.95,0.9,lower-10%,110,Aedes punctor,0.9949127617943014,extended_prefix_evaluation,probability
0.95,0.9,lower-10%,111,Pteronarcella badia,0.9950142380319903,extended_prefix_evaluation,probability
0.95,0.9,lower-10%,112,Diaptomus sp.,0.9950972802813185,extended_prefix_evaluation,probability
0.95,0.9,lower-10%,113,Ambystoma mexicanum,0.9951671379498912,extended_prefix_evaluation,probability
0.95,0.9,lower-10%,114,Isonychia sp.,0.9952430635905227,extended_prefix_evaluation,probability
0.95,0.9,lower-10%,115,Epioblasma capsaeformis,0.9953247175200484,extended_prefix_evaluation,probability
0.95,0.9,lower-10%,116,Gammarus kischineffensis,0.9954013423064364,extended_prefix_evaluation,probability
0.95,0.9,lower-10%,117,Hexagenia sp.,0.995466925249982,extended_prefix_evaluation,probability
0.95,0.9,lower-10%,118,Macrobrachium amazonicum,0.9955415134247809,extended_prefix_evaluation,probability
0.95,0.9,lower-10%,119,Salmo trutta,0.9956062832099957,extended_prefix_evaluation,probability
0.95,0.9,lower-10%,120,Macrobrachium superbum,0.9956771360583925,extended_prefix_evaluation,probability
0.95,0.9,lower-10%,121,Simocephalus sp.,0.9957454162480608,extended_prefix_evaluation,probability
0.95,0.9,lower-10%,122,Simocephalus exspinosus,0.995812197406067,extended_prefix_evaluation,probability
0.95,0.9,lower-10%,123,Dugesia lugubris,0.9958693618774425,extended_prefix_evaluation,probability
0.95,0.9,lower-10%,124,Macrobrachium carcinus,0.9959352186586714,extended_prefix_evaluation,probability
0.95,0.9,lower-10%,125,Palaemonetes argentinus,0.995999922598223,extended_prefix_evaluation,probability
0.95,0.9,lower-10%,126,Echinogammarus meridionalis,0.9960592504310272,extended_prefix_evaluation,probability
0.95,0.9,lower-10%,127,Hyla chrysoscelis,0.996118875407928,extended_prefix_evaluation,probability
0.95,0.9,lower-10%,128,Macrobrachium lar,0.9961790862541907,extended_prefix_evaluation,probability
0.95,0.9,lower-10%,129,Macrobrachium lanchesteri,0.9962414938317885,extended_prefix_evaluation,probability
0.95,0.9,lower-10%,130,Palaemonetes africanus,0.9963003415874561,extended_prefix_evaluation,probability
0.95,0.9,lower-10%,131,Macrobrachium ferreirai,0.9963559103988144,extended_prefix_evaluation,probability
0.95,0.9,lower-10%,132,Macrobrachium naso,0.9964096967508551,extended_prefix_evaluation,probability
0.95,0.9,lower-10%,133,Macrobrachium sp.,0.996462324279856,extended_prefix_evaluation,probability
0.95,0.9,lower-10%,134,Caridina rajadhari,0.9965129229221469,extended_prefix_evaluation,probability
0.95,0.9,lower-10%,135,Echinogammarus berilloni,0.9965607599685106,extended_prefix_evaluation,probability
0.95,0.9,lower-10%,136,Margaritifera margaritifera,0.9966057682331535,extended_prefix_evaluation,probability
0.95,0.9,lower-10%,137,Oryzias latipes,0.9966451060378293,extended_prefix_evaluation,probability
0.95,0.9,lower-10%,138,Palaemonetes vulgaris,0.9966937859594758,extended_prefix_evaluation,probability
0.95,0.9,lower-10%,139,Aedes sticticus,0.9967405887993436,extended_prefix_evaluation,probability
0.95,0.9,lower-10%,140,Planorbella trivolvis,0.9967784223003464,extended_prefix_evaluation,probability
0.95,0.9,lower-10%,141,Simocephalus mixtus,0.9968214132433817,extended_prefix_evaluation,probability
0.95,0.9,lower-10%,142,Marisa cornuarietis,0.9968590461453747,extended_prefix_evaluation,probability
0.95,0.9,lower-10%,143,Aedes cantans,0.9969064438246386,extended_prefix_evaluation,probability
0.95,0.9,lower-10%,144,Macrobrachium hendersodayanus,0.9969483230078853,extended_prefix_evaluation,probability
0.95,0.9,lower-10%,145,Palaemonetes varians,0.9969906545099745,extended_prefix_evaluation,probability
0.95,0.9,lower-10%,146,Lampsilis fasciola,0.9970292156511529,extended_prefix_evaluation,probability
0.95,0.9,lower-10%,147,Culiseta annulata,0.997069588270658,extended_prefix_evaluation,probability
0.95,0.9,lower-10%,148,Lecane quadridentata,0.9971020124711364,extended_prefix_evaluation,probability
0.95,0.9,lower-10%,149,Culex quinquefasciatus,0.9971384072982822,extended_prefix_evaluation,probability
0.95,0.9,lower-10%,150,Caridina sp.,0.9971757298418256,extended_prefix_evaluation,probability
0.95,0.9,lower-10%,151,Simocephalus serrulatus,0.9972117678649575,extended_prefix_evaluation,probability
0.95,0.9,lower-10%,152,Caridina weberi,0.9972475992617477,extended_prefix_evaluation,probability
0.95,0.9,lower-10%,153,Lepomis macrochirus,0.9972761187725391,extended_prefix_evaluation,probability
0.95,0.9,lower-10%,154,Anodonta imbecillis,0.9973064809137373,extended_prefix_evaluation,probability
0.95,0.9,lower-10%,155,Macrobrachium kistnensis,0.9973404939236913,extended_prefix_evaluation,probability
0.95,0.9,lower-10%,156,Hydra vulgaris,0.9973708816696014,extended_prefix_evaluation,probability
0.95,0.9,lower-10%,157,Chironomus xanthus,0.9974004713812235,extended_prefix_evaluation,probability
0.95,0.9,lower-10%,158,Caridina indistincta,0.9974326764353085,extended_prefix_evaluation,probability
0.95,0.9,lower-10%,159,Aedes aegypti,0.9974621792508277,extended_prefix_evaluation,probability
0.95,0.9,lower-10%,160,Chironomus sp.,0.9974898430745812,extended_prefix_evaluation,probability
0.95,0.9,lower-10%,161,Palaemonetes paludosus,0.9975215287814719,extended_prefix_evaluation,probability
0.95,0.9,lower-10%,162,Moina micrura,0.9975526637049617,extended_prefix_evaluation,probability
0.95,0.9,lower-10%,163,Cottus bairdi,0.9975835264521268,extended_prefix_evaluation,probability
0.95,0.9,lower-10%,164,Cottus confusus,0.9976139617443499,extended_prefix_evaluation,probability
0.95,0.9,lower-10%,165,Brachionus rubens,0.9976394268381298,extended_prefix_evaluation,probability
0.95,0.9,lower-10%,166,Aedes taeniorhynchus,0.9976686752018609,extended_prefix_evaluation,probability
0.95,0.9,lower-10%,167,Esox lucius,0.9976937260195438,extended_prefix_evaluation,probability
0.95,0.9,lower-10%,168,Perca flavescens,0.9977162894174118,extended_prefix_evaluation,probability
0.95,0.9,lower-10%,169,Ictalurus punctatus,0.9977382114645382,extended_prefix_evaluation,probability
0.95,0.9,lower-10%,170,Corixa punctata,0.9977601963468603,extended_prefix_evaluation,probability
0.95,0.9,lower-10%,171,Chironomus stigmaterus,0.9977830118607797,extended_prefix_evaluation,probability
0.95,0.9,lower-10%,172,Physalaemus cuvieri,0.9978036826788598,extended_prefix_evaluation,probability
0.95,0.9,lower-10%,173,Ameiurus melas,0.9978242053570537,extended_prefix_evaluation,probability
0.95,0.9,lower-10%,174,Macrobrachium dayanum,0.9978487507470196,extended_prefix_evaluation,probability
0.95,0.9,lower-10%,175,Lecane lunaris,0.9978691099891291,extended_prefix_evaluation,probability
0.95,0.9,lower-10%,176,Lecane closterocerca,0.9978892109167284,extended_prefix_evaluation,probability
0.95,0.9,lower-10%,177,Lecane bulla,0.9979090610527092,extended_prefix_evaluation,probability
0.95,0.9,lower-10%,178,Myriophyllum spicatum,0.9979306255734898,extended_prefix_evaluation,probability
0.95,0.9,lower-10%,179,Chironomus piger,0.9979509228384272,extended_prefix_evaluation,probability
0.95,0.9,lower-10%,180,Chironomus maddeni,0.9979708898029522,extended_prefix_evaluation,probability
0.95,0.9,lower-10%,181,Chironomus luridus,0.997990585503633,extended_prefix_evaluation,probability
0.95,0.9,lower-10%,182,Puntius sophore,0.998009165044523,extended_prefix_evaluation,probability
0.95,0.9,lower-10%,183,Hydra americana,0.9980285481336177,extended_prefix_evaluation,probability
0.95,0.9,lower-10%,184,Chironomus ramosus,0.9980474344063489,extended_prefix_evaluation,probability
0.95,0.9,lower-10%,185,Pimephales promelas,0.9980650775106129,extended_prefix_evaluation,probability
0.95,0.9,lower-10%,186,Hyla versicolor,0.9980828506294128,extended_prefix_evaluation,probability
0.95,0.9,lower-10%,187,Moinodaphnia macleayi,0.9981020978579622,extended_prefix_evaluation,probability
0.95,0.9,lower-10%,188,Lumbriculus variegatus,0.9981194636545083,extended_prefix_evaluation,probability
0.95,0.9,lower-10%,189,Caridina nilotica,0.9981388687216767,extended_prefix_evaluation,probability
0.95,0.9,lower-10%,190,Scapholeberis microcephala,0.9981569133771495,extended_prefix_evaluation,probability
0.95,0.9,lower-10%,191,Sander vitreus,0.9981744285997526,extended_prefix_evaluation,probability
0.95,0.9,lower-10%,192,Scapholeberis kingi,0.9981920030149851,extended_prefix_evaluation,probability
0.95,0.9,lower-10%,193,Pteronarcys comstocki,0.9982107931675115,extended_prefix_evaluation,probability
0.95,0.9,lower-10%,194,Ischnura elegans,0.9982267465074769,extended_prefix_evaluation,probability
0.95,0.9,lower-10%,195,Chironomus anthracinus,0.9982430454250788,extended_prefix_evaluation,probability
0.95,0.9,lower-10%,196,Bufo americanus,0.9982579756212006,extended_prefix_evaluation,probability
0.95,0.9,lower-10%,197,Culex tarsalis,0.9982769981086377,extended_prefix_evaluation,probability
0.95,0.9,lower-10%,198,Lampsilis rafinesqueana,0.9982941963503011,extended_prefix_evaluation,probability
0.95,0.9,lower-10%,199,Lemna minor,0.9983086856824864,extended_prefix_evaluation,probability
0.95,0.9,lower-10%,200,Simulium vittatum,0.9983273028462302,extended_prefix_evaluation,probability
0.95,0.9,lower-10%,201,Chironomus crassiforceps,0.9983419850924365,extended_prefix_evaluation,probability
0.95,0.9,lower-10%,202,Ambystoma jeffersonianum,0.9983567739484356,extended_prefix_evaluation,probability
0.95,0.9,lower-10%,203,Chironomus attenuatus,0.9983711218272977,extended_prefix_evaluation,probability
0.95,0.9,lower-10%,204,Tanytarsus sp.,0.9983860699529725,extended_prefix_evaluation,probability
0.95,0.9,lower-10%,205,Myriophyllum sp.,0.9984008532102255,extended_prefix_evaluation,probability
0.95,0.9,lower-10%,206,Elodea canadensis,0.9984155450511214,extended_prefix_evaluation,probability
0.95,0.9,lower-10%,207,Chironomus utahensis,0.9984300653265784,extended_prefix_evaluation,probability
0.95,0.9,lower-10%,208,Lecane inermis,0.9984431197605866,extended_prefix_evaluation,probability
0.95,0.9,lower-10%,209,Villosa iris,0.9984591477125061,extended_prefix_evaluation,probability
0.95,0.9,lower-10%,210,Pteronarcys sp.,0.9984741556359551,extended_prefix_evaluation,probability
0.95,0.9,lower-10%,211,Myriophyllum sibiricum,0.9984878408371678,extended_prefix_evaluation,probability
0.95,0.9,lower-10%,212,Lampsilis sp.,0.9985013933536641,extended_prefix_evaluation,probability
0.95,0.9,lower-10%,213,Oncorhynchus kisutch,0.9985139562415182,extended_prefix_evaluation,probability
0.95,0.9,lower-10%,214,Macrobrachium rude,0.998528739988117,extended_prefix_evaluation,probability
0.95,0.9,lower-10%,215,Dreissena polymorpha,0.9985412738129075,extended_prefix_evaluation,probability
0.95,0.9,lower-10%,216,Lithobates sphenocephalus,0.9985530149694176,extended_prefix_evaluation,probability
0.95,0.9,lower-10%,217,Chironomus yoshimatsui,0.9985650346398631,extended_prefix_evaluation,probability
0.95,0.9,lower-10%,218,Scapholeberis mucronata,0.9985773297815266,extended_prefix_evaluation,probability
0.95,0.9,lower-10%,219,Hydropsyche sp.,0.9985904507028188,extended_prefix_evaluation,probability
0.95,0.9,lower-10%,220,Actinonaias pectorosa,0.9986038595039312,extended_prefix_evaluation,probability
0.95,0.9,lower-10%,221,Paratanytarsus parthenogeneticus,0.9986144877994845,extended_prefix_evaluation,probability
0.95,0.9,lower-10%,222,Potamopyrgus antipodarum,0.9986253189788347,extended_prefix_evaluation,probability
0.95,0.9,lower-10%,223,Dugesia gonocephala,0.998636311990547,extended_prefix_evaluation,probability
0.95,0.9,lower-10%,224,Chironomus zealandicus,0.9986470525322488,extended_prefix_evaluation,probability
0.95,0.9,lower-10%,225,Salvelinus namaycush,0.9986579501478333,extended_prefix_evaluation,probability
0.95,0.9,lower-10%,226,Acipenser transmontanus,0.998669051734236,extended_prefix_evaluation,probability
0.95,0.9,lower-10%,227,Ambystoma maculatum,0.9986797423522185,extended_prefix_evaluation,probability
0.95,0.9,lower-10%,228,Rutilus rutilus,0.9986902462343263,extended_prefix_evaluation,probability
0.95,0.9,lower-10%,229,Alonella sp.,0.9987011889316696,extended_prefix_evaluation,probability
0.95,0.9,lower-10%,230,Pteronarcys dorsata,0.998712608059362,extended_prefix_evaluation,probability
0.95,0.9,lower-10%,231,Lithobates palustris,0.9987223487420318,extended_prefix_evaluation,probability
0.95,0.9,lower-10%,232,Dugesia bengalensis,0.9987322253113767,extended_prefix_evaluation,probability
0.95,0.9,lower-10%,233,Dugesia schubarti,0.9987419884879513,extended_prefix_evaluation,probability
0.95,0.9,lower-10%,234,Hyla squirella,0.9987521560730244,extended_prefix_evaluation,probability
0.95,0.9,lower-10%,235,Baetis pygmaeus,0.9987629150582344,extended_prefix_evaluation,probability
0.95,0.9,lower-10%,236,Lecane luna,0.9987722028663405,extended_prefix_evaluation,probability
0.95,0.9,lower-10%,237,Corbicula fluminea,0.9987812397439384,extended_prefix_evaluation,probability
0.95,0.9,lower-10%,238,Salmo salar,0.9987909453338527,extended_prefix_evaluation,probability
0.95,0.9,lower-10%,239,Orconectes nais,0.9988006519435809,extended_prefix_evaluation,probability
0.95,0.9,lower-10%,240,Chironomus crassicaudatus,0.9988096070452936,extended_prefix_evaluation,probability
0.95,0.9,lower-10%,241,Sander sp.,0.9988188567026268,extended_prefix_evaluation,probability
0.95,0.9,lower-10%,242,Salvelinus curilus,0.9988279837577081,extended_prefix_evaluation,probability
0.95,0.9,lower-10%,243,Oncorhynchus clarkii,0.9988371140272543,extended_prefix_evaluation,probability
0.95,0.9,lower-10%,244,Salvelinus sp.,0.9988460300016531,extended_prefix_evaluation,probability
0.95,0.9,lower-10%,245,Aedes albopictus,0.9988554490186422,extended_prefix_evaluation,probability
0.95,0.9,lower-10%,246,Cloeon sp.,0.9988650171215464,extended_prefix_evaluation,probability
0.95,0.9,lower-10%,247,Caridina africana,0.9988745732465345,extended_prefix_evaluation,probability
0.95,0.9,lower-10%,248,Aedes communis,0.9988839554951879,extended_prefix_evaluation,probability
0.95,0.9,lower-10%,249,Pseudacris regilla,0.9988916422127423,extended_prefix_evaluation,probability
0.95,0.9,lower-10%,250,Culex tritaeniorhynchus,0.9989001688757992,extended_prefix_evaluation,probability
0.95,0.9,lower-10%,251,Americamysis bahia,0.9989083394926789,extended_prefix_evaluation,probability
0.95,0.9,lower-10%,252,Hexagenia bilineata,0.9989163640258913,extended_prefix_evaluation,probability
0.95,0.9,lower-10%,253,Hyla intermedia,0.9989245137249603,extended_prefix_evaluation,probability
0.95,0.9,lower-10%,254,Myriophyllum alterniflorum,0.9989327704864979,extended_prefix_evaluation,probability
0.95,0.9,lower-10%,255,Oncorhynchus tshawytscha,0.99894043907693,extended_prefix_evaluation,probability
0.95,0.9,lower-10%,256,Hydra littoralis,0.9989483744216451,extended_prefix_evaluation,probability
0.95,0.9,lower-10%,257,Etheostoma flabellare,0.9989567575617463,extended_prefix_evaluation,probability
0.95,0.9,lower-10%,258,Hyla japonica,0.9989644007435237,extended_prefix_evaluation,probability
0.95,0.9,lower-10%,259,Cyprinus carpio,0.9989712027745851,extended_prefix_evaluation,probability
0.95,0.9,lower-10%,260,Chironomus tepperi,0.9989782681211843,extended_prefix_evaluation,probability
0.95,0.9,lower-10%,261,Leptodora kindtii,0.9989855898147668,extended_prefix_evaluation,probability
0.95,0.9,lower-10%,262,Hyla cinerea,0.9989929001963287,extended_prefix_evaluation,probability
0.95,0.9,lower-10%,263,Procladius sp.,0.9990009599876166,extended_prefix_evaluation,probability
0.95,0.9,lower-10%,264,Xenopus tropicalis,0.9990071409462905,extended_prefix_evaluation,probability
0.95,0.9,lower-10%,265,Asellus sp.,0.9990137388850097,extended_prefix_evaluation,probability
0.95,0.9,lower-10%,266,Hydra sp.,0.9990208458391919,extended_prefix_evaluation,probability
0.95,0.9,lower-10%,267,Notonecta unifasciata,0.999028326991338,extended_prefix_evaluation,probability
0.95,0.9,lower-10%,268,Dugesia etrusca,0.999035089282157,extended_prefix_evaluation,probability
0.95,0.9,lower-10%,269,Hexagenia limbata,0.9990417859093086,extended_prefix_evaluation,probability
0.95,0.9,lower-10%,270,Nemoura sp.,0.9990483016385916,extended_prefix_evaluation,probability
0.95,0.9,lower-10%,271,Hyla femoralis,0.999054953883333,extended_prefix_evaluation,probability
0.95,0.9,lower-10%,272,Lampsilis teres,0.9990618132184664,extended_prefix_evaluation,probability
0.95,0.9,lower-10%,273,Cirrhinus mrigala,0.9990682370963319,extended_prefix_evaluation,probability
0.95,0.9,lower-10%,274,Culex pipiens,0.9990753975780008,extended_prefix_evaluation,probability
0.95,0.9,lower-10%,275,Etheostoma nigrum,0.9990824398662602,extended_prefix_evaluation,probability
0.95,0.9,lower-10%,276,Caecidotea brevicauda,0.9990888378076643,extended_prefix_evaluation,probability
0.95,0.9,lower-10%,277,Lepomis humilis,0.9990944815670282,extended_prefix_evaluation,probability
0.95,0.9,lower-10%,278,Gobiocypris rarus,0.9991004467351755,extended_prefix_evaluation,probability
0.95,0.9,lower-10%,279,Chaoborus crystallinus,0.9991073226302736,extended_prefix_evaluation,probability
0.95,0.9,lower-10%,280,Diaptomus leptopus,0.9991140419551049,extended_prefix_evaluation,probability
0.95,0.9,lower-10%,281,Hesperoperla pacifica,0.9991232926876248,extended_prefix_evaluation,probability
0.95,0.9,lower-10%,282,Oncorhynchus gilae,0.9991288185850883,extended_prefix_evaluation,probability
0.95,0.9,lower-10%,283,Chironomus decorus,0.99913410271461,extended_prefix_evaluation,probability
0.95,0.9,lower-10%,284,Hydra viridissima,0.9991401010541332,extended_prefix_evaluation,probability
0.95,0.9,lower-10%,285,Lymnaea sp.,0.9991454966339761,extended_prefix_evaluation,probability
0.95,0.9,lower-10%,286,Heptagenia sulphurea,0.9991514543507012,extended_prefix_evaluation,probability
0.95,0.9,lower-10%,287,Salvelinus fontinalis,0.9991572088854574,extended_prefix_evaluation,probability
0.95,0.9,lower-10%,288,Epioblasma triquetra,0.9991633219899783,extended_prefix_evaluation,probability
0.95,0.9,lower-10%,289,Nais elinguis,0.9991701095528106,extended_prefix_evaluation,probability
0.95,0.9,lower-10%,290,Chironomus javanus,0.9991751044440148,extended_prefix_evaluation,probability
0.95,0.9,lower-10%,291,Lampsilis cardium,0.9991805879058814,extended_prefix_evaluation,probability
0.95,0.9,lower-10%,292,Epioblasma rangiana,0.9991864127057374,extended_prefix_evaluation,probability
0.95,0.9,lower-10%,293,Lithobates berlandieri,0.9991912145238525,extended_prefix_evaluation,probability
0.95,0.9,lower-10%,294,Poecilia reticulata,0.9991957686221642,extended_prefix_evaluation,probability
0.95,0.9,lower-10%,295,Notonecta glauca,0.9992014331191139,extended_prefix_evaluation,probability
0.95,0.9,lower-10%,296,Lampsilis abrupta,0.9992069078248234,extended_prefix_evaluation,probability
0.95,0.9,lower-10%,297,Rana temporaria,0.9992115464160151,extended_prefix_evaluation,probability
0.95,0.9,lower-10%,298,Physa fontinalis,0.9992164758161565,extended_prefix_evaluation,probability
0.95,0.9,lower-10%,299,Cyprinodon variegatus,0.9992215655365717,extended_prefix_evaluation,probability
0.95,0.9,lower-10%,300,Rana cascadae,0.999226002837566,extended_prefix_evaluation,probability
0.95,0.9,lower-10%,301,Baetis sp.,0.9992316844404,extended_prefix_evaluation,probability
0.95,0.9,lower-10%,302,Aedes excrucians,0.9992370462240798,extended_prefix_evaluation,probability
0.95,0.9,lower-10%,303,Danio rerio,0.9992416041192571,extended_prefix_evaluation,probability
0.95,0.9,lower-10%,304,Physa heterostropha,0.9992460634066535,extended_prefix_evaluation,probability
0.95,0.9,lower-10%,305,Culex gelidus,0.9992511840126814,extended_prefix_evaluation,probability
0.95,0.9,lower-10%,306,Canthocamptus sp.,0.9992563469746811,extended_prefix_evaluation,probability
0.95,0.9,lower-10%,307,Brachionus caudatus,0.9992610401138795,extended_prefix_evaluation,probability
0.95,0.9,lower-10%,308,Aedes epactius,0.9992660105205923,extended_prefix_evaluation,probability
0.95,0.9,lower-10%,309,Tallaperla maria,0.9992702679064324,extended_prefix_evaluation,probability
0.95,0.9,lower-10%,310,Aedes vigilax,0.9992751966949669,extended_prefix_evaluation,probability
0.95,0.9,lower-10%,311,Aedes funereus,0.9992800448479994,extended_prefix_evaluation,probability
0.95,0.9,lower-10%,312,Lithobates blairi,0.9992840010898442,extended_prefix_evaluation,probability
0.95,0.9,lower-10%,313,Aedes cantator,0.9992887736523152,extended_prefix_evaluation,probability
0.95,0.9,lower-10%,314,Aedes notoscriptus,0.9992934806945349,extended_prefix_evaluation,probability
0.95,0.9,lower-10%,315,Aedes sp.,0.9992980908702649,extended_prefix_evaluation,probability
0.95,0.9,lower-10%,316,Aedes euedes,0.9993027238500796,extended_prefix_evaluation,probability
0.95,0.9,lower-10%,317,Notonecta maculata,0.9993073027840008,extended_prefix_evaluation,probability
0.95,0.9,lower-10%,318,Oncorhynchus nerka,0.9993114222497905,extended_prefix_evaluation,probability
0.95,0.9,lower-10%,319,Lithobates clamitans,0.9993151657655001,extended_prefix_evaluation,probability
0.95,0.9,lower-10%,320,Aedes koreicus,0.9993196293791602,extended_prefix_evaluation,probability
0.95,0.9,lower-10%,321,Micropterus salmoides,0.999323839954199,extended_prefix_evaluation,probability
0.95,0.9,lower-10%,322,Aedes diantaeus,0.9993281858175374,extended_prefix_evaluation,probability
0.95,0.9,lower-10%,323,Aedes fitchii,0.9993324920315362,extended_prefix_evaluation,probability
0.95,0.9,lower-10%,324,Aedes abserratus,0.9993367608686752,extended_prefix_evaluation,probability
0.95,0.9,lower-10%,325,Aedes provocans,0.9993409695103368,extended_prefix_evaluation,probability
0.95,0.9,lower-10%,326,Oncorhynchus keta,0.9993447729076681,extended_prefix_evaluation,probability
0.95,0.9,lower-10%,327,Leptodea fragilis,0.9993486577018307,extended_prefix_evaluation,probability
0.95,0.9,lower-10%,328,Aplexa hypnorum,0.9993525284135243,extended_prefix_evaluation,probability
0.95,0.9,lower-10%,329,Ambystoma texanum,0.9993561853283562,extended_prefix_evaluation,probability
0.95,0.9,lower-10%,330,Chaoborus sp.,0.999360480364808,extended_prefix_evaluation,probability
0.95,0.9,lower-10%,331,Notonecta undulata,0.999364644720188,extended_prefix_evaluation,probability
0.95,0.9,lower-10%,332,Hyla meridionalis,0.9993683033905877,extended_prefix_evaluation,probability
0.95,0.9,lower-10%,333,Culex vagans,0.9993721514453504,extended_prefix_evaluation,probability
0.95,0.9,lower-10%,334,Ambystoma sp.,0.9993756779441577,extended_prefix_evaluation,probability
0.95,0.9,lower-10%,335,Oncorhynchus gorbuscha,0.9993791476544782,extended_prefix_evaluation,probability
0.95,0.9,lower-10%,336,Etheostoma spectabile,0.9993831152236147,extended_prefix_evaluation,probability
0.95,0.9,lower-10%,337,Diaptomus forbesi,0.9993871076146608,extended_prefix_evaluation,probability
0.95,0.9,lower-10%,338,Aedes caspius,0.9993908942428233,extended_prefix_evaluation,probability
0.95,0.9,lower-10%,339,Aedes cinereus,0.9993945915628506,extended_prefix_evaluation,probability
0.95,0.9,lower-10%,340,Lepomis cyanellus,0.9993977640448858,extended_prefix_evaluation,probability
0.95,0.9,lower-10%,341,Culex alpicalis,0.9994013520508099,extended_prefix_evaluation,probability
0.95,0.9,lower-10%,342,Culex annulirostris,0.9994049186898604,extended_prefix_evaluation,probability
0.95,0.9,lower-10%,343,Rana arvalis,0.99940784609273,extended_prefix_evaluation,probability
0.95,0.9,lower-10%,344,Chaoborus punctipennis,0.9994116084044092,extended_prefix_evaluation,probability
0.95,0.9,lower-10%,345,Anacystis aeruginosa,0.9994150102970938,extended_prefix_evaluation,probability
0.95,0.9,lower-10%,346,Myriophyllum aquaticum,0.9994184558706123,extended_prefix_evaluation,probability
0.95,0.9,lower-10%,347,Ambystoma tigrinum,0.9994216787368931,extended_prefix_evaluation,probability
0.95,0.9,lower-10%,348,Chaoborus astictopus,0.9994253196020907,extended_prefix_evaluation,probability
0.95,0.9,lower-10%,349,Culex salinarius,0.999428654732434,extended_prefix_evaluation,probability
0.95,0.9,lower-10%,350,Aedes cyprius,0.9994320579947407,extended_prefix_evaluation,probability
0.95,0.9,lower-10%,351,Ambystoma macrodactylum,0.9994351223575061,extended_prefix_evaluation,probability
0.95,0.9,lower-10%,352,Culex restuans,0.999438525259227,extended_prefix_evaluation,probability
0.95,0.9,lower-10%,353,Chaoborus americanus,0.9994420141899903,extended_prefix_evaluation,probability
0.95,0.9,lower-10%,354,Lithobates grylio,0.9994447322251581,extended_prefix_evaluation,probability
0.95,0.9,lower-10%,355,Aedes atropalpus,0.9994480380004293,extended_prefix_evaluation,probability
0.95,0.9,lower-10%,356,Micropterus dolomieu,0.9994510914464927,extended_prefix_evaluation,probability
0.95,0.9,lower-10%,357,Rana luteiventris,0.9994536492680032,extended_prefix_evaluation,probability
0.95,0.9,lower-10%,358,Aedes togoi,0.9994568519759571,extended_prefix_evaluation,probability
0.95,0.9,lower-10%,359,Aedes sollicitans,0.9994600136492171,extended_prefix_evaluation,probability
0.95,0.9,lower-10%,360,Lecane hamata,0.9994629096381965,extended_prefix_evaluation,probability
0.95,0.9,lower-10%,361,Rana muscosa,0.9994653930909596,extended_prefix_evaluation,probability
0.95,0.9,lower-10%,362,Hydropsyche siltalai,0.9994683307823732,extended_prefix_evaluation,probability
0.95,0.9,lower-10%,363,Gasterosteus aculeatus,0.999471320817319,extended_prefix_evaluation,probability
0.95,0.9,lower-10%,364,Drunella grandis,0.9994744650905529,extended_prefix_evaluation,probability
0.95,0.9,lower-10%,365,Aedes canadensis,0.9994774517080373,extended_prefix_evaluation,probability
0.95,0.9,lower-10%,366,Faxonius rusticus,0.9994801737110883,extended_prefix_evaluation,probability
0.95,0.9,lower-10%,367,Aedes trivittatus,0.9994831285770047,extended_prefix_evaluation,probability
0.95,0.9,lower-10%,368,Diaptomus clavipes,0.9994862512039195,extended_prefix_evaluation,probability
0.95,0.9,lower-10%,369,Paratanytarsus dissimilis,0.9994887020052267,extended_prefix_evaluation,probability
0.95,0.9,lower-10%,370,Culex melanurus,0.9994915221545742,extended_prefix_evaluation,probability
0.95,0.9,lower-10%,371,Paratanytarsus sp.,0.9994939732295178,extended_prefix_evaluation,probability
0.95,0.9,lower-10%,372,Streptocephalus seali,0.9994966832590996,extended_prefix_evaluation,probability
0.95,0.9,lower-10%,373,Anaxyrus boreas,0.9994990928476372,extended_prefix_evaluation,probability
0.95,0.9,lower-10%,374,Perca sp.,0.9995016230453648,extended_prefix_evaluation,probability
0.95,0.9,lower-10%,375,Culex vishnui,0.9995042887252885,extended_prefix_evaluation,probability
0.95,0.9,lower-10%,376,Glyptotendipes paripes,0.9995068739498821,extended_prefix_evaluation,probability
0.95,0.9,lower-10%,377,Lithobates heckscheri,0.9995090720606291,extended_prefix_evaluation,probability
0.95,0.9,lower-10%,378,Notonecta indica,0.9995117814159212,extended_prefix_evaluation,probability
0.95,0.9,lower-10%,379,Brachionus havanaensis,0.9995143754592221,extended_prefix_evaluation,probability
0.95,0.9,lower-10%,380,Rana limnocharis,0.9995164830808039,extended_prefix_evaluation,probability
0.95,0.9,lower-10%,381,Brachionus plicatilis,0.9995190461731771,extended_prefix_evaluation,probability
0.95,0.9,lower-10%,382,Culex peus,0.9995215637204027,extended_prefix_evaluation,probability
0.95,0.9,lower-10%,383,Aedes stimulans,0.999524129734549,extended_prefix_evaluation,probability
0.95,0.9,lower-10%,384,Hydropsyche bulbifera,0.9995266174326609,extended_prefix_evaluation,probability
0.95,0.9,lower-10%,385,Velesunio angasi,0.9995295958319866,extended_prefix_evaluation,probability
0.95,0.9,lower-10%,386,Hydropsyche lobata,0.9995320450113964,extended_prefix_evaluation,probability
0.95,0.9,lower-10%,387,Poecilia sphenops,0.999533926413469,extended_prefix_evaluation,probability
0.95,0.9,lower-10%,388,Rana sp.,0.9995359012713312,extended_prefix_evaluation,probability
0.95,0.9,lower-10%,389,Streptocephalus dichotomus,0.999538265493843,extended_prefix_evaluation,probability
0.95,0.9,lower-10%,390,Claassenia sabulosa,0.99954125573165,extended_prefix_evaluation,probability
0.95,0.9,lower-10%,391,Etheostoma caeruleum,0.9995437741958284,extended_prefix_evaluation,probability
0.95,0.9,lower-10%,392,Rana chensinensis,0.9995456753612145,extended_prefix_evaluation,probability
0.95,0.9,lower-10%,393,Ambystoma opacum,0.9995478896164435,extended_prefix_evaluation,probability
0.95,0.9,lower-10%,394,Hydropsyche occidentalis,0.9995501885321177,extended_prefix_evaluation,probability
0.95,0.9,lower-10%,395,Culiseta inornata,0.9995525402976352,extended_prefix_evaluation,probability
0.95,0.9,lower-10%,396,Culex sitiens,0.9995548352851941,extended_prefix_evaluation,probability
0.95,0.9,lower-10%,397,Culex fuscocephala,0.9995571403671035,extended_prefix_evaluation,probability
0.95,0.9,lower-10%,398,Micropterus sp.,0.999559313660276,extended_prefix_evaluation,probability
0.95,0.9,lower-10%,399,Asellus hilgendorfii,0.9995614453745091,extended_prefix_evaluation,probability
0.95,0.9,lower-10%,400,Rana boylii,0.9995632435132048,extended_prefix_evaluation,probability
0.95,0.9,lower-10%,401,Villosa fabalis,0.999565596340341,extended_prefix_evaluation,probability
0.95,0.9,lower-10%,402,Culiseta longiareolata,0.9995678336504975,extended_prefix_evaluation,probability
0.95,0.9,lower-10%,403,Deleatidium sp.,0.9995701551517078,extended_prefix_evaluation,probability
0.95,0.9,lower-10%,404,Streptocephalus torvicornis,0.9995722656769325,extended_prefix_evaluation,probability
0.95,0.9,lower-10%,405,Hexagenia rigida,0.9995743375510148,extended_prefix_evaluation,probability
0.95,0.9,lower-10%,406,Aedes polynesiensis,0.9995765588155512,extended_prefix_evaluation,probability
0.95,0.9,lower-10%,407,Hydropsyche elissoma,0.9995786182135499,extended_prefix_evaluation,probability
0.95,0.9,lower-10%,408,Rana pretiosa,0.9995803126344964,extended_prefix_evaluation,probability
0.95,0.9,lower-10%,409,Ambystoma barbouri,0.9995823558351751,extended_prefix_evaluation,probability
0.95,0.9,lower-10%,410,Physalaemus santafecinus,0.9995842716776482,extended_prefix_evaluation,probability
0.95,0.9,lower-10%,411,Hydropsyche sparna,0.9995862735814139,extended_prefix_evaluation,probability
0.95,0.9,lower-10%,412,Villosa constricta,0.9995884380150035,extended_prefix_evaluation,probability
0.95,0.9,lower-10%,413,Baetis tricaudatus,0.9995905065943128,extended_prefix_evaluation,probability
0.95,0.9,lower-10%,414,Pseudacris crucifer,0.9995923355744658,extended_prefix_evaluation,probability
0.95,0.9,lower-10%,415,Poecilia mexicana,0.9995938307409787,extended_prefix_evaluation,probability
0.95,0.9,lower-10%,416,Hydropsyche exocellata,0.9995957751565614,extended_prefix_evaluation,probability
0.95,0.9,lower-10%,417,Rasbora heteromorpha,0.9995974740282708,extended_prefix_evaluation,probability
0.95,0.9,lower-10%,418,Ambystoma gracile,0.9995992979279046,extended_prefix_evaluation,probability
0.95,0.9,lower-10%,419,Villosa delumbis,0.9996013650826494,extended_prefix_evaluation,probability
0.95,0.9,lower-10%,420,Etheostoma lepidum,0.9996034116476589,extended_prefix_evaluation,probability
0.95,0.9,lower-10%,421,Acroperus harpae,0.9996052112621674,extended_prefix_evaluation,probability
0.95,0.9,lower-10%,422,Procambarus clarkii,0.9996070747701475,extended_prefix_evaluation,probability
0.95,0.9,lower-10%,423,Disparalona rostrata,0.999608851288396,extended_prefix_evaluation,probability
0.95,0.9,lower-10%,424,Cnesterodon decemmaculatus,0.9996105578344482,extended_prefix_evaluation,probability
0.95,0.9,lower-10%,425,Acroperus elongatus,0.9996123126606784,extended_prefix_evaluation,probability
0.95,0.9,lower-10%,426,Caenis horaria,0.9996141745130203,extended_prefix_evaluation,probability
0.95,0.9,lower-10%,427,Corynoneura sp.,0.9996157647469004,extended_prefix_evaluation,probability
0.95,0.9,lower-10%,428,Fallceon quilleri,0.9996176301465431,extended_prefix_evaluation,probability
0.95,0.9,lower-10%,429,Aedes nigromaculis,0.9996194685964366,extended_prefix_evaluation,probability
0.95,0.9,lower-10%,430,Physalaemus nattereri,0.9996211465595207,extended_prefix_evaluation,probability
0.95,0.9,lower-10%,431,Diaphanosoma brachyurum,0.9996228420288931,extended_prefix_evaluation,probability
0.95,0.9,lower-10%,432,Culex sp.,0.9996245003157509,extended_prefix_evaluation,probability
0.95,0.9,lower-10%,433,Spicodiaptomus chelospinus,0.9996264320896718,extended_prefix_evaluation,probability
0.95,0.9,lower-10%,434,Culex nigripalpus,0.9996280976042963,extended_prefix_evaluation,probability
0.95,0.9,lower-10%,435,Rana sierrae,0.9996294882123051,extended_prefix_evaluation,probability
0.95,0.9,lower-10%,436,Carassius auratus,0.9996310658007912,extended_prefix_evaluation,probability
0.95,0.9,lower-10%,437,Lemna sp.,0.999632770018536,extended_prefix_evaluation,probability
0.95,0.9,lower-10%,438,Obliquaria reflexa,0.9996343854938643,extended_prefix_evaluation,probability
0.95,0.9,lower-10%,439,Anopheles culicifacies,0.9996361017242968,extended_prefix_evaluation,probability
0.95,0.9,lower-10%,440,Aedes triseriatus,0.9996378902176343,extended_prefix_evaluation,probability
0.95,0.9,lower-10%,441,Poecilia latipinna,0.9996390988217588,extended_prefix_evaluation,probability
0.95,0.9,lower-10%,442,Camptocercus lilljeborgi,0.9996406250894931,extended_prefix_evaluation,probability
0.95,0.9,lower-10%,443,Asellus militaris,0.9996421799848123,extended_prefix_evaluation,probability
0.95,0.9,lower-10%,444,Pleuroxus truncatus,0.9996436880777034,extended_prefix_evaluation,probability
0.95,0.9,lower-10%,445,Physalaemus gracilis,0.9996452010065758,extended_prefix_evaluation,probability
0.95,0.9,lower-10%,446,Ctenopharyngodon idella,0.9996466656859142,extended_prefix_evaluation,probability
0.95,0.9,lower-10%,447,Physalaemus biligonigerus,0.9996481610693064,extended_prefix_evaluation,probability
0.95,0.9,lower-10%,448,Rana aurora,0.9996494400385126,extended_prefix_evaluation,probability
0.95,0.9,lower-10%,449,Bufo quercicus,0.99965076320787,extended_prefix_evaluation,probability
0.95,0.9,lower-10%,450,Streptocephalus sudanicus,0.9996522760798497,extended_prefix_evaluation,probability
0.95,0.9,lower-10%,451,Villosa villosa,0.9996539304802403,extended_prefix_evaluation,probability
0.95,0.9,lower-10%,452,Vallisneria americana,0.9996556091382864,extended_prefix_evaluation,probability
0.95,0.9,lower-10%,453,Bufo cognatus,0.999656901741606,extended_prefix_evaluation,probability
0.95,0.9,lower-10%,454,Diaphanosoma birgei,0.9996583521872889,extended_prefix_evaluation,probability
0.95,0.9,lower-10%,455,Hydropsyche pellucidula,0.999659764813944,extended_prefix_evaluation,probability
0.95,0.9,lower-10%,456,Salvelinus confluentus,0.9996612024490631,extended_prefix_evaluation,probability
0.95,0.9,lower-10%,457,Bufo terrestris,0.9996624546059287,extended_prefix_evaluation,probability
0.95,0.9,lower-10%,458,Culiseta incidens,0.9996639183956156,extended_prefix_evaluation,probability
0.95,0.9,lower-10%,459,Isonychia bicolor,0.999665417870698,extended_prefix_evaluation,probability
0.95,0.9,lower-10%,460,Diaphanosoma excisum,0.9996667990105667,extended_prefix_evaluation,probability
0.95,0.9,lower-10%,461,Branchinecta lynchi,0.9996680940309828,extended_prefix_evaluation,probability
0.95,0.9,lower-10%,462,Eucyclops sp.,0.9996697366913577,extended_prefix_evaluation,probability
0.95,0.9,lower-10%,463,Dugesia dorotocephala,0.9996712621270052,extended_prefix_evaluation,probability
0.95,0.9,lower-10%,464,Eulimnogammarus toletanus,0.9996728036185724,extended_prefix_evaluation,probability
0.95,0.9,lower-10%,465,Hydropsyche californica,0.9996741653005896,extended_prefix_evaluation,probability
0.95,0.9,lower-10%,466,Poecilia sp.,0.9996751511440892,extended_prefix_evaluation,probability
0.95,0.9,lower-10%,467,Orconectes immunis,0.9996764780135717,extended_prefix_evaluation,probability
0.95,0.9,lower-10%,468,Phaenopsectra sp.,0.9996776239891626,extended_prefix_evaluation,probability
0.95,0.9,lower-10%,469,Bufo canorus,0.9996787798534597,extended_prefix_evaluation,probability
0.95,0.9,lower-10%,470,Glyptotendipes barbipes,0.9996799778672019,extended_prefix_evaluation,probability
0.95,0.9,lower-10%,471,Kiefferulus sp.,0.9996811036732974,extended_prefix_evaluation,probability
0.95,0.9,lower-10%,472,Asellus meridianus,0.9996824103747319,extended_prefix_evaluation,probability
0.95,0.9,lower-10%,473,Psectrocladius sp.,0.9996835226998558,extended_prefix_evaluation,probability
0.95,0.9,lower-10%,474,Villosa lienosa,0.9996849432639963,extended_prefix_evaluation,probability
0.95,0.9,lower-10%,475,Camptocercus rectirostris,0.9996861362097843,extended_prefix_evaluation,probability
0.95,0.9,lower-10%,476,Streptocephalus proboscideus,0.9996873566883019,extended_prefix_evaluation,probability
0.95,0.9,lower-10%,477,Pleuroxus denticulatus,0.9996885367513009,extended_prefix_evaluation,probability
0.95,0.9,lower-10%,478,Chydorus ovalis,0.9996897222626524,extended_prefix_evaluation,probability
0.95,0.9,lower-10%,479,Glyptotendipes pallens,0.9996908466040411,extended_prefix_evaluation,probability
0.95,0.9,lower-10%,480,Bufo arabicus,0.9996919412056661,extended_prefix_evaluation,probability
0.95,0.9,lower-10%,481,Barbus ticto,0.999693065614317,extended_prefix_evaluation,probability
0.95,0.9,lower-10%,482,Brachythemis contaminata,0.9996942540268069,extended_prefix_evaluation,probability
0.95,0.9,lower-10%,483,Catostomus commersoni,0.9996954855867526,extended_prefix_evaluation,probability
0.95,0.9,lower-10%,484,Oncorhynchus sp.,0.9996965919715612,extended_prefix_evaluation,probability
0.95,0.9,lower-10%,485,Procloeon sp.,0.9996978740087918,extended_prefix_evaluation,probability
0.95,0.9,lower-10%,486,Caenis miliaria,0.9996991136529493,extended_prefix_evaluation,probability
0.95,0.9,lower-10%,487,Physalaemus olfersii,0.999700290377421,extended_prefix_evaluation,probability
0.95,0.9,lower-10%,488,Culex fatigans,0.9997013738584785,extended_prefix_evaluation,probability
0.95,0.9,lower-10%,489,Caenis moesta,0.9997025778584698,extended_prefix_evaluation,probability
0.95,0.9,lower-10%,490,Eurycercus lamellatus,0.9997036719853328,extended_prefix_evaluation,probability
0.95,0.9,lower-10%,491,Rutilus kutum,0.9997047446303801,extended_prefix_evaluation,probability
0.95,0.9,lower-10%,492,Chaetogammarus marinus,0.9997060174982056,extended_prefix_evaluation,probability
0.95,0.9,lower-10%,493,Pentaneura sp.,0.9997070001062401,extended_prefix_evaluation,probability
0.95,0.9,lower-10%,494,Cyprinus sp.,0.9997079932376622,extended_prefix_evaluation,probability
0.95,0.9,lower-10%,495,Branchinecta lindahli,0.999709049286839,extended_prefix_evaluation,probability
0.95,0.9,lower-10%,496,Rana dalmatina,0.9997099674519995,extended_prefix_evaluation,probability
0.95,0.9,lower-10%,497,Planorbella duryi,0.9997109685708082,extended_prefix_evaluation,probability
0.95,0.9,lower-10%,498,Oryzias melastigma,0.999712006280833,extended_prefix_evaluation,probability
0.95,0.9,lower-10%,499,Asellus racovitzai,0.9997131109710519,extended_prefix_evaluation,probability
0.95,0.9,lower-10%,500,Chaoborus obscuripes,0.9997143388824127,extended_prefix_evaluation,probability
0.95,0.9,lower-10%,501,Hydropsyche angustipennis,0.9997154326171047,extended_prefix_evaluation,probability
0.95,0.9,lower-10%,502,Bufo bufo,0.9997164143021102,extended_prefix_evaluation,probability
0.95,0.9,lower-10%,503,Anopheles vagus,0.9997175415091313,extended_prefix_evaluation,probability
0.95,0.9,lower-10%,504,Peracantha truncata,0.999718573559488,extended_prefix_evaluation,probability
0.95,0.9,lower-10%,505,Stictochironomus sticticus,0.9997195117648294,extended_prefix_evaluation,probability
0.95,0.9,lower-10%,506,Bufo gargarizans,0.9997204796753125,extended_prefix_evaluation,probability
0.95,0.9,lower-10%,507,Hydropsyche recurvata,0.999721509867003,extended_prefix_evaluation,probability
0.95,0.9,lower-10%,508,Palaemon pugio,0.9997228091677667,extended_prefix_evaluation,probability
0.95,0.9,lower-10%,509,Chydorus sp.,0.9997237775889186,extended_prefix_evaluation,probability
0.95,0.9,lower-10%,510,Caenis maxima,0.9997248496443164,extended_prefix_evaluation,probability
0.95,0.9,lower-10%,511,Dikerogammarus villosus,0.9997259985162711,extended_prefix_evaluation,probability
0.95,0.9,lower-10%,512,Caenis diminuta,0.9997270491928151,extended_prefix_evaluation,probability
0.95,0.9,lower-10%,513,Xenopus sp.,0.9997279534137958,extended_prefix_evaluation,probability
0.95,0.9,lower-10%,514,Oryzias dancena,0.9997288929585133,extended_prefix_evaluation,probability
0.95,0.9,lower-10%,515,Einfeldia natchitocheae,0.9997297436369015,extended_prefix_evaluation,probability
0.95,0.9,lower-10%,516,Anopheles balabacensis,0.9997307917740358,extended_prefix_evaluation,probability
0.95,0.9,lower-10%,517,Anopheles maculatus,0.9997318334066212,extended_prefix_evaluation,probability
0.95,0.9,lower-10%,518,Anopheles farauti,0.9997328736669039,extended_prefix_evaluation,probability
0.95,0.9,lower-10%,519,Anopheles sundaicus,0.9997339085841876,extended_prefix_evaluation,probability
0.95,0.9,lower-10%,520,Alona glabra,0.9997348468978964,extended_prefix_evaluation,probability
0.95,0.9,lower-10%,521,Bufo anderssoni,0.9997357074229019,extended_prefix_evaluation,probability
0.95,0.9,lower-10%,522,Oncorhynchus masou,0.9997365884895809,extended_prefix_evaluation,probability
0.95,0.9,lower-10%,523,Clinotanypus pinguis,0.9997374014554129,extended_prefix_evaluation,probability
0.95,0.9,lower-10%,524,Alona quadrangularis,0.999738322976554,extended_prefix_evaluation,probability
0.95,0.9,lower-10%,525,Anopheles stephensi,0.9997393359926011,extended_prefix_evaluation,probability
0.95,0.9,lower-10%,526,Macropelopia sp.,0.9997401328897602,extended_prefix_evaluation,probability
0.95,0.9,lower-10%,527,Cricotopus trifasciatus,0.9997409540167043,extended_prefix_evaluation,probability
0.95,0.9,lower-10%,528,Pseudacris feriarum,0.9997418003098408,extended_prefix_evaluation,probability
0.95,0.9,lower-10%,529,Raphidocelis subcapitata,0.9997425283288719,extended_prefix_evaluation,probability
0.95,0.9,lower-10%,530,Cricotopus sp.,0.9997434156087898,extended_prefix_evaluation,probability
0.95,0.9,lower-10%,531,Villosa vibex,0.9997444727991714,extended_prefix_evaluation,probability
0.95,0.9,lower-10%,532,Morone saxatilis,0.9997455594193614,extended_prefix_evaluation,probability
0.95,0.9,lower-10%,533,Planorbella campanulata,0.9997463853901192,extended_prefix_evaluation,probability
0.95,0.9,lower-10%,534,Anodonta sp.,0.9997473191845202,extended_prefix_evaluation,probability
0.95,0.9,lower-10%,535,Pseudacris sierra,0.9997481502514087,extended_prefix_evaluation,probability
0.95,0.9,lower-10%,536,Anopheles pseudopunctipennis,0.999749107862227,extended_prefix_evaluation,probability
0.95,0.9,lower-10%,537,Brachionus angularis,0.9997500911805198,extended_prefix_evaluation,probability
0.95,0.9,lower-10%,538,Oryzias mekongensis,0.9997509213134179,extended_prefix_evaluation,probability
0.95,0.9,lower-10%,539,Potamopyrgus jenkinsi,0.9997517569387958,extended_prefix_evaluation,probability
0.95,0.9,lower-10%,540,Anaxyrus americanus,0.9997526017323785,extended_prefix_evaluation,probability
0.95,0.9,lower-10%,541,Puntius tetrazona,0.9997534022956943,extended_prefix_evaluation,probability
0.95,0.9,lower-10%,542,Goeldichironomus holoprasinus,0.9997541815453054,extended_prefix_evaluation,probability
0.95,0.9,lower-10%,543,Polypedilum nubifer,0.9997549125694387,extended_prefix_evaluation,probability
0.95,0.9,lower-10%,544,Oncorhynchus aguabonita,0.9997556885396065,extended_prefix_evaluation,probability
0.95,0.9,lower-10%,545,Ischnura heterosticta,0.9997565775682737,extended_prefix_evaluation,probability
0.95,0.9,lower-10%,546,Tanypus bilobatus,0.9997573061575912,extended_prefix_evaluation,probability
0.95,0.9,lower-10%,547,Puntius sarana,0.9997580852966812,extended_prefix_evaluation,probability
0.95,0.9,lower-10%,548,Centroptilum sp.,0.9997589902471227,extended_prefix_evaluation,probability
0.95,0.9,lower-10%,549,Physalaemus centralis,0.9997598607087064,extended_prefix_evaluation,probability
0.95,0.9,lower-10%,550,Elachistocleis bicolor,0.9997607799788846,extended_prefix_evaluation,probability
0.95,0.9,lower-10%,551,Physa virgata,0.9997616184529459,extended_prefix_evaluation,probability
0.95,0.9,lower-10%,552,Rasbora sumatrana,0.9997624039841725,extended_prefix_evaluation,probability
0.95,0.9,lower-10%,553,Stenonema frontale,0.9997633358455598,extended_prefix_evaluation,probability
0.95,0.9,lower-10%,554,Stenonema luteum,0.9997642627856739,extended_prefix_evaluation,probability
0.95,0.9,lower-10%,555,Diamesa zernyi,0.9997649228483789,extended_prefix_evaluation,probability
0.95,0.9,lower-10%,556,Rana cyanophlyctis,0.9997655209275544,extended_prefix_evaluation,probability
0.95,0.9,lower-10%,557,Alona rectangula,0.9997662809064554,extended_prefix_evaluation,probability
0.95,0.9,lower-10%,558,Alona costata,0.9997670317567379,extended_prefix_evaluation,probability
0.95,0.9,lower-10%,559,Salvelinus leucomaenis,0.9997678160577529,extended_prefix_evaluation,probability
0.95,0.9,lower-10%,560,Polypedilum sp.,0.9997684635910998,extended_prefix_evaluation,probability
0.95,0.9,lower-10%,561,Chydorus sphaericus,0.9997691957370964,extended_prefix_evaluation,probability
0.95,0.9,lower-10%,562,Stenonema vicarium,0.9997700915562413,extended_prefix_evaluation,probability
0.95,0.9,lower-10%,563,Anopheles gambiae,0.9997709428468389,extended_prefix_evaluation,probability
0.95,0.9,lower-10%,564,Anopheles dirus,0.9997717481056678,extended_prefix_evaluation,probability
0.95,0.9,lower-10%,565,Caenis sp.,0.9997725343323828,extended_prefix_evaluation,probability
0.95,0.9,lower-10%,566,Tanypus neopunctipennis,0.9997731795723124,extended_prefix_evaluation,probability
0.95,0.9,lower-10%,567,Pseudacris triseriata,0.9997738472786699,extended_prefix_evaluation,probability
0.95,0.9,lower-10%,568,Salvelinus alpinus,0.9997745913173919,extended_prefix_evaluation,probability
0.95,0.9,lower-10%,569,Cyrnus trimaculatus,0.999775391798636,extended_prefix_evaluation,probability
0.95,0.9,lower-10%,570,Lemna aequinoctialis,0.9997762224765459,extended_prefix_evaluation,probability
0.95,0.9,lower-10%,571,Stenonema terminatum,0.9997770599863537,extended_prefix_evaluation,probability
0.95,0.9,lower-10%,572,Alona affinis,0.9997777685725633,extended_prefix_evaluation,probability
0.95,0.9,lower-10%,573,Euphlyctis hexadactylus,0.999778614443474,extended_prefix_evaluation,probability
0.95,0.9,lower-10%,574,Cheumatopsyche brevilineata,0.9997792679017354,extended_prefix_evaluation,probability
0.95,0.9,lower-10%,575,Lemna trisulca,0.9997800793038506,extended_prefix_evaluation,probability
0.95,0.9,lower-10%,576,Ptychadena bibroni,0.9997807332665097,extended_prefix_evaluation,probability
0.95,0.9,lower-10%,577,Pelophylax nigromaculatus,0.9997813524533685,extended_prefix_evaluation,probability
0.95,0.9,lower-10%,578,Anopheles pharoensis,0.9997820985298344,extended_prefix_evaluation,probability
0.95,0.9,lower-10%,579,Tanypus nubifer,0.9997827158092997,extended_prefix_evaluation,probability
0.95,0.9,lower-10%,580,Rasbora trilineata,0.9997833608304438,extended_prefix_evaluation,probability
0.95,0.9,lower-10%,581,Puntius parrah,0.999784002645739,extended_prefix_evaluation,probability
0.95,0.9,lower-10%,582,Stenonema tripunctatum,0.9997847917906569,extended_prefix_evaluation,probability
0.95,0.9,lower-10%,583,Cheumatopsyche oxa,0.9997854185743036,extended_prefix_evaluation,probability
0.95,0.9,lower-10%,584,Hydropsyche betteni,0.9997860869319826,extended_prefix_evaluation,probability
0.95,0.9,lower-10%,585,Cheumatopsyche pettiti,0.9997867220723327,extended_prefix_evaluation,probability
0.95,0.9,lower-10%,586,Salvelinus malma,0.9997873916905202,extended_prefix_evaluation,probability
0.95,0.9,lower-10%,587,Anaxyrus terrestris,0.9997880553293772,extended_prefix_evaluation,probability
0.95,0.9,lower-10%,588,Branchinecta longiantenna,0.9997886766052687,extended_prefix_evaluation,probability
0.95,0.9,lower-10%,589,Barbus anoplus,0.9997892921504871,extended_prefix_evaluation,probability
0.95,0.9,lower-10%,590,Potamilus ohiensis,0.9997900152285463,extended_prefix_evaluation,probability
0.95,0.9,lower-10%,591,Stenonema ithaca,0.9997907740103188,extended_prefix_evaluation,probability
0.95,0.9,lower-10%,592,Anopheles fluviatilis,0.9997914630808784,extended_prefix_evaluation,probability
0.95,0.9,lower-10%,593,Anopheles freeborni,0.9997921762378822,extended_prefix_evaluation,probability
0.95,0.9,lower-10%,594,Barbus natalensis,0.9997927770376346,extended_prefix_evaluation,probability
0.95,0.9,lower-10%,595,Danio devario,0.9997933876040809,extended_prefix_evaluation,probability
0.95,0.9,lower-10%,596,Stenonema candidum,0.999794126528739,extended_prefix_evaluation,probability
0.95,0.9,lower-10%,597,Ischnura sp.,0.999794804760557,extended_prefix_evaluation,probability
0.95,0.9,lower-10%,598,Anopheles dthali,0.9997954674100978,extended_prefix_evaluation,probability
0.95,0.9,lower-10%,599,Hypophthalmichthys nobilis,0.9997961348764348,extended_prefix_evaluation,probability
0.95,0.9,lower-10%,600,Coquillettidia richardii,0.9997967674244476,extended_prefix_evaluation,probability
0.95,0.9,lower-10%,601,Anopheles albimanus,0.9997974386390528,extended_prefix_evaluation,probability
0.95,0.9,lower-10%,602,Anopheles arabiensis,0.9997981129688263,extended_prefix_evaluation,probability
0.95,0.9,lower-10%,603,Boana pardalis,0.9997987009140643,extended_prefix_evaluation,probability
0.95,0.9,lower-10%,604,Barbus gurneyi,0.9997992697812265,extended_prefix_evaluation,probability
0.95,0.9,lower-10%,605,Alona sp.,0.9997998496151124,extended_prefix_evaluation,probability
0.95,0.9,lower-10%,606,Paratelphusa jacquemontii,0.9998005299085594,extended_prefix_evaluation,probability
0.95,0.9,lower-10%,607,Corixa sp.,0.9998011542472994,extended_prefix_evaluation,probability
0.95,0.9,lower-10%,608,Dicrotendipes californicus,0.9998016252409048,extended_prefix_evaluation,probability
0.95,0.9,lower-10%,609,Physella acuta,0.9998022383263258,extended_prefix_evaluation,probability
0.95,0.9,lower-10%,610,Epeorus longimanus,0.99980291459398,extended_prefix_evaluation,probability
0.95,0.9,lower-10%,611,Stenonema modestum,0.9998036074247321,extended_prefix_evaluation,probability
0.95,0.9,lower-10%,612,Stenonema femoratum,0.9998042962104235,extended_prefix_evaluation,probability
0.95,0.9,lower-10%,613,Barbus filamentosus,0.9998048368118738,extended_prefix_evaluation,probability
0.95,0.9,lower-10%,614,Lemna perpusilla,0.9998055239391537,extended_prefix_evaluation,probability
0.95,0.9,lower-10%,615,Glandirana rugosa,0.999806055010079,extended_prefix_evaluation,probability
0.95,0.9,lower-10%,616,Plectomerus sp.,0.9998066924912486,extended_prefix_evaluation,probability
0.95,0.9,lower-10%,617,Gambusia sp.,0.999807200180259,extended_prefix_evaluation,probability
0.95,0.9,lower-10%,618,Asellus communis,0.999807795595109,extended_prefix_evaluation,probability
0.95,0.9,lower-10%,619,Anopheles subpictus,0.9998083880688311,extended_prefix_evaluation,probability
0.95,0.9,lower-10%,620,Epeorus vitreus,0.9998090244623254,extended_prefix_evaluation,probability
0.95,0.9,lower-10%,621,Prosopium williamsoni,0.9998096087402887,extended_prefix_evaluation,probability
0.95,0.9,lower-10%,622,Danio malabaricus,0.9998101362593923,extended_prefix_evaluation,probability
0.95,0.9,lower-10%,623,Leptodea leptodon,0.9998107642254774,extended_prefix_evaluation,probability
0.95,0.9,lower-10%,624,Venustaconcha ellipsiformis,0.9998113871373422,extended_prefix_evaluation,probability
0.95,0.9,lower-10%,625,Ischnura verticalis,0.9998119925343888,extended_prefix_evaluation,probability
0.95,0.9,lower-10%,626,Anodonta anatina,0.9998125737595572,extended_prefix_evaluation,probability
0.95,0.9,lower-10%,627,Pacifastacus leniusculus,0.9998131190618599,extended_prefix_evaluation,probability
0.95,0.9,lower-10%,628,Anaxyrus fowleri,0.9998136365505619,extended_prefix_evaluation,probability
0.95,0.9,lower-10%,629,Bufo punctatus,0.9998141123383624,extended_prefix_evaluation,probability
0.95,0.9,lower-10%,630,Ochlerotatus caspius,0.9998146361678273,extended_prefix_evaluation,probability
0.95,0.9,lower-10%,631,Cheumatopsyche sp.,0.9998151478078258,extended_prefix_evaluation,probability
0.95,0.9,lower-10%,632,Anisops sardeus,0.9998158112033001,extended_prefix_evaluation,probability
0.95,0.9,lower-10%,633,Artemia salina,0.9998162145224453,extended_prefix_evaluation,probability
0.95,0.9,lower-10%,634,Physa sp.,0.9998167387849509,extended_prefix_evaluation,probability
0.95,0.9,lower-10%,635,Protonemura meyeri,0.999817265598015,extended_prefix_evaluation,probability
0.95,0.9,lower-10%,636,Mansonia uniformis,0.9998177811287172,extended_prefix_evaluation,probability
0.95,0.9,lower-10%,637,Brachionus patulus,0.9998183875084993,extended_prefix_evaluation,probability
0.95,0.9,lower-10%,638,Pelophylax esculentus,0.9998188316310894,extended_prefix_evaluation,probability
0.95,0.9,lower-10%,639,Amphinemura sulcicollis,0.9998193455708445,extended_prefix_evaluation,probability
0.95,0.9,lower-10%,640,Barbus guganio,0.99981981558377,extended_prefix_evaluation,probability
0.95,0.9,lower-10%,641,Barbus grypus,0.9998202831832991,extended_prefix_evaluation,probability
0.95,0.9,lower-10%,642,Planorbella pilsbryi,0.9998207620497035,extended_prefix_evaluation,probability
0.95,0.9,lower-10%,643,Palaemon adspersus,0.9998213781841969,extended_prefix_evaluation,probability
0.95,0.9,lower-10%,644,Anacystis incerta,0.9998220213331511,extended_prefix_evaluation,probability
0.95,0.9,lower-10%,645,Macrostemum sp.,0.9998224883164474,extended_prefix_evaluation,probability
0.95,0.9,lower-10%,646,Potamyia flava,0.9998229536585592,extended_prefix_evaluation,probability
0.95,0.9,lower-10%,647,Potamilus alatus,0.9998234835586008,extended_prefix_evaluation,probability
0.95,0.9,lower-10%,648,Sida crystallina,0.9998239650813272,extended_prefix_evaluation,probability
0.95,0.9,lower-10%,649,Lymnaea emarginata,0.99982448745454,extended_prefix_evaluation,probability
0.95,0.9,lower-10%,650,Isogenus sp.,0.9998250181007887,extended_prefix_evaluation,probability
0.95,0.9,lower-10%,651,Carassius carassius,0.9998255059336337,extended_prefix_evaluation,probability
0.95,0.9,lower-10%,652,Ochlerotatus nigromaculis,0.9998259720490177,extended_prefix_evaluation,probability
0.95,0.9,lower-10%,653,Puntius stigma,0.9998264106051309,extended_prefix_evaluation,probability
0.95,0.9,lower-10%,654,Spirostomum teres,0.9998271128577176,extended_prefix_evaluation,probability
0.95,0.9,lower-10%,655,Wyeomyia smithii,0.9998276476683199,extended_prefix_evaluation,probability
0.95,0.9,lower-10%,656,Leuciscus idus,0.9998281523727757,extended_prefix_evaluation,probability
0.95,0.9,lower-10%,657,Anopheles sp.,0.9998286419512963,extended_prefix_evaluation,probability
0.95,0.9,lower-10%,658,Amphinemura delosa,0.9998291075253654,extended_prefix_evaluation,probability
0.95,0.9,lower-10%,659,Pelophylax perezi,0.9998295070998826,extended_prefix_evaluation,probability
0.95,0.9,lower-10%,660,Gambusia yucatana,0.9998299182111704,extended_prefix_evaluation,probability
0.95,0.9,lower-10%,661,Notropis blennius,0.9998303619981853,extended_prefix_evaluation,probability
0.95,0.9,lower-10%,662,Physa integra,0.9998308585928463,extended_prefix_evaluation,probability
0.95,0.9,lower-10%,663,Poecilia vivipara,0.9998312515204331,extended_prefix_evaluation,probability
0.95,0.9,lower-10%,664,Perca fluviatilis,0.9998318068632907,extended_prefix_evaluation,probability
0.95,0.9,lower-10%,665,Pantala flavescens,0.9998322701016135,extended_prefix_evaluation,probability
0.95,0.9,lower-10%,666,Notropis rubellus,0.9998327021960288,extended_prefix_evaluation,probability
0.95,0.9,lower-10%,667,Epeorus latifolium,0.9998332208873201,extended_prefix_evaluation,probability
0.95,0.9,lower-10%,668,Stenonema sp.,0.9998337353116118,extended_prefix_evaluation,probability
0.95,0.9,lower-10%,669,Diphetor hageni,0.9998342161279118,extended_prefix_evaluation,probability
0.95,0.9,lower-10%,670,Ladona deplanata,0.9998346703848646,extended_prefix_evaluation,probability
0.95,0.9,lower-10%,671,Obovaria subrotunda,0.9998351530665318,extended_prefix_evaluation,probability
0.95,0.9,lower-10%,672,Barbus javanicus,0.9998355556407701,extended_prefix_evaluation,probability
0.95,0.9,lower-10%,673,Lymnaea palustris,0.9998360185081707,extended_prefix_evaluation,probability
0.95,0.9,lower-10%,674,Bosmina coregoni,0.9998364422916217,extended_prefix_evaluation,probability
0.95,0.9,lower-10%,675,Cyprinella whipplei,0.9998368457184358,extended_prefix_evaluation,probability
0.95,0.9,lower-10%,676,Asellus intermedius,0.9998372871470251,extended_prefix_evaluation,probability
0.95,0.9,lower-10%,677,Artemia sp.,0.9998376291605461,extended_prefix_evaluation,probability
0.95,0.9,lower-10%,678,Plathemis lydia,0.9998380706756264,extended_prefix_evaluation,probability
0.95,0.9,lower-10%,679,Leptestheria compleximanus,0.9998384485040375,extended_prefix_evaluation,probability
0.95,0.9,lower-10%,680,Eulimnadia sp.,0.9998388209835036,extended_prefix_evaluation,probability
0.95,0.9,lower-10%,681,Ligumia subrostrata,0.9998392645217727,extended_prefix_evaluation,probability
0.95,0.9,lower-10%,682,Cyrtonaias tampicoensis,0.9998397214953113,extended_prefix_evaluation,probability
0.95,0.9,lower-10%,683,Toxolasma texasensis,0.9998401767637607,extended_prefix_evaluation,probability
0.95,0.9,lower-10%,684,Erimonax monachus,0.9998405927002173,extended_prefix_evaluation,probability
0.95,0.9,lower-10%,685,Fejervarya limnocharis,0.9998409757121068,extended_prefix_evaluation,probability
0.95,0.9,lower-10%,686,Toxorhynchites splendens,0.9998413751446451,extended_prefix_evaluation,probability
0.95,0.9,lower-10%,687,Cyprinella leedsi,0.9998417583610896,extended_prefix_evaluation,probability
0.95,0.9,lower-10%,688,Chaetopteryx villosa,0.999842190020721,extended_prefix_evaluation,probability
0.95,0.9,lower-10%,689,Barbus arulius,0.9998425568219567,extended_prefix_evaluation,probability
0.95,0.9,lower-10%,690,Cyprinella lutrensis,0.9998429380820185,extended_prefix_evaluation,probability
0.95,0.9,lower-10%,691,Epeorus sp.,0.9998433869860538,extended_prefix_evaluation,probability
0.95,0.9,lower-10%,692,Simulium latigonium,0.9998438811362164,extended_prefix_evaluation,probability
0.95,0.9,lower-10%,693,Crangonyx pseudogracilis,0.9998443282427301,extended_prefix_evaluation,probability
0.95,0.9,lower-10%,694,Isthmohyla pseudopuma,0.9998447099638463,extended_prefix_evaluation,probability
0.95,0.9,lower-10%,695,Holopedium gibberum,0.9998450591264068,extended_prefix_evaluation,probability
0.95,0.9,lower-10%,696,Agalychnis callidryas,0.9998454382504154,extended_prefix_evaluation,probability
0.95,0.9,lower-10%,697,Atyaephyra desmarestii,0.999845934438519,extended_prefix_evaluation,probability
0.95,0.9,lower-10%,698,Ptychobranchus fasciolaris,0.9998463664247701,extended_prefix_evaluation,probability
0.95,0.9,lower-10%,699,Sigara arguta,0.9998467671648039,extended_prefix_evaluation,probability
0.95,0.9,lower-10%,700,Triops longicaudatus,0.9998471090349944,extended_prefix_evaluation,probability
0.95,0.9,lower-10%,701,Smilisca baudinii,0.9998474807044877,extended_prefix_evaluation,probability
0.95,0.9,lower-10%,702,Sinanodonta woodiana,0.9998479038302803,extended_prefix_evaluation,probability
0.95,0.9,lower-10%,703,Buenoa sp.,0.9998483244449653,extended_prefix_evaluation,probability
0.95,0.9,lower-10%,704,Barbus conchonius,0.9998486766816809,extended_prefix_evaluation,probability
0.95,0.9,lower-10%,705,Phoxinus eos,0.9998490295628994,extended_prefix_evaluation,probability
0.95,0.9,lower-10%,706,Cyprinodon bovinus,0.9998494466587473,extended_prefix_evaluation,probability
0.95,0.9,lower-10%,707,Notropis mekistocholas,0.9998498204389485,extended_prefix_evaluation,probability
0.95,0.9,lower-10%,708,Lymnaea rubiginosa,0.9998502217990838,extended_prefix_evaluation,probability
0.95,0.9,lower-10%,709,Notropis atherinoides,0.9998505793522429,extended_prefix_evaluation,probability
0.95,0.9,lower-10%,710,Ligumia recta,0.9998509812207873,extended_prefix_evaluation,probability
0.95,0.9,lower-10%,711,Poeciliopsis occidentalis,0.9998512789679271,extended_prefix_evaluation,probability
0.95,0.9,lower-10%,712,Oreochromis niloticus,0.9998516591055174,extended_prefix_evaluation,probability
0.95,0.9,lower-10%,713,Buenoa unguis,0.9998520628149402,extended_prefix_evaluation,probability
0.95,0.9,lower-10%,714,Rhinichthys osculus,0.9998524018607463,extended_prefix_evaluation,probability
0.95,0.9,lower-10%,715,Sigara substriata,0.9998527775159186,extended_prefix_evaluation,probability
0.95,0.9,lower-10%,716,Drunella cornuta,0.999853185228894,extended_prefix_evaluation,probability
0.95,0.9,lower-10%,717,Ceratophyllum demersum,0.9998535408631088,extended_prefix_evaluation,probability
0.95,0.9,lower-10%,718,Notropis buccatus,0.999853884564206,extended_prefix_evaluation,probability
0.95,0.9,lower-10%,719,Drunella doddsi,0.9998542757554285,extended_prefix_evaluation,probability
0.95,0.9,lower-10%,720,Pomacea paludosa,0.9998547315658225,extended_prefix_evaluation,probability
0.95,0.9,lower-10%,721,Bosmina sp.,0.9998550695352755,extended_prefix_evaluation,probability
0.95,0.9,lower-10%,722,Sigara sp.,0.9998554336062573,extended_prefix_evaluation,probability
0.95,0.9,lower-10%,723,Bosmina longirostris,0.9998557756616981,extended_prefix_evaluation,probability
0.95,0.9,lower-10%,724,Poeciliopsis sp.,0.9998560572673969,extended_prefix_evaluation,probability
0.95,0.9,lower-10%,725,Pimephales notatus,0.9998563923909048,extended_prefix_evaluation,probability
0.95,0.9,lower-10%,726,Anacystis alpicola,0.9998568604569197,extended_prefix_evaluation,probability
0.95,0.9,lower-10%,727,Sigara dorsalis,0.9998572172916865,extended_prefix_evaluation,probability
0.95,0.9,lower-10%,728,Hyriopsis cumingii,0.999857598112312,extended_prefix_evaluation,probability
0.95,0.9,lower-10%,729,Orthemis sp.,0.9998579442524803,extended_prefix_evaluation,probability
0.95,0.9,lower-10%,730,Hamiota subangulata,0.9998583224889414,extended_prefix_evaluation,probability
0.95,0.9,lower-10%,731,Claassenia sp.,0.9998587451972609,extended_prefix_evaluation,probability
0.95,0.9,lower-10%,732,Libellula sp.,0.9998590865850197,extended_prefix_evaluation,probability
0.95,0.9,lower-10%,733,Lymnaea peregra,0.9998594608610839,extended_prefix_evaluation,probability
0.95,0.9,lower-10%,734,Rhinichthys cataractae,0.9998597726448745,extended_prefix_evaluation,probability
0.95,0.9,lower-10%,735,Sympetrum flaveolum,0.999860112103877,extended_prefix_evaluation,probability
0.95,0.9,lower-10%,736,Megalobrama amblycephala,0.9998604223295947,extended_prefix_evaluation,probability
0.95,0.9,lower-10%,737,Fejervarya multistriata,0.9998607156794231,extended_prefix_evaluation,probability
0.95,0.9,lower-10%,738,Callibaetis skokianus,0.9998610733244492,extended_prefix_evaluation,probability
0.95,0.9,lower-10%,739,Wyeomyia mitchellii,0.9998614078876277,extended_prefix_evaluation,probability
0.95,0.9,lower-10%,740,Simulium decorum,0.9998618225779008,extended_prefix_evaluation,probability
0.95,0.9,lower-10%,741,Arctopsyche grandis,0.9998621189879668,extended_prefix_evaluation,probability
0.95,0.9,lower-10%,742,Ameletus sp.,0.999862454012394,extended_prefix_evaluation,probability
0.95,0.9,lower-10%,743,Ligumia sp.,0.999862811660754,extended_prefix_evaluation,probability
0.95,0.9,lower-10%,744,Anacystis dimidiata,0.9998632512350919,extended_prefix_evaluation,probability
0.95,0.9,lower-10%,745,Erythemis simplicicollis,0.9998635739399402,extended_prefix_evaluation,probability
0.95,0.9,lower-10%,746,Labeo boga,0.9998638646078549,extended_prefix_evaluation,probability
0.95,0.9,lower-10%,747,Actinonaias ligamentina,0.9998642474620008,extended_prefix_evaluation,probability
0.95,0.9,lower-10%,748,Pseudosida ramosa,0.9998645614120563,extended_prefix_evaluation,probability
0.95,0.9,lower-10%,749,Epidalea calamita,0.99986489570523,extended_prefix_evaluation,probability
0.95,0.9,lower-10%,750,Ceratopsyche morosa,0.99986518222437,extended_prefix_evaluation,probability
0.95,0.9,lower-10%,751,Paratelphusa spinigera,0.9998655349453749,extended_prefix_evaluation,probability
0.95,0.9,lower-10%,752,Ceratopsyche slossonae,0.9998658166347116,extended_prefix_evaluation,probability
0.95,0.9,lower-10%,753,Ceratopsyche bronta,0.999866104592908,extended_prefix_evaluation,probability
0.95,0.9,lower-10%,754,Boana faber,0.9998663985190941,extended_prefix_evaluation,probability
0.95,0.9,lower-10%,755,Bosmina fatalis,0.9998667060994434,extended_prefix_evaluation,probability
0.95,0.9,lower-10%,756,Corbicula striatella,0.9998670941034048,extended_prefix_evaluation,probability
0.95,0.9,lower-10%,757,Osteopilus septentrionalis,0.9998673962417224,extended_prefix_evaluation,probability
0.95,0.9,lower-10%,758,Sclerophrys maculata,0.9998677000228053,extended_prefix_evaluation,probability
0.95,0.9,lower-10%,759,Simulium verecundum,0.9998680902852009,extended_prefix_evaluation,probability
0.95,0.9,lower-10%,760,Corisella decolor,0.9998684038561503,extended_prefix_evaluation,probability
0.95,0.9,lower-10%,761,Macrothrix sp.,0.9998686746976858,extended_prefix_evaluation,probability
0.95,0.9,lower-10%,762,Lepomis sp.,0.9998689874246035,extended_prefix_evaluation,probability
0.95,0.9,lower-10%,763,Stenacron interpunctatum,0.9998693112289267,extended_prefix_evaluation,probability
0.95,0.9,lower-10%,764,Tricorythus sp.,0.9998696078948008,extended_prefix_evaluation,probability
0.95,0.9,lower-10%,765,Cryophila lapponica,0.9998699356233383,extended_prefix_evaluation,probability
0.95,0.9,lower-10%,766,Richardsonius balteatus,0.9998702066936523,extended_prefix_evaluation,probability
0.95,0.9,lower-10%,767,Limnephilus bipunctatus,0.9998705352285561,extended_prefix_evaluation,probability
0.95,0.9,lower-10%,768,Maccaffertium vicarium,0.9998708567599274,extended_prefix_evaluation,probability
0.95,0.9,lower-10%,769,Neocaridina heteropoda,0.9998712361517934,extended_prefix_evaluation,probability
0.95,0.9,lower-10%,770,Macrothrix flabelligera,0.9998714965394305,extended_prefix_evaluation,probability
0.95,0.9,lower-10%,771,Opsopoeodus emiliae,0.9998717628378525,extended_prefix_evaluation,probability
0.95,0.9,lower-10%,772,Fusconaia flava,0.9998720870961613,extended_prefix_evaluation,probability
0.95,0.9,lower-10%,773,Anisops bouvieri,0.9998724214411562,extended_prefix_evaluation,probability
0.95,0.9,lower-10%,774,Simulium pugetense,0.9998727864241431,extended_prefix_evaluation,probability
0.95,0.9,lower-10%,775,Maccaffertium sp.,0.9998730987568155,extended_prefix_evaluation,probability
0.95,0.9,lower-10%,776,Hypophthalmichthys molitrix,0.9998734113783811,extended_prefix_evaluation,probability
0.95,0.9,lower-10%,777,Gambusia affinis,0.9998737193681243,extended_prefix_evaluation,probability
0.95,0.9,lower-10%,778,Tipula sp.,0.9998740044128934,extended_prefix_evaluation,probability
0.95,0.9,lower-10%,779,Gibelion catla,0.9998742219196256,extended_prefix_evaluation,probability
0.95,0.9,lower-10%,780,Limnephilus lunatus,0.9998745362081389,extended_prefix_evaluation,probability
0.95,0.9,lower-10%,781,Puntigrus tetrazona,0.9998747926167155,extended_prefix_evaluation,probability
0.95,0.9,lower-10%,782,Labeo niloticus,0.9998750451567152,extended_prefix_evaluation,probability
0.95,0.9,lower-10%,783,Hydatophylax argus,0.9998753390275851,extended_prefix_evaluation,probability
0.95,0.9,lower-10%,784,Acrocheilus alutaceus,0.9998755926971054,extended_prefix_evaluation,probability
0.95,0.9,lower-10%,785,Rhamdia quelen,0.9998759617245109,extended_prefix_evaluation,probability
0.95,0.9,lower-10%,786,Anopheles sinensis,0.9998762225771552,extended_prefix_evaluation,probability
0.95,0.9,lower-10%,787,Pycnopsyche lepida,0.9998765097213995,extended_prefix_evaluation,probability
0.95,0.9,lower-10%,788,Percina caprodes,0.9998768210782432,extended_prefix_evaluation,probability
0.95,0.9,lower-10%,789,Medionidus conradicus,0.9998771346147002,extended_prefix_evaluation,probability
0.95,0.9,lower-10%,790,Hydroperla crosbyi,0.9998774241059447,extended_prefix_evaluation,probability
0.95,0.9,lower-10%,791,Rhithrogena semicolorata,0.9998777126055112,extended_prefix_evaluation,probability
0.95,0.9,lower-10%,792,Philarctus quaeris,0.9998779967714893,extended_prefix_evaluation,probability
0.95,0.9,lower-10%,793,Dasycorixa hybrida,0.9998782765723665,extended_prefix_evaluation,probability
0.95,0.9,lower-10%,794,Caecidotea bicrenata,0.9998785927353516,extended_prefix_evaluation,probability
0.95,0.9,lower-10%,795,Ephoron virgo,0.9998788899224628,extended_prefix_evaluation,probability
0.95,0.9,lower-10%,796,Nuria danrica,0.9998791332191185,extended_prefix_evaluation,probability
0.95,0.9,lower-10%,797,Margariscus margarita,0.9998793744230311,extended_prefix_evaluation,probability
0.95,0.9,lower-10%,798,Simulium argus,0.9998797060659934,extended_prefix_evaluation,probability
0.95,0.9,lower-10%,799,Megarasbora elanga,0.9998799450785657,extended_prefix_evaluation,probability
0.95,0.9,lower-10%,800,Pycnopsyche sp.,0.9998802267088487,extended_prefix_evaluation,probability
0.95,0.9,lower-10%,801,Anodonta cygnea,0.9998805296802735,extended_prefix_evaluation,probability
0.95,0.9,lower-10%,802,Pycnopsyche guttifera,0.9998808000285316,extended_prefix_evaluation,probability
0.95,0.9,lower-10%,803,Hesperophylax sp.,0.9998810716714277,extended_prefix_evaluation,probability
0.95,0.9,lower-10%,804,Paracheirodon axelrodi,0.9998813816413495,extended_prefix_evaluation,probability
0.95,0.9,lower-10%,805,Trichocorixa reticulata,0.9998816491523534,extended_prefix_evaluation,probability
0.95,0.9,lower-10%,806,Ephemera danica,0.999881915325906,extended_prefix_evaluation,probability
0.95,0.9,lower-10%,807,Ephemera simulans,0.999882180835313,extended_prefix_evaluation,probability
0.95,0.9,lower-10%,808,Ephemera orientalis,0.9998824454818724,extended_prefix_evaluation,probability
0.95,0.9,lower-10%,809,Simulium medusaeforme,0.9998827727593167,extended_prefix_evaluation,probability
0.95,0.9,lower-10%,810,Lepomis microlophus,0.9998830451278495,extended_prefix_evaluation,probability
0.95,0.9,lower-10%,811,Ptychocheilus oregonensis,0.9998833063400722,extended_prefix_evaluation,probability
0.95,0.9,lower-10%,812,Labeo calbasu,0.9998835324125005,extended_prefix_evaluation,probability
0.95,0.9,lower-10%,813,Labeo bata,0.9998837578205235,extended_prefix_evaluation,probability
0.95,0.9,lower-10%,814,Tumeodiaptomus diabolicus,0.9998841080749064,extended_prefix_evaluation,probability
0.95,0.9,lower-10%,815,Leiopotherapon unicolor,0.9998843921071334,extended_prefix_evaluation,probability
0.95,0.9,lower-10%,816,Orconectes neglectus,0.9998846971278191,extended_prefix_evaluation,probability
0.95,0.9,lower-10%,817,Sigara alternata,0.9998849589844628,extended_prefix_evaluation,probability
0.95,0.9,lower-10%,818,Echinisca triserialis,0.9998851834540539,extended_prefix_evaluation,probability
0.95,0.9,lower-10%,819,Calineuria californica,0.9998854782426904,extended_prefix_evaluation,probability
0.95,0.9,lower-10%,820,Skwala sp.,0.9998857399983895,extended_prefix_evaluation,probability
0.95,0.9,lower-10%,821,Isogenoides sp.,0.9998859962973601,extended_prefix_evaluation,probability
0.95,0.9,lower-10%,822,Tribolodon hakonensis,0.9998862187279667,extended_prefix_evaluation,probability
0.95,0.9,lower-10%,823,Garra mullya,0.9998864410625335,extended_prefix_evaluation,probability
0.95,0.9,lower-10%,824,Limnephilus sp.,0.9998867178223987,extended_prefix_evaluation,probability
0.95,0.9,lower-10%,825,Fusconaia masoni,0.9998869881825342,extended_prefix_evaluation,probability
0.95,0.9,lower-10%,826,Coregonus muksun,0.9998872258323203,extended_prefix_evaluation,probability
0.95,0.9,lower-10%,827,Arcynopteryx sp.,0.9998874772808154,extended_prefix_evaluation,probability
0.95,0.9,lower-10%,828,Simulium squamosum,0.9998877845767423,extended_prefix_evaluation,probability
0.95,0.9,lower-10%,829,Acantholeberis curvirostris,0.9998880035836084,extended_prefix_evaluation,probability
0.95,0.9,lower-10%,830,Clioperla clio,0.9998882522307375,extended_prefix_evaluation,probability
0.95,0.9,lower-10%,831,Hypsiboas pulchellus,0.9998884760252245,extended_prefix_evaluation,probability
0.95,0.9,lower-10%,832,Agosia chrysogaster,0.9998886892019279,extended_prefix_evaluation,probability
0.95,0.9,lower-10%,833,Pyganodon grandis,0.9998889596870736,extended_prefix_evaluation,probability
0.95,0.9,lower-10%,834,Sander lucioperca,0.9998892560646623,extended_prefix_evaluation,probability
0.95,0.9,lower-10%,835,Lepomis gibbosus,0.9998895004749541,extended_prefix_evaluation,probability
0.95,0.9,lower-10%,836,Skwala parallela,0.9998897442384775,extended_prefix_evaluation,probability
0.95,0.9,lower-10%,837,Sigara striata,0.9998899835450005,extended_prefix_evaluation,probability
0.95,0.9,lower-10%,838,Stenacron sp.,0.9998902309290499,extended_prefix_evaluation,probability
0.95,0.9,lower-10%,839,Cinygmula reticulata,0.9998904916257512,extended_prefix_evaluation,probability
0.95,0.9,lower-10%,840,Hybognathus amarus,0.9998906951723855,extended_prefix_evaluation,probability
0.95,0.9,lower-10%,841,Psychoglypha sp.,0.9998909349071528,extended_prefix_evaluation,probability
0.95,0.9,lower-10%,842,Jappa kutera,0.999891203919595,extended_prefix_evaluation,probability
0.95,0.9,lower-10%,843,Tropisternus lateralis,0.9998914308061022,extended_prefix_evaluation,probability
0.95,0.9,lower-10%,844,Serratella micheneri,0.9998916675759092,extended_prefix_evaluation,probability
0.95,0.9,lower-10%,845,Cyprinodon macularius,0.9998919218031029,extended_prefix_evaluation,probability
0.95,0.9,lower-10%,846,Hemibarbus mylodon,0.999892125984222,extended_prefix_evaluation,probability
0.95,0.9,lower-10%,847,Misgurnus anguillicaudatus,0.9998924193537907,extended_prefix_evaluation,probability
0.95,0.9,lower-10%,848,Cinygma sp.,0.9998926693141456,extended_prefix_evaluation,probability
0.95,0.9,lower-10%,849,Litoria aurea,0.9998928935769131,extended_prefix_evaluation,probability
0.95,0.9,lower-10%,850,Alasmidonta raveneliana,0.9998931368819688,extended_prefix_evaluation,probability
0.95,0.9,lower-10%,851,Rhyacophila dorsalis,0.9998933530369704,extended_prefix_evaluation,probability
0.95,0.9,lower-10%,852,Labeo fimbriatus,0.9998935478415699,extended_prefix_evaluation,probability
0.95,0.9,lower-10%,853,Orconectes limosus,0.9998938071918299,extended_prefix_evaluation,probability
0.95,0.9,lower-10%,854,Rhinichthys atratulus,0.9998940045516691,extended_prefix_evaluation,probability
0.95,0.9,lower-10%,855,Attaneuria ruralis,0.9998942634770255,extended_prefix_evaluation,probability
0.95,0.9,lower-10%,856,Dinocras cephalotes,0.9998945209082604,extended_prefix_evaluation,probability
0.95,0.9,lower-10%,857,Physella hendersoni,0.9998947688603593,extended_prefix_evaluation,probability
0.95,0.9,lower-10%,858,Simulium damnosum,0.9998950356751192,extended_prefix_evaluation,probability
0.95,0.9,lower-10%,859,Litoria citropa,0.9998952527195025,extended_prefix_evaluation,probability
0.95,0.9,lower-10%,860,Hoplobatrachus tigerinus,0.9998954244252553,extended_prefix_evaluation,probability
0.95,0.9,lower-10%,861,Isoperla sp.,0.9998956561873217,extended_prefix_evaluation,probability
0.95,0.9,lower-10%,862,Anacystis sp.,0.9998959628765774,extended_prefix_evaluation,probability
0.95,0.9,lower-10%,863,Lestes sponsa,0.9998961898164848,extended_prefix_evaluation,probability
0.95,0.9,lower-10%,864,Litoria freycineti,0.9998964074042833,extended_prefix_evaluation,probability
0.95,0.9,lower-10%,865,Niphargus rhenorhodanensis,0.9998966593158884,extended_prefix_evaluation,probability
0.95,0.9,lower-10%,866,Isoperla longiseta,0.9998968855734598,extended_prefix_evaluation,probability
0.95,0.9,lower-10%,867,Physella sp.,0.9998971260244537,extended_prefix_evaluation,probability
0.95,0.9,lower-10%,868,Physella heterostropha,0.9998973649971056,extended_prefix_evaluation,probability
0.95,0.9,lower-10%,869,Cyprinion watsoni,0.9998975493823741,extended_prefix_evaluation,probability
0.95,0.9,lower-10%,870,Isoperla quinquepunctata,0.9998977742938794,extended_prefix_evaluation,probability
0.95,0.9,lower-10%,871,Callibaetis sp.,0.9998980014740021,extended_prefix_evaluation,probability
0.95,0.9,lower-10%,872,Simulium equinum,0.9998982596115096,extended_prefix_evaluation,probability
0.95,0.9,lower-10%,873,Popenaias buckleyi,0.9998984865867687,extended_prefix_evaluation,probability
0.95,0.9,lower-10%,874,Isoperla transmarina,0.9998987065110925,extended_prefix_evaluation,probability
0.95,0.9,lower-10%,875,Thymallus arcticus,0.9998988986512928,extended_prefix_evaluation,probability
0.95,0.9,lower-10%,876,Barilius bendelisis,0.9998990795355681,extended_prefix_evaluation,probability
0.95,0.9,lower-10%,877,Skistodiaptomus oregonensis,0.9998993728443423,extended_prefix_evaluation,probability
0.95,0.9,lower-10%,878,Isoperla slossonae,0.999899597914348,extended_prefix_evaluation,probability
0.95,0.9,lower-10%,879,Lestes congener,0.9998998184590645,extended_prefix_evaluation,probability
0.95,0.9,lower-10%,880,Isoperla bilineata,0.999900033797456,extended_prefix_evaluation,probability
0.95,0.9,lower-10%,881,Procambarus acutus,0.9999002879551897,extended_prefix_evaluation,probability
0.95,0.9,lower-10%,882,Clistoronia magnifica,0.9999004916513816,extended_prefix_evaluation,probability
0.95,0.9,lower-10%,883,Isoperla grammatica,0.9999007046347822,extended_prefix_evaluation,probability
0.95,0.9,lower-10%,884,Procambarus virginalis,0.9999009566716218,extended_prefix_evaluation,probability
0.95,0.9,lower-10%,885,Hoplobatrachus rugulosus,0.9999011264638047,extended_prefix_evaluation,probability
0.95,0.9,lower-10%,886,Procambarus sp.,0.9999013555213072,extended_prefix_evaluation,probability
0.95,0.9,lower-10%,887,Cottus gobio,0.9999016517219758,extended_prefix_evaluation,probability
0.95,0.9,lower-10%,888,Simulium virgatum,0.9999018965794287,extended_prefix_evaluation,probability
0.95,0.9,lower-10%,889,Physella virgata,0.9999021199578095,extended_prefix_evaluation,probability
0.95,0.9,lower-10%,890,Enneacanthus gloriosus,0.9999023203399945,extended_prefix_evaluation,probability
0.95,0.9,lower-10%,891,Physella elliptica,0.9999025420335946,extended_prefix_evaluation,probability
0.95,0.9,lower-10%,892,Ephemerella catawba,0.9999027445122709,extended_prefix_evaluation,probability
0.95,0.9,lower-10%,893,Lepomis megalotis,0.9999029449270076,extended_prefix_evaluation,probability
0.95,0.9,lower-10%,894,Scinax nasicus,0.9999031282703751,extended_prefix_evaluation,probability
0.95,0.9,lower-10%,895,Lythrurus umbratilis,0.999903296878495,extended_prefix_evaluation,probability
0.95,0.9,lower-10%,896,Oryzias sinensis,0.9999034901305697,extended_prefix_evaluation,probability
0.95,0.9,lower-10%,897,Oreochromis sp.,0.9999036513735033,extended_prefix_evaluation,probability
0.95,0.9,lower-10%,898,Hybognathus placitus,0.9999038180930917,extended_prefix_evaluation,probability
0.95,0.9,lower-10%,899,Ephemerella lata,0.9999040165328565,extended_prefix_evaluation,probability
0.95,0.9,lower-10%,900,Ephemerella doddsi,0.999904213876736,extended_prefix_evaluation,probability
0.95,0.9,lower-10%,901,Barilius vagra,0.9999043782900637,extended_prefix_evaluation,probability
0.95,0.9,lower-10%,902,Scinax fuscovarius,0.9999045595424931,extended_prefix_evaluation,probability
0.95,0.9,lower-10%,903,Coregonus peled,0.9999047462923486,extended_prefix_evaluation,probability
0.95,0.9,lower-10%,904,Unio tumidus,0.9999049463665248,extended_prefix_evaluation,probability
0.95,0.9,lower-10%,905,Gila elegans,0.999905105442206,extended_prefix_evaluation,probability
0.95,0.9,lower-10%,906,Rutilus caspicus,0.9999053111469488,extended_prefix_evaluation,probability
0.95,0.9,lower-10%,907,Scinax nasica,0.9999054852692413,extended_prefix_evaluation,probability
0.95,0.9,lower-10%,908,Physella gyrina,0.9999057006793511,extended_prefix_evaluation,probability
0.95,0.9,lower-10%,909,Litoria raniformis,0.9999058914585671,extended_prefix_evaluation,probability
0.95,0.9,lower-10%,910,Coregonus hoyi,0.9999060721439558,extended_prefix_evaluation,probability
0.95,0.9,lower-10%,911,Ephemerella ignita,0.9999062634521733,extended_prefix_evaluation,probability
0.95,0.9,lower-10%,912,Acroneuria abnormis,0.9999064702303094,extended_prefix_evaluation,probability
0.95,0.9,lower-10%,913,Phoxinus phoxinus,0.9999066775953273,extended_prefix_evaluation,probability
0.95,0.9,lower-10%,914,Pomacea lineata,0.9999069118111182,extended_prefix_evaluation,probability
0.95,0.9,lower-10%,915,Gila cypha,0.999907068114516,extended_prefix_evaluation,probability
0.95,0.9,lower-10%,916,Procambarus hayi,0.999907300175064,extended_prefix_evaluation,probability
0.95,0.9,lower-10%,917,Simulium venustum,0.9999075247454102,extended_prefix_evaluation,probability
0.95,0.9,lower-10%,918,Simulium ornatum,0.9999077346491083,extended_prefix_evaluation,probability
0.95,0.9,lower-10%,919,Mogurnda mogurnda,0.9999079535030796,extended_prefix_evaluation,probability
0.95,0.9,lower-10%,920,Coregonus lavaretus,0.9999081297257727,extended_prefix_evaluation,probability
0.95,0.9,lower-10%,921,Litoria caerulea,0.9999083129299015,extended_prefix_evaluation,probability
0.95,0.9,lower-10%,922,Paragnetina sp.,0.9999085241315699,extended_prefix_evaluation,probability
0.95,0.9,lower-10%,923,Candidia barbatus,0.9999086793285785,extended_prefix_evaluation,probability
0.95,0.9,lower-10%,924,Unio crassus,0.9999088662532005,extended_prefix_evaluation,probability
0.95,0.9,lower-10%,925,Anacystis nidulans,0.9999091139823365,extended_prefix_evaluation,probability
0.95,0.9,lower-10%,926,Micronecta sp.,0.9999093080256007,extended_prefix_evaluation,probability
0.95,0.9,lower-10%,927,Esox masquinongy,0.9999095504565011,extended_prefix_evaluation,probability
0.95,0.9,lower-10%,928,Pogonichthys macrolepidotus,0.9999097075483004,extended_prefix_evaluation,probability
0.95,0.9,lower-10%,929,Corbicula australis,0.999909936445591,extended_prefix_evaluation,probability
0.95,0.9,lower-10%,930,Rhithrogena sp.,0.9999101118060059,extended_prefix_evaluation,probability
0.95,0.9,lower-10%,931,Physella pomilia,0.9999103195896106,extended_prefix_evaluation,probability
0.95,0.9,lower-10%,932,Peltodytes sp.,0.9999105009225185,extended_prefix_evaluation,probability
0.95,0.9,lower-10%,933,Luxilus chrysocephalus,0.9999106521302975,extended_prefix_evaluation,probability
0.95,0.9,lower-10%,934,Pontastacus leptodactylus,0.9999108508092142,extended_prefix_evaluation,probability
0.95,0.9,lower-10%,935,Pachydiplax longipennis,0.9999110126593271,extended_prefix_evaluation,probability
0.95,0.9,lower-10%,936,Aplocheilichthys johnstonii,0.9999112033424982,extended_prefix_evaluation,probability
0.95,0.9,lower-10%,937,Rhithrogena hageni,0.9999113767388416,extended_prefix_evaluation,probability
0.95,0.9,lower-10%,938,Litoria moorei,0.9999115424282031,extended_prefix_evaluation,probability
0.95,0.9,lower-10%,939,Lepidostoma unicolor,0.9999117133854221,extended_prefix_evaluation,probability
0.95,0.9,lower-10%,940,Dugesia sp.,0.9999119757592438,extended_prefix_evaluation,probability
0.95,0.9,lower-10%,941,Tanichthys albonubes,0.9999121196548842,extended_prefix_evaluation,probability
0.95,0.9,lower-10%,942,Unio ravoisieri,0.9999122963967813,extended_prefix_evaluation,probability
0.95,0.9,lower-10%,943,Coregonus albula,0.9999124603803982,extended_prefix_evaluation,probability
0.95,0.9,lower-10%,944,Abramis ballerus,0.9999126035760678,extended_prefix_evaluation,probability
0.95,0.9,lower-10%,945,Esomus danricus,0.9999127419695457,extended_prefix_evaluation,probability
0.95,0.9,lower-10%,946,Acroneuria sp.,0.999912926127089,extended_prefix_evaluation,probability
0.95,0.9,lower-10%,947,Onychostoma barbata,0.9999130671410685,extended_prefix_evaluation,probability
0.95,0.9,lower-10%,948,Scenedesmus acuminatus,0.999913239321947,extended_prefix_evaluation,probability
0.95,0.9,lower-10%,949,Procambarus simulans,0.9999134480221268,extended_prefix_evaluation,probability
0.95,0.9,lower-10%,950,Rhyacophila sp.,0.999913602865699,extended_prefix_evaluation,probability
0.95,0.9,lower-10%,951,Coregonus clupeaformis,0.9999137586514245,extended_prefix_evaluation,probability
0.95,0.9,lower-10%,952,Simulium sp.,0.9999139458409653,extended_prefix_evaluation,probability
0.95,0.9,lower-10%,953,Neocaridina denticulata,0.9999141601749615,extended_prefix_evaluation,probability
0.95,0.9,lower-10%,954,Anabolia nervosa,0.9999143174414548,extended_prefix_evaluation,probability
0.95,0.9,lower-10%,955,Xiphophorus helleri,0.9999144821283429,extended_prefix_evaluation,probability
0.95,0.9,lower-10%,956,Diporeia sp.,0.9999146676729564,extended_prefix_evaluation,probability
0.95,0.9,lower-10%,957,Gambusia holbrooki,0.9999148393119486,extended_prefix_evaluation,probability
0.95,0.9,lower-10%,958,Cirrhinus molitorella,0.9999150143059374,extended_prefix_evaluation,probability
0.95,0.9,lower-10%,959,Carassius gibelio,0.9999151863898318,extended_prefix_evaluation,probability
0.95,0.9,lower-10%,960,Paratelphusa masoniana,0.9999153609847323,extended_prefix_evaluation,probability
0.95,0.9,lower-10%,961,Chauliodes sp.,0.9999155158820928,extended_prefix_evaluation,probability
0.95,0.9,lower-10%,962,Elassoma gilberti,0.9999156727424183,extended_prefix_evaluation,probability
0.95,0.9,lower-10%,963,Crocothemis erythraea,0.9999158234529537,extended_prefix_evaluation,probability
0.95,0.9,lower-10%,964,Erpobdella octoculata,0.9999160427301297,extended_prefix_evaluation,probability
0.95,0.9,lower-10%,965,Ephemerella sp.,0.999916208942032,extended_prefix_evaluation,probability
0.95,0.9,lower-10%,966,Unio elongatulus,0.9999163718289333,extended_prefix_evaluation,probability
0.95,0.9,lower-10%,967,Barbus sp.,0.9999165379818844,extended_prefix_evaluation,probability
0.95,0.9,lower-10%,968,Somatogyrus virginicus,0.9999167032689233,extended_prefix_evaluation,probability
0.95,0.9,lower-10%,969,Ephemerella subvaria,0.9999168595480264,extended_prefix_evaluation,probability
0.95,0.9,lower-10%,970,Indonaia caerulea,0.9999170335232537,extended_prefix_evaluation,probability
0.95,0.9,lower-10%,971,Ranatra filiformis,0.999917206335162,extended_prefix_evaluation,probability
0.95,0.9,lower-10%,972,Craterocephalus marjoriae,0.9999173883539133,extended_prefix_evaluation,probability
0.95,0.9,lower-10%,973,Lymnaea acuminata,0.9999175520869497,extended_prefix_evaluation,probability
0.95,0.9,lower-10%,974,Procambarus zonangulus,0.9999177460273219,extended_prefix_evaluation,probability
0.95,0.9,lower-10%,975,Corbicula sp.,0.9999179543527712,extended_prefix_evaluation,probability
0.95,0.9,lower-10%,976,Tipula abdominalis,0.9999180944335067,extended_prefix_evaluation,probability
0.95,0.9,lower-10%,977,Barbus barbus,0.9999182553283641,extended_prefix_evaluation,probability
0.95,0.9,lower-10%,978,Macromia sp.,0.9999183999985417,extended_prefix_evaluation,probability
0.95,0.9,lower-10%,979,Elliptio sp.,0.9999185662779665,extended_prefix_evaluation,probability
0.95,0.9,lower-10%,980,Scenedesmus dimorphus,0.9999187204018409,extended_prefix_evaluation,probability
0.95,0.9,lower-10%,981,Scenedesmus abundans,0.999918876702637,extended_prefix_evaluation,probability
0.95,0.9,lower-10%,982,Pelophylax ridibundus,0.9999190059312582,extended_prefix_evaluation,probability
0.95,0.9,lower-10%,983,Procambarus alleni,0.9999191947156046,extended_prefix_evaluation,probability
0.95,0.9,lower-10%,984,Paragnetina media,0.999919375217073,extended_prefix_evaluation,probability
0.95,0.9,lower-10%,985,Procambarus paeninsulanus,0.9999195629500653,extended_prefix_evaluation,probability
0.95,0.9,lower-10%,986,Acris crepitans,0.9999197160643393,extended_prefix_evaluation,probability
0.95,0.9,lower-10%,987,Agnetina sp.,0.9999198852766022,extended_prefix_evaluation,probability
0.95,0.9,lower-10%,988,Antocha sp.,0.9999200209506263,extended_prefix_evaluation,probability
0.95,0.9,lower-10%,989,Orconectes sp.,0.9999202004847141,extended_prefix_evaluation,probability
0.95,0.9,lower-10%,990,Acroneuria lycorias,0.9999203581044755,extended_prefix_evaluation,probability
0.95,0.9,lower-10%,991,Barbonymus gonionotus,0.9999204718162277,extended_prefix_evaluation,probability
0.95,0.9,lower-10%,992,Craterocephalus stercusmuscarum,0.9999206446164729,extended_prefix_evaluation,probability
0.95,0.9,lower-10%,993,Leptodactylus fuscus,0.9999208054273376,extended_prefix_evaluation,probability
0.95,0.9,lower-10%,994,Lemna gibba,0.9999209983289442,extended_prefix_evaluation,probability
0.95,0.9,lower-10%,995,Pseudepidalea viridis,0.9999211299840013,extended_prefix_evaluation,probability
0.95,0.9,lower-10%,996,Sander canadensis,0.999921311186092,extended_prefix_evaluation,probability
0.95,0.9,lower-10%,997,Danio sp.,0.9999214579936934,extended_prefix_evaluation,probability
0.95,0.9,lower-10%,998,Paraleptophlebia praepedita,0.9999216104380328,extended_prefix_evaluation,probability
0.95,0.9,lower-10%,999,Noturus flavus,0.9999217651168317,extended_prefix_evaluation,probability
0.95,0.9,lower-10%,1000,Ranatra sp.,0.9999219147442762,extended_prefix_evaluation,probability
0.95,0.9,lower-10%,1001,Cinygmula sp.,0.9999220606058323,extended_prefix_evaluation,probability
0.95,0.9,lower-10%,1002,Paraleptophlebia pallipes,0.9999222103199166,extended_prefix_evaluation,probability
0.95,0.9,lower-10%,1003,Rasbora neilgherriensis,0.9999223608028202,extended_prefix_evaluation,probability
0.95,0.9,lower-10%,1004,Phyllodiaptomus annae,0.9999225561729917,extended_prefix_evaluation,probability
0.95,0.9,lower-10%,1005,Thymallus thymallus,0.9999226863196451,extended_prefix_evaluation,probability
0.95,0.9,lower-10%,1006,Orconectes propinquus,0.999922858229304,extended_prefix_evaluation,probability
0.95,0.9,lower-10%,1007,Schizopelex festiva,0.9999229946391284,extended_prefix_evaluation,probability
0.95,0.9,lower-10%,1008,Leptodactylus latrans,0.9999231494401766,extended_prefix_evaluation,probability
0.95,0.9,lower-10%,1009,Elliptio dilatata,0.9999232997464748,extended_prefix_evaluation,probability
0.95,0.9,lower-10%,1010,Fluminicola sp.,0.9999234448284784,extended_prefix_evaluation,probability
0.95,0.9,lower-10%,1011,Trichogaster pectoralis,0.9999235929285953,extended_prefix_evaluation,probability
0.95,0.9,lower-10%,1012,Ictalurus furcatus,0.9999237513783287,extended_prefix_evaluation,probability
0.95,0.9,lower-10%,1013,Ecnomus omiensis,0.9999238857488547,extended_prefix_evaluation,probability
0.95,0.9,lower-10%,1014,Unio pictorum,0.9999240253702123,extended_prefix_evaluation,probability
0.95,0.9,lower-10%,1015,Triogma sp.,0.999924148973032,extended_prefix_evaluation,probability
0.95,0.9,lower-10%,1016,Craterocephalus marianae,0.999924307914329,extended_prefix_evaluation,probability
0.95,0.9,lower-10%,1017,Puntius chola,0.9999244482776152,extended_prefix_evaluation,probability
0.95,0.9,lower-10%,1018,Ophiogomphus sp.,0.9999245796924477,extended_prefix_evaluation,probability
0.95,0.9,lower-10%,1019,Adenophlebia auriculata,0.9999247184100538,extended_prefix_evaluation,probability
0.95,0.9,lower-10%,1020,Erimyzon sucetta,0.9999248677707184,extended_prefix_evaluation,probability
0.95,0.9,lower-10%,1021,Somatochlora cingulata,0.9999249908112967,extended_prefix_evaluation,probability
0.95,0.9,lower-10%,1022,Ptychocheilus lucius,0.9999250926816023,extended_prefix_evaluation,probability
0.95,0.9,lower-10%,1023,Semisulcospira libertina,0.9999252249434382,extended_prefix_evaluation,probability
0.95,0.9,lower-10%,1024,Zacco temmincki,0.9999253273916651,extended_prefix_evaluation,probability
0.95,0.9,lower-10%,1025,Scenedesmus incrassatulus,0.9999254677867401,extended_prefix_evaluation,probability
0.95,0.9,lower-10%,1026,Corbicula leana,0.9999256423768262,extended_prefix_evaluation,probability
0.95,0.9,lower-10%,1027,Prosimulium magnum,0.9999257797120213,extended_prefix_evaluation,probability
0.95,0.9,lower-10%,1028,Paraleptophlebia sp.,0.9999259214586549,extended_prefix_evaluation,probability
0.95,0.9,lower-10%,1029,Prosimulium formosum,0.9999260585461226,extended_prefix_evaluation,probability
0.95,0.9,lower-10%,1030,Scenedesmus sp.,0.9999261948009777,extended_prefix_evaluation,probability
0.95,0.9,lower-10%,1031,Paratelphusa hydrodromus,0.999926331469607,extended_prefix_evaluation,probability
0.95,0.9,lower-10%,1032,Fundulus seminolis,0.9999264804183272,extended_prefix_evaluation,probability
0.95,0.9,lower-10%,1033,Procambarus blandingii,0.9999266460973691,extended_prefix_evaluation,probability
0.95,0.9,lower-10%,1034,Laccotrephes sp.,0.9999267719156169,extended_prefix_evaluation,probability
0.95,0.9,lower-10%,1035,Fontigens aldrichi,0.9999269079544125,extended_prefix_evaluation,probability
0.95,0.9,lower-10%,1036,Corbicula manilensis,0.999927068350387,extended_prefix_evaluation,probability
0.95,0.9,lower-10%,1037,Brachycentrus americanus,0.9999272031305008,extended_prefix_evaluation,probability
0.95,0.9,lower-10%,1038,Macromia magnifica,0.999927320293653,extended_prefix_evaluation,probability
0.95,0.9,lower-10%,1039,Argia fumipennis,0.9999274538651218,extended_prefix_evaluation,probability
0.95,0.9,lower-10%,1040,Microhyla pulchra,0.9999276010488292,extended_prefix_evaluation,probability
0.95,0.9,lower-10%,1041,Australorbis sp.,0.9999277106819613,extended_prefix_evaluation,probability
0.95,0.9,lower-10%,1042,Acipenser brevirostrum,0.9999278855064262,extended_prefix_evaluation,probability
0.95,0.9,lower-10%,1043,Aplocheilus lineatus,0.9999280169715719,extended_prefix_evaluation,probability
0.95,0.9,lower-10%,1044,Scenedesmus acutiformis,0.9999281436328953,extended_prefix_evaluation,probability
0.95,0.9,lower-10%,1045,Scenedesmus bijuga,0.999928270020781,extended_prefix_evaluation,probability
0.95,0.9,lower-10%,1046,Scenedesmus longus,0.9999283961359552,extended_prefix_evaluation,probability
0.95,0.9,lower-10%,1047,Scenedesmus serratus,0.9999285219791418,extended_prefix_evaluation,probability
0.95,0.9,lower-10%,1048,Brachydeutera argentata,0.9999286362330233,extended_prefix_evaluation,probability
0.95,0.9,lower-10%,1049,Caudiverbera caudiverbera,0.9999287727539827,extended_prefix_evaluation,probability
0.95,0.9,lower-10%,1050,Laccophilus sp.,0.9999288941636887,extended_prefix_evaluation,probability
0.95,0.9,lower-10%,1051,Fundulus notatus,0.9999290352705745,extended_prefix_evaluation,probability
0.95,0.9,lower-10%,1052,Stenopsyche griseipennis,0.9999291471479027,extended_prefix_evaluation,probability
0.95,0.9,lower-10%,1053,Psychomyia sp.,0.9999292593248557,extended_prefix_evaluation,probability
0.95,0.9,lower-10%,1054,Scenedesmus hystrix,0.9999293825857228,extended_prefix_evaluation,probability
0.95,0.9,lower-10%,1055,Crangonyx sp.,0.9999295269104436,extended_prefix_evaluation,probability
0.95,0.9,lower-10%,1056,Ranatra linearis,0.9999296573013116,extended_prefix_evaluation,probability
0.95,0.9,lower-10%,1057,Etroplus maculatus,0.9999297815427144,extended_prefix_evaluation,probability
0.95,0.9,lower-10%,1058,Acipenser ruthenus,0.9999299474562188,extended_prefix_evaluation,probability
0.95,0.9,lower-10%,1059,Scenedesmus quadricauda,0.9999300765371044,extended_prefix_evaluation,probability
0.95,0.9,lower-10%,1060,Isidorella newcombi,0.9999301799334386,extended_prefix_evaluation,probability
0.95,0.9,lower-10%,1061,Alasmidonta heterodon,0.9999303043215036,extended_prefix_evaluation,probability
0.95,0.9,lower-10%,1062,Acipenser gueldenstaedtii,0.9999304714402116,extended_prefix_evaluation,probability
0.95,0.9,lower-10%,1063,Labeo rohita,0.999930598414856,extended_prefix_evaluation,probability
0.95,0.9,lower-10%,1064,Ranatra elongata,0.999930719345858,extended_prefix_evaluation,probability
0.95,0.9,lower-10%,1065,Scenedesmus bijugatus,0.9999308375354292,extended_prefix_evaluation,probability
0.95,0.9,lower-10%,1066,Orthotrichia sp.,0.9999309513208844,extended_prefix_evaluation,probability
0.95,0.9,lower-10%,1067,Taylorconcha serpenticola,0.9999310745387925,extended_prefix_evaluation,probability
0.95,0.9,lower-10%,1068,Ameiurus nebulosus,0.9999312187960339,extended_prefix_evaluation,probability
0.95,0.9,lower-10%,1069,Pseudorasbora parva,0.9999313462638658,extended_prefix_evaluation,probability
0.95,0.9,lower-10%,1070,Haliplus sp.,0.9999314539907064,extended_prefix_evaluation,probability
0.95,0.9,lower-10%,1071,Psilotreta sp.,0.9999315599737187,extended_prefix_evaluation,probability
0.95,0.9,lower-10%,1072,Ictalurus sp.,0.9999316960624387,extended_prefix_evaluation,probability
0.95,0.9,lower-10%,1073,Pseudagrion sp.,0.9999318182219786,extended_prefix_evaluation,probability
0.95,0.9,lower-10%,1074,Nepa sp.,0.9999319364281413,extended_prefix_evaluation,probability
0.95,0.9,lower-10%,1075,Notemigonus crysoleucas,0.9999320491746626,extended_prefix_evaluation,probability
0.95,0.9,lower-10%,1076,Scenedesmus pannonicus,0.9999321738910053,extended_prefix_evaluation,probability
0.95,0.9,lower-10%,1077,Holorusia sp.,0.999932275333158,extended_prefix_evaluation,probability
0.95,0.9,lower-10%,1078,Coretus corneus,0.9999323910731169,extended_prefix_evaluation,probability
0.95,0.9,lower-10%,1079,Eretes sticticus,0.999932505581139,extended_prefix_evaluation,probability
0.95,0.9,lower-10%,1080,Taeniopteryx nivalis,0.9999326096618156,extended_prefix_evaluation,probability
0.95,0.9,lower-10%,1081,Morone americana,0.9999327593523858,extended_prefix_evaluation,probability
0.95,0.9,lower-10%,1082,Baetisca obesa,0.9999328748126005,extended_prefix_evaluation,probability
0.95,0.9,lower-10%,1083,Elliptio icterina,0.9999329963991909,extended_prefix_evaluation,probability
0.95,0.9,lower-10%,1084,Rhinella arenarum,0.9999330907846146,extended_prefix_evaluation,probability
0.95,0.9,lower-10%,1085,Pericoma sp.,0.9999331931179235,extended_prefix_evaluation,probability
0.95,0.9,lower-10%,1086,Berosus styliferus,0.9999332954730641,extended_prefix_evaluation,probability
0.95,0.9,lower-10%,1087,Siphlonurus linnaeanus,0.9999333981732406,extended_prefix_evaluation,probability
0.95,0.9,lower-10%,1088,Cordulia aenea,0.9999335000571247,extended_prefix_evaluation,probability
0.95,0.9,lower-10%,1089,Glossosoma sp.,0.9999336010432337,extended_prefix_evaluation,probability
0.95,0.9,lower-10%,1090,Leuctra sp.,0.9999337012756062,extended_prefix_evaluation,probability
0.95,0.9,lower-10%,1091,Platycnemis pennipes,0.9999338025799831,extended_prefix_evaluation,probability
0.95,0.9,lower-10%,1092,Thermonectus basillaris,0.9999339127452989,extended_prefix_evaluation,probability
0.95,0.9,lower-10%,1093,Atalophlebia sp.,0.9999340276673415,extended_prefix_evaluation,probability
0.95,0.9,lower-10%,1094,Xylota sp.,0.9999341272112643,extended_prefix_evaluation,probability
0.95,0.9,lower-10%,1095,Lethocerus sp.,0.9999342320365874,extended_prefix_evaluation,probability
0.95,0.9,lower-10%,1096,Austrolestes colensonis,0.9999343325970725,extended_prefix_evaluation,probability
0.95,0.9,lower-10%,1097,Erythromma viridulum,0.9999344468519414,extended_prefix_evaluation,probability
0.95,0.9,lower-10%,1098,Agnetina capitata,0.9999345731880224,extended_prefix_evaluation,probability
0.95,0.9,lower-10%,1099,Heliodiaptomus viduus,0.9999347245788476,extended_prefix_evaluation,probability
0.95,0.9,lower-10%,1100,Pomacea patula,0.9999348611803514,extended_prefix_evaluation,probability
0.95,0.9,lower-10%,1101,Helicopsyche sp.,0.9999349586954321,extended_prefix_evaluation,probability
0.95,0.9,lower-10%,1102,Leuctra moselyi,0.9999350558640168,extended_prefix_evaluation,probability
0.95,0.9,lower-10%,1103,Hexatoma sp.,0.999935150750281,extended_prefix_evaluation,probability
0.95,0.9,lower-10%,1104,Dolophilodes distinctus,0.9999352507678112,extended_prefix_evaluation,probability
0.95,0.9,lower-10%,1105,Limnius sp.,0.9999353475661431,extended_prefix_evaluation,probability
0.95,0.9,lower-10%,1106,Helisoma sp.,0.999935443823388,extended_prefix_evaluation,probability
0.95,0.9,lower-10%,1107,Pomacea dolioides,0.9999355786701705,extended_prefix_evaluation,probability
0.95,0.9,lower-10%,1108,Taeniopteryx burksi,0.9999356750805259,extended_prefix_evaluation,probability
0.95,0.9,lower-10%,1109,Macrocyclops albidus,0.9999358653876718,extended_prefix_evaluation,probability
0.95,0.9,lower-10%,1110,Cyclops bicuspidatus,0.9999360222651472,extended_prefix_evaluation,probability
0.95,0.9,lower-10%,1111,Nectopsyche albida,0.9999361173055403,extended_prefix_evaluation,probability
0.95,0.9,lower-10%,1112,Scenedesmus armatus,0.9999362263433904,extended_prefix_evaluation,probability
0.95,0.9,lower-10%,1113,Cyclops vernalis,0.9999363821537778,extended_prefix_evaluation,probability
0.95,0.9,lower-10%,1114,Gerris lacustris,0.9999364763638977,extended_prefix_evaluation,probability
0.95,0.9,lower-10%,1115,Eristalis sp.,0.999936570276952,extended_prefix_evaluation,probability
0.95,0.9,lower-10%,1116,Mystacides sp.,0.9999366640993734,extended_prefix_evaluation,probability
0.95,0.9,lower-10%,1117,Cyclops strenuus,0.9999368198491572,extended_prefix_evaluation,probability
0.95,0.9,lower-10%,1118,Pycnocentria evecta,0.9999369125014068,extended_prefix_evaluation,probability
0.95,0.9,lower-10%,1119,Leuctra inermis,0.999937004712514,extended_prefix_evaluation,probability
0.95,0.9,lower-10%,1120,Duttaphrynus melanostictus,0.9999370993056582,extended_prefix_evaluation,probability
0.95,0.9,lower-10%,1121,Aeshna sp.,0.9999371945828018,extended_prefix_evaluation,probability
0.95,0.9,lower-10%,1122,Helophorus sp.,0.9999372872235333,extended_prefix_evaluation,probability
0.95,0.9,lower-10%,1123,Euphlyctis cyanophlyctis,0.9999374019530209,extended_prefix_evaluation,probability
0.95,0.9,lower-10%,1124,Paraponyx stratiotata,0.9999374968701328,extended_prefix_evaluation,probability
0.95,0.9,lower-10%,1125,Acrossocheilus paradoxus,0.9999376076084503,extended_prefix_evaluation,probability
0.95,0.9,lower-10%,1126,Atalophlebia australis,0.9999377176693615,extended_prefix_evaluation,probability
0.95,0.9,lower-10%,1127,Neurocordulia virginiensis,0.9999378074136005,extended_prefix_evaluation,probability
0.95,0.9,lower-10%,1128,Acipenser stellatus,0.9999379486715405,extended_prefix_evaluation,probability
0.95,0.9,lower-10%,1129,Dytiscus sp.,0.9999380617707075,extended_prefix_evaluation,probability
0.95,0.9,lower-10%,1130,Dictya sp.,0.9999381660756397,extended_prefix_evaluation,probability
0.95,0.9,lower-10%,1131,Argia sp.,0.9999382693468971,extended_prefix_evaluation,probability
0.95,0.9,lower-10%,1132,Leptophlebia sp.,0.9999383751311943,extended_prefix_evaluation,probability
0.95,0.9,lower-10%,1133,Chimarra marginata,0.9999384751004724,extended_prefix_evaluation,probability
0.95,0.9,lower-10%,1134,Ilyocoris cimicoides,0.9999385640553703,extended_prefix_evaluation,probability
0.95,0.9,lower-10%,1135,Aphelocheirus aestivalis,0.9999386523314944,extended_prefix_evaluation,probability
0.95,0.9,lower-10%,1136,Nigronia serricornis,0.9999387411010969,extended_prefix_evaluation,probability
0.95,0.9,lower-10%,1137,Lirceus fontinalis,0.9999388545223681,extended_prefix_evaluation,probability
0.95,0.9,lower-10%,1138,Corydalus cornutus,0.9999389426107788,extended_prefix_evaluation,probability
0.95,0.9,lower-10%,1139,Alloperla sp.,0.9999390304505951,extended_prefix_evaluation,probability
0.95,0.9,lower-10%,1140,Sphaerodema annulatum,0.9999391295527869,extended_prefix_evaluation,probability
0.95,0.9,lower-10%,1141,Cyclops varicans,0.9999392767561747,extended_prefix_evaluation,probability
0.95,0.9,lower-10%,1142,Scenedesmus acutus,0.999939373682985,extended_prefix_evaluation,probability
0.95,0.9,lower-10%,1143,Aeshna cyanea,0.9999394639493989,extended_prefix_evaluation,probability
0.95,0.9,lower-10%,1144,Elliptio complanata,0.9999395717349695,extended_prefix_evaluation,probability
0.95,0.9,lower-10%,1145,Helisoma duryi,0.9999396571704985,extended_prefix_evaluation,probability
0.95,0.9,lower-10%,1146,Basiaeschna janata,0.9999397462663752,extended_prefix_evaluation,probability
0.95,0.9,lower-10%,1147,Spirostomum ambiguum,0.9999399177900932,extended_prefix_evaluation,probability
0.95,0.9,lower-10%,1148,Coenagrion pulchellum,0.9999400253889166,extended_prefix_evaluation,probability
0.95,0.9,lower-10%,1149,Acipenser oxyrhynchus,0.9999401606194823,extended_prefix_evaluation,probability
0.95,0.9,lower-10%,1150,Phryganea sp.,0.9999402454011848,extended_prefix_evaluation,probability
0.95,0.9,lower-10%,1151,Hydroptila angusta,0.9999403303462407,extended_prefix_evaluation,probability
0.95,0.9,lower-10%,1152,Oligostomis pardalis,0.9999404144374873,extended_prefix_evaluation,probability
0.95,0.9,lower-10%,1153,Gillia altilis,0.9999405104123691,extended_prefix_evaluation,probability
0.95,0.9,lower-10%,1154,Chimarra sp.,0.999940602078342,extended_prefix_evaluation,probability
0.95,0.9,lower-10%,1155,Planorbis carinatus,0.9999406830002899,extended_prefix_evaluation,probability
0.95,0.9,lower-10%,1156,Phryganea striata,0.999940767115012,extended_prefix_evaluation,probability
0.95,0.9,lower-10%,1157,Lepidostoma sp.,0.9999408603547401,extended_prefix_evaluation,probability
0.95,0.9,lower-10%,1158,Alburnus alburnus,0.9999409573800013,extended_prefix_evaluation,probability
0.95,0.9,lower-10%,1159,Stenelmis sexlineata,0.9999410405104698,extended_prefix_evaluation,probability
0.95,0.9,lower-10%,1160,Planorbis planorbis,0.9999411202291426,extended_prefix_evaluation,probability
0.95,0.9,lower-10%,1161,Lasmigona subviridis,0.9999412187041441,extended_prefix_evaluation,probability
0.95,0.9,lower-10%,1162,Cambarus sp.,0.9999413283804464,extended_prefix_evaluation,probability
0.95,0.9,lower-10%,1163,Dytiscus marginalis,0.9999414233396786,extended_prefix_evaluation,probability
0.95,0.9,lower-10%,1164,Coenagrion puella,0.9999415272417441,extended_prefix_evaluation,probability
0.95,0.9,lower-10%,1165,Tinca tinca,0.9999416197227781,extended_prefix_evaluation,probability
0.95,0.9,lower-10%,1166,Rhinella ornata,0.9999417071970629,extended_prefix_evaluation,probability
0.95,0.9,lower-10%,1167,Cambarus latimanus,0.9999418189487408,extended_prefix_evaluation,probability
0.95,0.9,lower-10%,1168,Lumbriculus inconstans,0.9999419428946493,extended_prefix_evaluation,probability
0.95,0.9,lower-10%,1169,Biomphalaria glabrata,0.9999420262818911,extended_prefix_evaluation,probability
0.95,0.9,lower-10%,1170,Gyraulus parvus,0.9999421018406994,extended_prefix_evaluation,probability
0.95,0.9,lower-10%,1171,Physastra gibbosa,0.9999422028154513,extended_prefix_evaluation,probability
0.95,0.9,lower-10%,1172,Calopteryx splendens,0.9999422829270719,extended_prefix_evaluation,probability
0.95,0.9,lower-10%,1173,Micropterus treculii,0.9999423950276194,extended_prefix_evaluation,probability
0.95,0.9,lower-10%,1174,Hydrophilus sp.,0.9999424815345217,extended_prefix_evaluation,probability
0.95,0.9,lower-10%,1175,Ameiurus natalis,0.9999425939668557,extended_prefix_evaluation,probability
0.95,0.9,lower-10%,1176,Sweltsa sp.,0.9999426733614581,extended_prefix_evaluation,probability
0.95,0.9,lower-10%,1177,Notropis stramineus,0.9999427686265124,extended_prefix_evaluation,probability
0.95,0.9,lower-10%,1178,Platyias quadricornis,0.9999428953234915,extended_prefix_evaluation,probability
0.95,0.9,lower-10%,1179,Lirceus alabamae,0.9999429978314935,extended_prefix_evaluation,probability
0.95,0.9,lower-10%,1180,Calopteryx sp.,0.9999430764251022,extended_prefix_evaluation,probability
0.95,0.9,lower-10%,1181,Cybister sp.,0.9999431679228902,extended_prefix_evaluation,probability
0.95,0.9,lower-10%,1182,Psephenus herricki,0.9999432442345123,extended_prefix_evaluation,probability
0.95,0.9,lower-10%,1183,Palustra laboulbeni,0.9999433229368235,extended_prefix_evaluation,probability
0.95,0.9,lower-10%,1184,Gymnocephalus cernuus,0.9999434191661323,extended_prefix_evaluation,probability
0.95,0.9,lower-10%,1185,Rasbora daniconius,0.9999435096190896,extended_prefix_evaluation,probability
0.95,0.9,lower-10%,1186,Barbus sharpeyi,0.9999436034069931,extended_prefix_evaluation,probability
0.95,0.9,lower-10%,1187,Gymnocorymbus ternetzi,0.9999437057714323,extended_prefix_evaluation,probability
0.95,0.9,lower-10%,1188,Notropis anogenus,0.9999437984952155,extended_prefix_evaluation,probability
0.95,0.9,lower-10%,1189,Mesocyclops longisetus,0.9999439302663276,extended_prefix_evaluation,probability
0.95,0.9,lower-10%,1190,Tricorythodes sp.,0.9999440164299637,extended_prefix_evaluation,probability
0.95,0.9,lower-10%,1191,Tricorythodes minutus,0.9999440978686891,extended_prefix_evaluation,probability
0.95,0.9,lower-10%,1192,Allocapnia sp.,0.9999441809102252,extended_prefix_evaluation,probability
0.95,0.9,lower-10%,1193,Radix natalensis,0.9999442862001956,extended_prefix_evaluation,probability
0.95,0.9,lower-10%,1194,Allocapnia vivipara,0.9999443659604762,extended_prefix_evaluation,probability
0.95,0.9,lower-10%,1195,Hygrotus novemlineatus,0.9999444459567239,extended_prefix_evaluation,probability
0.95,0.9,lower-10%,1196,Mesocyclops thermocyclopoides,0.9999445762508281,extended_prefix_evaluation,probability
0.95,0.9,lower-10%,1197,Sepedon fuscipennis,0.9999446671701896,extended_prefix_evaluation,probability
0.95,0.9,lower-10%,1198,Cambarus diogenes,0.999944770056334,extended_prefix_evaluation,probability
0.95,0.9,lower-10%,1199,Cichlasoma nigrofasciatum,0.9999448549637743,extended_prefix_evaluation,probability
0.95,0.9,lower-10%,1200,Acipenser persicus,0.9999449741935932,extended_prefix_evaluation,probability
0.95,0.9,lower-10%,1201,Austropotamobius pallipes,0.9999450655925205,extended_prefix_evaluation,probability
0.95,0.9,lower-10%,1202,Barbus dorsalis,0.9999451527455331,extended_prefix_evaluation,probability
0.95,0.9,lower-10%,1203,Planorbis corneus,0.99994522282808,extended_prefix_evaluation,probability
0.95,0.9,lower-10%,1204,Rhinella marina,0.9999453054309788,extended_prefix_evaluation,probability
0.95,0.9,lower-10%,1205,Pyrgulopsis idahoensis,0.9999453920408222,extended_prefix_evaluation,probability
0.95,0.9,lower-10%,1206,Leptophlebia marginata,0.999945474526103,extended_prefix_evaluation,probability
0.95,0.9,lower-10%,1207,Bryocamptus zschokkei,0.9999455995361258,extended_prefix_evaluation,probability
0.95,0.9,lower-10%,1208,Gyraulus circumstriatus,0.9999456674666238,extended_prefix_evaluation,probability
0.95,0.9,lower-10%,1209,Brachycentrus subnulis,0.9999457512479626,extended_prefix_evaluation,probability
0.95,0.9,lower-10%,1210,Chimarra obscura,0.9999458332346434,extended_prefix_evaluation,probability
0.95,0.9,lower-10%,1211,Cambarus robustus,0.9999459323525064,extended_prefix_evaluation,probability
0.95,0.9,lower-10%,1212,Notropis hudsonius,0.9999460190955037,extended_prefix_evaluation,probability
0.95,0.9,lower-10%,1213,Bryocamptus echinatus,0.999946141803793,extended_prefix_evaluation,probability
0.95,0.9,lower-10%,1214,Capnia sp.,0.9999462141650649,extended_prefix_evaluation,probability
0.95,0.9,lower-10%,1215,Brachycentrus numerosus,0.9999462947983364,extended_prefix_evaluation,probability
0.95,0.9,lower-10%,1216,Cichlasoma bimaculatum,0.9999463765313626,extended_prefix_evaluation,probability
0.95,0.9,lower-10%,1217,Alitropus typus,0.9999464695137507,extended_prefix_evaluation,probability
0.95,0.9,lower-10%,1218,Proasellus sp.,0.9999465623652035,extended_prefix_evaluation,probability
0.95,0.9,lower-10%,1219,Brachycentrus sp.,0.9999466431212106,extended_prefix_evaluation,probability
0.95,0.9,lower-10%,1220,Acipenser fulvescens,0.999946756801423,extended_prefix_evaluation,probability
0.95,0.9,lower-10%,1221,Proasellus coxalis,0.9999468510478398,extended_prefix_evaluation,probability
0.95,0.9,lower-10%,1222,Belostoma sp.,0.9999469264601034,extended_prefix_evaluation,probability
0.95,0.9,lower-10%,1223,Anax junius,0.9999470019082203,extended_prefix_evaluation,probability
0.95,0.9,lower-10%,1224,Vallisneria natans,0.9999471315084976,extended_prefix_evaluation,probability
0.95,0.9,lower-10%,1225,Cyprinella spiloptera,0.9999472148865336,extended_prefix_evaluation,probability
0.95,0.9,lower-10%,1226,Anax sp.,0.9999472894401374,extended_prefix_evaluation,probability
0.95,0.9,lower-10%,1227,Acipenser baerii,0.9999474000783531,extended_prefix_evaluation,probability
0.95,0.9,lower-10%,1228,Hydrophilus triangularis,0.9999474696095589,extended_prefix_evaluation,probability
0.95,0.9,lower-10%,1229,Anguilla anguilla,0.9999475682979104,extended_prefix_evaluation,probability
0.95,0.9,lower-10%,1230,Hygrotus sp.,0.9999476404429153,extended_prefix_evaluation,probability
0.95,0.9,lower-10%,1231,Amnicola limosa,0.9999477182469203,extended_prefix_evaluation,probability
0.95,0.9,lower-10%,1232,Acipenser sinensis,0.9999478303990956,extended_prefix_evaluation,probability
0.95,0.9,lower-10%,1233,Cichlasoma urophthalmus,0.9999479073574531,extended_prefix_evaluation,probability
0.95,0.9,lower-10%,1234,Gyrinus sp.,0.9999479784710673,extended_prefix_evaluation,probability
0.95,0.9,lower-10%,1235,Lepadella sp.,0.9999480889084448,extended_prefix_evaluation,probability
0.95,0.9,lower-10%,1236,Culicoides furens,0.9999481565242669,extended_prefix_evaluation,probability
0.95,0.9,lower-10%,1237,Leuciscus leuciscus,0.9999482380518822,extended_prefix_evaluation,probability
0.95,0.9,lower-10%,1238,Potamogeton diversifolius,0.9999483318504966,extended_prefix_evaluation,probability
0.95,0.9,lower-10%,1239,Bryocamptus pygmaeus,0.9999484468016304,extended_prefix_evaluation,probability
0.95,0.9,lower-10%,1240,Hyphessobrycon herbertaxelrodi,0.9999485336070773,extended_prefix_evaluation,probability
0.95,0.9,lower-10%,1241,Molanna angustata,0.9999486079392635,extended_prefix_evaluation,probability
0.95,0.9,lower-10%,1242,Calamoceras marsupus,0.999948681199038,extended_prefix_evaluation,probability
0.95,0.9,lower-10%,1243,Bryocamptus minutus,0.9999487951602983,extended_prefix_evaluation,probability
0.95,0.9,lower-10%,1244,Neomysis integer,0.9999488805839613,extended_prefix_evaluation,probability
0.95,0.9,lower-10%,1245,Vallisneria sp.,0.9999490027656982,extended_prefix_evaluation,probability
0.95,0.9,lower-10%,1246,Hyphessobrycon bifasciatus,0.999949088643947,extended_prefix_evaluation,probability
0.95,0.9,lower-10%,1247,Belostoma indicum,0.9999491632924623,extended_prefix_evaluation,probability
0.95,0.9,lower-10%,1248,Gyrinus punctellus,0.9999492307972094,extended_prefix_evaluation,probability
0.95,0.9,lower-10%,1249,Pseudosuccinea columella,0.9999493146385267,extended_prefix_evaluation,probability
0.95,0.9,lower-10%,1250,Hemigrammus erythrozonus,0.999949398645556,extended_prefix_evaluation,probability
0.95,0.9,lower-10%,1251,Plationus patulus,0.9999495017852251,extended_prefix_evaluation,probability
0.95,0.9,lower-10%,1252,Chela cachius,0.9999495762426425,extended_prefix_evaluation,probability
0.95,0.9,lower-10%,1253,Cypria sp.,0.9999496977633179,extended_prefix_evaluation,probability
0.95,0.9,lower-10%,1254,Hyphessobrycon eques,0.9999497811055272,extended_prefix_evaluation,probability
0.95,0.9,lower-10%,1255,Gyraulus sp.,0.9999498381387156,extended_prefix_evaluation,probability
0.95,0.9,lower-10%,1256,Culicoides variipennis,0.9999498988709644,extended_prefix_evaluation,probability
0.95,0.9,lower-10%,1257,Notopterus notopterus,0.9999499975259253,extended_prefix_evaluation,probability
0.95,0.9,lower-10%,1258,Mesocyclops edax,0.9999501080534594,extended_prefix_evaluation,probability
0.95,0.9,lower-10%,1259,Trichogaster trichopterus,0.999950182412759,extended_prefix_evaluation,probability
0.95,0.9,lower-10%,1260,Gyrinus natator,0.9999502501421519,extended_prefix_evaluation,probability
0.95,0.9,lower-10%,1261,Enallagma aspersum,0.99995033069174,extended_prefix_evaluation,probability
0.95,0.9,lower-10%,1262,Pomacea canaliculata,0.9999504205163433,extended_prefix_evaluation,probability
0.95,0.9,lower-10%,1263,Spiralothelphusa hydrodroma,0.9999504969359065,extended_prefix_evaluation,probability
0.95,0.9,lower-10%,1264,Atherix variegata,0.9999505602010904,extended_prefix_evaluation,probability
0.95,0.9,lower-10%,1265,Macropsobrycon uruguayanae,0.9999506448436511,extended_prefix_evaluation,probability
0.95,0.9,lower-10%,1266,Keratella cochlearis,0.9999507449132405,extended_prefix_evaluation,probability
0.95,0.9,lower-10%,1267,Corydoras melanistius,0.9999508203834597,extended_prefix_evaluation,probability
0.95,0.9,lower-10%,1268,Sialis lutaria,0.9999508863155756,extended_prefix_evaluation,probability
0.95,0.9,lower-10%,1269,Cambarus bartonii,0.9999509712539509,extended_prefix_evaluation,probability
0.95,0.9,lower-10%,1270,Culicoides schultzei,0.9999510289126292,extended_prefix_evaluation,probability
0.95,0.9,lower-10%,1271,Melanotaenia fluviatilis,0.999951113589461,extended_prefix_evaluation,probability
0.95,0.9,lower-10%,1272,Notropis topeka,0.9999511891775222,extended_prefix_evaluation,probability
0.95,0.9,lower-10%,1273,Morone chrysops,0.999951281492313,extended_prefix_evaluation,probability
0.95,0.9,lower-10%,1274,Moxostoma hubbsi,0.9999513600263941,extended_prefix_evaluation,probability
0.95,0.9,lower-10%,1275,Hyphessobrycon erythrostigma,0.9999514403866422,extended_prefix_evaluation,probability
0.95,0.9,lower-10%,1276,Biomphalaria straminea,0.9999515018459679,extended_prefix_evaluation,probability
0.95,0.9,lower-10%,1277,Parreysia sp.,0.9999515708356428,extended_prefix_evaluation,probability
0.95,0.9,lower-10%,1278,Cyclops sp.,0.9999516733978355,extended_prefix_evaluation,probability
0.95,0.9,lower-10%,1279,Atherix sp.,0.9999517375673842,extended_prefix_evaluation,probability
0.95,0.9,lower-10%,1280,Anguilla rostrata,0.9999518254754299,extended_prefix_evaluation,probability
0.95,0.9,lower-10%,1281,Noemacheilus denisonii,0.9999519020172005,extended_prefix_evaluation,probability
0.95,0.9,lower-10%,1282,Catostomus catostomus,0.9999519846578521,extended_prefix_evaluation,probability
0.95,0.9,lower-10%,1283,Elodea sp.,0.9999520993725504,extended_prefix_evaluation,probability
0.95,0.9,lower-10%,1284,Parapoynx stratiotata,0.9999521649188887,extended_prefix_evaluation,probability
0.95,0.9,lower-10%,1285,Pseudambassis ranga,0.9999522380341732,extended_prefix_evaluation,probability
0.95,0.9,lower-10%,1286,Catostomus platyrhynchus,0.9999523197945681,extended_prefix_evaluation,probability
0.95,0.9,lower-10%,1287,Lepadella patella,0.9999524156236937,extended_prefix_evaluation,probability
0.95,0.9,lower-10%,1288,Mesocyclops pehpeiensis,0.9999525192524212,extended_prefix_evaluation,probability
0.95,0.9,lower-10%,1289,Pseudocrenilabrus philander,0.999952584293802,extended_prefix_evaluation,probability
0.95,0.9,lower-10%,1290,Leptoxis ampla,0.9999526568862177,extended_prefix_evaluation,probability
0.95,0.9,lower-10%,1291,Coloburiscus humeralis,0.9999527229032051,extended_prefix_evaluation,probability
0.95,0.9,lower-10%,1292,Biomphalaria havanensis,0.9999527826924453,extended_prefix_evaluation,probability
0.95,0.9,lower-10%,1293,Keratella quadrata,0.9999528762060432,extended_prefix_evaluation,probability
0.95,0.9,lower-10%,1294,Scardinius erythrophthalmus,0.9999529457523175,extended_prefix_evaluation,probability
0.95,0.9,lower-10%,1295,Potamogeton nodosus,0.9999530266666462,extended_prefix_evaluation,probability
0.95,0.9,lower-10%,1296,Trypaea australiensis,0.9999530994349826,extended_prefix_evaluation,probability
0.95,0.9,lower-10%,1297,Astacus astacus,0.9999531661362381,extended_prefix_evaluation,probability
0.95,0.9,lower-10%,1298,Ceratophyllum submersum,0.9999532401180925,extended_prefix_evaluation,probability
0.95,0.9,lower-10%,1299,Neoplea striola,0.9999533012147545,extended_prefix_evaluation,probability
0.95,0.9,lower-10%,1300,Biomphalaria sp.,0.9999533591183885,extended_prefix_evaluation,probability
0.95,0.9,lower-10%,1301,Microhyla ornata,0.9999534310190916,extended_prefix_evaluation,probability
0.95,0.9,lower-10%,1302,Amniataba percoides,0.9999535036160363,extended_prefix_evaluation,probability
0.95,0.9,lower-10%,1303,Geophagus brasiliensis,0.999953566218622,extended_prefix_evaluation,probability
0.95,0.9,lower-10%,1304,Morone sp.,0.9999536542384946,extended_prefix_evaluation,probability
0.95,0.9,lower-10%,1305,Faxonius virilis,0.999953733687512,extended_prefix_evaluation,probability
0.95,0.9,lower-10%,1306,Radix plicatula,0.9999538092654753,extended_prefix_evaluation,probability
0.95,0.9,lower-10%,1307,Potamogeton illinoensis,0.9999538883980641,extended_prefix_evaluation,probability
0.95,0.9,lower-10%,1308,Rocio octofasciata,0.9999539498394339,extended_prefix_evaluation,probability
0.95,0.9,lower-10%,1309,Astacopsis gouldi,0.9999540247567946,extended_prefix_evaluation,probability
0.95,0.9,lower-10%,1310,Anax imperator,0.9999540870244787,extended_prefix_evaluation,probability
0.95,0.9,lower-10%,1311,Radix ovata,0.9999541619683355,extended_prefix_evaluation,probability
0.95,0.9,lower-10%,1312,Leptoxis praerosa,0.9999542310362018,extended_prefix_evaluation,probability
0.95,0.9,lower-10%,1313,Xyrauchen texanus,0.9999542947156034,extended_prefix_evaluation,probability
0.95,0.9,lower-10%,1314,Basilichthys australis,0.9999543656259021,extended_prefix_evaluation,probability
0.95,0.9,lower-10%,1315,Elimia virginica,0.9999544350250039,extended_prefix_evaluation,probability
0.95,0.9,lower-10%,1316,Pontoporeia affinis,0.9999545035663638,extended_prefix_evaluation,probability
0.95,0.9,lower-10%,1317,Eudiaptomus gracilis,0.9999545948067775,extended_prefix_evaluation,probability
0.95,0.9,lower-10%,1318,Galba truncatula,0.999954665084743,extended_prefix_evaluation,probability
0.95,0.9,lower-10%,1319,Caquetaia kraussii,0.9999547247016094,extended_prefix_evaluation,probability
0.95,0.9,lower-10%,1320,Keratella americana,0.9999548119387933,extended_prefix_evaluation,probability
0.95,0.9,lower-10%,1321,Leuciscus cephalus,0.999954877902576,extended_prefix_evaluation,probability
0.95,0.9,lower-10%,1322,Indoplanorbis exustus,0.9999549334407547,extended_prefix_evaluation,probability
0.95,0.9,lower-10%,1323,Plea minutissima,0.9999549949132829,extended_prefix_evaluation,probability
0.95,0.9,lower-10%,1324,Rhinella fernandezae,0.9999550559929061,extended_prefix_evaluation,probability
0.95,0.9,lower-10%,1325,Mylopharyngodon piceus,0.99995511946771,extended_prefix_evaluation,probability
0.95,0.9,lower-10%,1326,Xiphophorus maculatus,0.999955180735441,extended_prefix_evaluation,probability
0.95,0.9,lower-10%,1327,Leptoxis dilatata,0.99995524672664,extended_prefix_evaluation,probability
0.95,0.9,lower-10%,1328,Mesocyclops ruttneri,0.999955339044562,extended_prefix_evaluation,probability
0.95,0.9,lower-10%,1329,Quasipaa spinosa,0.9999554039680791,extended_prefix_evaluation,probability
0.95,0.9,lower-10%,1330,Parreysia corrugata,0.9999554669532147,extended_prefix_evaluation,probability
0.95,0.9,lower-10%,1331,Plagiognathops microlepis,0.9999555297851138,extended_prefix_evaluation,probability
0.95,0.9,lower-10%,1332,Radix peregra,0.9999556021150137,extended_prefix_evaluation,probability
0.95,0.9,lower-10%,1333,Galaxias truttaceus,0.999955673585279,extended_prefix_evaluation,probability
0.95,0.9,lower-10%,1334,Abramis brama,0.9999557327757028,extended_prefix_evaluation,probability
0.95,0.9,lower-10%,1335,Ceratophyllum sp.,0.9999558015192586,extended_prefix_evaluation,probability
0.95,0.9,lower-10%,1336,Sialis velata,0.999955859499154,extended_prefix_evaluation,probability
0.95,0.9,lower-10%,1337,Spea multiplicata,0.9999559302596328,extended_prefix_evaluation,probability
0.95,0.9,lower-10%,1338,Clibanarius africanus,0.9999559949643457,extended_prefix_evaluation,probability
0.95,0.9,lower-10%,1339,Leptoxis carinata,0.9999560598927126,extended_prefix_evaluation,probability
0.95,0.9,lower-10%,1340,Prochilodus lineatus,0.999956141805343,extended_prefix_evaluation,probability
0.95,0.9,lower-10%,1341,Paramelita nigroculus,0.9999562073481556,extended_prefix_evaluation,probability
0.95,0.9,lower-10%,1342,Paracalliope fluviatilis,0.9999562704361623,extended_prefix_evaluation,probability
0.95,0.9,lower-10%,1343,Alburnus albidus,0.9999563306042867,extended_prefix_evaluation,probability
0.95,0.9,lower-10%,1344,Mysis relicta,0.9999563954699169,extended_prefix_evaluation,probability
0.95,0.9,lower-10%,1345,Chanodichthys erythropterus,0.9999564561995326,extended_prefix_evaluation,probability
0.95,0.9,lower-10%,1346,Nostoc fritschii,0.999956538153091,extended_prefix_evaluation,probability
0.95,0.9,lower-10%,1347,Elodea nuttallii,0.9999566385990735,extended_prefix_evaluation,probability
0.95,0.9,lower-10%,1348,Pontoporeia sp.,0.9999567010631282,extended_prefix_evaluation,probability
0.95,0.9,lower-10%,1349,Campostoma anomalum,0.9999567603973601,extended_prefix_evaluation,probability
0.95,0.9,lower-10%,1350,Biomphalaria boissyi,0.9999568116005095,extended_prefix_evaluation,probability
0.95,0.9,lower-10%,1351,Mesocyclops leuckarti,0.9999568998152565,extended_prefix_evaluation,probability
0.95,0.9,lower-10%,1352,Elimia catenaria,0.9999569630464521,extended_prefix_evaluation,probability
0.95,0.9,lower-10%,1353,Semotilus atromaculatus,0.9999570202784737,extended_prefix_evaluation,probability
0.95,0.9,lower-10%,1354,Capoeta fusca,0.9999570748263217,extended_prefix_evaluation,probability
0.95,0.9,lower-10%,1355,Parastenocaris germanica,0.9999571661724705,extended_prefix_evaluation,probability
0.95,0.9,lower-10%,1356,Spea intermontana,0.9999572293314691,extended_prefix_evaluation,probability
0.95,0.9,lower-10%,1357,Elimia clavaeformis,0.9999572920271481,extended_prefix_evaluation,probability
0.95,0.9,lower-10%,1358,Platygobio gracilis,0.9999573498184022,extended_prefix_evaluation,probability
0.95,0.9,lower-10%,1359,Nostoc calcicola,0.9999574271172281,extended_prefix_evaluation,probability
0.95,0.9,lower-10%,1360,Pandalus montagui,0.999957487739828,extended_prefix_evaluation,probability
0.95,0.9,lower-10%,1361,Potamogeton sp.,0.9999575588070603,extended_prefix_evaluation,probability
0.95,0.9,lower-10%,1362,Xanthocnemis zealandica,0.9999576226386356,extended_prefix_evaluation,probability
0.95,0.9,lower-10%,1363,Mystus vittatus,0.9999576877699047,extended_prefix_evaluation,probability
0.95,0.9,lower-10%,1364,Afrochiltonia subtenuis,0.9999577482533362,extended_prefix_evaluation,probability
0.95,0.9,lower-10%,1365,Mystus bleekeri,0.9999578015686289,extended_prefix_evaluation,probability
0.95,0.9,lower-10%,1366,Pontogammarus maeoticus,0.9999578611047506,extended_prefix_evaluation,probability
0.95,0.9,lower-10%,1367,Skiffia multipunctata,0.9999579196691342,extended_prefix_evaluation,probability
0.95,0.9,lower-10%,1368,Lamellidens corrianus,0.9999579754178626,extended_prefix_evaluation,probability
0.95,0.9,lower-10%,1369,Alburnus tarichi,0.9999580337660614,extended_prefix_evaluation,probability
0.95,0.9,lower-10%,1370,Enallagma sp.,0.9999580969454321,extended_prefix_evaluation,probability
0.95,0.9,lower-10%,1371,Mictyris longicarpus,0.9999581555267943,extended_prefix_evaluation,probability
0.95,0.9,lower-10%,1372,Potamonautes sp.,0.9999582140991037,extended_prefix_evaluation,probability
0.95,0.9,lower-10%,1373,Anuraeopsis fissa,0.9999582928072542,extended_prefix_evaluation,probability
0.95,0.9,lower-10%,1374,Metynnis orinocensis,0.9999583553229661,extended_prefix_evaluation,probability
0.95,0.9,lower-10%,1375,Biomphalaria tenagophila,0.9999584036762394,extended_prefix_evaluation,probability
0.95,0.9,lower-10%,1376,Ilyoplax gangetica,0.9999584617107542,extended_prefix_evaluation,probability
0.95,0.9,lower-10%,1377,Heloecius cordiformis,0.9999585188514749,extended_prefix_evaluation,probability
0.95,0.9,lower-10%,1378,Leucaspius delineatus,0.9999585738622316,extended_prefix_evaluation,probability
0.95,0.9,lower-10%,1379,Melanotaenia duboulayi,0.9999586389884573,extended_prefix_evaluation,probability
0.95,0.9,lower-10%,1380,Melanotaenia nigrans,0.9999587033569685,extended_prefix_evaluation,probability
0.95,0.9,lower-10%,1381,Bidyanus bidyanus,0.999958777776441,extended_prefix_evaluation,probability
0.95,0.9,lower-10%,1382,Potamogeton crispus,0.9999588461397445,extended_prefix_evaluation,probability
0.95,0.9,lower-10%,1383,Cipangopaludina cathayensis,0.999958906380421,extended_prefix_evaluation,probability
0.95,0.9,lower-10%,1384,Noemacheilus montanus,0.9999589649766751,extended_prefix_evaluation,probability
0.95,0.9,lower-10%,1385,Radix balthica,0.9999590287915183,extended_prefix_evaluation,probability
0.95,0.9,lower-10%,1386,Nostoc muscorum,0.9999591018391804,extended_prefix_evaluation,probability
0.95,0.9,lower-10%,1387,Cyclops viridis,0.9999591801488628,extended_prefix_evaluation,probability
0.95,0.9,lower-10%,1388,Pontoporeia hoyi,0.9999592355877224,extended_prefix_evaluation,probability
0.95,0.9,lower-10%,1389,Rhamdia sapo,0.9999593041477495,extended_prefix_evaluation,probability
0.95,0.9,lower-10%,1390,Vimba vimba,0.9999593567676843,extended_prefix_evaluation,probability
0.95,0.9,lower-10%,1391,Ambassis gymnocephalus,0.9999594124636514,extended_prefix_evaluation,probability
0.95,0.9,lower-10%,1392,Enallagma cyathigerum,0.9999594731956412,extended_prefix_evaluation,probability
0.95,0.9,lower-10%,1393,Menidia beryllina,0.9999595337999623,extended_prefix_evaluation,probability
0.95,0.9,lower-10%,1394,Sinotaia aeruginosa,0.9999595924764159,extended_prefix_evaluation,probability
0.95,0.9,lower-10%,1395,Anabaena circinalis,0.9999596631081914,extended_prefix_evaluation,probability
0.95,0.9,lower-10%,1396,Notodiaptomus conifer,0.999959737582558,extended_prefix_evaluation,probability
0.95,0.9,lower-10%,1397,Misgurnus fossilis,0.9999598048793692,extended_prefix_evaluation,probability
0.95,0.9,lower-10%,1398,Metapenaeus monoceros,0.9999598588052823,extended_prefix_evaluation,probability
0.95,0.9,lower-10%,1399,Corophium sp.,0.9999599127441531,extended_prefix_evaluation,probability
0.95,0.9,lower-10%,1400,Goodea atripinnis,0.9999599662153037,extended_prefix_evaluation,probability
0.95,0.9,lower-10%,1401,Callinectes sapidus,0.9999600265834588,extended_prefix_evaluation,probability
0.95,0.9,lower-10%,1402,Anguilla australis,0.999960091187287,extended_prefix_evaluation,probability
0.95,0.9,lower-10%,1403,Nyctibatrachus major,0.9999601462354051,extended_prefix_evaluation,probability
0.95,0.9,lower-10%,1404,Pseudomugil tenellus,0.9999602049745749,extended_prefix_evaluation,probability
0.95,0.9,lower-10%,1405,Luxilus cornutus,0.9999602565150828,extended_prefix_evaluation,probability
0.95,0.9,lower-10%,1406,Zacco platypus,0.9999603027505719,extended_prefix_evaluation,probability
0.95,0.9,lower-10%,1407,Potamogeton perfoliatus,0.9999603660380199,extended_prefix_evaluation,probability
0.95,0.9,lower-10%,1408,Oreochromis mossambicus,0.9999604170030184,extended_prefix_evaluation,probability
0.95,0.9,lower-10%,1409,Acanthocyclops venustus,0.9999604918492326,extended_prefix_evaluation,probability
0.95,0.9,lower-10%,1410,Mystus tengara,0.9999605383707639,extended_prefix_evaluation,probability
0.95,0.9,lower-10%,1411,Anabaena inaequalis,0.9999606066986998,extended_prefix_evaluation,probability
0.95,0.9,lower-10%,1412,Nematalosa erebi,0.9999606597842055,extended_prefix_evaluation,probability
0.95,0.9,lower-10%,1413,Litopenaeus vannamei,0.9999607110989963,extended_prefix_evaluation,probability
0.95,0.9,lower-10%,1414,Farfantepenaeus duorarum,0.999960762313963,extended_prefix_evaluation,probability
0.95,0.9,lower-10%,1415,Fundulus heteroclitus,0.9999608260444395,extended_prefix_evaluation,probability
0.95,0.9,lower-10%,1416,Catostomus latipinnis,0.9999608848605849,extended_prefix_evaluation,probability
0.95,0.9,lower-10%,1417,Chapalichthys pardalis,0.99996093567432,extended_prefix_evaluation,probability
0.95,0.9,lower-10%,1418,Rhithropanopeus harrisii,0.9999609875706824,extended_prefix_evaluation,probability
0.95,0.9,lower-10%,1419,Tilapia rendalli,0.9999610334247474,extended_prefix_evaluation,probability
0.95,0.9,lower-10%,1420,Tilapia melanopleura,0.9999610794687707,extended_prefix_evaluation,probability
0.95,0.9,lower-10%,1421,Anabaena cylindrica,0.9999611505018247,extended_prefix_evaluation,probability
0.95,0.9,lower-10%,1422,Chirostoma jordani,0.9999612139936229,extended_prefix_evaluation,probability
0.95,0.9,lower-10%,1423,Leptoxis sp.,0.9999612643164212,extended_prefix_evaluation,probability
0.95,0.9,lower-10%,1424,Mesochra parva,0.999961335644289,extended_prefix_evaluation,probability
0.95,0.9,lower-10%,1425,Egeria densa,0.9999614114411702,extended_prefix_evaluation,probability
0.95,0.9,lower-10%,1426,Parreysia favidens,0.9999614542205971,extended_prefix_evaluation,probability
0.95,0.9,lower-10%,1427,Gobiomorphus huttoni,0.9999615047245412,extended_prefix_evaluation,probability
0.95,0.9,lower-10%,1428,Bellamya bengalensis,0.9999615598191148,extended_prefix_evaluation,probability
0.95,0.9,lower-10%,1429,Penaeus indicus,0.9999616091848743,extended_prefix_evaluation,probability
0.95,0.9,lower-10%,1430,Elimia livescens,0.9999616586285239,extended_prefix_evaluation,probability
0.95,0.9,lower-10%,1431,Hemibagrus nemurus,0.9999617061448044,extended_prefix_evaluation,probability
0.95,0.9,lower-10%,1432,Attheyella crassa,0.9999617762186003,extended_prefix_evaluation,probability
0.95,0.9,lower-10%,1433,Paracyclops fimbriatus,0.9999618473484789,extended_prefix_evaluation,probability
0.95,0.9,lower-10%,1434,Syngnathus scovelli,0.9999618980298368,extended_prefix_evaluation,probability
0.95,0.9,lower-10%,1435,Thiara scabra,0.999961950527308,extended_prefix_evaluation,probability
0.95,0.9,lower-10%,1436,Drepanomonas revoluta,0.9999620407684168,extended_prefix_evaluation,probability
0.95,0.9,lower-10%,1437,Odontophrynus americanus,0.999962088093228,extended_prefix_evaluation,probability
0.95,0.9,lower-10%,1438,Lepidocephalichthys guntea,0.9999621377564339,extended_prefix_evaluation,probability
0.95,0.9,lower-10%,1439,Egeria sp.,0.9999622118230103,extended_prefix_evaluation,probability
0.95,0.9,lower-10%,1440,Pelodytes ibericus,0.9999622586407816,extended_prefix_evaluation,probability
0.95,0.9,lower-10%,1441,Thiara lineata,0.9999623101221309,extended_prefix_evaluation,probability
0.95,0.9,lower-10%,1442,Filopaludina sp.,0.99996236109666,extended_prefix_evaluation,probability
0.95,0.9,lower-10%,1443,Viviparus bengalensis,0.9999624186926386,extended_prefix_evaluation,probability
0.95,0.9,lower-10%,1444,Eupomatis gibbosus,0.9999624749172675,extended_prefix_evaluation,probability
0.95,0.9,lower-10%,1445,Anabaena flosaquae,0.9999625384632888,extended_prefix_evaluation,probability
0.95,0.9,lower-10%,1446,Acanthocyclops robustus,0.9999626060819423,extended_prefix_evaluation,probability
0.95,0.9,lower-10%,1447,Cypridopsis vidua,0.9999626702536288,extended_prefix_evaluation,probability
0.95,0.9,lower-10%,1448,Campeloma decisum,0.9999627238200643,extended_prefix_evaluation,probability
0.95,0.9,lower-10%,1449,Hepsetus odoe,0.9999627702644855,extended_prefix_evaluation,probability
0.95,0.9,lower-10%,1450,Paramecium caudatum,0.9999628456259714,extended_prefix_evaluation,probability
0.95,0.9,lower-10%,1451,Sesarma huzardi,0.9999628907365301,extended_prefix_evaluation,probability
0.95,0.9,lower-10%,1452,Cipangopaludina chinensis,0.9999629403319855,extended_prefix_evaluation,probability
0.95,0.9,lower-10%,1453,Pomoxis nigromaculatus,0.9999629926630111,extended_prefix_evaluation,probability
0.95,0.9,lower-10%,1454,Adelotus brevis,0.9999630368521117,extended_prefix_evaluation,probability
0.95,0.9,lower-10%,1455,Cherax tenuimanus,0.9999630860641554,extended_prefix_evaluation,probability
0.95,0.9,lower-10%,1456,Eurycea bislineata,0.9999631310384107,extended_prefix_evaluation,probability
0.95,0.9,lower-10%,1457,Pomoxis annularis,0.9999631817214202,extended_prefix_evaluation,probability
0.95,0.9,lower-10%,1458,Bulinus truncatus,0.9999632210472322,extended_prefix_evaluation,probability
0.95,0.9,lower-10%,1459,Penaeus chinensis,0.999963266087839,extended_prefix_evaluation,probability
0.95,0.9,lower-10%,1460,Fundulus diaphanus,0.9999633229583366,extended_prefix_evaluation,probability
0.95,0.9,lower-10%,1461,Limnodynastes peronii,0.9999633690906967,extended_prefix_evaluation,probability
0.95,0.9,lower-10%,1462,Diacyclops sp.,0.9999634359792731,extended_prefix_evaluation,probability
0.95,0.9,lower-10%,1463,Diacyclops disjunctus,0.999963502656383,extended_prefix_evaluation,probability
0.95,0.9,lower-10%,1464,Diacyclops bicuspidatus,0.9999635690695257,extended_prefix_evaluation,probability
0.95,0.9,lower-10%,1465,Clarias gariepinus,0.9999636250520872,extended_prefix_evaluation,probability
0.95,0.9,lower-10%,1466,Aphanocapsa sp.,0.9999636904911142,extended_prefix_evaluation,probability
0.95,0.9,lower-10%,1467,Gloeocapsa sp.,0.9999637557845965,extended_prefix_evaluation,probability
0.95,0.9,lower-10%,1468,Colisa lalia,0.9999637967092847,extended_prefix_evaluation,probability
0.95,0.9,lower-10%,1469,Schistosoma mansoni,0.9999638838255623,extended_prefix_evaluation,probability
0.95,0.9,lower-10%,1470,Pleurocera sp.,0.9999639309972177,extended_prefix_evaluation,probability
0.95,0.9,lower-10%,1471,Diacyclops thomasi,0.9999639972034177,extended_prefix_evaluation,probability
0.95,0.9,lower-10%,1472,Anabaena aphanizomendoides,0.9999640545307547,extended_prefix_evaluation,probability
0.95,0.9,lower-10%,1473,Hypostomus plecostomus,0.9999641006751562,extended_prefix_evaluation,probability
0.95,0.9,lower-10%,1474,Monoporeia affinis,0.9999641496853872,extended_prefix_evaluation,probability
0.95,0.9,lower-10%,1475,Parreysia cylindrica,0.9999641910656317,extended_prefix_evaluation,probability
0.95,0.9,lower-10%,1476,Biomphalaria alexandrina,0.9999642249873716,extended_prefix_evaluation,probability
0.95,0.9,lower-10%,1477,Synodontis sp.,0.9999642681752999,extended_prefix_evaluation,probability
0.95,0.9,lower-10%,1478,Chlamydomonas geitleri,0.9999643185944227,extended_prefix_evaluation,probability
0.95,0.9,lower-10%,1479,Neosilurus sp.,0.9999643612158738,extended_prefix_evaluation,probability
0.95,0.9,lower-10%,1480,Viviparus contectus,0.9999644116798652,extended_prefix_evaluation,probability
0.95,0.9,lower-10%,1481,Scylla serrata,0.999964456928582,extended_prefix_evaluation,probability
0.95,0.9,lower-10%,1482,Rhacophorus arboreus,0.9999645015670511,extended_prefix_evaluation,probability
0.95,0.9,lower-10%,1483,Barytelphusa guerini,0.9999645441438921,extended_prefix_evaluation,probability
0.95,0.9,lower-10%,1484,Stagnicola elodes,0.9999645931473844,extended_prefix_evaluation,probability
0.95,0.9,lower-10%,1485,Wallago attu,0.9999646348774005,extended_prefix_evaluation,probability
0.95,0.9,lower-10%,1486,Aphanothece stagnina,0.9999646977694988,extended_prefix_evaluation,probability
0.95,0.9,lower-10%,1487,Clarias batrachus,0.9999647529140459,extended_prefix_evaluation,probability
0.95,0.9,lower-10%,1488,Tilapia guineensis,0.9999647913956523,extended_prefix_evaluation,probability
0.95,0.9,lower-10%,1489,Eriocheir sinensis,0.999964831165847,extended_prefix_evaluation,probability
0.95,0.9,lower-10%,1490,Umbra pygmaea,0.9999648728456315,extended_prefix_evaluation,probability
0.95,0.9,lower-10%,1491,Pseudoplatystoma sp.,0.9999649146756535,extended_prefix_evaluation,probability
0.95,0.9,lower-10%,1492,Nandus nandus,0.9999649557577914,extended_prefix_evaluation,probability
0.95,0.9,lower-10%,1493,Nemapteryx nenga,0.9999649969371138,extended_prefix_evaluation,probability
0.95,0.9,lower-10%,1494,Leporinus obtusidens,0.9999650421554752,extended_prefix_evaluation,probability
0.95,0.9,lower-10%,1495,Rivulus marmoratus,0.9999650832013148,extended_prefix_evaluation,probability
0.95,0.9,lower-10%,1496,Dilocarcinus pagei,0.9999651294490894,extended_prefix_evaluation,probability
0.95,0.9,lower-10%,1497,Sulcospira hainanensis,0.9999651703273147,extended_prefix_evaluation,probability
0.95,0.9,lower-10%,1498,Scaphiopus holbrookii,0.9999652119607124,extended_prefix_evaluation,probability
0.95,0.9,lower-10%,1499,Rhinomugil corsula,0.9999652525710786,extended_prefix_evaluation,probability
0.95,0.9,lower-10%,1500,Anguilla sp.,0.9999653028060382,extended_prefix_evaluation,probability
0.95,0.9,lower-10%,1501,Crinia signifera,0.9999653426272734,extended_prefix_evaluation,probability
0.95,0.9,lower-10%,1502,Nemacheilus botia,0.9999653861685746,extended_prefix_evaluation,probability
0.95,0.9,lower-10%,1503,Ambloplites rupestris,0.9999654311346474,extended_prefix_evaluation,probability
0.95,0.9,lower-10%,1504,Chlamydomonas reinhardtii,0.9999654762912302,extended_prefix_evaluation,probability
0.95,0.9,lower-10%,1505,Nannostomus unifasciatus,0.9999655178696841,extended_prefix_evaluation,probability
0.95,0.9,lower-10%,1506,Piaractus mesopotamicus,0.9999655681860629,extended_prefix_evaluation,probability
0.95,0.9,lower-10%,1507,Cherax quadricarinatus,0.9999656131003097,extended_prefix_evaluation,probability
0.95,0.9,lower-10%,1508,Thiara sp.,0.9999656553570746,extended_prefix_evaluation,probability
0.95,0.9,lower-10%,1509,Prochilodus scrofa,0.9999657075751948,extended_prefix_evaluation,probability
0.95,0.9,lower-10%,1510,Alytes obstetricans,0.999965748591808,extended_prefix_evaluation,probability
0.95,0.9,lower-10%,1511,Chlamydomonas angulosa,0.9999657955317686,extended_prefix_evaluation,probability
0.95,0.9,lower-10%,1512,Colisa fasciata,0.9999658296601367,extended_prefix_evaluation,probability
0.95,0.9,lower-10%,1513,Bulinus globosus,0.9999658651997061,extended_prefix_evaluation,probability
0.95,0.9,lower-10%,1514,Callinectes amnicola,0.999965909157705,extended_prefix_evaluation,probability
0.95,0.9,lower-10%,1515,Odontesthes bonariensis,0.9999659609205298,extended_prefix_evaluation,probability
0.95,0.9,lower-10%,1516,Theodoxus fluviatilis,0.9999659998477362,extended_prefix_evaluation,probability
0.95,0.9,lower-10%,1517,Carcinus maenas,0.9999660391015578,extended_prefix_evaluation,probability
0.95,0.9,lower-10%,1518,Macquaria novemaculeata,0.9999660783460789,extended_prefix_evaluation,probability
0.95,0.9,lower-10%,1519,Nostoc commune,0.9999661319858191,extended_prefix_evaluation,probability
0.95,0.9,lower-10%,1520,Amphimelania holandri,0.9999661719579546,extended_prefix_evaluation,probability
0.95,0.9,lower-10%,1521,Monopterus albus,0.999966211896209,extended_prefix_evaluation,probability
0.95,0.9,lower-10%,1522,Otocinclus affinis,0.9999662521021305,extended_prefix_evaluation,probability
0.95,0.9,lower-10%,1523,Chlorohydra viridissima,0.9999663134172092,extended_prefix_evaluation,probability
0.95,0.9,lower-10%,1524,Chlamydomonas eugametos,0.9999663590087448,extended_prefix_evaluation,probability
0.95,0.9,lower-10%,1525,Macrognathus aculeatus,0.9999663972080584,extended_prefix_evaluation,probability
0.95,0.9,lower-10%,1526,Colossoma macropomum,0.9999664466581083,extended_prefix_evaluation,probability
0.95,0.9,lower-10%,1527,Rita rita,0.9999664837422515,extended_prefix_evaluation,probability
0.95,0.9,lower-10%,1528,Selenastrum minutum,0.9999665220944332,extended_prefix_evaluation,probability
0.95,0.9,lower-10%,1529,Anguilla japonica,0.9999665706700743,extended_prefix_evaluation,probability
0.95,0.9,lower-10%,1530,Aplocheilus panchax,0.999966615893667,extended_prefix_evaluation,probability
0.95,0.9,lower-10%,1531,Stenotomus versicolor,0.9999666537207436,extended_prefix_evaluation,probability
0.95,0.9,lower-10%,1532,Barytelphusa cunicularis,0.9999666908127504,extended_prefix_evaluation,probability
0.95,0.9,lower-10%,1533,Bombina orientalis,0.9999667312588458,extended_prefix_evaluation,probability
0.95,0.9,lower-10%,1534,Anabaena variabilis,0.9999667836827759,extended_prefix_evaluation,probability
0.95,0.9,lower-10%,1535,Crinia insignifera,0.9999668207131382,extended_prefix_evaluation,probability
0.95,0.9,lower-10%,1536,Bombina variegata,0.9999668594966886,extended_prefix_evaluation,probability
0.95,0.9,lower-10%,1537,Pterophyllum scalare,0.9999669013304138,extended_prefix_evaluation,probability
0.95,0.9,lower-10%,1538,Mesocyclops sp.,0.9999669562046993,extended_prefix_evaluation,probability
0.95,0.9,lower-10%,1539,Hynobius retardatus,0.9999669923759138,extended_prefix_evaluation,probability
0.95,0.9,lower-10%,1540,Limnodynastes tasmaniensis,0.9999670320903593,extended_prefix_evaluation,probability
0.95,0.9,lower-10%,1541,Bulinus tropicus,0.999967065470326,extended_prefix_evaluation,probability
0.95,0.9,lower-10%,1542,Texadina sp.,0.9999671024626492,extended_prefix_evaluation,probability
0.95,0.9,lower-10%,1543,Nothobranchius guentheri,0.9999671476710185,extended_prefix_evaluation,probability
0.95,0.9,lower-10%,1544,Brotia sp.,0.9999671882471023,extended_prefix_evaluation,probability
0.95,0.9,lower-10%,1545,Monopterus cuchia,0.9999672246654734,extended_prefix_evaluation,probability
0.95,0.9,lower-10%,1546,Chilina gibbosa,0.9999672608924998,extended_prefix_evaluation,probability
0.95,0.9,lower-10%,1547,Discoglossus pictus,0.9999673004048045,extended_prefix_evaluation,probability
0.95,0.9,lower-10%,1548,Coccochloris peniocystis,0.9999673550464087,extended_prefix_evaluation,probability
0.95,0.9,lower-10%,1549,Macropodus opercularis,0.9999673920575598,extended_prefix_evaluation,probability
0.95,0.9,lower-10%,1550,Viviparus georgianus,0.9999674369744673,extended_prefix_evaluation,probability
0.95,0.9,lower-10%,1551,Tilapia aurea,0.9999674717803484,extended_prefix_evaluation,probability
0.95,0.9,lower-10%,1552,Paralichthys orbignyanus,0.9999675070799163,extended_prefix_evaluation,probability
0.95,0.9,lower-10%,1553,Chlamydomonas applanata,0.9999675495333297,extended_prefix_evaluation,probability
0.95,0.9,lower-10%,1554,Bulinus abyssinicus,0.9999675815756223,extended_prefix_evaluation,probability
0.95,0.9,lower-10%,1555,Synechococcus elongatus,0.9999676355273401,extended_prefix_evaluation,probability
0.95,0.9,lower-10%,1556,Tubifex tubifex,0.9999676896913618,extended_prefix_evaluation,probability
0.95,0.9,lower-10%,1557,Polypedates megacephalus,0.9999677291127239,extended_prefix_evaluation,probability
0.95,0.9,lower-10%,1558,Najas guadalupensis,0.999967785350905,extended_prefix_evaluation,probability
0.95,0.9,lower-10%,1559,Chlamydomonas altera,0.9999678267814244,extended_prefix_evaluation,probability
0.95,0.9,lower-10%,1560,Chlamydomonas asymmetrica,0.9999678681448254,extended_prefix_evaluation,probability
0.95,0.9,lower-10%,1561,Chlamydomonas botryopara,0.9999679094412307,extended_prefix_evaluation,probability
0.95,0.9,lower-10%,1562,Chlamydomonas britannica,0.9999679506707623,extended_prefix_evaluation,probability
0.95,0.9,lower-10%,1563,Chlamydomonas debaryana,0.9999679918335411,extended_prefix_evaluation,probability
0.95,0.9,lower-10%,1564,Chlamydomonas globosa,0.9999680329296894,extended_prefix_evaluation,probability
0.95,0.9,lower-10%,1565,Cherax destructor,0.9999680702650926,extended_prefix_evaluation,probability
0.95,0.9,lower-10%,1566,Chlamydomonas gloeopara,0.9999681112342417,extended_prefix_evaluation,probability
0.95,0.9,lower-10%,1567,Chlamydomonas hebes,0.999968152137112,extended_prefix_evaluation,probability
0.95,0.9,lower-10%,1568,Chlamydomonas heterogama,0.9999681929738243,extended_prefix_evaluation,probability
0.95,0.9,lower-10%,1569,Chlamydomonas kniepii,0.9999682337444983,extended_prefix_evaluation,probability
0.95,0.9,lower-10%,1570,Chlamydomonas latifrons,0.9999682744492544,extended_prefix_evaluation,probability
0.95,0.9,lower-10%,1571,Chlamydomonas micropapillata,0.9999683150882119,extended_prefix_evaluation,probability
0.95,0.9,lower-10%,1572,Chlamydomonas mutabilis,0.9999683556614911,extended_prefix_evaluation,probability
0.95,0.9,lower-10%,1573,Chlamydomonas peterfi,0.9999683961692102,extended_prefix_evaluation,probability
0.95,0.9,lower-10%,1574,Chlamydomonas planctogloea,0.9999684366114884,extended_prefix_evaluation,probability
0.95,0.9,lower-10%,1575,Chlamydomonas pseudoelegans,0.9999684769884448,extended_prefix_evaluation,probability
0.95,0.9,lower-10%,1576,Chlamydomonas quiescens,0.9999685173001979,extended_prefix_evaluation,probability
0.95,0.9,lower-10%,1577,Chlamydomonas snowiae,0.9999685575468655,extended_prefix_evaluation,probability
0.95,0.9,lower-10%,1578,Chlamydomonas sphagnophila,0.9999685977285662,extended_prefix_evaluation,probability
0.95,0.9,lower-10%,1579,Chlamydomonas subtilis,0.9999686378454171,extended_prefix_evaluation,probability
0.95,0.9,lower-10%,1580,Chlamydomonas terricola,0.9999686778975362,extended_prefix_evaluation,probability
0.95,0.9,lower-10%,1581,Chlamydomonas vulgaris,0.9999687178850407,extended_prefix_evaluation,probability
0.95,0.9,lower-10%,1582,Chasmagnathus granulata,0.9999687541143224,extended_prefix_evaluation,probability
0.95,0.9,lower-10%,1583,Chlamydomonas sp.,0.9999687950229306,extended_prefix_evaluation,probability
0.95,0.9,lower-10%,1584,Deltistes luxatus,0.9999688358849196,extended_prefix_evaluation,probability
0.95,0.9,lower-10%,1585,Burnupia stenochorias,0.9999688709747194,extended_prefix_evaluation,probability
0.95,0.9,lower-10%,1586,Sphaerium simile,0.9999689187826247,extended_prefix_evaluation,probability
0.95,0.9,lower-10%,1587,Polypedates cruciger,0.9999689583659745,extended_prefix_evaluation,probability
0.95,0.9,lower-10%,1588,Radix luteola,0.9999689951192462,extended_prefix_evaluation,probability
0.95,0.9,lower-10%,1589,Macoma balthica,0.9999690407732488,extended_prefix_evaluation,probability
0.95,0.9,lower-10%,1590,Eupera singleyi,0.9999690857413686,extended_prefix_evaluation,probability
0.95,0.9,lower-10%,1591,Piaractus brachypomus,0.9999691266891794,extended_prefix_evaluation,probability
0.95,0.9,lower-10%,1592,Mystus cavasius,0.9999691651178119,extended_prefix_evaluation,probability
0.95,0.9,lower-10%,1593,Ictiobus cyprinellus,0.999969204962705,extended_prefix_evaluation,probability
0.95,0.9,lower-10%,1594,Galaxias maculatus,0.999969249117522,extended_prefix_evaluation,probability
0.95,0.9,lower-10%,1595,Channa punctata,0.9999692840182893,extended_prefix_evaluation,probability
0.95,0.9,lower-10%,1596,Microcystis sp.,0.9999693365148338,extended_prefix_evaluation,probability
0.95,0.9,lower-10%,1597,Cichla ocellaris,0.9999693724934149,extended_prefix_evaluation,probability
0.95,0.9,lower-10%,1598,Lanistes carinatus,0.9999694074889026,extended_prefix_evaluation,probability
0.95,0.9,lower-10%,1599,Polycelis nigra,0.9999694582981218,extended_prefix_evaluation,probability
0.95,0.9,lower-10%,1600,Cynops pyrrhogaster,0.9999694935862335,extended_prefix_evaluation,probability
0.95,0.9,lower-10%,1601,Sinopotamon honanense,0.9999695295286837,extended_prefix_evaluation,probability
0.95,0.9,lower-10%,1602,Acanthocyclops vernalis,0.99996957597207,extended_prefix_evaluation,probability
0.95,0.9,lower-10%,1603,Trichodactylus borellianus,0.9999696122693043,extended_prefix_evaluation,probability
0.95,0.9,lower-10%,1604,Clarias macrocephalus,0.9999696522620333,extended_prefix_evaluation,probability
0.95,0.9,lower-10%,1605,Melanoides tuberculata,0.9999696822739415,extended_prefix_evaluation,probability
0.95,0.9,lower-10%,1606,Pleurodeles sp.,0.9999697177840172,extended_prefix_evaluation,probability
0.95,0.9,lower-10%,1607,Musculium transversum,0.9999697629672007,extended_prefix_evaluation,probability
0.95,0.9,lower-10%,1608,Chlamydomonas gloeogama,0.9999698000132814,extended_prefix_evaluation,probability
0.95,0.9,lower-10%,1609,Tilapia sp.,0.999969835542309,extended_prefix_evaluation,probability
0.95,0.9,lower-10%,1610,Valvata piscinalis,0.9999698687512585,extended_prefix_evaluation,probability
0.95,0.9,lower-10%,1611,Chasmistes brevirostris,0.9999699067352015,extended_prefix_evaluation,probability
0.95,0.9,lower-10%,1612,Mystus keletius,0.9999699434184253,extended_prefix_evaluation,probability
0.95,0.9,lower-10%,1613,Stenocypris major,0.9999699964485249,extended_prefix_evaluation,probability
0.95,0.9,lower-10%,1614,Discoglossus galganoi,0.9999700308635694,extended_prefix_evaluation,probability
0.95,0.9,lower-10%,1615,Nais variabilis,0.9999700923419157,extended_prefix_evaluation,probability
0.95,0.9,lower-10%,1616,Parachromis dovii,0.9999701265696662,extended_prefix_evaluation,probability
0.95,0.9,lower-10%,1617,Myxocyprinus asiaticus,0.9999701633010117,extended_prefix_evaluation,probability
0.95,0.9,lower-10%,1618,Pungitius pungitius,0.999970202942756,extended_prefix_evaluation,probability
0.95,0.9,lower-10%,1619,Alosa sapidissima,0.9999702412044735,extended_prefix_evaluation,probability
0.95,0.9,lower-10%,1620,Tilapia zillii,0.9999702717276372,extended_prefix_evaluation,probability
0.95,0.9,lower-10%,1621,Australoheros facetus,0.9999703060149283,extended_prefix_evaluation,probability
0.95,0.9,lower-10%,1622,Lepidocephalichthys thermalis,0.9999703440432437,extended_prefix_evaluation,probability
0.95,0.9,lower-10%,1623,Culaea inconstans,0.9999703832006043,extended_prefix_evaluation,probability
0.95,0.9,lower-10%,1624,Zilchiopsis collastinensis,0.9999704154266048,extended_prefix_evaluation,probability
0.95,0.9,lower-10%,1625,Nais sp.,0.9999704757416653,extended_prefix_evaluation,probability
0.95,0.9,lower-10%,1626,Anabaena doliolum,0.9999705152170594,extended_prefix_evaluation,probability
0.95,0.9,lower-10%,1627,Astyanax bimaculatus,0.9999705529879902,extended_prefix_evaluation,probability
0.95,0.9,lower-10%,1628,Microcystis aeruginosa,0.9999706028400289,extended_prefix_evaluation,probability
0.95,0.9,lower-10%,1629,Herotilapia multispinosa,0.999970636233026,extended_prefix_evaluation,probability
0.95,0.9,lower-10%,1630,Astyanax fasciatus,0.9999706737578778,extended_prefix_evaluation,probability
0.95,0.9,lower-10%,1631,Discoglossus jeanneae,0.9999707069059157,extended_prefix_evaluation,probability
0.95,0.9,lower-10%,1632,Galaxias fasciatus,0.9999707451275474,extended_prefix_evaluation,probability
0.95,0.9,lower-10%,1633,Chioglossa lusitanica,0.9999707785542844,extended_prefix_evaluation,probability
0.95,0.9,lower-10%,1634,Chlorella sorokiniana,0.9999708133675942,extended_prefix_evaluation,probability
0.95,0.9,lower-10%,1635,Chlorella vulgaris,0.9999708513658039,extended_prefix_evaluation,probability
0.95,0.9,lower-10%,1636,Chlorella salina,0.9999708859016643,extended_prefix_evaluation,probability
0.95,0.9,lower-10%,1637,Tigriopus japonicus,0.999970922791519,extended_prefix_evaluation,probability
0.95,0.9,lower-10%,1638,Chlorella variegata,0.9999709571384634,extended_prefix_evaluation,probability
0.95,0.9,lower-10%,1639,Chlorella sp.,0.9999709919528073,extended_prefix_evaluation,probability
0.95,0.9,lower-10%,1640,Galaxias auratus,0.9999710298990585,extended_prefix_evaluation,probability
0.95,0.9,lower-10%,1641,Astronotus ocellatus,0.9999710629202514,extended_prefix_evaluation,probability
0.95,0.9,lower-10%,1642,Tilapia sparrmanii,0.9999710960064591,extended_prefix_evaluation,probability
0.95,0.9,lower-10%,1643,Pila ovata,0.9999711261162207,extended_prefix_evaluation,probability
0.95,0.9,lower-10%,1644,Melanopsis dufouri,0.9999711522433375,extended_prefix_evaluation,probability
0.95,0.9,lower-10%,1645,Erpobdella sp.,0.999971196914763,extended_prefix_evaluation,probability
0.95,0.9,lower-10%,1646,Sphaerium sp.,0.9999712387870459,extended_prefix_evaluation,probability
0.95,0.9,lower-10%,1647,Erpobdella punctata,0.9999712836192924,extended_prefix_evaluation,probability
0.95,0.9,lower-10%,1648,Lamellidens marginalis,0.9999713084541902,extended_prefix_evaluation,probability
0.95,0.9,lower-10%,1649,Desmodesmus subspicatus,0.9999713421981133,extended_prefix_evaluation,probability
0.95,0.9,lower-10%,1650,Anabaena sp.,0.9999713809819143,extended_prefix_evaluation,probability
0.95,0.9,lower-10%,1651,Nais communis,0.9999714379124385,extended_prefix_evaluation,probability
0.95,0.9,lower-10%,1652,Aulosira prolifica,0.9999714766902493,extended_prefix_evaluation,probability
0.95,0.9,lower-10%,1653,Tilapia spilurus,0.9999715084389674,extended_prefix_evaluation,probability
0.95,0.9,lower-10%,1654,Sarotherodon galilaeus,0.9999715402782773,extended_prefix_evaluation,probability
0.95,0.9,lower-10%,1655,Hypentelium nigricans,0.9999715748286147,extended_prefix_evaluation,probability
0.95,0.9,lower-10%,1656,Pleurodeles waltl,0.9999716066833619,extended_prefix_evaluation,probability
0.95,0.9,lower-10%,1657,Tilapia galilaea,0.9999716386359652,extended_prefix_evaluation,probability
0.95,0.9,lower-10%,1658,Corydoras paleatus,0.9999716719188149,extended_prefix_evaluation,probability
0.95,0.9,lower-10%,1659,Chlorella luteoviridis,0.9999717046932253,extended_prefix_evaluation,probability
0.95,0.9,lower-10%,1660,Chlorella minutissima,0.9999717374190547,extended_prefix_evaluation,probability
0.95,0.9,lower-10%,1661,Chlorella protothecoides,0.999971770096384,extended_prefix_evaluation,probability
0.95,0.9,lower-10%,1662,Pelobates cultripes,0.9999718006890799,extended_prefix_evaluation,probability
0.95,0.9,lower-10%,1663,Huso huso,0.9999718374712097,extended_prefix_evaluation,probability
0.95,0.9,lower-10%,1664,Betta splendens,0.9999718665697416,extended_prefix_evaluation,probability
0.95,0.9,lower-10%,1665,Sphaerium novaezelandiae,0.9999719068642384,extended_prefix_evaluation,probability
0.95,0.9,lower-10%,1666,Silurus glanis,0.9999719395716623,extended_prefix_evaluation,probability
0.95,0.9,lower-10%,1667,Tilapia natalensis,0.9999719702955829,extended_prefix_evaluation,probability
0.95,0.9,lower-10%,1668,Cypria ophthalmica,0.9999720121632338,extended_prefix_evaluation,probability
0.95,0.9,lower-10%,1669,Crassula helmsii,0.9999720516276295,extended_prefix_evaluation,probability
0.95,0.9,lower-10%,1670,Fallopia convolvulus,0.9999720910210497,extended_prefix_evaluation,probability
0.95,0.9,lower-10%,1671,Megacyclops viridis,0.9999721314450383,extended_prefix_evaluation,probability
0.95,0.9,lower-10%,1672,Triturus boscai,0.9999721625353457,extended_prefix_evaluation,probability
0.95,0.9,lower-10%,1673,Clarias anguillaris,0.9999721961995638,extended_prefix_evaluation,probability
0.95,0.9,lower-10%,1674,Heteropneustes fossilis,0.9999722283848688,extended_prefix_evaluation,probability
0.95,0.9,lower-10%,1675,Tilapia hornorum,0.9999722585385149,extended_prefix_evaluation,probability
0.95,0.9,lower-10%,1676,Thermocyclops oblongatus,0.9999722970086974,extended_prefix_evaluation,probability
0.95,0.9,lower-10%,1677,Triturus cristatus,0.9999723271200274,extended_prefix_evaluation,probability
0.95,0.9,lower-10%,1678,Noemacheilus barbatulus,0.9999723601402466,extended_prefix_evaluation,probability
0.95,0.9,lower-10%,1679,Bithynia leachi,0.9999723902726831,extended_prefix_evaluation,probability
0.95,0.9,lower-10%,1680,Scaphirhynchus platorynchus,0.999972424445009,extended_prefix_evaluation,probability
0.95,0.9,lower-10%,1681,Oscillatoria agardhii,0.9999724568881566,extended_prefix_evaluation,probability
0.95,0.9,lower-10%,1682,Tilapia leucosticta,0.9999724864738049,extended_prefix_evaluation,probability
0.95,0.9,lower-10%,1683,Nostoc sp.,0.9999725213827289,extended_prefix_evaluation,probability
0.95,0.9,lower-10%,1684,Groenlandia densa,0.9999725576268779,extended_prefix_evaluation,probability
0.95,0.9,lower-10%,1685,Euplotes moebiusi,0.9999726110761977,extended_prefix_evaluation,probability
0.95,0.9,lower-10%,1686,Oncomelania quadrasi,0.9999726390307601,extended_prefix_evaluation,probability
0.95,0.9,lower-10%,1687,Pisidium sp.,0.9999726746951879,extended_prefix_evaluation,probability
0.95,0.9,lower-10%,1688,Eurytemora affinis,0.9999727128550986,extended_prefix_evaluation,probability
0.95,0.9,lower-10%,1689,Rangia cuneata,0.9999727453095919,extended_prefix_evaluation,probability
0.95,0.9,lower-10%,1690,Apium nodiflorum,0.9999727836127359,extended_prefix_evaluation,probability
0.95,0.9,lower-10%,1691,Nasturtium officinale,0.9999728215948093,extended_prefix_evaluation,probability
0.95,0.9,lower-10%,1692,Mytilus edulis,0.9999728533675277,extended_prefix_evaluation,probability
0.95,0.9,lower-10%,1693,Triturus helveticus,0.9999728826962271,extended_prefix_evaluation,probability
0.95,0.9,lower-10%,1694,Nothobranchius furzeri,0.9999729126501716,extended_prefix_evaluation,probability
0.95,0.9,lower-10%,1695,Aulosira fertilissima,0.9999729474834528,extended_prefix_evaluation,probability
0.95,0.9,lower-10%,1696,Aphanizomenon flos-aquae,0.999972984820075,extended_prefix_evaluation,probability
0.95,0.9,lower-10%,1697,Mugil liza,0.9999730149774106,extended_prefix_evaluation,probability
0.95,0.9,lower-10%,1698,Chlorogonium elongatum,0.9999730458310647,extended_prefix_evaluation,probability
0.95,0.9,lower-10%,1699,Triturus vulgaris,0.9999730751219973,extended_prefix_evaluation,probability
0.95,0.9,lower-10%,1700,Cobitis taenia,0.9999731066261381,extended_prefix_evaluation,probability
0.95,0.9,lower-10%,1701,Chanos chanos,0.9999731372962436,extended_prefix_evaluation,probability
0.95,0.9,lower-10%,1702,Limnocalanus macrurus,0.9999731732472105,extended_prefix_evaluation,probability
0.95,0.9,lower-10%,1703,Ancylus fluviatilis,0.9999732034029815,extended_prefix_evaluation,probability
0.95,0.9,lower-10%,1704,Chrissia halyi,0.9999732414356649,extended_prefix_evaluation,probability
0.95,0.9,lower-10%,1705,Nephelopsis obscura,0.9999732812929396,extended_prefix_evaluation,probability
0.95,0.9,lower-10%,1706,Euplotes aediculatus,0.9999733308776082,extended_prefix_evaluation,probability
0.95,0.9,lower-10%,1707,Stuckenia pectinata,0.9999733653407352,extended_prefix_evaluation,probability
0.95,0.9,lower-10%,1708,Pseudosphromenus cupanus,0.9999733879199344,extended_prefix_evaluation,probability
0.95,0.9,lower-10%,1709,Chlorella pyrenoidosa,0.9999734194356056,extended_prefix_evaluation,probability
0.95,0.9,lower-10%,1710,Tandanus tandanus,0.9999734485686179,extended_prefix_evaluation,probability
0.95,0.9,lower-10%,1711,Clarias submarginatus,0.999973482007057,extended_prefix_evaluation,probability
0.95,0.9,lower-10%,1712,Limnoperna fortunei,0.9999735121652762,extended_prefix_evaluation,probability
0.95,0.9,lower-10%,1713,Pisidium amnicum,0.999973545148135,extended_prefix_evaluation,probability
0.95,0.9,lower-10%,1714,Bryconamericus iheringii,0.9999735741005964,extended_prefix_evaluation,probability
0.95,0.9,lower-10%,1715,Chitala ornata,0.9999736044844658,extended_prefix_evaluation,probability
0.95,0.9,lower-10%,1716,Anodontites trapesialis,0.9999736336985726,extended_prefix_evaluation,probability
0.95,0.9,lower-10%,1717,Silurus lanzhouensis,0.9999736624191002,extended_prefix_evaluation,probability
0.95,0.9,lower-10%,1718,Berula erecta,0.9999736988283864,extended_prefix_evaluation,probability
0.95,0.9,lower-10%,1719,Alosa pseudoharengus,0.9999737289235795,extended_prefix_evaluation,probability
0.95,0.9,lower-10%,1720,Pisidium compressum,0.9999737609774336,extended_prefix_evaluation,probability
0.95,0.9,lower-10%,1721,Clarias lazera,0.9999737914202863,extended_prefix_evaluation,probability
0.95,0.9,lower-10%,1722,Ludwigia repens,0.9999738275879848,extended_prefix_evaluation,probability
0.95,0.9,lower-10%,1723,Ambassis macleayi,0.9999738563958752,extended_prefix_evaluation,probability
0.95,0.9,lower-10%,1724,Cypricercus sp.,0.9999738917981739,extended_prefix_evaluation,probability
0.95,0.9,lower-10%,1725,Dunaliella tertiolecta,0.9999739219264318,extended_prefix_evaluation,probability
0.95,0.9,lower-10%,1726,Jenynsia multidentata,0.9999739510956642,extended_prefix_evaluation,probability
0.95,0.9,lower-10%,1727,Alosa aestivalis,0.9999739808550964,extended_prefix_evaluation,probability
0.95,0.9,lower-10%,1728,Gobiomorphus cotidianus,0.9999740094672495,extended_prefix_evaluation,probability
0.95,0.9,lower-10%,1729,Mugil curema,0.999974038226136,extended_prefix_evaluation,probability
0.95,0.9,lower-10%,1730,Crassostrea rhizophorae,0.9999740663883891,extended_prefix_evaluation,probability
0.95,0.9,lower-10%,1731,Anabas testudineus,0.9999740945266611,extended_prefix_evaluation,probability
0.95,0.9,lower-10%,1732,Tympanotonus fuscatus,0.9999741169849677,extended_prefix_evaluation,probability
0.95,0.9,lower-10%,1733,Lophiosilurus alexandri,0.9999741445633202,extended_prefix_evaluation,probability
0.95,0.9,lower-10%,1734,Anabaenopsis raciborskii,0.9999741754587135,extended_prefix_evaluation,probability
0.95,0.9,lower-10%,1735,Mugil cephalus,0.9999742036861236,extended_prefix_evaluation,probability
0.95,0.9,lower-10%,1736,Wolffia globosa,0.999974237324266,extended_prefix_evaluation,probability
0.95,0.9,lower-10%,1737,Pseudodiaptomus forbesi,0.9999742698780545,extended_prefix_evaluation,probability
0.95,0.9,lower-10%,1738,Channa marulius,0.9999742982473395,extended_prefix_evaluation,probability
0.95,0.9,lower-10%,1739,Tolypothrix tenuis,0.9999743309942044,extended_prefix_evaluation,probability
0.95,0.9,lower-10%,1740,Brasenia schreberi,0.9999743660589903,extended_prefix_evaluation,probability
0.95,0.9,lower-10%,1741,Pila globosa,0.9999743867723934,extended_prefix_evaluation,probability
0.95,0.9,lower-10%,1742,Perccottus glenii,0.9999744142055531,extended_prefix_evaluation,probability
0.95,0.9,lower-10%,1743,Hypomesus transpacificus,0.9999744415745967,extended_prefix_evaluation,probability
0.95,0.9,lower-10%,1744,Pisidium casertanum,0.9999744717079455,extended_prefix_evaluation,probability
0.95,0.9,lower-10%,1745,Microspora sp.,0.9999744989517786,extended_prefix_evaluation,probability
0.95,0.9,lower-10%,1746,Cyprinotus carolinensis,0.9999745325669928,extended_prefix_evaluation,probability
0.95,0.9,lower-10%,1747,Euplotes affinis,0.9999745774061641,extended_prefix_evaluation,probability
0.95,0.9,lower-10%,1748,Channa argus,0.9999746048437581,extended_prefix_evaluation,probability
0.95,0.9,lower-10%,1749,Centropomus parallelus,0.9999746312864858,extended_prefix_evaluation,probability
0.95,0.9,lower-10%,1750,Ambassis sp.,0.9999746580890384,extended_prefix_evaluation,probability
0.95,0.9,lower-10%,1751,Channa striata,0.9999746860682049,extended_prefix_evaluation,probability
0.95,0.9,lower-10%,1752,Aplodinotus grunniens,0.9999747123518467,extended_prefix_evaluation,probability
0.95,0.9,lower-10%,1753,Arapaima gigas,0.9999747387147869,extended_prefix_evaluation,probability
0.95,0.9,lower-10%,1754,Microspora pachyderma,0.9999747652736137,extended_prefix_evaluation,probability
0.95,0.9,lower-10%,1755,Microspora stagnorum,0.9999747917960444,extended_prefix_evaluation,probability
0.95,0.9,lower-10%,1756,Microspora tumidula,0.9999748182821354,extended_prefix_evaluation,probability
0.95,0.9,lower-10%,1757,Protoderma frequens,0.9999748459457589,extended_prefix_evaluation,probability
0.95,0.9,lower-10%,1758,Euplotes patella,0.999974890502972,extended_prefix_evaluation,probability
0.95,0.9,lower-10%,1759,Heterocypris sp.,0.999974923172764,extended_prefix_evaluation,probability
0.95,0.9,lower-10%,1760,Pangasius hypophthalmus,0.9999749485824163,extended_prefix_evaluation,probability
0.95,0.9,lower-10%,1761,Lates calcarifer,0.9999749750720127,extended_prefix_evaluation,probability
0.95,0.9,lower-10%,1762,Cyprois sp.,0.9999750074014285,extended_prefix_evaluation,probability
0.95,0.9,lower-10%,1763,Notophthalmus viridescens,0.9999750327574846,extended_prefix_evaluation,probability
0.95,0.9,lower-10%,1764,Pseudaphritis urvillii,0.9999750591825095,extended_prefix_evaluation,probability
0.95,0.9,lower-10%,1765,Barbatula barbatula,0.9999750861932407,extended_prefix_evaluation,probability
0.95,0.9,lower-10%,1766,Cynoscion nebulosus,0.9999751126481361,extended_prefix_evaluation,probability
0.95,0.9,lower-10%,1767,Dorosoma cepedianum,0.9999751392941777,extended_prefix_evaluation,probability
0.95,0.9,lower-10%,1768,Oocystis borgei,0.9999751653741824,extended_prefix_evaluation,probability
0.95,0.9,lower-10%,1769,Oocystis parva,0.9999751914184549,extended_prefix_evaluation,probability
0.95,0.9,lower-10%,1770,Oocystis pusilla,0.9999752174270506,extended_prefix_evaluation,probability
0.95,0.9,lower-10%,1771,Oocystis solitaria,0.9999752434000243,extended_prefix_evaluation,probability
0.95,0.9,lower-10%,1772,Pandorina sp.,0.9999752697264457,extended_prefix_evaluation,probability
0.95,0.9,lower-10%,1773,Volvox sp.,0.999975296016298,extended_prefix_evaluation,probability
0.95,0.9,lower-10%,1774,Pollimyrus isidori,0.9999753212226894,extended_prefix_evaluation,probability
0.95,0.9,lower-10%,1775,Plumatella emarginata,0.9999753610677921,extended_prefix_evaluation,probability
0.95,0.9,lower-10%,1776,Lepisosteus osseus,0.999975386370278,extended_prefix_evaluation,probability
0.95,0.9,lower-10%,1777,Macquaria ambigua,0.999975411590347,extended_prefix_evaluation,probability
0.95,0.9,lower-10%,1778,Sciaenops ocellatus,0.9999754370897155,extended_prefix_evaluation,probability
0.95,0.9,lower-10%,1779,Gobio gobio,0.9999754623907259,extended_prefix_evaluation,probability
0.95,0.9,lower-10%,1780,Heterobranchus longifilis,0.9999754892734316,extended_prefix_evaluation,probability
0.95,0.9,lower-10%,1781,Micropogonias undulatus,0.9999755152563596,extended_prefix_evaluation,probability
0.95,0.9,lower-10%,1782,Gloeococcus sp.,0.9999755403326513,extended_prefix_evaluation,probability
0.95,0.9,lower-10%,1783,Retropinna retropinna,0.9999755654542626,extended_prefix_evaluation,probability
0.95,0.9,lower-10%,1784,Hydrilla verticillata,0.9999755981567019,extended_prefix_evaluation,probability
0.95,0.9,lower-10%,1785,Peprilus triacanthus,0.9999756228183679,extended_prefix_evaluation,probability
0.95,0.9,lower-10%,1786,Euplotes sp.,0.9999756640319758,extended_prefix_evaluation,probability
0.95,0.9,lower-10%,1787,Plecoglossus altivelis,0.9999756815353018,extended_prefix_evaluation,probability
0.95,0.9,lower-10%,1788,Oedogonium sp.,0.9999757080055669,extended_prefix_evaluation,probability
0.95,0.9,lower-10%,1789,Amia calva,0.9999757326142906,extended_prefix_evaluation,probability
0.95,0.9,lower-10%,1790,Osmerus mordax,0.9999757571196248,extended_prefix_evaluation,probability
0.95,0.9,lower-10%,1791,Petromyzon marinus,0.9999757989667339,extended_prefix_evaluation,probability
0.95,0.9,lower-10%,1792,Rhinogobius giurinus,0.9999758232691016,extended_prefix_evaluation,probability
0.95,0.9,lower-10%,1793,Gloeococcus maximus,0.9999758477463522,extended_prefix_evaluation,probability
0.95,0.9,lower-10%,1794,Gloeococcus mucosus,0.9999758721910708,extended_prefix_evaluation,probability
0.95,0.9,lower-10%,1795,Gongrosira sp.,0.9999758971050611,extended_prefix_evaluation,probability
0.95,0.9,lower-10%,1796,Boeckella triarticulata,0.9999759259151005,extended_prefix_evaluation,probability
0.95,0.9,lower-10%,1797,Chlamydotheca arcuata,0.9999759549970477,extended_prefix_evaluation,probability
0.95,0.9,lower-10%,1798,Protoderma viride,0.9999759801329531,extended_prefix_evaluation,probability
0.95,0.9,lower-10%,1799,Apareiodon affinis,0.9999760039359824,extended_prefix_evaluation,probability
0.95,0.9,lower-10%,1800,Pleurococcus rufescens,0.9999760283007638,extended_prefix_evaluation,probability
0.95,0.9,lower-10%,1801,Pleurococcus vulgaris,0.9999760526330406,extended_prefix_evaluation,probability
0.95,0.9,lower-10%,1802,Sporotetras pyriformis,0.999976076932861,extended_prefix_evaluation,probability
0.95,0.9,lower-10%,1803,Ipomoea aquatica,0.999976108733737,extended_prefix_evaluation,probability
0.95,0.9,lower-10%,1804,Calanus finmarchicus,0.9999761364379178,extended_prefix_evaluation,probability
0.95,0.9,lower-10%,1805,Plecostomus commersoni,0.9999761601140349,extended_prefix_evaluation,probability
0.95,0.9,lower-10%,1806,Cephalodella paggiae,0.999976191423551,extended_prefix_evaluation,probability
0.95,0.9,lower-10%,1807,Polycelis sp.,0.9999762245857039,extended_prefix_evaluation,probability
0.95,0.9,lower-10%,1808,Ankistrodesmus sp.,0.999976249436493,extended_prefix_evaluation,probability
0.95,0.9,lower-10%,1809,Oryza sativa,0.9999762809004756,extended_prefix_evaluation,probability
0.95,0.9,lower-10%,1810,Cypridopsis sp.,0.9999763103819611,extended_prefix_evaluation,probability
0.95,0.9,lower-10%,1811,Ranunculus penicillatus,0.9999763385422473,extended_prefix_evaluation,probability
0.95,0.9,lower-10%,1812,Calamoecia lucasi,0.9999763661717128,extended_prefix_evaluation,probability
0.95,0.9,lower-10%,1813,Boeckella delicata,0.9999763936397592,extended_prefix_evaluation,probability
0.95,0.9,lower-10%,1814,Gongrosira viridis,0.9999764172863321,extended_prefix_evaluation,probability
0.95,0.9,lower-10%,1815,Bacopa caroliniana,0.9999764452001821,extended_prefix_evaluation,probability
0.95,0.9,lower-10%,1816,Anabas scandens,0.9999764682866961,extended_prefix_evaluation,probability
0.95,0.9,lower-10%,1817,Balanus amphitrite,0.9999764951049849,extended_prefix_evaluation,probability
0.95,0.9,lower-10%,1818,Platichthys flesus,0.9999765187305423,extended_prefix_evaluation,probability
0.95,0.9,lower-10%,1819,Limnodrilus hoffmeisteri,0.9999765496611929,extended_prefix_evaluation,probability
0.95,0.9,lower-10%,1820,Echinoparyphium recurvatum,0.999976584985478,extended_prefix_evaluation,probability
0.95,0.9,lower-10%,1821,Microthamnion kuetzingianum,0.9999766087078206,extended_prefix_evaluation,probability
0.95,0.9,lower-10%,1822,Microthamnion strictissimum,0.9999766323984839,extended_prefix_evaluation,probability
0.95,0.9,lower-10%,1823,Mastacembelus pancalus,0.9999766554869338,extended_prefix_evaluation,probability
0.95,0.9,lower-10%,1824,Atractosteus tropicus,0.9999766788518224,extended_prefix_evaluation,probability
0.95,0.9,lower-10%,1825,Schilbe mystus,0.9999767021735269,extended_prefix_evaluation,probability
0.95,0.9,lower-10%,1826,Pelteobagrus fulvidraco,0.9999767250753013,extended_prefix_evaluation,probability
0.95,0.9,lower-10%,1827,Stigeoclonium sp.,0.9999767495422885,extended_prefix_evaluation,probability
0.95,0.9,lower-10%,1828,Trochiscia granulata,0.9999767727105189,extended_prefix_evaluation,probability
0.95,0.9,lower-10%,1829,Chlamydocapsa ampla,0.9999767953866301,extended_prefix_evaluation,probability
0.95,0.9,lower-10%,1830,Chlamydocapsa planctonica,0.9999768180334809,extended_prefix_evaluation,probability
0.95,0.9,lower-10%,1831,Chlorococcum hypnosporum,0.9999768410110296,extended_prefix_evaluation,probability
0.95,0.9,lower-10%,1832,Utricularia sp.,0.9999768678367649,extended_prefix_evaluation,probability
0.95,0.9,lower-10%,1833,Cyclocypris sp.,0.999976895457264,extended_prefix_evaluation,probability
0.95,0.9,lower-10%,1834,Chlorococcum vacuolatum,0.9999769172948316,extended_prefix_evaluation,probability
0.95,0.9,lower-10%,1835,Chlorococcum macrostigmatum,0.999976939105061,extended_prefix_evaluation,probability
0.95,0.9,lower-10%,1836,Pseudococcomyxa simplex,0.9999769618079776,extended_prefix_evaluation,probability
0.95,0.9,lower-10%,1837,Tubifex sp.,0.9999769924468818,extended_prefix_evaluation,probability
0.95,0.9,lower-10%,1838,Planaria sp.,0.9999770248148784,extended_prefix_evaluation,probability
0.95,0.9,lower-10%,1839,Lota lota,0.999977048483184,extended_prefix_evaluation,probability
0.95,0.9,lower-10%,1840,Crenobia alpina,0.9999770808565106,extended_prefix_evaluation,probability
0.95,0.9,lower-10%,1841,Lampetra tridentata,0.9999771152965498,extended_prefix_evaluation,probability
0.95,0.9,lower-10%,1842,Planaria gonocephala,0.9999771470693765,extended_prefix_evaluation,probability
0.95,0.9,lower-10%,1843,Ankistrodesmus braunii,0.9999771705322278,extended_prefix_evaluation,probability
0.95,0.9,lower-10%,1844,Ophiocephalus punctatus,0.9999771926821716,extended_prefix_evaluation,probability
0.95,0.9,lower-10%,1845,Bithynia tentaculata,0.9999772155158249,extended_prefix_evaluation,probability
0.95,0.9,lower-10%,1846,Hypnomonas sp.,0.99997723744593,extended_prefix_evaluation,probability
0.95,0.9,lower-10%,1847,Acorus americanus,0.9999772663164024,extended_prefix_evaluation,probability
0.95,0.9,lower-10%,1848,Chlorococcum sp.,0.9999772874857366,extended_prefix_evaluation,probability
0.95,0.9,lower-10%,1849,Nitocra spinipes,0.99997731404205,extended_prefix_evaluation,probability
0.95,0.9,lower-10%,1850,Channa stewartii,0.9999773358321736,extended_prefix_evaluation,probability
0.95,0.9,lower-10%,1851,Chlorococcum lobata,0.9999773570278017,extended_prefix_evaluation,probability
0.95,0.9,lower-10%,1852,Glyceria fluitans,0.9999773865530195,extended_prefix_evaluation,probability
0.95,0.9,lower-10%,1853,Ulothrix moniliformis,0.9999774083146885,extended_prefix_evaluation,probability
0.95,0.9,lower-10%,1854,Paramecium sp.,0.9999774394728297,extended_prefix_evaluation,probability
0.95,0.9,lower-10%,1855,Haematococcus capensis,0.99997746127882,extended_prefix_evaluation,probability
0.95,0.9,lower-10%,1856,Paramecium putrinum,0.9999774926512551,extended_prefix_evaluation,probability
0.95,0.9,lower-10%,1857,Halteria grandinella,0.9999775265948451,extended_prefix_evaluation,probability
0.95,0.9,lower-10%,1858,Aspidisca cicada,0.9999775594434201,extended_prefix_evaluation,probability
0.95,0.9,lower-10%,1859,Heteranthera dubia,0.9999775892839575,extended_prefix_evaluation,probability
0.95,0.9,lower-10%,1860,Ulothrix sp.,0.9999776108325953,extended_prefix_evaluation,probability
0.95,0.9,lower-10%,1861,Ichthyomyzon sp.,0.9999776464383093,extended_prefix_evaluation,probability
0.95,0.9,lower-10%,1862,Uronema nigricans,0.9999776799027424,extended_prefix_evaluation,probability
0.95,0.9,lower-10%,1863,Pangasianodon hypophthalmus,0.9999777011508959,extended_prefix_evaluation,probability
0.95,0.9,lower-10%,1864,Eriocaulon aquaticum,0.9999777292558688,extended_prefix_evaluation,probability
0.95,0.9,lower-10%,1865,Diacypris compacta,0.9999777549861337,extended_prefix_evaluation,probability
0.95,0.9,lower-10%,1866,Zygogonium ericetorum,0.9999777757453969,extended_prefix_evaluation,probability
0.95,0.9,lower-10%,1867,Paramecium tetraurelia,0.9999778060592832,extended_prefix_evaluation,probability
0.95,0.9,lower-10%,1868,Filinia longiseta,0.999977831345662,extended_prefix_evaluation,probability
0.95,0.9,lower-10%,1869,Najas graminea,0.9999778584305812,extended_prefix_evaluation,probability
0.95,0.9,lower-10%,1870,Hydrodictyon reticulatum,0.9999778797206246,extended_prefix_evaluation,probability
0.95,0.9,lower-10%,1871,Pomatoschistus minutus,0.9999779013091038,extended_prefix_evaluation,probability
0.95,0.9,lower-10%,1872,Ankistrodesmus falcatus,0.9999779230798078,extended_prefix_evaluation,probability
0.95,0.9,lower-10%,1873,Polycelis tenuis,0.9999779513749102,extended_prefix_evaluation,probability
0.95,0.9,lower-10%,1874,Stigeoclonium tenue,0.999977974168288,extended_prefix_evaluation,probability
0.95,0.9,lower-10%,1875,Gomphonema parvulum,0.9999779986729966,extended_prefix_evaluation,probability
0.95,0.9,lower-10%,1876,Allium cepa,0.9999780262231569,extended_prefix_evaluation,probability
0.95,0.9,lower-10%,1877,Argulus japonicus,0.9999780497949178,extended_prefix_evaluation,probability
0.95,0.9,lower-10%,1878,Euchlanis sp.,0.9999780759763223,extended_prefix_evaluation,probability
0.95,0.9,lower-10%,1879,Trichocerca sp.,0.9999781023061008,extended_prefix_evaluation,probability
0.95,0.9,lower-10%,1880,Chlorococcum infusionum,0.9999781215067929,extended_prefix_evaluation,probability
0.95,0.9,lower-10%,1881,Cypris sp.,0.9999781474667123,extended_prefix_evaluation,probability
0.95,0.9,lower-10%,1882,Wolffia papulifera,0.9999781706122354,extended_prefix_evaluation,probability
0.95,0.9,lower-10%,1883,Stylodrilus heringianus,0.9999781940888851,extended_prefix_evaluation,probability
0.95,0.9,lower-10%,1884,Acartia tonsa,0.9999782163030396,extended_prefix_evaluation,probability
0.95,0.9,lower-10%,1885,Mougeotia sp.,0.9999782360967702,extended_prefix_evaluation,probability
0.95,0.9,lower-10%,1886,Spirogyra cylindrica,0.9999782556662433,extended_prefix_evaluation,probability
0.95,0.9,lower-10%,1887,Oscillatoria rubescens,0.9999782785092896,extended_prefix_evaluation,probability
0.95,0.9,lower-10%,1888,Trichocerca pusilla,0.9999783032700339,extended_prefix_evaluation,probability
0.95,0.9,lower-10%,1889,Schistosoma haematobium,0.9999783344173306,extended_prefix_evaluation,probability
0.95,0.9,lower-10%,1890,Argulus coregoni,0.9999783569089642,extended_prefix_evaluation,probability
0.95,0.9,lower-10%,1891,Typha angustifolia,0.9999783838135722,extended_prefix_evaluation,probability
0.95,0.9,lower-10%,1892,Asplanchna brightwelli,0.9999784074208855,extended_prefix_evaluation,probability
0.95,0.9,lower-10%,1893,Iris pseudacorus,0.9999784342394641,extended_prefix_evaluation,probability
0.95,0.9,lower-10%,1894,Echinostoma trivolvis,0.9999784627511277,extended_prefix_evaluation,probability
0.95,0.9,lower-10%,1895,Stichococcus sp.,0.9999784831246954,extended_prefix_evaluation,probability
0.95,0.9,lower-10%,1896,Euchlanis dilatata,0.9999785072509695,extended_prefix_evaluation,probability
0.95,0.9,lower-10%,1897,Asplanchna girodi,0.9999785303667151,extended_prefix_evaluation,probability
0.95,0.9,lower-10%,1898,Gloeotrichia echinulata,0.9999785531739112,extended_prefix_evaluation,probability
0.95,0.9,lower-10%,1899,Blepharisma americanum,0.9999785822767745,extended_prefix_evaluation,probability
0.95,0.9,lower-10%,1900,Channa orientalis,0.9999785964332136,extended_prefix_evaluation,probability
0.95,0.9,lower-10%,1901,Triticum aestivum,0.9999786237295665,extended_prefix_evaluation,probability
0.95,0.9,lower-10%,1902,Stichococcus bacillaris,0.9999786437328722,extended_prefix_evaluation,probability
0.95,0.9,lower-10%,1903,Stichococcus chlorelloides,0.9999786637111214,extended_prefix_evaluation,probability
0.95,0.9,lower-10%,1904,Spirogyra sp.,0.9999786821246578,extended_prefix_evaluation,probability
0.95,0.9,lower-10%,1905,Plectonema boryanum,0.9999787050186394,extended_prefix_evaluation,probability
0.95,0.9,lower-10%,1906,Asplanchna sp.,0.999978727582827,extended_prefix_evaluation,probability
0.95,0.9,lower-10%,1907,Tetrahymena pyriformis,0.9999787514288753,extended_prefix_evaluation,probability
0.95,0.9,lower-10%,1908,Plectonema nostocorum,0.9999787733482854,extended_prefix_evaluation,probability
0.95,0.9,lower-10%,1909,Pediastrum sp.,0.99997879372449,extended_prefix_evaluation,probability
0.95,0.9,lower-10%,1910,Cypretta seurati,0.9999788187241198,extended_prefix_evaluation,probability
0.95,0.9,lower-10%,1911,Phormidium mucicola,0.9999788406268122,extended_prefix_evaluation,probability
0.95,0.9,lower-10%,1912,Polycelis felina,0.9999788656378383,extended_prefix_evaluation,probability
0.95,0.9,lower-10%,1913,Coccomyxa minor,0.9999788859823608,extended_prefix_evaluation,probability
0.95,0.9,lower-10%,1914,Westiellopsis prolifica,0.999978907099667,extended_prefix_evaluation,probability
0.95,0.9,lower-10%,1915,Cylindrospermum sp.,0.9999789293265627,extended_prefix_evaluation,probability
0.95,0.9,lower-10%,1916,Lyngbya birgei,0.9999789506437323,extended_prefix_evaluation,probability
0.95,0.9,lower-10%,1917,Paramecium bursaria,0.9999789767332329,extended_prefix_evaluation,probability
0.95,0.9,lower-10%,1918,Calothrix parietina,0.9999789977563046,extended_prefix_evaluation,probability
0.95,0.9,lower-10%,1919,Microcoleus vaginatus,0.9999790202550362,extended_prefix_evaluation,probability
0.95,0.9,lower-10%,1920,Spirulina platensis,0.999979041294611,extended_prefix_evaluation,probability
0.95,0.9,lower-10%,1921,Hormidium pseudostichococcus,0.9999790607666967,extended_prefix_evaluation,probability
0.95,0.9,lower-10%,1922,Hormidium scopulinum,0.999979080214503,extended_prefix_evaluation,probability
0.95,0.9,lower-10%,1923,Hormidium subtile,0.9999790996380639,extended_prefix_evaluation,probability
0.95,0.9,lower-10%,1924,Melosira varians,0.9999791246526435,extended_prefix_evaluation,probability
0.95,0.9,lower-10%,1925,Chaetoceros sp.,0.9999791497685147,extended_prefix_evaluation,probability
0.95,0.9,lower-10%,1926,Phaeodactylum tricornutum,0.9999791748441693,extended_prefix_evaluation,probability
0.95,0.9,lower-10%,1927,Paramecium multimicronucleatum,0.9999791999314266,extended_prefix_evaluation,probability
0.95,0.9,lower-10%,1928,Cypris subglobosa,0.999979220303135,extended_prefix_evaluation,probability
0.95,0.9,lower-10%,1929,Piscicola salmositica,0.9999792422158358,extended_prefix_evaluation,probability
0.95,0.9,lower-10%,1930,Vorticella convallaria,0.9999792681606983,extended_prefix_evaluation,probability
0.95,0.9,lower-10%,1931,Cypretta kawatai,0.9999792912258006,extended_prefix_evaluation,probability
0.95,0.9,lower-10%,1932,Epipremnum pinnatum,0.9999793125574972,extended_prefix_evaluation,probability
0.95,0.9,lower-10%,1933,Phagocata gracilis,0.9999793367443716,extended_prefix_evaluation,probability
0.95,0.9,lower-10%,1934,Colpidium campylum,0.999979361830073,extended_prefix_evaluation,probability
0.95,0.9,lower-10%,1935,Hormidium flaccidum,0.9999793808063041,extended_prefix_evaluation,probability
0.95,0.9,lower-10%,1936,Pontederia cordata,0.9999794042963335,extended_prefix_evaluation,probability
0.95,0.9,lower-10%,1937,Newnhamia sp.,0.9999794262811534,extended_prefix_evaluation,probability
0.95,0.9,lower-10%,1938,Petromyzon sp.,0.9999794535020048,extended_prefix_evaluation,probability
0.95,0.9,lower-10%,1939,Limnodrilus sp.,0.9999794766321112,extended_prefix_evaluation,probability
0.95,0.9,lower-10%,1940,Lampetra sp.,0.9999795027464803,extended_prefix_evaluation,probability
0.95,0.9,lower-10%,1941,Vorticella campanula,0.9999795277443023,extended_prefix_evaluation,probability
0.95,0.9,lower-10%,1942,Blepharisma sp.,0.9999795523823869,extended_prefix_evaluation,probability
0.95,0.9,lower-10%,1943,Hormidium fluitans,0.9999795708807215,extended_prefix_evaluation,probability
0.95,0.9,lower-10%,1944,Hormidium rivulare,0.9999795893550978,extended_prefix_evaluation,probability
0.95,0.9,lower-10%,1945,Plumatella casmiana,0.9999796146833254,extended_prefix_evaluation,probability
0.95,0.9,lower-10%,1946,Fistulifera pelliculosa,0.9999796374686102,extended_prefix_evaluation,probability
0.95,0.9,lower-10%,1947,Helobdella stagnalis,0.9999796576323221,extended_prefix_evaluation,probability
0.95,0.9,lower-10%,1948,Gomphonema gracile,0.999979679761895,extended_prefix_evaluation,probability
0.95,0.9,lower-10%,1949,Nitzschia sp.,0.9999797037366689,extended_prefix_evaluation,probability
0.95,0.9,lower-10%,1950,Paramecium aurelia,0.9999797265660446,extended_prefix_evaluation,probability
0.95,0.9,lower-10%,1951,Colpidium colpoda,0.9999797497236118,extended_prefix_evaluation,probability
0.95,0.9,lower-10%,1952,Vorticella sp.,0.999979773229723,extended_prefix_evaluation,probability
0.95,0.9,lower-10%,1953,Planothidium lanceolatum,0.9999797966107288,extended_prefix_evaluation,probability
0.95,0.9,lower-10%,1954,Limnodrilus udekemianus,0.9999798182597683,extended_prefix_evaluation,probability
0.95,0.9,lower-10%,1955,Dactylogyrus minutus,0.999979842020873,extended_prefix_evaluation,probability
0.95,0.9,lower-10%,1956,Dactylogyrus vastator,0.9999798657445363,extended_prefix_evaluation,probability
0.95,0.9,lower-10%,1957,Megalodiscus sp.,0.999979889430826,extended_prefix_evaluation,probability
0.95,0.9,lower-10%,1958,Pistia stratiotes,0.9999799091293342,extended_prefix_evaluation,probability
0.95,0.9,lower-10%,1959,Tetrahymena sp.,0.999979929942407,extended_prefix_evaluation,probability
0.95,0.9,lower-10%,1960,Spirodela polyrrhiza,0.9999799497437021,extended_prefix_evaluation,probability
0.95,0.9,lower-10%,1961,Glossiphonia complanata,0.9999799685287679,extended_prefix_evaluation,probability
0.95,0.9,lower-10%,1962,Fabaeformiscandona wegelini,0.9999799880090858,extended_prefix_evaluation,probability
0.95,0.9,lower-10%,1963,Pseudocandona sp.,0.9999800074579297,extended_prefix_evaluation,probability
0.95,0.9,lower-10%,1964,Gyrodactylus derjavini,0.9999800302671208,extended_prefix_evaluation,probability
0.95,0.9,lower-10%,1965,Cladophora sp.,0.9999800537681952,extended_prefix_evaluation,probability
0.95,0.9,lower-10%,1966,Notocotylus attenuatus,0.9999800771225162,extended_prefix_evaluation,probability
0.95,0.9,lower-10%,1967,Alaria sp.,0.9999800999723235,extended_prefix_evaluation,probability
0.95,0.9,lower-10%,1968,Girardia tigrina,0.9999801227399732,extended_prefix_evaluation,probability
0.95,0.9,lower-10%,1969,Haemopis grandis,0.9999801424028567,extended_prefix_evaluation,probability
0.95,0.9,lower-10%,1970,Gyrodactylus turnbulli,0.9999801646434547,extended_prefix_evaluation,probability
0.95,0.9,lower-10%,1971,Pristina longiseta,0.9999801864186298,extended_prefix_evaluation,probability
0.95,0.9,lower-10%,1972,Haemopis marmorata,0.9999802060014877,extended_prefix_evaluation,probability
0.95,0.9,lower-10%,1973,Lophopodella carteri,0.9999802288659015,extended_prefix_evaluation,probability
0.95,0.9,lower-10%,1974,Cladophora glomerata,0.9999802515975703,extended_prefix_evaluation,probability
0.95,0.9,lower-10%,1975,Pristina leidyi,0.9999802731726788,extended_prefix_evaluation,probability
0.95,0.9,lower-10%,1976,Chaetogaster diaphanus,0.9999802946343412,extended_prefix_evaluation,probability
0.95,0.9,lower-10%,1977,Aspidisca lynceus,0.9999803160261643,extended_prefix_evaluation,probability
0.95,0.9,lower-10%,1978,Haemopis sanguisuga,0.9999803348111052,extended_prefix_evaluation,probability
0.95,0.9,lower-10%,1979,Tetrahymena thermophila,0.9999803538005392,extended_prefix_evaluation,probability
0.95,0.9,lower-10%,1980,Gyrodactylus sp.,0.9999803750797043,extended_prefix_evaluation,probability
0.95,0.9,lower-10%,1981,Pithophora sp.,0.9999803963802361,extended_prefix_evaluation,probability
0.95,0.9,lower-10%,1982,Dexiotricha granulosa,0.9999804174249675,extended_prefix_evaluation,probability
0.95,0.9,lower-10%,1983,Lepidotrema bidyana,0.9999804384382472,extended_prefix_evaluation,probability
0.95,0.9,lower-10%,1984,Trichodina sp.,0.9999804594305791,extended_prefix_evaluation,probability
0.95,0.9,lower-10%,1985,Arrenurus sp.,0.9999804799834463,extended_prefix_evaluation,probability
0.95,0.9,lower-10%,1986,Hirudinaria manillensis,0.9999804979225281,extended_prefix_evaluation,probability
0.95,0.9,lower-10%,1987,Poecilobdella viridis,0.9999805157492874,extended_prefix_evaluation,probability
0.95,0.9,lower-10%,1988,Euglena gracilis,0.999980530550818,extended_prefix_evaluation,probability
0.95,0.9,lower-10%,1989,Macrobdella decora,0.9999805491406274,extended_prefix_evaluation,probability
0.95,0.9,lower-10%,1990,Dero digitata,0.9999805690345199,extended_prefix_evaluation,probability
0.95,0.9,lower-10%,1991,Posthodiplostomum minimum,0.999980589468119,extended_prefix_evaluation,probability
0.95,0.9,lower-10%,1992,Stylaria lacustris,0.9999806099792643,extended_prefix_evaluation,probability
0.95,0.9,lower-10%,1993,Dexiostoma campyla,0.9999806312606043,extended_prefix_evaluation,probability
0.95,0.9,lower-10%,1994,Ilyocypris dentifera,0.9999806500236876,extended_prefix_evaluation,probability
0.95,0.9,lower-10%,1995,Dero sp.,0.9999806697471785,extended_prefix_evaluation,probability
0.95,0.9,lower-10%,1996,Chilomonas paramecium,0.9999806897026993,extended_prefix_evaluation,probability
0.95,0.9,lower-10%,1997,Thalassiosira nordenskioeldii,0.9999807105830829,extended_prefix_evaluation,probability
0.95,0.9,lower-10%,1998,Closterium sp.,0.9999807308301966,extended_prefix_evaluation,probability
0.95,0.9,lower-10%,1999,Pithophora oedogonia,0.9999807510596428,extended_prefix_evaluation,probability
0.95,0.9,lower-10%,2000,Hyalinella punctata,0.99998077127255,extended_prefix_evaluation,probability
0.95,0.9,lower-10%,2001,Closterium ehrenbergii,0.9999807914591514,extended_prefix_evaluation,probability
0.95,0.9,lower-10%,2002,Cristatella mucedo,0.9999808116853443,extended_prefix_evaluation,probability
0.95,0.9,lower-10%,2003,Navicula seminulum,0.9999808299410855,extended_prefix_evaluation,probability
0.95,0.9,lower-10%,2004,Pectinatella magnifica,0.9999808501545987,extended_prefix_evaluation,probability
0.95,0.9,lower-10%,2005,Trochilia minuta,0.9999808711968957,extended_prefix_evaluation,probability
0.95,0.9,lower-10%,2006,Stephanodiscus hantzschii,0.9999808878026294,extended_prefix_evaluation,probability
0.95,0.9,lower-10%,2007,Azolla caroliniana,0.9999809046872696,extended_prefix_evaluation,probability
0.95,0.9,lower-10%,2008,Stylonychia lemnae,0.999980924148792,extended_prefix_evaluation,probability
0.95,0.9,lower-10%,2009,Hirudo medicinalis,0.9999809416322198,extended_prefix_evaluation,probability
0.95,0.9,lower-10%,2010,Cercaria sp.,0.9999809605175278,extended_prefix_evaluation,probability
0.95,0.9,lower-10%,2011,Holosticha kessleri,0.9999809798270572,extended_prefix_evaluation,probability
0.95,0.9,lower-10%,2012,Cachonina niei,0.9999810001403461,extended_prefix_evaluation,probability
0.95,0.9,lower-10%,2013,Glaucoma scintillans,0.9999810193430958,extended_prefix_evaluation,probability
0.95,0.9,lower-10%,2014,Azolla filiculoides,0.9999810354503986,extended_prefix_evaluation,probability
0.95,0.9,lower-10%,2015,Loxodes striatus,0.9999810545655565,extended_prefix_evaluation,probability
0.95,0.9,lower-10%,2016,Mesostoma ehrenbergii,0.9999810730464491,extended_prefix_evaluation,probability
0.95,0.9,lower-10%,2017,Clavatospora longibrachiata,0.9999810884080031,extended_prefix_evaluation,probability
0.95,0.9,lower-10%,2018,Euglena minuta,0.9999811034659318,extended_prefix_evaluation,probability
0.95,0.9,lower-10%,2019,Euglena viridis,0.9999811185074193,extended_prefix_evaluation,probability
0.95,0.9,lower-10%,2020,Chara vulgaris,0.9999811358910137,extended_prefix_evaluation,probability
0.95,0.9,lower-10%,2021,Euglena acus,0.9999811506981489,extended_prefix_evaluation,probability
0.95,0.9,lower-10%,2022,Stylonychia pustulata,0.9999811695557684,extended_prefix_evaluation,probability
0.95,0.9,lower-10%,2023,Bursaphelenchus xylophilus,0.9999811874966062,extended_prefix_evaluation,probability
0.95,0.9,lower-10%,2024,Ichthyophthirius multifilis,0.9999812058355073,extended_prefix_evaluation,probability
0.95,0.9,lower-10%,2025,Didinium nasutum,0.9999812238621895,extended_prefix_evaluation,probability
0.95,0.9,lower-10%,2026,Stylonychia mytilus,0.9999812420786671,extended_prefix_evaluation,probability
0.95,0.9,lower-10%,2027,Fasciola hepatica,0.9999812595712717,extended_prefix_evaluation,probability
0.95,0.9,lower-10%,2028,Sigmoidea aurantiaca,0.9999812746897262,extended_prefix_evaluation,probability
0.95,0.9,lower-10%,2029,Varichaeta pacifica,0.9999812921439528,extended_prefix_evaluation,probability
0.95,0.9,lower-10%,2030,Azolla pinnata,0.9999813071175946,extended_prefix_evaluation,probability
0.95,0.9,lower-10%,2031,Cochliobolus lunatus,0.9999813254449428,extended_prefix_evaluation,probability
0.95,0.9,lower-10%,2032,Fasciola gigantica,0.9999813423878147,extended_prefix_evaluation,probability
0.95,0.9,lower-10%,2033,Ceratopteris thalictroides,0.9999813585522966,extended_prefix_evaluation,probability
0.95,0.9,lower-10%,2034,Arrenurus manubriator,0.9999813753161352,extended_prefix_evaluation,probability
0.95,0.9,lower-10%,2035,Salvinia minima,0.9999813915408159,extended_prefix_evaluation,probability
0.95,0.9,lower-10%,2036,Salvinia molesta,0.9999814077397154,extended_prefix_evaluation,probability
0.95,0.9,lower-10%,2037,Stentor coeruleus,0.9999814247852694,extended_prefix_evaluation,probability
0.95,0.9,lower-10%,2038,Branchiura sowerbyi,0.9999814380246862,extended_prefix_evaluation,probability
0.95,0.9,lower-10%,2039,Spondylosium pygmaeum,0.9999814552583074,extended_prefix_evaluation,probability
0.95,0.9,lower-10%,2040,Hirudo nipponia,0.9999814719471426,extended_prefix_evaluation,probability
0.95,0.9,lower-10%,2041,Peloscolex ferox,0.9999814885009515,extended_prefix_evaluation,probability
0.95,0.9,lower-10%,2042,Ilyodrilus frantzi,0.9999815047996662,extended_prefix_evaluation,probability
0.95,0.9,lower-10%,2043,Salvinia natans,0.9999815209830327,extended_prefix_evaluation,probability
0.95,0.9,lower-10%,2044,Chilodonella uncinata,0.9999815376957499,extended_prefix_evaluation,probability
0.95,0.9,lower-10%,2045,Catenula sp.,0.9999815541870571,extended_prefix_evaluation,probability
0.95,0.9,lower-10%,2046,Rhyacodrilus montanus,0.9999815704373514,extended_prefix_evaluation,probability
0.95,0.9,lower-10%,2047,Dendrocoelum lacteum,0.9999815866424165,extended_prefix_evaluation,probability
0.95,0.9,lower-10%,2048,Piona carnea,0.9999816025917723,extended_prefix_evaluation,probability
0.95,0.9,lower-10%,2049,Clavariopsis aquatica,0.9999816172943807,extended_prefix_evaluation,probability
0.95,0.9,lower-10%,2050,Opercularia coarctata,0.9999816331430941,extended_prefix_evaluation,probability
0.95,0.9,lower-10%,2051,Ephydatia fluviatilis,0.9999816477678292,extended_prefix_evaluation,probability
0.95,0.9,lower-10%,2052,Chara sp.,0.9999816635804843,extended_prefix_evaluation,probability
0.95,0.9,lower-10%,2053,Eichhornia crassipes,0.9999816807489177,extended_prefix_evaluation,probability
0.95,0.9,lower-10%,2054,Opercularia minima,0.9999816962735817,extended_prefix_evaluation,probability
0.95,0.9,lower-10%,2055,Poterioochromonas malhamensis,0.9999817120393467,extended_prefix_evaluation,probability
0.95,0.9,lower-10%,2056,Colpoda steinii,0.9999817275421721,extended_prefix_evaluation,probability
0.95,0.9,lower-10%,2057,Philodina sp.,0.9999817432350915,extended_prefix_evaluation,probability
0.95,0.9,lower-10%,2058,Limnesia maculata,0.9999817593402281,extended_prefix_evaluation,probability
0.95,0.9,lower-10%,2059,Acremonium tubakii,0.9999817738242882,extended_prefix_evaluation,probability
0.95,0.9,lower-10%,2060,Piona nodata,0.9999817892028884,extended_prefix_evaluation,probability
0.95,0.9,lower-10%,2061,Quistadrilus multisetosus,0.9999818042039328,extended_prefix_evaluation,probability
0.95,0.9,lower-10%,2062,Spirosperma nikolskyi,0.9999818189937254,extended_prefix_evaluation,probability
0.95,0.9,lower-10%,2063,Enchytraeus albidus,0.9999818344518382,extended_prefix_evaluation,probability
0.95,0.9,lower-10%,2064,Hydrozetes lacustris,0.9999818497820329,extended_prefix_evaluation,probability
0.95,0.9,lower-10%,2065,Ephydatia mulleri,0.9999818640842775,extended_prefix_evaluation,probability
0.95,0.9,lower-10%,2066,Philodina roseola,0.9999818788089667,extended_prefix_evaluation,probability
0.95,0.9,lower-10%,2067,Helicosporium sp.,0.9999818943853409,extended_prefix_evaluation,probability
0.95,0.9,lower-10%,2068,Tripospermum myrti,0.999981909949375,extended_prefix_evaluation,probability
0.95,0.9,lower-10%,2069,Tricladium angulatum,0.9999819242135036,extended_prefix_evaluation,probability
0.95,0.9,lower-10%,2070,Eylais hamata,0.9999819391149849,extended_prefix_evaluation,probability
0.95,0.9,lower-10%,2071,Hydryphantes ruber,0.9999819539836836,extended_prefix_evaluation,probability
0.95,0.9,lower-10%,2072,Hydrachna marita,0.9999819688306488,extended_prefix_evaluation,probability
0.95,0.9,lower-10%,2073,Argyroneta aquatica,0.9999819836469941,extended_prefix_evaluation,probability
0.95,0.9,lower-10%,2074,Philodina acuticornis,0.9999819980961494,extended_prefix_evaluation,probability
0.95,0.9,lower-10%,2075,Flagellospora penicillioides,0.9999820122494216,extended_prefix_evaluation,probability
0.95,0.9,lower-10%,2076,Eunapius fragilis,0.9999820262507365,extended_prefix_evaluation,probability
0.95,0.9,lower-10%,2077,Adineta vaga,0.9999820410330991,extended_prefix_evaluation,probability
0.95,0.9,lower-10%,2078,Spongilla lacustris,0.9999820549691973,extended_prefix_evaluation,probability
0.95,0.9,lower-10%,2079,Limnochares aquatica,0.9999820692405191,extended_prefix_evaluation,probability
0.95,0.9,lower-10%,2080,Coniothyrium sp.,0.9999820840453494,extended_prefix_evaluation,probability
0.95,0.9,lower-10%,2081,Phoma putaminum,0.9999820988333201,extended_prefix_evaluation,probability
0.95,0.9,lower-10%,2082,Aspergillus cejpii,0.9999821135642278,extended_prefix_evaluation,probability
0.95,0.9,lower-10%,2083,Aspergillus versicolor,0.9999821282784104,extended_prefix_evaluation,probability
0.95,0.9,lower-10%,2084,Amoeba sp.,0.9999821424701483,extended_prefix_evaluation,probability
0.95,0.9,lower-10%,2085,Flagellospora curvula,0.9999821564797271,extended_prefix_evaluation,probability
0.95,0.9,lower-10%,2086,Tricladium splendens,0.9999821704220234,extended_prefix_evaluation,probability
0.95,0.9,lower-10%,2087,Heleidomermis magnapapula,0.9999821840748665,extended_prefix_evaluation,probability
0.95,0.9,lower-10%,2088,Doratomyces sp.,0.9999821980423721,extended_prefix_evaluation,probability
0.95,0.9,lower-10%,2089,Hymenoscyphus tetracladius,0.9999822118126264,extended_prefix_evaluation,probability
0.95,0.9,lower-10%,2090,Parachlorella kessleri,0.9999822252197278,extended_prefix_evaluation,probability
0.95,0.9,lower-10%,2091,Amoeba proteus,0.9999822385862562,extended_prefix_evaluation,probability
0.95,0.9,lower-10%,2092,Chaos sp.,0.9999822525538817,extended_prefix_evaluation,probability
0.95,0.9,lower-10%,2093,Diatoma vulgare,0.9999822668309385,extended_prefix_evaluation,probability
0.95,0.9,lower-10%,2094,Tetracladium marchalianum,0.9999822807073756,extended_prefix_evaluation,probability
0.95,0.9,lower-10%,2095,Pseudaegerita matsushimae,0.9999822945420834,extended_prefix_evaluation,probability
0.95,0.9,lower-10%,2096,Agamermis unka,0.9999823084318906,extended_prefix_evaluation,probability
0.95,0.9,lower-10%,2097,Prorocentrum micans,0.999982322445177,extended_prefix_evaluation,probability
0.95,0.9,lower-10%,2098,Varicosporium elodeae,0.9999823361939411,extended_prefix_evaluation,probability
0.95,0.9,lower-10%,2099,Peranema trichophorum,0.9999823486588176,extended_prefix_evaluation,probability
0.95,0.9,lower-10%,2100,Platyhypnidium rusciforme,0.9999823626820047,extended_prefix_evaluation,probability
0.95,0.9,lower-10%,2101,Articulospora sp.,0.9999823763775285,extended_prefix_evaluation,probability
0.95,0.9,lower-10%,2102,Romanomermis iyengari,0.9999823894494756,extended_prefix_evaluation,probability
0.95,0.9,lower-10%,2103,Heliscella stellata,0.9999824032372332,extended_prefix_evaluation,probability
0.95,0.9,lower-10%,2104,Alatospora acuminata,0.9999824169938825,extended_prefix_evaluation,probability
0.95,0.9,lower-10%,2105,Aeolosoma headleyi,0.9999824307777023,extended_prefix_evaluation,probability
0.95,0.9,lower-10%,2106,Campylospora chaetocladia,0.9999824444823118,extended_prefix_evaluation,probability
0.95,0.9,lower-10%,2107,Lunulospora curvula,0.9999824581720924,extended_prefix_evaluation,probability
0.95,0.9,lower-10%,2108,Flabellospora sp.,0.9999824718466026,extended_prefix_evaluation,probability
0.95,0.9,lower-10%,2109,Wiesneriomyces javanicus,0.9999824855063247,extended_prefix_evaluation,probability
0.95,0.9,lower-10%,2110,Alatospora constricta,0.9999824991506564,extended_prefix_evaluation,probability
0.95,0.9,lower-10%,2111,Chordodes nobilii,0.999982512780238,extended_prefix_evaluation,probability
0.95,0.9,lower-10%,2112,Chordodes sp.,0.9999825263950878,extended_prefix_evaluation,probability
0.95,0.9,lower-10%,2113,Nattrassia mangiferae,0.9999825399952246,extended_prefix_evaluation,probability
0.95,0.9,lower-10%,2114,Triaenophorus nodulosus,0.9999825535806659,extended_prefix_evaluation,probability
0.95,0.9,lower-10%,2115,Fontinalis antipyretica,0.9999825671578668,extended_prefix_evaluation,probability
0.95,0.9,lower-10%,2116,Asterias rubens,0.9999825807119969,extended_prefix_evaluation,probability
0.95,0.9,lower-10%,2117,Dictyostelium discoideum,0.9999825942418119,extended_prefix_evaluation,probability
0.95,0.9,lower-10%,2118,Tachypleus gigas,0.9999826075827186,extended_prefix_evaluation,probability
0.95,0.9,lower-10%,2119,Romanomermis culicivorax,0.9999826205384865,extended_prefix_evaluation,probability
0.95,0.9,lower-10%,2120,Prionchulus punctatus,0.999982633613232,extended_prefix_evaluation,probability
0.95,0.9,lower-10%,2121,Nereis diversicolor,0.9999826464386072,extended_prefix_evaluation,probability
0.95,0.9,lower-10%,2122,Scapania undulata,0.9999826597270961,extended_prefix_evaluation,probability
0.95,0.9,lower-10%,2123,Tobrilus gracilis,0.9999826726342396,extended_prefix_evaluation,probability
0.95,0.9,lower-10%,2124,Dorylaimus stagnalis,0.9999826854543322,extended_prefix_evaluation,probability
0.95,0.9,lower-10%,2125,Aporcelaimellus obtusicaudatus,0.999982698248441,extended_prefix_evaluation,probability
0.95,0.9,lower-10%,2126,Pythium sp.,0.9999827116120061,extended_prefix_evaluation,probability
0.95,0.9,lower-10%,2127,Dictyuchus sterile,0.9999827249270493,extended_prefix_evaluation,probability
0.95,0.9,lower-10%,2128,Aphelenchus avenae,0.999982737406145,extended_prefix_evaluation,probability
0.95,0.9,lower-10%,2129,Plectus communis,0.9999827495598423,extended_prefix_evaluation,probability
0.95,0.9,lower-10%,2130,Hediste diversicolor,0.9999827604756515,extended_prefix_evaluation,probability
0.95,0.9,lower-10%,2131,Meloidogyne incognita,0.9999827731047874,extended_prefix_evaluation,probability
0.95,0.9,lower-10%,2132,Globodera rostochiensis,0.9999827856572897,extended_prefix_evaluation,probability
0.95,0.9,lower-10%,2133,Anguillicola crassus,0.9999827980330651,extended_prefix_evaluation,probability
0.95,0.9,lower-10%,2134,Tylenchus elegans,0.999982810275248,extended_prefix_evaluation,probability
0.95,0.9,lower-10%,2135,Diplogasteritus sp.,0.9999828225037766,extended_prefix_evaluation,probability
0.95,0.9,lower-10%,2136,Rhabditis sp.,0.999982834702215,extended_prefix_evaluation,probability
0.95,0.9,lower-10%,2137,Heterorhabditis sp.,0.9999828469864289,extended_prefix_evaluation,probability
0.95,0.9,lower-10%,2138,Neoaplectana bibionis,0.9999828590303066,extended_prefix_evaluation,probability
0.95,0.9,lower-10%,2139,Neoaplectana carpocapsae,0.9999828710621811,extended_prefix_evaluation,probability
0.95,0.9,lower-10%,2140,Acrobeloides buetschlii,0.9999828828999153,extended_prefix_evaluation,probability
0.95,0.9,lower-10%,2141,Heterocephalobus pauciannulatus,0.9999828947225494,extended_prefix_evaluation,probability
0.95,0.9,lower-10%,2142,Cephalobus persegnis,0.999982905002739,extended_prefix_evaluation,probability
0.95,0.9,lower-10%,2143,Panagrellus redivivus,0.9999829155645927,extended_prefix_evaluation,probability
0.95,0.9,lower-10%,2144,Panagrellus silusiae,0.9999829243249402,extended_prefix_evaluation,probability
0.95,0.8,lower-20%,1,Gastrophryne carolinensis,0.44941169430456746,frozen_top20,probability
0.95,0.8,lower-20%,2,Neocloeon triangulifer,0.6624834013428377,frozen_top20,probability
0.95,0.8,lower-20%,3,Hyalella azteca,0.7760040283573164,frozen_top20,probability
0.95,0.8,lower-20%,4,Daphnia ambigua,0.8501894321004834,frozen_top20,probability
0.95,0.8,lower-20%,5,Daphnia magna,0.8877548283207123,frozen_top20,probability
0.95,0.8,lower-20%,6,Ceriodaphnia dubia,0.9209514588208818,frozen_top20,probability
0.95,0.8,lower-20%,7,Daphnia pulex,0.9395945887180611,frozen_top20,probability
0.95,0.8,lower-20%,8,Daphnia carinata,0.9531613202223517,frozen_top20,probability
0.95,0.8,lower-20%,9,Gammarus fasciatus,0.9635564139475431,frozen_top20,probability
0.95,0.8,lower-20%,10,Gammarus lacustris,0.9709603612889615,frozen_top20,probability
0.95,0.8,lower-20%,11,Moina macrocopa,0.9764539004427012,frozen_top20,probability
0.95,0.8,lower-20%,12,Gammarus pulex,0.9806748462392272,frozen_top20,probability
0.95,0.8,lower-20%,13,Paratya australiensis,0.9850231270967977,frozen_top20,probability
0.95,0.8,lower-20%,14,Gammarus pseudolimnaeus,0.987426793196493,frozen_top20,probability
0.95,0.8,lower-20%,15,Ceriodaphnia reticulata,0.9893100329835729,frozen_top20,probability
0.95,0.8,lower-20%,16,Dugesia japonica,0.9903852258209058,frozen_top20,probability
0.95,0.8,lower-20%,17,Chironomus dilutus,0.9916368319107531,frozen_top20,probability
0.95,0.8,lower-20%,18,Daphnia similis,0.9926752172644816,frozen_top20,probability
0.95,0.8,lower-20%,19,Echinogammarus tibaldii,0.9934590775460908,frozen_top20,probability
0.95,0.8,lower-20%,20,Gammarus fossarum,0.9943098068620642,frozen_top20,probability
0.95,0.8,lower-20%,21,Margaritifera falcata,0.9948429203975563,extended_prefix_evaluation,probability
0.95,0.8,lower-20%,22,Megalonaias nervosa,0.9952862031965205,extended_prefix_evaluation,probability
0.95,0.8,lower-20%,23,Gammarus italicus,0.9957339981419578,extended_prefix_evaluation,probability
0.95,0.8,lower-20%,24,Gastrophryne olivacea,0.9961345352768982,extended_prefix_evaluation,probability
0.95,0.8,lower-20%,25,Amblema plicata,0.9964456961473416,extended_prefix_evaluation,probability
0.95,0.8,lower-20%,26,Daphnia hyalina,0.9967821364891974,extended_prefix_evaluation,probability
0.95,0.8,lower-20%,27,Ceriodaphnia quadrangula,0.9970700022350131,extended_prefix_evaluation,probability
0.95,0.8,lower-20%,28,Gammarus minus,0.9973125371385317,extended_prefix_evaluation,probability
0.95,0.8,lower-20%,29,Cloeon dipterum,0.9975399217544634,extended_prefix_evaluation,probability
0.95,0.8,lower-20%,30,Daphnia galeata,0.9977506991523232,extended_prefix_evaluation,probability
0.95,0.8,lower-20%,31,Hyalella meinerti,0.9979334845997938,extended_prefix_evaluation,probability
0.95,0.8,lower-20%,32,Ceriodaphnia lacustris,0.9981066632855992,extended_prefix_evaluation,probability
0.95,0.8,lower-20%,33,Jordanella floridae,0.9982381330236453,extended_prefix_evaluation,probability
0.95,0.8,lower-20%,34,Lampsilis siliquoidea,0.9983552454154032,extended_prefix_evaluation,probability
0.95,0.8,lower-20%,35,Daphnia parvula,0.9984773889065232,extended_prefix_evaluation,probability
0.95,0.8,lower-20%,36,Chironomus riparius,0.9985646438106295,extended_prefix_evaluation,probability
0.95,0.8,lower-20%,37,Daphnia rosea,0.9986677753433943,extended_prefix_evaluation,probability
0.95,0.8,lower-20%,38,Daphnia cephalata,0.9987616128728268,extended_prefix_evaluation,probability
0.95,0.8,lower-20%,39,Daphnia cucullata,0.9988399583911257,extended_prefix_evaluation,probability
0.95,0.8,lower-20%,40,Pteronarcys californica,0.9989268734277893,extended_prefix_evaluation,probability
0.95,0.8,lower-20%,41,Macrobrachium nipponense,0.9989983638689532,extended_prefix_evaluation,probability
0.95,0.8,lower-20%,42,Hyridella australis,0.9990840640840208,extended_prefix_evaluation,probability
0.95,0.8,lower-20%,43,Tanytarsus dissimilis,0.9991316820638241,extended_prefix_evaluation,probability
0.95,0.8,lower-20%,44,Ceriodaphnia cornuta,0.9991891442506796,extended_prefix_evaluation,probability
0.95,0.8,lower-20%,45,Chironomus tentans,0.9992296028378417,extended_prefix_evaluation,probability
0.95,0.8,lower-20%,46,Ceriodaphnia pulchella,0.9992791448263395,extended_prefix_evaluation,probability
0.95,0.8,lower-20%,47,Ceriodaphnia silvestrii,0.9993248709872017,extended_prefix_evaluation,probability
0.95,0.8,lower-20%,48,Daphnia retrocurva,0.9993645041957122,extended_prefix_evaluation,probability
0.95,0.8,lower-20%,49,Daphnia spinulata,0.9994010919511317,extended_prefix_evaluation,probability
0.95,0.8,lower-20%,50,Daphnia gessneri,0.9994351107380597,extended_prefix_evaluation,probability
0.95,0.8,lower-20%,51,Hyalella curvispina,0.999467573282462,extended_prefix_evaluation,probability
0.95,0.8,lower-20%,52,Hyridella depressa,0.999506586757436,extended_prefix_evaluation,probability
0.95,0.8,lower-20%,53,Daphnia pulicaria,0.9995328044647351,extended_prefix_evaluation,probability
0.95,0.8,lower-20%,54,Hyridella drapeta,0.9995659566686708,extended_prefix_evaluation,probability
0.95,0.8,lower-20%,55,Daphnia sp.,0.9995880518649903,extended_prefix_evaluation,probability
0.95,0.8,lower-20%,56,Daphnia obtusa,0.99960917704594,extended_prefix_evaluation,probability
0.95,0.8,lower-20%,57,Daphnia longispina,0.9996296601553507,extended_prefix_evaluation,probability
0.95,0.8,lower-20%,58,Thamnocephalus platyurus,0.9996502958639824,extended_prefix_evaluation,probability
0.95,0.8,lower-20%,59,Daphnia catawba,0.9996674232617326,extended_prefix_evaluation,probability
0.95,0.8,lower-20%,60,Macrobrachium rosenbergii,0.999686683726919,extended_prefix_evaluation,probability
0.95,0.8,lower-20%,61,Ceriodaphnia acanthina,0.9997023845009587,extended_prefix_evaluation,probability
0.95,0.8,lower-20%,62,Hyalella sp.,0.9997160372034948,extended_prefix_evaluation,probability
0.95,0.8,lower-20%,63,Lithobates pipiens,0.9997262356188245,extended_prefix_evaluation,probability
0.95,0.8,lower-20%,64,Ceriodaphnia rigaudi,0.9997392265783324,extended_prefix_evaluation,probability
0.95,0.8,lower-20%,65,Cucumerunio novaehollandiae,0.9997543024754789,extended_prefix_evaluation,probability
0.95,0.8,lower-20%,66,Palaemonetes kadiakensis,0.9997693548768309,extended_prefix_evaluation,probability
0.95,0.8,lower-20%,67,Daphnia laevis,0.9997795178440948,extended_prefix_evaluation,probability
0.95,0.8,lower-20%,68,Macrobrachium lamarrei,0.9997908430986746,extended_prefix_evaluation,probability
0.95,0.8,lower-20%,69,Ceriodaphnia sp.,0.9997999914289045,extended_prefix_evaluation,probability
0.95,0.8,lower-20%,70,Xenopus laevis,0.9998042992870171,extended_prefix_evaluation,probability
0.95,0.8,lower-20%,71,Daphnia similoides,0.9998120257749292,extended_prefix_evaluation,probability
0.95,0.8,lower-20%,72,Nemoura cinerea,0.9998177493098196,extended_prefix_evaluation,probability
0.95,0.8,lower-20%,73,Gammarus sp.,0.9998244138602113,extended_prefix_evaluation,probability
0.95,0.8,lower-20%,74,Gammarus elvirae,0.999831597021195,extended_prefix_evaluation,probability
0.95,0.8,lower-20%,75,Gammarus roeseli,0.9998378735220699,extended_prefix_evaluation,probability
0.95,0.8,lower-20%,76,Simocephalus vetulus,0.9998443971158879,extended_prefix_evaluation,probability
0.95,0.8,lower-20%,77,Aquarana catesbeiana,0.9998485312143047,extended_prefix_evaluation,probability
0.95,0.8,lower-20%,78,Utterbackia imbecillis,0.9998532698246451,extended_prefix_evaluation,probability
0.95,0.8,lower-20%,79,Daphnia lumholtzi,0.9998588181456857,extended_prefix_evaluation,probability
0.95,0.8,lower-20%,80,Moina dubia,0.9998645343823336,extended_prefix_evaluation,probability
0.95,0.8,lower-20%,81,Brachionus calyciflorus,0.9998679684634398,extended_prefix_evaluation,probability
0.95,0.8,lower-20%,82,Ceriodaphnia affinis,0.9998732263566886,extended_prefix_evaluation,probability
0.95,0.8,lower-20%,83,Asellus aquaticus,0.9998763147257175,extended_prefix_evaluation,probability
0.95,0.8,lower-20%,84,Etheostoma fonticola,0.999881159101294,extended_prefix_evaluation,probability
0.95,0.8,lower-20%,85,Gammarus orinos,0.999885381961305,extended_prefix_evaluation,probability
0.95,0.8,lower-20%,86,Baetis rhodani,0.9998894392372415,extended_prefix_evaluation,probability
0.95,0.8,lower-20%,87,Lithobates sylvaticus,0.999892107500528,extended_prefix_evaluation,probability
0.95,0.8,lower-20%,88,Gammarus limnaeus,0.9998958179852289,extended_prefix_evaluation,probability
0.95,0.8,lower-20%,89,Moina australiensis,0.9998995835723956,extended_prefix_evaluation,probability
0.95,0.8,lower-20%,90,Moina sp.,0.9999031463154864,extended_prefix_evaluation,probability
0.95,0.8,lower-20%,91,Oncorhynchus mykiss,0.9999054381431411,extended_prefix_evaluation,probability
0.95,0.8,lower-20%,92,Aedes vexans,0.9999095781268796,extended_prefix_evaluation,probability
0.95,0.8,lower-20%,93,Physa gyrina,0.9999115043695925,extended_prefix_evaluation,probability
0.95,0.8,lower-20%,94,Gammarus tigrinus,0.9999143524055627,extended_prefix_evaluation,probability
0.95,0.8,lower-20%,95,Lymnaea stagnalis,0.9999159381295425,extended_prefix_evaluation,probability
0.95,0.8,lower-20%,96,Moina irrasa,0.9999188630173321,extended_prefix_evaluation,probability
0.95,0.8,lower-20%,97,Alathyria profuga,0.9999220278493003,extended_prefix_evaluation,probability
0.95,0.8,lower-20%,98,Moina rectirostris,0.999924476360889,extended_prefix_evaluation,probability
0.95,0.8,lower-20%,99,Macrobrachium malcolmsonii,0.999926802388313,extended_prefix_evaluation,probability
0.95,0.8,lower-20%,100,Chironomus plumosus,0.9999283074078906,extended_prefix_evaluation,probability
0.95,0.8,lower-20%,101,Echinogammarus stammeri,0.9999302421243825,extended_prefix_evaluation,probability
0.95,0.8,lower-20%,102,Hydra oligactis,0.9999316730833955,extended_prefix_evaluation,probability
0.95,0.8,lower-20%,103,Gammarus duebeni,0.9999336805463389,extended_prefix_evaluation,probability
0.95,0.8,lower-20%,104,Anopheles quadrimaculatus,0.9999357559688143,extended_prefix_evaluation,probability
0.95,0.8,lower-20%,105,Paratya curvirostris,0.9999379431365568,extended_prefix_evaluation,probability
0.95,0.8,lower-20%,106,Caridina laevis,0.9999397108943496,extended_prefix_evaluation,probability
0.95,0.8,lower-20%,107,Velesunio ambiguus,0.9999418033263783,extended_prefix_evaluation,probability
0.95,0.8,lower-20%,108,Notonecta sp.,0.9999433025251965,extended_prefix_evaluation,probability
0.95,0.8,lower-20%,109,Echinogammarus echinosetosus,0.9999447624947452,extended_prefix_evaluation,probability
0.95,0.8,lower-20%,110,Aedes punctor,0.9999464023931983,extended_prefix_evaluation,probability
0.95,0.8,lower-20%,111,Pteronarcella badia,0.999948459992808,extended_prefix_evaluation,probability
0.95,0.8,lower-20%,112,Diaptomus sp.,0.9999497331583501,extended_prefix_evaluation,probability
0.95,0.8,lower-20%,113,Ambystoma mexicanum,0.9999506125098921,extended_prefix_evaluation,probability
0.95,0.8,lower-20%,114,Isonychia sp.,0.9999517388492637,extended_prefix_evaluation,probability
0.95,0.8,lower-20%,115,Epioblasma capsaeformis,0.9999530577528821,extended_prefix_evaluation,probability
0.95,0.8,lower-20%,116,Gammarus kischineffensis,0.9999542499443661,extended_prefix_evaluation,probability
0.95,0.8,lower-20%,117,Hexagenia sp.,0.9999551237065181,extended_prefix_evaluation,probability
0.95,0.8,lower-20%,118,Macrobrachium amazonicum,0.9999563575465635,extended_prefix_evaluation,probability
0.95,0.8,lower-20%,119,Salmo trutta,0.9999572714535864,extended_prefix_evaluation,probability
0.95,0.8,lower-20%,120,Macrobrachium superbum,0.9999584110201547,extended_prefix_evaluation,probability
0.95,0.8,lower-20%,121,Simocephalus sp.,0.999959463224299,extended_prefix_evaluation,probability
0.95,0.8,lower-20%,122,Simocephalus exspinosus,0.9999604810900342,extended_prefix_evaluation,probability
0.95,0.8,lower-20%,123,Dugesia lugubris,0.9999611479617342,extended_prefix_evaluation,probability
0.95,0.8,lower-20%,124,Macrobrachium carcinus,0.9999621849182688,extended_prefix_evaluation,probability
0.95,0.8,lower-20%,125,Palaemonetes argentinus,0.999963182994259,extended_prefix_evaluation,probability
0.95,0.8,lower-20%,126,Echinogammarus meridionalis,0.9999639909553568,extended_prefix_evaluation,probability
0.95,0.8,lower-20%,127,Hyla chrysoscelis,0.99996485959806,extended_prefix_evaluation,probability
0.95,0.8,lower-20%,128,Macrobrachium lar,0.9999657713785434,extended_prefix_evaluation,probability
0.95,0.8,lower-20%,129,Macrobrachium lanchesteri,0.9999667734608242,extended_prefix_evaluation,probability
0.95,0.8,lower-20%,130,Palaemonetes africanus,0.9999676682231694,extended_prefix_evaluation,probability
0.95,0.8,lower-20%,131,Macrobrachium ferreirai,0.9999684757993319,extended_prefix_evaluation,probability
0.95,0.8,lower-20%,132,Macrobrachium naso,0.99996924887525,extended_prefix_evaluation,probability
0.95,0.8,lower-20%,133,Macrobrachium sp.,0.9999700057483155,extended_prefix_evaluation,probability
0.95,0.8,lower-20%,134,Caridina rajadhari,0.9999706375715555,extended_prefix_evaluation,probability
0.95,0.8,lower-20%,135,Echinogammarus berilloni,0.9999712287032084,extended_prefix_evaluation,probability
0.95,0.8,lower-20%,136,Margaritifera margaritifera,0.9999717522945233,extended_prefix_evaluation,probability
0.95,0.8,lower-20%,137,Oryzias latipes,0.9999721341149795,extended_prefix_evaluation,probability
0.95,0.8,lower-20%,138,Palaemonetes vulgaris,0.999972813447712,extended_prefix_evaluation,probability
0.95,0.8,lower-20%,139,Aedes sticticus,0.9999734753004083,extended_prefix_evaluation,probability
0.95,0.8,lower-20%,140,Planorbella trivolvis,0.9999738417757862,extended_prefix_evaluation,probability
0.95,0.8,lower-20%,141,Simocephalus mixtus,0.999974396825339,extended_prefix_evaluation,probability
0.95,0.8,lower-20%,142,Marisa cornuarietis,0.9999747828742215,extended_prefix_evaluation,probability
0.95,0.8,lower-20%,143,Aedes cantans,0.999975563956751,extended_prefix_evaluation,probability
0.95,0.8,lower-20%,144,Macrobrachium hendersodayanus,0.9999761100911682,extended_prefix_evaluation,probability
0.95,0.8,lower-20%,145,Palaemonetes varians,0.999976675379546,extended_prefix_evaluation,probability
0.95,0.8,lower-20%,146,Lampsilis fasciola,0.9999771331082602,extended_prefix_evaluation,probability
0.95,0.8,lower-20%,147,Culiseta annulata,0.9999776509159377,extended_prefix_evaluation,probability
0.95,0.8,lower-20%,148,Lecane quadridentata,0.999977951808545,extended_prefix_evaluation,probability
0.95,0.8,lower-20%,149,Culex quinquefasciatus,0.9999783880864754,extended_prefix_evaluation,probability
0.95,0.8,lower-20%,150,Caridina sp.,0.9999788002286868,extended_prefix_evaluation,probability
0.95,0.8,lower-20%,151,Simocephalus serrulatus,0.999979241405755,extended_prefix_evaluation,probability
0.95,0.8,lower-20%,152,Caridina weberi,0.9999796303169033,extended_prefix_evaluation,probability
0.95,0.8,lower-20%,153,Lepomis macrochirus,0.9999798893709605,extended_prefix_evaluation,probability
0.95,0.8,lower-20%,154,Anodonta imbecillis,0.9999801885198023,extended_prefix_evaluation,probability
0.95,0.8,lower-20%,155,Macrobrachium kistnensis,0.9999806011277803,extended_prefix_evaluation,probability
0.95,0.8,lower-20%,156,Hydra vulgaris,0.9999808985347202,extended_prefix_evaluation,probability
0.95,0.8,lower-20%,157,Chironomus xanthus,0.9999812157118012,extended_prefix_evaluation,probability
0.95,0.8,lower-20%,158,Caridina indistincta,0.9999815552611923,extended_prefix_evaluation,probability
0.95,0.8,lower-20%,159,Aedes aegypti,0.9999818688351484,extended_prefix_evaluation,probability
0.95,0.8,lower-20%,160,Chironomus sp.,0.9999821413416573,extended_prefix_evaluation,probability
0.95,0.8,lower-20%,161,Palaemonetes paludosus,0.9999825215175908,extended_prefix_evaluation,probability
0.95,0.8,lower-20%,162,Moina micrura,0.9999828771182973,extended_prefix_evaluation,probability
0.95,0.8,lower-20%,163,Cottus bairdi,0.9999832482494445,extended_prefix_evaluation,probability
0.95,0.8,lower-20%,164,Cottus confusus,0.9999836100448888,extended_prefix_evaluation,probability
0.95,0.8,lower-20%,165,Brachionus rubens,0.9999838395013461,extended_prefix_evaluation,probability
0.95,0.8,lower-20%,166,Aedes taeniorhynchus,0.9999842087641396,extended_prefix_evaluation,probability
0.95,0.8,lower-20%,167,Esox lucius,0.9999844469845005,extended_prefix_evaluation,probability
0.95,0.8,lower-20%,168,Perca flavescens,0.9999846386041974,extended_prefix_evaluation,probability
0.95,0.8,lower-20%,169,Ictalurus punctatus,0.9999848224950707,extended_prefix_evaluation,probability
0.95,0.8,lower-20%,170,Corixa punctata,0.9999850129764432,extended_prefix_evaluation,probability
0.95,0.8,lower-20%,171,Chironomus stigmaterus,0.9999852383973594,extended_prefix_evaluation,probability
0.95,0.8,lower-20%,172,Physalaemus cuvieri,0.9999853988254164,extended_prefix_evaluation,probability
0.95,0.8,lower-20%,173,Ameiurus melas,0.9999855641182065,extended_prefix_evaluation,probability
0.95,0.8,lower-20%,174,Macrobrachium dayanum,0.9999858348464638,extended_prefix_evaluation,probability
0.95,0.8,lower-20%,175,Lecane lunaris,0.999986000345771,extended_prefix_evaluation,probability
0.95,0.8,lower-20%,176,Lecane closterocerca,0.9999861634088191,extended_prefix_evaluation,probability
0.95,0.8,lower-20%,177,Lecane bulla,0.9999863241111299,extended_prefix_evaluation,probability
0.95,0.8,lower-20%,178,Myriophyllum spicatum,0.9999865290598933,extended_prefix_evaluation,probability
0.95,0.8,lower-20%,179,Chironomus piger,0.9999867240635419,extended_prefix_evaluation,probability
0.95,0.8,lower-20%,180,Chironomus maddeni,0.999986914619617,extended_prefix_evaluation,probability
0.95,0.8,lower-20%,181,Chironomus luridus,0.9999871015203482,extended_prefix_evaluation,probability
0.95,0.8,lower-20%,182,Puntius sophore,0.999987253531908,extended_prefix_evaluation,probability
0.95,0.8,lower-20%,183,Hydra americana,0.9999874195404389,extended_prefix_evaluation,probability
0.95,0.8,lower-20%,184,Chironomus ramosus,0.9999875965813018,extended_prefix_evaluation,probability
0.95,0.8,lower-20%,185,Pimephales promelas,0.999987741701444,extended_prefix_evaluation,probability
0.95,0.8,lower-20%,186,Hyla versicolor,0.9999878884925294,extended_prefix_evaluation,probability
0.95,0.8,lower-20%,187,Moinodaphnia macleayi,0.9999880668576271,extended_prefix_evaluation,probability
0.95,0.8,lower-20%,188,Lumbriculus variegatus,0.99998819665666,extended_prefix_evaluation,probability
0.95,0.8,lower-20%,189,Caridina nilotica,0.9999883678182498,extended_prefix_evaluation,probability
0.95,0.8,lower-20%,190,Scapholeberis microcephala,0.9999885422485008,extended_prefix_evaluation,probability
0.95,0.8,lower-20%,191,Sander vitreus,0.9999886936050638,extended_prefix_evaluation,probability
0.95,0.8,lower-20%,192,Scapholeberis kingi,0.9999888617539027,extended_prefix_evaluation,probability
0.95,0.8,lower-20%,193,Pteronarcys comstocki,0.9999890493949422,extended_prefix_evaluation,probability
0.95,0.8,lower-20%,194,Ischnura elegans,0.9999891757970574,extended_prefix_evaluation,probability
0.95,0.8,lower-20%,195,Chironomus anthracinus,0.9999893235089082,extended_prefix_evaluation,probability
0.95,0.8,lower-20%,196,Bufo americanus,0.9999894275761984,extended_prefix_evaluation,probability
0.95,0.8,lower-20%,197,Culex tarsalis,0.9999896476945761,extended_prefix_evaluation,probability
0.95,0.8,lower-20%,198,Lampsilis rafinesqueana,0.9999898091742878,extended_prefix_evaluation,probability
0.95,0.8,lower-20%,199,Lemna minor,0.9999899105601011,extended_prefix_evaluation,probability
0.95,0.8,lower-20%,200,Simulium vittatum,0.9999900990990953,extended_prefix_evaluation,probability
0.95,0.8,lower-20%,201,Chironomus crassiforceps,0.9999902261943181,extended_prefix_evaluation,probability
0.95,0.8,lower-20%,202,Ambystoma jeffersonianum,0.9999903441831437,extended_prefix_evaluation,probability
0.95,0.8,lower-20%,203,Chironomus attenuatus,0.9999904679048819,extended_prefix_evaluation,probability
0.95,0.8,lower-20%,204,Tanytarsus sp.,0.9999905992155158,extended_prefix_evaluation,probability
0.95,0.8,lower-20%,205,Myriophyllum sp.,0.9999907215335248,extended_prefix_evaluation,probability
0.95,0.8,lower-20%,206,Elodea canadensis,0.999990833688803,extended_prefix_evaluation,probability
0.95,0.8,lower-20%,207,Chironomus utahensis,0.9999909675694825,extended_prefix_evaluation,probability
0.95,0.8,lower-20%,208,Lecane inermis,0.9999910604478773,extended_prefix_evaluation,probability
0.95,0.8,lower-20%,209,Villosa iris,0.999991225985377,extended_prefix_evaluation,probability
0.95,0.8,lower-20%,210,Pteronarcys sp.,0.9999913644212132,extended_prefix_evaluation,probability
0.95,0.8,lower-20%,211,Myriophyllum sibiricum,0.9999914738981119,extended_prefix_evaluation,probability
0.95,0.8,lower-20%,212,Lampsilis sp.,0.9999915848269731,extended_prefix_evaluation,probability
0.95,0.8,lower-20%,213,Oncorhynchus kisutch,0.999991681143406,extended_prefix_evaluation,probability
0.95,0.8,lower-20%,214,Macrobrachium rude,0.9999918262768772,extended_prefix_evaluation,probability
0.95,0.8,lower-20%,215,Dreissena polymorpha,0.9999919149835853,extended_prefix_evaluation,probability
0.95,0.8,lower-20%,216,Lithobates sphenocephalus,0.9999919973510151,extended_prefix_evaluation,probability
0.95,0.8,lower-20%,217,Chironomus yoshimatsui,0.9999920960756221,extended_prefix_evaluation,probability
0.95,0.8,lower-20%,218,Scapholeberis mucronata,0.999992198032586,extended_prefix_evaluation,probability
0.95,0.8,lower-20%,219,Hydropsyche sp.,0.9999923062438777,extended_prefix_evaluation,probability
0.95,0.8,lower-20%,220,Actinonaias pectorosa,0.999992424931055,extended_prefix_evaluation,probability
0.95,0.8,lower-20%,221,Paratanytarsus parthenogeneticus,0.9999924957326812,extended_prefix_evaluation,probability
0.95,0.8,lower-20%,222,Potamopyrgus antipodarum,0.9999925720470892,extended_prefix_evaluation,probability
0.95,0.8,lower-20%,223,Dugesia gonocephala,0.9999926448572214,extended_prefix_evaluation,probability
0.95,0.8,lower-20%,224,Chironomus zealandicus,0.999992728333753,extended_prefix_evaluation,probability
0.95,0.8,lower-20%,225,Salvelinus namaycush,0.9999928080839495,extended_prefix_evaluation,probability
0.95,0.8,lower-20%,226,Acipenser transmontanus,0.9999928949793352,extended_prefix_evaluation,probability
0.95,0.8,lower-20%,227,Ambystoma maculatum,0.9999929697623774,extended_prefix_evaluation,probability
0.95,0.8,lower-20%,228,Rutilus rutilus,0.9999930419142987,extended_prefix_evaluation,probability
0.95,0.8,lower-20%,229,Alonella sp.,0.9999931270300129,extended_prefix_evaluation,probability
0.95,0.8,lower-20%,230,Pteronarcys dorsata,0.9999932211940958,extended_prefix_evaluation,probability
0.95,0.8,lower-20%,231,Lithobates palustris,0.9999932887055348,extended_prefix_evaluation,probability
0.95,0.8,lower-20%,232,Dugesia bengalensis,0.9999933521167638,extended_prefix_evaluation,probability
0.95,0.8,lower-20%,233,Dugesia schubarti,0.9999934145382151,extended_prefix_evaluation,probability
0.95,0.8,lower-20%,234,Hyla squirella,0.9999934904889767,extended_prefix_evaluation,probability
0.95,0.8,lower-20%,235,Baetis pygmaeus,0.9999935761517189,extended_prefix_evaluation,probability
0.95,0.8,lower-20%,236,Lecane luna,0.9999936351958582,extended_prefix_evaluation,probability
0.95,0.8,lower-20%,237,Corbicula fluminea,0.9999936922042917,extended_prefix_evaluation,probability
0.95,0.8,lower-20%,238,Salmo salar,0.9999937635907992,extended_prefix_evaluation,probability
0.95,0.8,lower-20%,239,Orconectes nais,0.9999938278068895,extended_prefix_evaluation,probability
0.95,0.8,lower-20%,240,Chironomus crassicaudatus,0.9999938962336364,extended_prefix_evaluation,probability
0.95,0.8,lower-20%,241,Sander sp.,0.9999939606473212,extended_prefix_evaluation,probability
0.95,0.8,lower-20%,242,Salvelinus curilus,0.9999940288346212,extended_prefix_evaluation,probability
0.95,0.8,lower-20%,243,Oncorhynchus clarkii,0.9999940951663349,extended_prefix_evaluation,probability
0.95,0.8,lower-20%,244,Salvelinus sp.,0.9999941610095626,extended_prefix_evaluation,probability
0.95,0.8,lower-20%,245,Aedes albopictus,0.9999942334836063,extended_prefix_evaluation,probability
0.95,0.8,lower-20%,246,Cloeon sp.,0.9999943075518299,extended_prefix_evaluation,probability
0.95,0.8,lower-20%,247,Caridina africana,0.9999943754809005,extended_prefix_evaluation,probability
0.95,0.8,lower-20%,248,Aedes communis,0.9999944520343605,extended_prefix_evaluation,probability
0.95,0.8,lower-20%,249,Pseudacris regilla,0.9999944959831046,extended_prefix_evaluation,probability
0.95,0.8,lower-20%,250,Culex tritaeniorhynchus,0.9999945612135012,extended_prefix_evaluation,probability
0.95,0.8,lower-20%,251,Americamysis bahia,0.9999946153248463,extended_prefix_evaluation,probability
0.95,0.8,lower-20%,252,Hexagenia bilineata,0.9999946679834713,extended_prefix_evaluation,probability
0.95,0.8,lower-20%,253,Hyla intermedia,0.9999947229456158,extended_prefix_evaluation,probability
0.95,0.8,lower-20%,254,Myriophyllum alterniflorum,0.9999947793570311,extended_prefix_evaluation,probability
0.95,0.8,lower-20%,255,Oncorhynchus tshawytscha,0.9999948291191877,extended_prefix_evaluation,probability
0.95,0.8,lower-20%,256,Hydra littoralis,0.9999948804270835,extended_prefix_evaluation,probability
0.95,0.8,lower-20%,257,Etheostoma flabellare,0.9999949398919513,extended_prefix_evaluation,probability
0.95,0.8,lower-20%,258,Hyla japonica,0.9999949909058664,extended_prefix_evaluation,probability
0.95,0.8,lower-20%,259,Cyprinus carpio,0.9999950285625901,extended_prefix_evaluation,probability
0.95,0.8,lower-20%,260,Chironomus tepperi,0.9999950786519558,extended_prefix_evaluation,probability
0.95,0.8,lower-20%,261,Leptodora kindtii,0.9999951285775129,extended_prefix_evaluation,probability
0.95,0.8,lower-20%,262,Hyla cinerea,0.9999951768397685,extended_prefix_evaluation,probability
0.95,0.8,lower-20%,263,Procladius sp.,0.9999952400758807,extended_prefix_evaluation,probability
0.95,0.8,lower-20%,264,Xenopus tropicalis,0.9999952714993212,extended_prefix_evaluation,probability
0.95,0.8,lower-20%,265,Asellus sp.,0.9999953079181211,extended_prefix_evaluation,probability
0.95,0.8,lower-20%,266,Hydra sp.,0.9999953517006205,extended_prefix_evaluation,probability
0.95,0.8,lower-20%,267,Notonecta unifasciata,0.9999954062022964,extended_prefix_evaluation,probability
0.95,0.8,lower-20%,268,Dugesia etrusca,0.9999954449232604,extended_prefix_evaluation,probability
0.95,0.8,lower-20%,269,Hexagenia limbata,0.9999954868177273,extended_prefix_evaluation,probability
0.95,0.8,lower-20%,270,Nemoura sp.,0.9999955278377863,extended_prefix_evaluation,probability
0.95,0.8,lower-20%,271,Hyla femoralis,0.9999955705138175,extended_prefix_evaluation,probability
0.95,0.8,lower-20%,272,Lampsilis teres,0.9999956161002659,extended_prefix_evaluation,probability
0.95,0.8,lower-20%,273,Cirrhinus mrigala,0.9999956540062006,extended_prefix_evaluation,probability
0.95,0.8,lower-20%,274,Culex pipiens,0.9999957092559086,extended_prefix_evaluation,probability
0.95,0.8,lower-20%,275,Etheostoma nigrum,0.9999957566903025,extended_prefix_evaluation,probability
0.95,0.8,lower-20%,276,Caecidotea brevicauda,0.9999957947300315,extended_prefix_evaluation,probability
0.95,0.8,lower-20%,277,Lepomis humilis,0.9999958250582177,extended_prefix_evaluation,probability
0.95,0.8,lower-20%,278,Gobiocypris rarus,0.9999958569355967,extended_prefix_evaluation,probability
0.95,0.8,lower-20%,279,Chaoborus crystallinus,0.9999959062405536,extended_prefix_evaluation,probability
0.95,0.8,lower-20%,280,Diaptomus leptopus,0.9999959492962646,extended_prefix_evaluation,probability
0.95,0.8,lower-20%,281,Hesperoperla pacifica,0.9999960350330167,extended_prefix_evaluation,probability
0.95,0.8,lower-20%,282,Oncorhynchus gilae,0.9999960702212545,extended_prefix_evaluation,probability
0.95,0.8,lower-20%,283,Chironomus decorus,0.9999961035024881,extended_prefix_evaluation,probability
0.95,0.8,lower-20%,284,Hydra viridissima,0.9999961382906702,extended_prefix_evaluation,probability
0.95,0.8,lower-20%,285,Lymnaea sp.,0.9999961656340516,extended_prefix_evaluation,probability
0.95,0.8,lower-20%,286,Heptagenia sulphurea,0.9999962035487389,extended_prefix_evaluation,probability
0.95,0.8,lower-20%,287,Salvelinus fontinalis,0.9999962395455424,extended_prefix_evaluation,probability
0.95,0.8,lower-20%,288,Epioblasma triquetra,0.999996279046629,extended_prefix_evaluation,probability
0.95,0.8,lower-20%,289,Nais elinguis,0.9999963268035209,extended_prefix_evaluation,probability
0.95,0.8,lower-20%,290,Chironomus javanus,0.9999963588179607,extended_prefix_evaluation,probability
0.95,0.8,lower-20%,291,Lampsilis cardium,0.9999963910567459,extended_prefix_evaluation,probability
0.95,0.8,lower-20%,292,Epioblasma rangiana,0.9999964278736299,extended_prefix_evaluation,probability
0.95,0.8,lower-20%,293,Lithobates berlandieri,0.9999964545746849,extended_prefix_evaluation,probability
0.95,0.8,lower-20%,294,Poecilia reticulata,0.9999964777295413,extended_prefix_evaluation,probability
0.95,0.8,lower-20%,295,Notonecta glauca,0.9999965148560651,extended_prefix_evaluation,probability
0.95,0.8,lower-20%,296,Lampsilis abrupta,0.9999965490679288,extended_prefix_evaluation,probability
0.95,0.8,lower-20%,297,Rana temporaria,0.9999965731023093,extended_prefix_evaluation,probability
0.95,0.8,lower-20%,298,Physa fontinalis,0.9999965986629831,extended_prefix_evaluation,probability
0.95,0.8,lower-20%,299,Cyprinodon variegatus,0.9999966282805619,extended_prefix_evaluation,probability
0.95,0.8,lower-20%,300,Rana cascadae,0.9999966508471149,extended_prefix_evaluation,probability
0.95,0.8,lower-20%,301,Baetis sp.,0.9999966885386308,extended_prefix_evaluation,probability
0.95,0.8,lower-20%,302,Aedes excrucians,0.9999967278132461,extended_prefix_evaluation,probability
0.95,0.8,lower-20%,303,Danio rerio,0.9999967499787223,extended_prefix_evaluation,probability
0.95,0.8,lower-20%,304,Physa heterostropha,0.9999967708042844,extended_prefix_evaluation,probability
0.95,0.8,lower-20%,305,Culex gelidus,0.9999968069693149,extended_prefix_evaluation,probability
0.95,0.8,lower-20%,306,Canthocamptus sp.,0.9999968370569144,extended_prefix_evaluation,probability
0.95,0.8,lower-20%,307,Brachionus caudatus,0.9999968614657667,extended_prefix_evaluation,probability
0.95,0.8,lower-20%,308,Aedes epactius,0.999996894694143,extended_prefix_evaluation,probability
0.95,0.8,lower-20%,309,Tallaperla maria,0.999996915983799,extended_prefix_evaluation,probability
0.95,0.8,lower-20%,310,Aedes vigilax,0.9999969490269962,extended_prefix_evaluation,probability
0.95,0.8,lower-20%,311,Aedes funereus,0.9999969814096354,extended_prefix_evaluation,probability
0.95,0.8,lower-20%,312,Lithobates blairi,0.9999970021042938,extended_prefix_evaluation,probability
0.95,0.8,lower-20%,313,Aedes cantator,0.9999970339230783,extended_prefix_evaluation,probability
0.95,0.8,lower-20%,314,Aedes notoscriptus,0.999997064993089,extended_prefix_evaluation,probability
0.95,0.8,lower-20%,315,Aedes sp.,0.9999970951182428,extended_prefix_evaluation,probability
0.95,0.8,lower-20%,316,Aedes euedes,0.9999971255553433,extended_prefix_evaluation,probability
0.95,0.8,lower-20%,317,Notonecta maculata,0.9999971535601255,extended_prefix_evaluation,probability
0.95,0.8,lower-20%,318,Oncorhynchus nerka,0.9999971761353081,extended_prefix_evaluation,probability
0.95,0.8,lower-20%,319,Lithobates clamitans,0.9999971955262943,extended_prefix_evaluation,probability
0.95,0.8,lower-20%,320,Aedes koreicus,0.9999972243380135,extended_prefix_evaluation,probability
0.95,0.8,lower-20%,321,Micropterus salmoides,0.9999972456752816,extended_prefix_evaluation,probability
0.95,0.8,lower-20%,322,Aedes diantaeus,0.999997273259623,extended_prefix_evaluation,probability
0.95,0.8,lower-20%,323,Aedes fitchii,0.9999973004711765,extended_prefix_evaluation,probability
0.95,0.8,lower-20%,324,Aedes abserratus,0.9999973273291161,extended_prefix_evaluation,probability
0.95,0.8,lower-20%,325,Aedes provocans,0.9999973534764932,extended_prefix_evaluation,probability
0.95,0.8,lower-20%,326,Oncorhynchus keta,0.9999973737755732,extended_prefix_evaluation,probability
0.95,0.8,lower-20%,327,Leptodea fragilis,0.9999973933626115,extended_prefix_evaluation,probability
0.95,0.8,lower-20%,328,Aplexa hypnorum,0.9999974119393763,extended_prefix_evaluation,probability
0.95,0.8,lower-20%,329,Ambystoma texanum,0.9999974299336325,extended_prefix_evaluation,probability
0.95,0.8,lower-20%,330,Chaoborus sp.,0.9999974564535489,extended_prefix_evaluation,probability
0.95,0.8,lower-20%,331,Notonecta undulata,0.9999974824500498,extended_prefix_evaluation,probability
0.95,0.8,lower-20%,332,Hyla meridionalis,0.9999975014256862,extended_prefix_evaluation,probability
0.95,0.8,lower-20%,333,Culex vagans,0.9999975261850219,extended_prefix_evaluation,probability
0.95,0.8,lower-20%,334,Ambystoma sp.,0.9999975431296434,extended_prefix_evaluation,probability
0.95,0.8,lower-20%,335,Oncorhynchus gorbuscha,0.9999975613142895,extended_prefix_evaluation,probability
0.95,0.8,lower-20%,336,Etheostoma spectabile,0.9999975833421308,extended_prefix_evaluation,probability
0.95,0.8,lower-20%,337,Diaptomus forbesi,0.9999976037506068,extended_prefix_evaluation,probability
0.95,0.8,lower-20%,338,Aedes caspius,0.9999976269795467,extended_prefix_evaluation,probability
0.95,0.8,lower-20%,339,Aedes cinereus,0.9999976490963687,extended_prefix_evaluation,probability
0.95,0.8,lower-20%,340,Lepomis cyanellus,0.9999976627152161,extended_prefix_evaluation,probability
0.95,0.8,lower-20%,341,Culex alpicalis,0.9999976853447025,extended_prefix_evaluation,probability
0.95,0.8,lower-20%,342,Culex annulirostris,0.9999977074846436,extended_prefix_evaluation,probability
0.95,0.8,lower-20%,343,Rana arvalis,0.9999977203338769,extended_prefix_evaluation,probability
0.95,0.8,lower-20%,344,Chaoborus punctipennis,0.9999977425177949,extended_prefix_evaluation,probability
0.95,0.8,lower-20%,345,Anacystis aeruginosa,0.9999977588118839,extended_prefix_evaluation,probability
0.95,0.8,lower-20%,346,Myriophyllum aquaticum,0.9999977760372633,extended_prefix_evaluation,probability
0.95,0.8,lower-20%,347,Ambystoma tigrinum,0.9999977914042769,extended_prefix_evaluation,probability
0.95,0.8,lower-20%,348,Chaoborus astictopus,0.9999978127479475,extended_prefix_evaluation,probability
0.95,0.8,lower-20%,349,Culex salinarius,0.9999978333046506,extended_prefix_evaluation,probability
0.95,0.8,lower-20%,350,Aedes cyprius,0.9999978532964513,extended_prefix_evaluation,probability
0.95,0.8,lower-20%,351,Ambystoma macrodactylum,0.9999978673824241,extended_prefix_evaluation,probability
0.95,0.8,lower-20%,352,Culex restuans,0.9999978893468943,extended_prefix_evaluation,probability
0.95,0.8,lower-20%,353,Chaoborus americanus,0.9999979094206578,extended_prefix_evaluation,probability
0.95,0.8,lower-20%,354,Lithobates grylio,0.9999979224282033,extended_prefix_evaluation,probability
0.95,0.8,lower-20%,355,Aedes atropalpus,0.9999979419242714,extended_prefix_evaluation,probability
0.95,0.8,lower-20%,356,Micropterus dolomieu,0.9999979557013424,extended_prefix_evaluation,probability
0.95,0.8,lower-20%,357,Rana luteiventris,0.99999796631632,extended_prefix_evaluation,probability
0.95,0.8,lower-20%,358,Aedes togoi,0.999997984732022,extended_prefix_evaluation,probability
0.95,0.8,lower-20%,359,Aedes sollicitans,0.9999980033620067,extended_prefix_evaluation,probability
0.95,0.8,lower-20%,360,Lecane hamata,0.999998015484696,extended_prefix_evaluation,probability
0.95,0.8,lower-20%,361,Rana muscosa,0.9999980256756079,extended_prefix_evaluation,probability
0.95,0.8,lower-20%,362,Hydropsyche siltalai,0.9999980402452685,extended_prefix_evaluation,probability
0.95,0.8,lower-20%,363,Gasterosteus aculeatus,0.9999980540828803,extended_prefix_evaluation,probability
0.95,0.8,lower-20%,364,Drunella grandis,0.9999980703745681,extended_prefix_evaluation,probability
0.95,0.8,lower-20%,365,Aedes canadensis,0.9999980874116234,extended_prefix_evaluation,probability
0.95,0.8,lower-20%,366,Faxonius rusticus,0.9999980984758651,extended_prefix_evaluation,probability
0.95,0.8,lower-20%,367,Aedes trivittatus,0.9999981151013136,extended_prefix_evaluation,probability
0.95,0.8,lower-20%,368,Diaptomus clavipes,0.9999981302659534,extended_prefix_evaluation,probability
0.95,0.8,lower-20%,369,Paratanytarsus dissimilis,0.9999981416310549,extended_prefix_evaluation,probability
0.95,0.8,lower-20%,370,Culex melanurus,0.9999981583479245,extended_prefix_evaluation,probability
0.95,0.8,lower-20%,371,Paratanytarsus sp.,0.9999981698611748,extended_prefix_evaluation,probability
0.95,0.8,lower-20%,372,Streptocephalus seali,0.9999981840096984,extended_prefix_evaluation,probability
0.95,0.8,lower-20%,373,Anaxyrus boreas,0.9999981932100258,extended_prefix_evaluation,probability
0.95,0.8,lower-20%,374,Perca sp.,0.9999982038026892,extended_prefix_evaluation,probability
0.95,0.8,lower-20%,375,Culex vishnui,0.9999982192546476,extended_prefix_evaluation,probability
0.95,0.8,lower-20%,376,Glyptotendipes paripes,0.9999982329115313,extended_prefix_evaluation,probability
0.95,0.8,lower-20%,377,Lithobates heckscheri,0.999998242701566,extended_prefix_evaluation,probability
0.95,0.8,lower-20%,378,Notonecta indica,0.9999982566887962,extended_prefix_evaluation,probability
0.95,0.8,lower-20%,379,Brachionus havanaensis,0.9999982677208109,extended_prefix_evaluation,probability
0.95,0.8,lower-20%,380,Rana limnocharis,0.9999982760596664,extended_prefix_evaluation,probability
0.95,0.8,lower-20%,381,Brachionus plicatilis,0.9999982869423127,extended_prefix_evaluation,probability
0.95,0.8,lower-20%,382,Culex peus,0.9999983015730763,extended_prefix_evaluation,probability
0.95,0.8,lower-20%,383,Aedes stimulans,0.9999983158607294,extended_prefix_evaluation,probability
0.95,0.8,lower-20%,384,Hydropsyche bulbifera,0.999998327635569,extended_prefix_evaluation,probability
0.95,0.8,lower-20%,385,Velesunio angasi,0.9999983437532909,extended_prefix_evaluation,probability
0.95,0.8,lower-20%,386,Hydropsyche lobata,0.999998355280437,extended_prefix_evaluation,probability
0.95,0.8,lower-20%,387,Poecilia sphenops,0.9999983626941126,extended_prefix_evaluation,probability
0.95,0.8,lower-20%,388,Rana sp.,0.9999983703594447,extended_prefix_evaluation,probability
0.95,0.8,lower-20%,389,Streptocephalus dichotomus,0.9999983824367599,extended_prefix_evaluation,probability
0.95,0.8,lower-20%,390,Claassenia sabulosa,0.9999984007890306,extended_prefix_evaluation,probability
0.95,0.8,lower-20%,391,Etheostoma caeruleum,0.9999984126938359,extended_prefix_evaluation,probability
0.95,0.8,lower-20%,392,Rana chensinensis,0.9999984199708412,extended_prefix_evaluation,probability
0.95,0.8,lower-20%,393,Ambystoma opacum,0.9999984291552834,extended_prefix_evaluation,probability
0.95,0.8,lower-20%,394,Hydropsyche occidentalis,0.9999984398316062,extended_prefix_evaluation,probability
0.95,0.8,lower-20%,395,Culiseta inornata,0.9999984520906575,extended_prefix_evaluation,probability
0.95,0.8,lower-20%,396,Culex sitiens,0.9999984653420531,extended_prefix_evaluation,probability
0.95,0.8,lower-20%,397,Culex fuscocephala,0.9999984786672897,extended_prefix_evaluation,probability
0.95,0.8,lower-20%,398,Micropterus sp.,0.9999984877487855,extended_prefix_evaluation,probability
0.95,0.8,lower-20%,399,Asellus hilgendorfii,0.9999984962537267,extended_prefix_evaluation,probability
0.95,0.8,lower-20%,400,Rana boylii,0.9999985027521129,extended_prefix_evaluation,probability
0.95,0.8,lower-20%,401,Villosa fabalis,0.9999985142483678,extended_prefix_evaluation,probability
0.95,0.8,lower-20%,402,Culiseta longiareolata,0.9999985257808484,extended_prefix_evaluation,probability
0.95,0.8,lower-20%,403,Deleatidium sp.,0.9999985377292454,extended_prefix_evaluation,probability
0.95,0.8,lower-20%,404,Streptocephalus torvicornis,0.9999985481310288,extended_prefix_evaluation,probability
0.95,0.8,lower-20%,405,Hexagenia rigida,0.9999985570847254,extended_prefix_evaluation,probability
0.95,0.8,lower-20%,406,Aedes polynesiensis,0.9999985690394374,extended_prefix_evaluation,probability
0.95,0.8,lower-20%,407,Hydropsyche elissoma,0.999998578351669,extended_prefix_evaluation,probability
0.95,0.8,lower-20%,408,Rana pretiosa,0.9999985847300349,extended_prefix_evaluation,probability
0.95,0.8,lower-20%,409,Ambystoma barbouri,0.9999985936705605,extended_prefix_evaluation,probability
0.95,0.8,lower-20%,410,Physalaemus santafecinus,0.9999986007484355,extended_prefix_evaluation,probability
0.95,0.8,lower-20%,411,Hydropsyche sparna,0.9999986097797083,extended_prefix_evaluation,probability
0.95,0.8,lower-20%,412,Villosa constricta,0.9999986201392336,extended_prefix_evaluation,probability
0.95,0.8,lower-20%,413,Baetis tricaudatus,0.9999986296735381,extended_prefix_evaluation,probability
0.95,0.8,lower-20%,414,Pseudacris crucifer,0.999998636912626,extended_prefix_evaluation,probability
0.95,0.8,lower-20%,415,Poecilia mexicana,0.9999986426389943,extended_prefix_evaluation,probability
0.95,0.8,lower-20%,416,Hydropsyche exocellata,0.9999986513648825,extended_prefix_evaluation,probability
0.95,0.8,lower-20%,417,Rasbora heteromorpha,0.9999986573621527,extended_prefix_evaluation,probability
0.95,0.8,lower-20%,418,Ambystoma gracile,0.999998664631532,extended_prefix_evaluation,probability
0.95,0.8,lower-20%,419,Villosa delumbis,0.9999986744589039,extended_prefix_evaluation,probability
0.95,0.8,lower-20%,420,Etheostoma lepidum,0.9999986837749633,extended_prefix_evaluation,probability
0.95,0.8,lower-20%,421,Acroperus harpae,0.9999986920749272,extended_prefix_evaluation,probability
0.95,0.8,lower-20%,422,Procambarus clarkii,0.9999986984366963,extended_prefix_evaluation,probability
0.95,0.8,lower-20%,423,Disparalona rostrata,0.9999987066168227,extended_prefix_evaluation,probability
0.95,0.8,lower-20%,424,Cnesterodon decemmaculatus,0.9999987132069225,extended_prefix_evaluation,probability
0.95,0.8,lower-20%,425,Acroperus elongatus,0.9999987212689442,extended_prefix_evaluation,probability
0.95,0.8,lower-20%,426,Caenis horaria,0.9999987303416796,extended_prefix_evaluation,probability
0.95,0.8,lower-20%,427,Corynoneura sp.,0.9999987375364662,extended_prefix_evaluation,probability
0.95,0.8,lower-20%,428,Fallceon quilleri,0.9999987461960451,extended_prefix_evaluation,probability
0.95,0.8,lower-20%,429,Aedes nigromaculis,0.9999987556038322,extended_prefix_evaluation,probability
0.95,0.8,lower-20%,430,Physalaemus nattereri,0.9999987616606109,extended_prefix_evaluation,probability
0.95,0.8,lower-20%,431,Diaphanosoma brachyurum,0.9999987691423222,extended_prefix_evaluation,probability
0.95,0.8,lower-20%,432,Culex sp.,0.9999987773838903,extended_prefix_evaluation,probability
0.95,0.8,lower-20%,433,Spicodiaptomus chelospinus,0.9999987860104201,extended_prefix_evaluation,probability
0.95,0.8,lower-20%,434,Culex nigripalpus,0.999998796080665,extended_prefix_evaluation,probability
0.95,0.8,lower-20%,435,Rana sierrae,0.9999988010737368,extended_prefix_evaluation,probability
0.95,0.8,lower-20%,436,Carassius auratus,0.9999988064629893,extended_prefix_evaluation,probability
0.95,0.8,lower-20%,437,Lemna sp.,0.9999988127123773,extended_prefix_evaluation,probability
0.95,0.8,lower-20%,438,Obliquaria reflexa,0.9999988191954335,extended_prefix_evaluation,probability
0.95,0.8,lower-20%,439,Anopheles culicifacies,0.9999988272930969,extended_prefix_evaluation,probability
0.95,0.8,lower-20%,440,Aedes triseriatus,0.9999988369058792,extended_prefix_evaluation,probability
0.95,0.8,lower-20%,441,Poecilia latipinna,0.9999988414238059,extended_prefix_evaluation,probability
0.95,0.8,lower-20%,442,Camptocercus lilljeborgi,0.9999988482602542,extended_prefix_evaluation,probability
0.95,0.8,lower-20%,443,Asellus militaris,0.9999988540537755,extended_prefix_evaluation,probability
0.95,0.8,lower-20%,444,Pleuroxus truncatus,0.9999988607939506,extended_prefix_evaluation,probability
0.95,0.8,lower-20%,445,Physalaemus gracilis,0.9999988661378433,extended_prefix_evaluation,probability
0.95,0.8,lower-20%,446,Ctenopharyngodon idella,0.9999988712388068,extended_prefix_evaluation,probability
0.95,0.8,lower-20%,447,Physalaemus biligonigerus,0.9999988765166931,extended_prefix_evaluation,probability
0.95,0.8,lower-20%,448,Rana aurora,0.9999988811263213,extended_prefix_evaluation,probability
0.95,0.8,lower-20%,449,Bufo quercicus,0.9999988856390696,extended_prefix_evaluation,probability
0.95,0.8,lower-20%,450,Streptocephalus sudanicus,0.9999988926808675,extended_prefix_evaluation,probability
0.95,0.8,lower-20%,451,Villosa villosa,0.9999989002075692,extended_prefix_evaluation,probability
0.95,0.8,lower-20%,452,Vallisneria americana,0.9999989065976242,extended_prefix_evaluation,probability
0.95,0.8,lower-20%,453,Bufo cognatus,0.9999989110207584,extended_prefix_evaluation,probability
0.95,0.8,lower-20%,454,Diaphanosoma birgei,0.999998917402675,extended_prefix_evaluation,probability
0.95,0.8,lower-20%,455,Hydropsyche pellucidula,0.9999989232051113,extended_prefix_evaluation,probability
0.95,0.8,lower-20%,456,Salvelinus confluentus,0.9999989294708802,extended_prefix_evaluation,probability
0.95,0.8,lower-20%,457,Bufo terrestris,0.9999989337569836,extended_prefix_evaluation,probability
0.95,0.8,lower-20%,458,Culiseta incidens,0.9999989407928912,extended_prefix_evaluation,probability
0.95,0.8,lower-20%,459,Isonychia bicolor,0.9999989472481134,extended_prefix_evaluation,probability
0.95,0.8,lower-20%,460,Diaphanosoma excisum,0.9999989532334966,extended_prefix_evaluation,probability
0.95,0.8,lower-20%,461,Branchinecta lynchi,0.9999989588295399,extended_prefix_evaluation,probability
0.95,0.8,lower-20%,462,Eucyclops sp.,0.9999989656130025,extended_prefix_evaluation,probability
0.95,0.8,lower-20%,463,Dugesia dorotocephala,0.9999989708598382,extended_prefix_evaluation,probability
0.95,0.8,lower-20%,464,Eulimnogammarus toletanus,0.999998977793384,extended_prefix_evaluation,probability
0.95,0.8,lower-20%,465,Hydropsyche californica,0.9999989836847158,extended_prefix_evaluation,probability
0.95,0.8,lower-20%,466,Poecilia sp.,0.9999989873064581,extended_prefix_evaluation,probability
0.95,0.8,lower-20%,467,Orconectes immunis,0.9999989915201348,extended_prefix_evaluation,probability
0.95,0.8,lower-20%,468,Phaenopsectra sp.,0.9999989964905867,extended_prefix_evaluation,probability
0.95,0.8,lower-20%,469,Bufo canorus,0.9999990004205008,extended_prefix_evaluation,probability
0.95,0.8,lower-20%,470,Glyptotendipes barbipes,0.9999990057920334,extended_prefix_evaluation,probability
0.95,0.8,lower-20%,471,Kiefferulus sp.,0.9999990106865331,extended_prefix_evaluation,probability
0.95,0.8,lower-20%,472,Asellus meridianus,0.9999990155960509,extended_prefix_evaluation,probability
0.95,0.8,lower-20%,473,Psectrocladius sp.,0.9999990204012332,extended_prefix_evaluation,probability
0.95,0.8,lower-20%,474,Villosa lienosa,0.9999990266958624,extended_prefix_evaluation,probability
0.95,0.8,lower-20%,475,Camptocercus rectirostris,0.9999990318996067,extended_prefix_evaluation,probability
0.95,0.8,lower-20%,476,Streptocephalus proboscideus,0.9999990375127565,extended_prefix_evaluation,probability
0.95,0.8,lower-20%,477,Pleuroxus denticulatus,0.9999990426438871,extended_prefix_evaluation,probability
0.95,0.8,lower-20%,478,Chydorus ovalis,0.9999990477411576,extended_prefix_evaluation,probability
0.95,0.8,lower-20%,479,Glyptotendipes pallens,0.999999052707483,extended_prefix_evaluation,probability
0.95,0.8,lower-20%,480,Bufo arabicus,0.9999990564033335,extended_prefix_evaluation,probability
0.95,0.8,lower-20%,481,Barbus ticto,0.9999990600875699,extended_prefix_evaluation,probability
0.95,0.8,lower-20%,482,Brachythemis contaminata,0.9999990648960738,extended_prefix_evaluation,probability
0.95,0.8,lower-20%,483,Catostomus commersoni,0.9999990693664904,extended_prefix_evaluation,probability
0.95,0.8,lower-20%,484,Oncorhynchus sp.,0.9999990739241724,extended_prefix_evaluation,probability
0.95,0.8,lower-20%,485,Procloeon sp.,0.9999990795317095,extended_prefix_evaluation,probability
0.95,0.8,lower-20%,486,Caenis miliaria,0.9999990850463432,extended_prefix_evaluation,probability
0.95,0.8,lower-20%,487,Physalaemus olfersii,0.9999990890813022,extended_prefix_evaluation,probability
0.95,0.8,lower-20%,488,Culex fatigans,0.9999990942318223,extended_prefix_evaluation,probability
0.95,0.8,lower-20%,489,Caenis moesta,0.9999990995724465,extended_prefix_evaluation,probability
0.95,0.8,lower-20%,490,Eurycercus lamellatus,0.9999991042803966,extended_prefix_evaluation,probability
0.95,0.8,lower-20%,491,Rutilus kutum,0.9999991082419698,extended_prefix_evaluation,probability
0.95,0.8,lower-20%,492,Chaetogammarus marinus,0.9999991136717018,extended_prefix_evaluation,probability
0.95,0.8,lower-20%,493,Pentaneura sp.,0.9999991179023426,extended_prefix_evaluation,probability
0.95,0.8,lower-20%,494,Cyprinus sp.,0.9999991212710477,extended_prefix_evaluation,probability
0.95,0.8,lower-20%,495,Branchinecta lindahli,0.9999991257412921,extended_prefix_evaluation,probability
0.95,0.8,lower-20%,496,Rana dalmatina,0.9999991287931796,extended_prefix_evaluation,probability
0.95,0.8,lower-20%,497,Planorbella duryi,0.9999991322363969,extended_prefix_evaluation,probability
0.95,0.8,lower-20%,498,Oryzias melastigma,0.9999991359147066,extended_prefix_evaluation,probability
0.95,0.8,lower-20%,499,Asellus racovitzai,0.9999991398163949,extended_prefix_evaluation,probability
0.95,0.8,lower-20%,500,Chaoborus obscuripes,0.9999991455322185,extended_prefix_evaluation,probability
0.95,0.8,lower-20%,501,Hydropsyche angustipennis,0.9999991500762369,extended_prefix_evaluation,probability
0.95,0.8,lower-20%,502,Bufo bufo,0.9999991533773994,extended_prefix_evaluation,probability
0.95,0.8,lower-20%,503,Anopheles vagus,0.9999991583871211,extended_prefix_evaluation,probability
0.95,0.8,lower-20%,504,Peracantha truncata,0.9999991627700314,extended_prefix_evaluation,probability
0.95,0.8,lower-20%,505,Stictochironomus sticticus,0.9999991667402562,extended_prefix_evaluation,probability
0.95,0.8,lower-20%,506,Bufo gargarizans,0.9999991698905246,extended_prefix_evaluation,probability
0.95,0.8,lower-20%,507,Hydropsyche recurvata,0.9999991740244217,extended_prefix_evaluation,probability
0.95,0.8,lower-20%,508,Palaemon pugio,0.9999991801542414,extended_prefix_evaluation,probability
0.95,0.8,lower-20%,509,Chydorus sp.,0.9999991842076907,extended_prefix_evaluation,probability
0.95,0.8,lower-20%,510,Caenis maxima,0.999999188871724,extended_prefix_evaluation,probability
0.95,0.8,lower-20%,511,Dikerogammarus villosus,0.9999991936833514,extended_prefix_evaluation,probability
0.95,0.8,lower-20%,512,Caenis diminuta,0.9999991982231036,extended_prefix_evaluation,probability
0.95,0.8,lower-20%,513,Xenopus sp.,0.9999992010970867,extended_prefix_evaluation,probability
0.95,0.8,lower-20%,514,Oryzias dancena,0.9999992043643265,extended_prefix_evaluation,probability
0.95,0.8,lower-20%,515,Einfeldia natchitocheae,0.9999992079001799,extended_prefix_evaluation,probability
0.95,0.8,lower-20%,516,Anopheles balabacensis,0.9999992125088137,extended_prefix_evaluation,probability
0.95,0.8,lower-20%,517,Anopheles maculatus,0.9999992170841087,extended_prefix_evaluation,probability
0.95,0.8,lower-20%,518,Anopheles farauti,0.9999992216368192,extended_prefix_evaluation,probability
0.95,0.8,lower-20%,519,Anopheles sundaicus,0.9999992261677694,extended_prefix_evaluation,probability
0.95,0.8,lower-20%,520,Alona glabra,0.9999992300998852,extended_prefix_evaluation,probability
0.95,0.8,lower-20%,521,Bufo anderssoni,0.9999992328802797,extended_prefix_evaluation,probability
0.95,0.8,lower-20%,522,Oncorhynchus masou,0.9999992364068357,extended_prefix_evaluation,probability
0.95,0.8,lower-20%,523,Clinotanypus pinguis,0.9999992397669699,extended_prefix_evaluation,probability
0.95,0.8,lower-20%,524,Alona quadrangularis,0.9999992436177034,extended_prefix_evaluation,probability
0.95,0.8,lower-20%,525,Anopheles stephensi,0.9999992476999817,extended_prefix_evaluation,probability
0.95,0.8,lower-20%,526,Macropelopia sp.,0.9999992509813158,extended_prefix_evaluation,probability
0.95,0.8,lower-20%,527,Cricotopus trifasciatus,0.9999992545769396,extended_prefix_evaluation,probability
0.95,0.8,lower-20%,528,Pseudacris feriarum,0.9999992574777581,extended_prefix_evaluation,probability
0.95,0.8,lower-20%,529,Raphidocelis subcapitata,0.9999992602374734,extended_prefix_evaluation,probability
0.95,0.8,lower-20%,530,Cricotopus sp.,0.9999992645532068,extended_prefix_evaluation,probability
0.95,0.8,lower-20%,531,Villosa vibex,0.9999992690227525,extended_prefix_evaluation,probability
0.95,0.8,lower-20%,532,Morone saxatilis,0.999999273166159,extended_prefix_evaluation,probability
0.95,0.8,lower-20%,533,Planorbella campanulata,0.9999992759432003,extended_prefix_evaluation,probability
0.95,0.8,lower-20%,534,Anodonta sp.,0.9999992792274764,extended_prefix_evaluation,probability
0.95,0.8,lower-20%,535,Pseudacris sierra,0.9999992820210081,extended_prefix_evaluation,probability
0.95,0.8,lower-20%,536,Anopheles pseudopunctipennis,0.999999286158464,extended_prefix_evaluation,probability
0.95,0.8,lower-20%,537,Brachionus angularis,0.9999992895982383,extended_prefix_evaluation,probability
0.95,0.8,lower-20%,538,Oryzias mekongensis,0.999999292446686,extended_prefix_evaluation,probability
0.95,0.8,lower-20%,539,Potamopyrgus jenkinsi,0.9999992956854528,extended_prefix_evaluation,probability
0.95,0.8,lower-20%,540,Anaxyrus americanus,0.9999992985049547,extended_prefix_evaluation,probability
0.95,0.8,lower-20%,541,Puntius tetrazona,0.9999993012995991,extended_prefix_evaluation,probability
0.95,0.8,lower-20%,542,Goeldichironomus holoprasinus,0.999999304511035,extended_prefix_evaluation,probability
0.95,0.8,lower-20%,543,Polypedilum nubifer,0.9999993074451738,extended_prefix_evaluation,probability
0.95,0.8,lower-20%,544,Oncorhynchus aguabonita,0.9999993104986247,extended_prefix_evaluation,probability
0.95,0.8,lower-20%,545,Ischnura heterosticta,0.9999993137485869,extended_prefix_evaluation,probability
0.95,0.8,lower-20%,546,Tanypus bilobatus,0.9999993167438181,extended_prefix_evaluation,probability
0.95,0.8,lower-20%,547,Puntius sarana,0.9999993194438487,extended_prefix_evaluation,probability
0.95,0.8,lower-20%,548,Centroptilum sp.,0.9999993231754788,extended_prefix_evaluation,probability
0.95,0.8,lower-20%,549,Physalaemus centralis,0.9999993260309584,extended_prefix_evaluation,probability
0.95,0.8,lower-20%,550,Elachistocleis bicolor,0.9999993294410846,extended_prefix_evaluation,probability
0.95,0.8,lower-20%,551,Physa virgata,0.9999993322371027,extended_prefix_evaluation,probability
0.95,0.8,lower-20%,552,Rasbora sumatrana,0.9999993350981384,extended_prefix_evaluation,probability
0.95,0.8,lower-20%,553,Stenonema frontale,0.9999993390139951,extended_prefix_evaluation,probability
0.95,0.8,lower-20%,554,Stenonema luteum,0.9999993429032755,extended_prefix_evaluation,probability
0.95,0.8,lower-20%,555,Diamesa zernyi,0.9999993455516668,extended_prefix_evaluation,probability
0.95,0.8,lower-20%,556,Rana cyanophlyctis,0.9999993473770002,extended_prefix_evaluation,probability
0.95,0.8,lower-20%,557,Alona rectangula,0.9999993505001283,extended_prefix_evaluation,probability
0.95,0.8,lower-20%,558,Alona costata,0.99999935356447,extended_prefix_evaluation,probability
0.95,0.8,lower-20%,559,Salvelinus leucomaenis,0.9999993566318497,extended_prefix_evaluation,probability
0.95,0.8,lower-20%,560,Polypedilum sp.,0.9999993591921622,extended_prefix_evaluation,probability
0.95,0.8,lower-20%,561,Chydorus sphaericus,0.9999993620905322,extended_prefix_evaluation,probability
0.95,0.8,lower-20%,562,Stenonema vicarium,0.9999993658224,extended_prefix_evaluation,probability
0.95,0.8,lower-20%,563,Anopheles gambiae,0.9999993694353626,extended_prefix_evaluation,probability
0.95,0.8,lower-20%,564,Anopheles dirus,0.9999993728298587,extended_prefix_evaluation,probability
0.95,0.8,lower-20%,565,Caenis sp.,0.9999993760643017,extended_prefix_evaluation,probability
0.95,0.8,lower-20%,566,Tanypus neopunctipennis,0.9999993786669533,extended_prefix_evaluation,probability
0.95,0.8,lower-20%,567,Pseudacris triseriata,0.9999993807364876,extended_prefix_evaluation,probability
0.95,0.8,lower-20%,568,Salvelinus alpinus,0.9999993836175243,extended_prefix_evaluation,probability
0.95,0.8,lower-20%,569,Cyrnus trimaculatus,0.9999993868126975,extended_prefix_evaluation,probability
0.95,0.8,lower-20%,570,Lemna aequinoctialis,0.9999993894398989,extended_prefix_evaluation,probability
0.95,0.8,lower-20%,571,Stenonema terminatum,0.9999993928913972,extended_prefix_evaluation,probability
0.95,0.8,lower-20%,572,Alona affinis,0.9999993957405979,extended_prefix_evaluation,probability
0.95,0.8,lower-20%,573,Euphlyctis hexadactylus,0.9999993986536218,extended_prefix_evaluation,probability
0.95,0.8,lower-20%,574,Cheumatopsyche brevilineata,0.9999994012790314,extended_prefix_evaluation,probability
0.95,0.8,lower-20%,575,Lemna trisulca,0.9999994038354751,extended_prefix_evaluation,probability
0.95,0.8,lower-20%,576,Ptychadena bibroni,0.9999994061950261,extended_prefix_evaluation,probability
0.95,0.8,lower-20%,577,Pelophylax nigromaculatus,0.9999994082069289,extended_prefix_evaluation,probability
0.95,0.8,lower-20%,578,Anopheles pharoensis,0.9999994113265736,extended_prefix_evaluation,probability
0.95,0.8,lower-20%,579,Tanypus nubifer,0.9999994138332322,extended_prefix_evaluation,probability
0.95,0.8,lower-20%,580,Rasbora trilineata,0.999999415990318,extended_prefix_evaluation,probability
0.95,0.8,lower-20%,581,Puntius parrah,0.9999994181658494,extended_prefix_evaluation,probability
0.95,0.8,lower-20%,582,Stenonema tripunctatum,0.9999994213988113,extended_prefix_evaluation,probability
0.95,0.8,lower-20%,583,Cheumatopsyche oxa,0.9999994239249765,extended_prefix_evaluation,probability
0.95,0.8,lower-20%,584,Hydropsyche betteni,0.9999994263773335,extended_prefix_evaluation,probability
0.95,0.8,lower-20%,585,Cheumatopsyche pettiti,0.9999994289231259,extended_prefix_evaluation,probability
0.95,0.8,lower-20%,586,Salvelinus malma,0.9999994314664078,extended_prefix_evaluation,probability
0.95,0.8,lower-20%,587,Anaxyrus terrestris,0.9999994336363769,extended_prefix_evaluation,probability
0.95,0.8,lower-20%,588,Branchinecta longiantenna,0.9999994360923393,extended_prefix_evaluation,probability
0.95,0.8,lower-20%,589,Barbus anoplus,0.9999994380316085,extended_prefix_evaluation,probability
0.95,0.8,lower-20%,590,Potamilus ohiensis,0.9999994406929248,extended_prefix_evaluation,probability
0.95,0.8,lower-20%,591,Stenonema ithaca,0.9999994437918646,extended_prefix_evaluation,probability
0.95,0.8,lower-20%,592,Anopheles fluviatilis,0.9999994466123774,extended_prefix_evaluation,probability
0.95,0.8,lower-20%,593,Anopheles freeborni,0.9999994496003377,extended_prefix_evaluation,probability
0.95,0.8,lower-20%,594,Barbus natalensis,0.9999994514838172,extended_prefix_evaluation,probability
0.95,0.8,lower-20%,595,Danio devario,0.9999994534290947,extended_prefix_evaluation,probability
0.95,0.8,lower-20%,596,Stenonema candidum,0.9999994564351441,extended_prefix_evaluation,probability
0.95,0.8,lower-20%,597,Ischnura sp.,0.999999458805583,extended_prefix_evaluation,probability
0.95,0.8,lower-20%,598,Anopheles dthali,0.9999994614618521,extended_prefix_evaluation,probability
0.95,0.8,lower-20%,599,Hypophthalmichthys nobilis,0.9999994638174671,extended_prefix_evaluation,probability
0.95,0.8,lower-20%,600,Coquillettidia richardii,0.9999994664629045,extended_prefix_evaluation,probability
0.95,0.8,lower-20%,601,Anopheles albimanus,0.9999994691633876,extended_prefix_evaluation,probability
0.95,0.8,lower-20%,602,Anopheles arabiensis,0.9999994718731848,extended_prefix_evaluation,probability
0.95,0.8,lower-20%,603,Boana pardalis,0.9999994737844672,extended_prefix_evaluation,probability
0.95,0.8,lower-20%,604,Barbus gurneyi,0.9999994755548549,extended_prefix_evaluation,probability
0.95,0.8,lower-20%,605,Alona sp.,0.9999994778168195,extended_prefix_evaluation,probability
0.95,0.8,lower-20%,606,Paratelphusa jacquemontii,0.999999480151187,extended_prefix_evaluation,probability
0.95,0.8,lower-20%,607,Corixa sp.,0.9999994823501266,extended_prefix_evaluation,probability
0.95,0.8,lower-20%,608,Dicrotendipes californicus,0.99999948417119,extended_prefix_evaluation,probability
0.95,0.8,lower-20%,609,Physella acuta,0.9999994857363254,extended_prefix_evaluation,probability
0.95,0.8,lower-20%,610,Epeorus longimanus,0.9999994882640318,extended_prefix_evaluation,probability
0.95,0.8,lower-20%,611,Stenonema modestum,0.9999994910053086,extended_prefix_evaluation,probability
0.95,0.8,lower-20%,612,Stenonema femoratum,0.999999493755858,extended_prefix_evaluation,probability
0.95,0.8,lower-20%,613,Barbus filamentosus,0.9999994954235879,extended_prefix_evaluation,probability
0.95,0.8,lower-20%,614,Lemna perpusilla,0.9999994975289896,extended_prefix_evaluation,probability
0.95,0.8,lower-20%,615,Glandirana rugosa,0.9999994993360842,extended_prefix_evaluation,probability
0.95,0.8,lower-20%,616,Plectomerus sp.,0.9999995016596696,extended_prefix_evaluation,probability
0.95,0.8,lower-20%,617,Gambusia sp.,0.9999995032357804,extended_prefix_evaluation,probability
0.95,0.8,lower-20%,618,Asellus communis,0.9999995051166588,extended_prefix_evaluation,probability
0.95,0.8,lower-20%,619,Anopheles subpictus,0.9999995075028111,extended_prefix_evaluation,probability
0.95,0.8,lower-20%,620,Epeorus vitreus,0.9999995098727741,extended_prefix_evaluation,probability
0.95,0.8,lower-20%,621,Prosopium williamsoni,0.9999995120167299,extended_prefix_evaluation,probability
0.95,0.8,lower-20%,622,Danio malabaricus,0.9999995136751602,extended_prefix_evaluation,probability
0.95,0.8,lower-20%,623,Leptodea leptodon,0.9999995159722266,extended_prefix_evaluation,probability
0.95,0.8,lower-20%,624,Venustaconcha ellipsiformis,0.9999995182671414,extended_prefix_evaluation,probability
0.95,0.8,lower-20%,625,Ischnura verticalis,0.9999995204581872,extended_prefix_evaluation,probability
0.95,0.8,lower-20%,626,Anodonta anatina,0.999999522350357,extended_prefix_evaluation,probability
0.95,0.8,lower-20%,627,Pacifastacus leniusculus,0.9999995239471205,extended_prefix_evaluation,probability
0.95,0.8,lower-20%,628,Anaxyrus fowleri,0.9999995255755396,extended_prefix_evaluation,probability
0.95,0.8,lower-20%,629,Bufo punctatus,0.9999995270076014,extended_prefix_evaluation,probability
0.95,0.8,lower-20%,630,Ochlerotatus caspius,0.9999995291163444,extended_prefix_evaluation,probability
0.95,0.8,lower-20%,631,Cheumatopsyche sp.,0.9999995311378918,extended_prefix_evaluation,probability
0.95,0.8,lower-20%,632,Anisops sardeus,0.9999995340515746,extended_prefix_evaluation,probability
0.95,0.8,lower-20%,633,Artemia salina,0.9999995351839686,extended_prefix_evaluation,probability
0.95,0.8,lower-20%,634,Physa sp.,0.9999995368157097,extended_prefix_evaluation,probability
0.95,0.8,lower-20%,635,Protonemura meyeri,0.9999995387506149,extended_prefix_evaluation,probability
0.95,0.8,lower-20%,636,Mansonia uniformis,0.9999995408481597,extended_prefix_evaluation,probability
0.95,0.8,lower-20%,637,Brachionus patulus,0.9999995428239496,extended_prefix_evaluation,probability
0.95,0.8,lower-20%,638,Pelophylax esculentus,0.9999995442064563,extended_prefix_evaluation,probability
0.95,0.8,lower-20%,639,Amphinemura sulcicollis,0.9999995460763945,extended_prefix_evaluation,probability
0.95,0.8,lower-20%,640,Barbus guganio,0.9999995475113047,extended_prefix_evaluation,probability
0.95,0.8,lower-20%,641,Barbus grypus,0.9999995489348741,extended_prefix_evaluation,probability
0.95,0.8,lower-20%,642,Planorbella pilsbryi,0.99999955041308,extended_prefix_evaluation,probability
0.95,0.8,lower-20%,643,Palaemon adspersus,0.999999552927271,extended_prefix_evaluation,probability
0.95,0.8,lower-20%,644,Anacystis incerta,0.99999955506644,extended_prefix_evaluation,probability
0.95,0.8,lower-20%,645,Macrostemum sp.,0.9999995568367517,extended_prefix_evaluation,probability
0.95,0.8,lower-20%,646,Potamyia flava,0.9999995585991078,extended_prefix_evaluation,probability
0.95,0.8,lower-20%,647,Potamilus alatus,0.9999995604628031,extended_prefix_evaluation,probability
0.95,0.8,lower-20%,648,Sida crystallina,0.999999562250526,extended_prefix_evaluation,probability
0.95,0.8,lower-20%,649,Lymnaea emarginata,0.9999995638321708,extended_prefix_evaluation,probability
0.95,0.8,lower-20%,650,Isogenus sp.,0.9999995658113201,extended_prefix_evaluation,probability
0.95,0.8,lower-20%,651,Carassius carassius,0.9999995672234283,extended_prefix_evaluation,probability
0.95,0.8,lower-20%,652,Ochlerotatus nigromaculis,0.9999995690733754,extended_prefix_evaluation,probability
0.95,0.8,lower-20%,653,Puntius stigma,0.9999995705053243,extended_prefix_evaluation,probability
0.95,0.8,lower-20%,654,Spirostomum teres,0.9999995727683689,extended_prefix_evaluation,probability
0.95,0.8,lower-20%,655,Wyeomyia smithii,0.9999995748966396,extended_prefix_evaluation,probability
0.95,0.8,lower-20%,656,Leuciscus idus,0.9999995765235552,extended_prefix_evaluation,probability
0.95,0.8,lower-20%,657,Anopheles sp.,0.9999995784726928,extended_prefix_evaluation,probability
0.95,0.8,lower-20%,658,Amphinemura delosa,0.9999995801581795,extended_prefix_evaluation,probability
0.95,0.8,lower-20%,659,Pelophylax perezi,0.99999958138842,extended_prefix_evaluation,probability
0.95,0.8,lower-20%,660,Gambusia yucatana,0.9999995826772665,extended_prefix_evaluation,probability
0.95,0.8,lower-20%,661,Notropis blennius,0.9999995841424547,extended_prefix_evaluation,probability
0.95,0.8,lower-20%,662,Physa integra,0.9999995857101518,extended_prefix_evaluation,probability
0.95,0.8,lower-20%,663,Poecilia vivipara,0.9999995870219643,extended_prefix_evaluation,probability
0.95,0.8,lower-20%,664,Perca fluviatilis,0.9999995889035324,extended_prefix_evaluation,probability
0.95,0.8,lower-20%,665,Pantala flavescens,0.9999995905521507,extended_prefix_evaluation,probability
0.95,0.8,lower-20%,666,Notropis rubellus,0.999999591969788,extended_prefix_evaluation,probability
0.95,0.8,lower-20%,667,Epeorus latifolium,0.9999995938535102,extended_prefix_evaluation,probability
0.95,0.8,lower-20%,668,Stenonema sp.,0.9999995958555479,extended_prefix_evaluation,probability
0.95,0.8,lower-20%,669,Diphetor hageni,0.9999995977057384,extended_prefix_evaluation,probability
0.95,0.8,lower-20%,670,Ladona deplanata,0.9999995993141159,extended_prefix_evaluation,probability
0.95,0.8,lower-20%,671,Obovaria subrotunda,0.9999996010266174,extended_prefix_evaluation,probability
0.95,0.8,lower-20%,672,Barbus javanicus,0.999999602257689,extended_prefix_evaluation,probability
0.95,0.8,lower-20%,673,Lymnaea palustris,0.9999996036242166,extended_prefix_evaluation,probability
0.95,0.8,lower-20%,674,Bosmina coregoni,0.9999996052125038,extended_prefix_evaluation,probability
0.95,0.8,lower-20%,675,Cyprinella whipplei,0.9999996065870955,extended_prefix_evaluation,probability
0.95,0.8,lower-20%,676,Asellus intermedius,0.9999996078990897,extended_prefix_evaluation,probability
0.95,0.8,lower-20%,677,Artemia sp.,0.9999996089811413,extended_prefix_evaluation,probability
0.95,0.8,lower-20%,678,Plathemis lydia,0.999999610538165,extended_prefix_evaluation,probability
0.95,0.8,lower-20%,679,Leptestheria compleximanus,0.9999996119645966,extended_prefix_evaluation,probability
0.95,0.8,lower-20%,680,Eulimnadia sp.,0.9999996133614072,extended_prefix_evaluation,probability
0.95,0.8,lower-20%,681,Ligumia subrostrata,0.9999996147708656,extended_prefix_evaluation,probability
0.95,0.8,lower-20%,682,Cyrtonaias tampicoensis,0.99999961637308,extended_prefix_evaluation,probability
0.95,0.8,lower-20%,683,Toxolasma texasensis,0.9999996179678678,extended_prefix_evaluation,probability
0.95,0.8,lower-20%,684,Erimonax monachus,0.9999996194472806,extended_prefix_evaluation,probability
0.95,0.8,lower-20%,685,Fejervarya limnocharis,0.9999996206930846,extended_prefix_evaluation,probability
0.95,0.8,lower-20%,686,Toxorhynchites splendens,0.9999996222908468,extended_prefix_evaluation,probability
0.95,0.8,lower-20%,687,Cyprinella leedsi,0.9999996235886612,extended_prefix_evaluation,probability
0.95,0.8,lower-20%,688,Chaetopteryx villosa,0.999999625175599,extended_prefix_evaluation,probability
0.95,0.8,lower-20%,689,Barbus arulius,0.999999626257131,extended_prefix_evaluation,probability
0.95,0.8,lower-20%,690,Cyprinella lutrensis,0.9999996275616462,extended_prefix_evaluation,probability
0.95,0.8,lower-20%,691,Epeorus sp.,0.999999629160792,extended_prefix_evaluation,probability
0.95,0.8,lower-20%,692,Simulium latigonium,0.9999996310394625,extended_prefix_evaluation,probability
0.95,0.8,lower-20%,693,Crangonyx pseudogracilis,0.9999996323822045,extended_prefix_evaluation,probability
0.95,0.8,lower-20%,694,Isthmohyla pseudopuma,0.999999633645551,extended_prefix_evaluation,probability
0.95,0.8,lower-20%,695,Holopedium gibberum,0.9999996349487553,extended_prefix_evaluation,probability
0.95,0.8,lower-20%,696,Agalychnis callidryas,0.9999996362016423,extended_prefix_evaluation,probability
0.95,0.8,lower-20%,697,Atyaephyra desmarestii,0.9999996380226309,extended_prefix_evaluation,probability
0.95,0.8,lower-20%,698,Ptychobranchus fasciolaris,0.9999996395353837,extended_prefix_evaluation,probability
0.95,0.8,lower-20%,699,Sigara arguta,0.9999996408810068,extended_prefix_evaluation,probability
0.95,0.8,lower-20%,700,Triops longicaudatus,0.9999996421577124,extended_prefix_evaluation,probability
0.95,0.8,lower-20%,701,Smilisca baudinii,0.9999996433806184,extended_prefix_evaluation,probability
0.95,0.8,lower-20%,702,Sinanodonta woodiana,0.9999996448480326,extended_prefix_evaluation,probability
0.95,0.8,lower-20%,703,Buenoa sp.,0.9999996464421053,extended_prefix_evaluation,probability
0.95,0.8,lower-20%,704,Barbus conchonius,0.9999996474919907,extended_prefix_evaluation,probability
0.95,0.8,lower-20%,705,Phoxinus eos,0.9999996486744545,extended_prefix_evaluation,probability
0.95,0.8,lower-20%,706,Cyprinodon bovinus,0.9999996500799923,extended_prefix_evaluation,probability
0.95,0.8,lower-20%,707,Notropis mekistocholas,0.999999651295177,extended_prefix_evaluation,probability
0.95,0.8,lower-20%,708,Lymnaea rubiginosa,0.9999996524419814,extended_prefix_evaluation,probability
0.95,0.8,lower-20%,709,Notropis atherinoides,0.9999996535941593,extended_prefix_evaluation,probability
0.95,0.8,lower-20%,710,Ligumia recta,0.9999996549144999,extended_prefix_evaluation,probability
0.95,0.8,lower-20%,711,Poeciliopsis occidentalis,0.99999965587565,extended_prefix_evaluation,probability
0.95,0.8,lower-20%,712,Oreochromis niloticus,0.9999996569236298,extended_prefix_evaluation,probability
0.95,0.8,lower-20%,713,Buenoa unguis,0.9999996584200118,extended_prefix_evaluation,probability
0.95,0.8,lower-20%,714,Rhinichthys osculus,0.9999996595492542,extended_prefix_evaluation,probability
0.95,0.8,lower-20%,715,Sigara substriata,0.9999996607902878,extended_prefix_evaluation,probability
0.95,0.8,lower-20%,716,Drunella cornuta,0.9999996622332875,extended_prefix_evaluation,probability
0.95,0.8,lower-20%,717,Ceratophyllum demersum,0.9999996634702932,extended_prefix_evaluation,probability
0.95,0.8,lower-20%,718,Notropis buccatus,0.9999996645579092,extended_prefix_evaluation,probability
0.95,0.8,lower-20%,719,Drunella doddsi,0.9999996659388706,extended_prefix_evaluation,probability
0.95,0.8,lower-20%,720,Pomacea paludosa,0.9999996673559122,extended_prefix_evaluation,probability
0.95,0.8,lower-20%,721,Bosmina sp.,0.9999996685834374,extended_prefix_evaluation,probability
0.95,0.8,lower-20%,722,Sigara sp.,0.999999669778796,extended_prefix_evaluation,probability
0.95,0.8,lower-20%,723,Bosmina longirostris,0.9999996710156228,extended_prefix_evaluation,probability
0.95,0.8,lower-20%,724,Poeciliopsis sp.,0.9999996719298642,extended_prefix_evaluation,probability
0.95,0.8,lower-20%,725,Pimephales notatus,0.9999996730550919,extended_prefix_evaluation,probability
0.95,0.8,lower-20%,726,Anacystis alpicola,0.9999996745202643,extended_prefix_evaluation,probability
0.95,0.8,lower-20%,727,Sigara dorsalis,0.9999996756848034,extended_prefix_evaluation,probability
0.95,0.8,lower-20%,728,Hyriopsis cumingii,0.9999996769736337,extended_prefix_evaluation,probability
0.95,0.8,lower-20%,729,Orthemis sp.,0.9999996781607587,extended_prefix_evaluation,probability
0.95,0.8,lower-20%,730,Hamiota subangulata,0.9999996794365947,extended_prefix_evaluation,probability
0.95,0.8,lower-20%,731,Claassenia sp.,0.9999996811584333,extended_prefix_evaluation,probability
0.95,0.8,lower-20%,732,Libellula sp.,0.9999996823263735,extended_prefix_evaluation,probability
0.95,0.8,lower-20%,733,Lymnaea peregra,0.9999996834128004,extended_prefix_evaluation,probability
0.95,0.8,lower-20%,734,Rhinichthys cataractae,0.9999996844372212,extended_prefix_evaluation,probability
0.95,0.8,lower-20%,735,Sympetrum flaveolum,0.9999996855948271,extended_prefix_evaluation,probability
0.95,0.8,lower-20%,736,Megalobrama amblycephala,0.9999996865743488,extended_prefix_evaluation,probability
0.95,0.8,lower-20%,737,Fejervarya multistriata,0.9999996875123116,extended_prefix_evaluation,probability
0.95,0.8,lower-20%,738,Callibaetis skokianus,0.9999996887639151,extended_prefix_evaluation,probability
0.95,0.8,lower-20%,739,Wyeomyia mitchellii,0.9999996900128607,extended_prefix_evaluation,probability
0.95,0.8,lower-20%,740,Simulium decorum,0.9999996915398714,extended_prefix_evaluation,probability
0.95,0.8,lower-20%,741,Arctopsyche grandis,0.9999996926121295,extended_prefix_evaluation,probability
0.95,0.8,lower-20%,742,Ameletus sp.,0.9999996937977726,extended_prefix_evaluation,probability
0.95,0.8,lower-20%,743,Ligumia sp.,0.9999996949330431,extended_prefix_evaluation,probability
0.95,0.8,lower-20%,744,Anacystis dimidiata,0.9999996962818598,extended_prefix_evaluation,probability
0.95,0.8,lower-20%,745,Erythemis simplicicollis,0.9999996973675744,extended_prefix_evaluation,probability
0.95,0.8,lower-20%,746,Labeo boga,0.9999996981993183,extended_prefix_evaluation,probability
0.95,0.8,lower-20%,747,Actinonaias ligamentina,0.9999996996314926,extended_prefix_evaluation,probability
0.95,0.8,lower-20%,748,Pseudosida ramosa,0.9999997006997313,extended_prefix_evaluation,probability
0.95,0.8,lower-20%,749,Epidalea calamita,0.9999997017370117,extended_prefix_evaluation,probability
0.95,0.8,lower-20%,750,Ceratopsyche morosa,0.9999997026554225,extended_prefix_evaluation,probability
0.95,0.8,lower-20%,751,Paratelphusa spinigera,0.999999703723103,extended_prefix_evaluation,probability
0.95,0.8,lower-20%,752,Ceratopsyche slossonae,0.9999997046826536,extended_prefix_evaluation,probability
0.95,0.8,lower-20%,753,Ceratopsyche bronta,0.9999997056577715,extended_prefix_evaluation,probability
0.95,0.8,lower-20%,754,Boana faber,0.9999997065711411,extended_prefix_evaluation,probability
0.95,0.8,lower-20%,755,Bosmina fatalis,0.9999997076521825,extended_prefix_evaluation,probability
0.95,0.8,lower-20%,756,Corbicula striatella,0.9999997087389122,extended_prefix_evaluation,probability
0.95,0.8,lower-20%,757,Osteopilus septentrionalis,0.9999997097017495,extended_prefix_evaluation,probability
0.95,0.8,lower-20%,758,Sclerophrys maculata,0.9999997106300538,extended_prefix_evaluation,probability
0.95,0.8,lower-20%,759,Simulium verecundum,0.9999997120431622,extended_prefix_evaluation,probability
0.95,0.8,lower-20%,760,Corisella decolor,0.9999997130768231,extended_prefix_evaluation,probability
0.95,0.8,lower-20%,761,Macrothrix sp.,0.9999997140501251,extended_prefix_evaluation,probability
0.95,0.8,lower-20%,762,Lepomis sp.,0.9999997150233637,extended_prefix_evaluation,probability
0.95,0.8,lower-20%,763,Stenacron interpunctatum,0.9999997161135781,extended_prefix_evaluation,probability
0.95,0.8,lower-20%,764,Tricorythus sp.,0.999999717108356,extended_prefix_evaluation,probability
0.95,0.8,lower-20%,765,Cryophila lapponica,0.999999718297193,extended_prefix_evaluation,probability
0.95,0.8,lower-20%,766,Richardsonius balteatus,0.999999719150151,extended_prefix_evaluation,probability
0.95,0.8,lower-20%,767,Limnephilus bipunctatus,0.999999720318471,extended_prefix_evaluation,probability
0.95,0.8,lower-20%,768,Maccaffertium vicarium,0.9999997214007267,extended_prefix_evaluation,probability
0.95,0.8,lower-20%,769,Neocaridina heteropoda,0.999999722680876,extended_prefix_evaluation,probability
0.95,0.8,lower-20%,770,Macrothrix flabelligera,0.999999723605005,extended_prefix_evaluation,probability
0.95,0.8,lower-20%,771,Opsopoeodus emiliae,0.9999997244390211,extended_prefix_evaluation,probability
0.95,0.8,lower-20%,772,Fusconaia flava,0.9999997255014779,extended_prefix_evaluation,probability
0.95,0.8,lower-20%,773,Anisops bouvieri,0.9999997267469504,extended_prefix_evaluation,probability
0.95,0.8,lower-20%,774,Simulium pugetense,0.9999997280427075,extended_prefix_evaluation,probability
0.95,0.8,lower-20%,775,Maccaffertium sp.,0.9999997290910783,extended_prefix_evaluation,probability
0.95,0.8,lower-20%,776,Hypophthalmichthys molitrix,0.9999997300562724,extended_prefix_evaluation,probability
0.95,0.8,lower-20%,777,Gambusia affinis,0.9999997308366592,extended_prefix_evaluation,probability
0.95,0.8,lower-20%,778,Tipula sp.,0.9999997317817353,extended_prefix_evaluation,probability
0.95,0.8,lower-20%,779,Gibelion catla,0.9999997322926439,extended_prefix_evaluation,probability
0.95,0.8,lower-20%,780,Limnephilus lunatus,0.9999997334050843,extended_prefix_evaluation,probability
0.95,0.8,lower-20%,781,Puntigrus tetrazona,0.9999997342018412,extended_prefix_evaluation,probability
0.95,0.8,lower-20%,782,Labeo niloticus,0.9999997349007149,extended_prefix_evaluation,probability
0.95,0.8,lower-20%,783,Hydatophylax argus,0.9999997358999219,extended_prefix_evaluation,probability
0.95,0.8,lower-20%,784,Acrocheilus alutaceus,0.999999736687048,extended_prefix_evaluation,probability
0.95,0.8,lower-20%,785,Rhamdia quelen,0.9999997377825278,extended_prefix_evaluation,probability
0.95,0.8,lower-20%,786,Anopheles sinensis,0.9999997385982176,extended_prefix_evaluation,probability
0.95,0.8,lower-20%,787,Pycnopsyche lepida,0.9999997395641722,extended_prefix_evaluation,probability
0.95,0.8,lower-20%,788,Percina caprodes,0.9999997405416383,extended_prefix_evaluation,probability
0.95,0.8,lower-20%,789,Medionidus conradicus,0.9999997415904331,extended_prefix_evaluation,probability
0.95,0.8,lower-20%,790,Hydroperla crosbyi,0.9999997425793566,extended_prefix_evaluation,probability
0.95,0.8,lower-20%,791,Rhithrogena semicolorata,0.999999743494531,extended_prefix_evaluation,probability
0.95,0.8,lower-20%,792,Philarctus quaeris,0.9999997444513403,extended_prefix_evaluation,probability
0.95,0.8,lower-20%,793,Dasycorixa hybrida,0.9999997453501487,extended_prefix_evaluation,probability
0.95,0.8,lower-20%,794,Caecidotea bicrenata,0.9999997463030772,extended_prefix_evaluation,probability
0.95,0.8,lower-20%,795,Ephoron virgo,0.9999997473942746,extended_prefix_evaluation,probability
0.95,0.8,lower-20%,796,Nuria danrica,0.9999997481486816,extended_prefix_evaluation,probability
0.95,0.8,lower-20%,797,Margariscus margarita,0.9999997488855412,extended_prefix_evaluation,probability
0.95,0.8,lower-20%,798,Simulium argus,0.9999997500409414,extended_prefix_evaluation,probability
0.95,0.8,lower-20%,799,Megarasbora elanga,0.999999750769,extended_prefix_evaluation,probability
0.95,0.8,lower-20%,800,Pycnopsyche sp.,0.999999751734646,extended_prefix_evaluation,probability
0.95,0.8,lower-20%,801,Anodonta cygnea,0.9999997525916616,extended_prefix_evaluation,probability
0.95,0.8,lower-20%,802,Pycnopsyche guttifera,0.9999997534847113,extended_prefix_evaluation,probability
0.95,0.8,lower-20%,803,Hesperophylax sp.,0.9999997543864533,extended_prefix_evaluation,probability
0.95,0.8,lower-20%,804,Paracheirodon axelrodi,0.9999997553205404,extended_prefix_evaluation,probability
0.95,0.8,lower-20%,805,Trichocorixa reticulata,0.9999997561630054,extended_prefix_evaluation,probability
0.95,0.8,lower-20%,806,Ephemera danica,0.9999997570172541,extended_prefix_evaluation,probability
0.95,0.8,lower-20%,807,Ephemera simulans,0.9999997578694919,extended_prefix_evaluation,probability
0.95,0.8,lower-20%,808,Ephemera orientalis,0.9999997587181382,extended_prefix_evaluation,probability
0.95,0.8,lower-20%,809,Simulium medusaeforme,0.999999759859362,extended_prefix_evaluation,probability
0.95,0.8,lower-20%,810,Lepomis microlophus,0.9999997606504247,extended_prefix_evaluation,probability
0.95,0.8,lower-20%,811,Ptychocheilus oregonensis,0.9999997613100586,extended_prefix_evaluation,probability
0.95,0.8,lower-20%,812,Labeo calbasu,0.9999997619232108,extended_prefix_evaluation,probability
0.95,0.8,lower-20%,813,Labeo bata,0.9999997625342122,extended_prefix_evaluation,probability
0.95,0.8,lower-20%,814,Tumeodiaptomus diabolicus,0.999999763661823,extended_prefix_evaluation,probability
0.95,0.8,lower-20%,815,Leiopotherapon unicolor,0.9999997645325935,extended_prefix_evaluation,probability
0.95,0.8,lower-20%,816,Orconectes neglectus,0.9999997653672507,extended_prefix_evaluation,probability
0.95,0.8,lower-20%,817,Sigara alternata,0.9999997661548119,extended_prefix_evaluation,probability
0.95,0.8,lower-20%,818,Echinisca triserialis,0.999999766921715,extended_prefix_evaluation,probability
0.95,0.8,lower-20%,819,Calineuria californica,0.9999997679806997,extended_prefix_evaluation,probability
0.95,0.8,lower-20%,820,Skwala sp.,0.9999997688546229,extended_prefix_evaluation,probability
0.95,0.8,lower-20%,821,Isogenoides sp.,0.9999997696997394,extended_prefix_evaluation,probability
0.95,0.8,lower-20%,822,Tribolodon hakonensis,0.9999997703850472,extended_prefix_evaluation,probability
0.95,0.8,lower-20%,823,Garra mullya,0.9999997710468546,extended_prefix_evaluation,probability
0.95,0.8,lower-20%,824,Limnephilus sp.,0.9999997719749864,extended_prefix_evaluation,probability
0.95,0.8,lower-20%,825,Fusconaia masoni,0.999999772826704,extended_prefix_evaluation,probability
0.95,0.8,lower-20%,826,Coregonus muksun,0.9999997735945658,extended_prefix_evaluation,probability
0.95,0.8,lower-20%,827,Arcynopteryx sp.,0.9999997744186306,extended_prefix_evaluation,probability
0.95,0.8,lower-20%,828,Simulium squamosum,0.9999997754630735,extended_prefix_evaluation,probability
0.95,0.8,lower-20%,829,Acantholeberis curvirostris,0.9999997761942574,extended_prefix_evaluation,probability
0.95,0.8,lower-20%,830,Clioperla clio,0.9999997770048065,extended_prefix_evaluation,probability
0.95,0.8,lower-20%,831,Hypsiboas pulchellus,0.9999997776614913,extended_prefix_evaluation,probability
0.95,0.8,lower-20%,832,Agosia chrysogaster,0.9999997783011539,extended_prefix_evaluation,probability
0.95,0.8,lower-20%,833,Pyganodon grandis,0.9999997791392238,extended_prefix_evaluation,probability
0.95,0.8,lower-20%,834,Sander lucioperca,0.9999997800092824,extended_prefix_evaluation,probability
0.95,0.8,lower-20%,835,Lepomis gibbosus,0.9999997807212612,extended_prefix_evaluation,probability
0.95,0.8,lower-20%,836,Skwala parallela,0.9999997815157002,extended_prefix_evaluation,probability
0.95,0.8,lower-20%,837,Sigara striata,0.9999997822164222,extended_prefix_evaluation,probability
0.95,0.8,lower-20%,838,Stenacron sp.,0.9999997829864213,extended_prefix_evaluation,probability
0.95,0.8,lower-20%,839,Cinygmula reticulata,0.9999997837998994,extended_prefix_evaluation,probability
0.95,0.8,lower-20%,840,Hybognathus amarus,0.9999997843906733,extended_prefix_evaluation,probability
0.95,0.8,lower-20%,841,Psychoglypha sp.,0.9999997851691268,extended_prefix_evaluation,probability
0.95,0.8,lower-20%,842,Jappa kutera,0.9999997861059648,extended_prefix_evaluation,probability
0.95,0.8,lower-20%,843,Tropisternus lateralis,0.9999997868065912,extended_prefix_evaluation,probability
0.95,0.8,lower-20%,844,Serratella micheneri,0.9999997875577294,extended_prefix_evaluation,probability
0.95,0.8,lower-20%,845,Cyprinodon macularius,0.9999997883198015,extended_prefix_evaluation,probability
0.95,0.8,lower-20%,846,Hemibarbus mylodon,0.9999997889346186,extended_prefix_evaluation,probability
0.95,0.8,lower-20%,847,Misgurnus anguillicaudatus,0.9999997896719504,extended_prefix_evaluation,probability
0.95,0.8,lower-20%,848,Cinygma sp.,0.9999997905017569,extended_prefix_evaluation,probability
0.95,0.8,lower-20%,849,Litoria aurea,0.99999979117363,extended_prefix_evaluation,probability
0.95,0.8,lower-20%,850,Alasmidonta raveneliana,0.9999997918973841,extended_prefix_evaluation,probability
0.95,0.8,lower-20%,851,Rhyacophila dorsalis,0.9999997925596098,extended_prefix_evaluation,probability
0.95,0.8,lower-20%,852,Labeo fimbriatus,0.9999997930664165,extended_prefix_evaluation,probability
0.95,0.8,lower-20%,853,Orconectes limosus,0.9999997936999334,extended_prefix_evaluation,probability
0.95,0.8,lower-20%,854,Rhinichthys atratulus,0.9999997942852967,extended_prefix_evaluation,probability
0.95,0.8,lower-20%,855,Attaneuria ruralis,0.9999997951797235,extended_prefix_evaluation,probability
0.95,0.8,lower-20%,856,Dinocras cephalotes,0.9999997960590383,extended_prefix_evaluation,probability
0.95,0.8,lower-20%,857,Physella hendersoni,0.9999997966623293,extended_prefix_evaluation,probability
0.95,0.8,lower-20%,858,Simulium damnosum,0.9999997975252917,extended_prefix_evaluation,probability
0.95,0.8,lower-20%,859,Litoria citropa,0.9999997981708336,extended_prefix_evaluation,probability
0.95,0.8,lower-20%,860,Hoplobatrachus tigerinus,0.9999997986020276,extended_prefix_evaluation,probability
0.95,0.8,lower-20%,861,Isoperla sp.,0.9999997993442346,extended_prefix_evaluation,probability
0.95,0.8,lower-20%,862,Anacystis sp.,0.9999998001916957,extended_prefix_evaluation,probability
0.95,0.8,lower-20%,863,Lestes sponsa,0.9999998009607257,extended_prefix_evaluation,probability
0.95,0.8,lower-20%,864,Litoria freycineti,0.9999998016031374,extended_prefix_evaluation,probability
0.95,0.8,lower-20%,865,Niphargus rhenorhodanensis,0.9999998023672673,extended_prefix_evaluation,probability
0.95,0.8,lower-20%,866,Isoperla longiseta,0.9999998030846309,extended_prefix_evaluation,probability
0.95,0.8,lower-20%,867,Physella sp.,0.9999998036634947,extended_prefix_evaluation,probability
0.95,0.8,lower-20%,868,Physella heterostropha,0.9999998042382985,extended_prefix_evaluation,probability
0.95,0.8,lower-20%,869,Cyprinion watsoni,0.9999998047683963,extended_prefix_evaluation,probability
0.95,0.8,lower-20%,870,Isoperla quinquepunctata,0.9999998054785876,extended_prefix_evaluation,probability
0.95,0.8,lower-20%,871,Callibaetis sp.,0.999999806167841,extended_prefix_evaluation,probability
0.95,0.8,lower-20%,872,Simulium equinum,0.9999998070066025,extended_prefix_evaluation,probability
0.95,0.8,lower-20%,873,Popenaias buckleyi,0.9999998076729241,extended_prefix_evaluation,probability
0.95,0.8,lower-20%,874,Isoperla transmarina,0.9999998083647151,extended_prefix_evaluation,probability
0.95,0.8,lower-20%,875,Thymallus arcticus,0.9999998089301243,extended_prefix_evaluation,probability
0.95,0.8,lower-20%,876,Barilius bendelisis,0.999999809455865,extended_prefix_evaluation,probability
0.95,0.8,lower-20%,877,Skistodiaptomus oregonensis,0.9999998103384443,extended_prefix_evaluation,probability
0.95,0.8,lower-20%,878,Isoperla slossonae,0.9999998110416043,extended_prefix_evaluation,probability
0.95,0.8,lower-20%,879,Lestes congener,0.9999998118161096,extended_prefix_evaluation,probability
0.95,0.8,lower-20%,880,Isoperla bilineata,0.9999998124866651,extended_prefix_evaluation,probability
0.95,0.8,lower-20%,881,Procambarus acutus,0.9999998131121779,extended_prefix_evaluation,probability
0.95,0.8,lower-20%,882,Clistoronia magnifica,0.9999998137341259,extended_prefix_evaluation,probability
0.95,0.8,lower-20%,883,Isoperla grammatica,0.9999998143950931,extended_prefix_evaluation,probability
0.95,0.8,lower-20%,884,Procambarus virginalis,0.9999998150134578,extended_prefix_evaluation,probability
0.95,0.8,lower-20%,885,Hoplobatrachus rugulosus,0.9999998154546761,extended_prefix_evaluation,probability
0.95,0.8,lower-20%,886,Procambarus sp.,0.9999998159287409,extended_prefix_evaluation,probability
0.95,0.8,lower-20%,887,Cottus gobio,0.9999998168931086,extended_prefix_evaluation,probability
0.95,0.8,lower-20%,888,Simulium virgatum,0.9999998176729955,extended_prefix_evaluation,probability
0.95,0.8,lower-20%,889,Physella virgata,0.999999818197033,extended_prefix_evaluation,probability
0.95,0.8,lower-20%,890,Enneacanthus gloriosus,0.9999998187625313,extended_prefix_evaluation,probability
0.95,0.8,lower-20%,891,Physella elliptica,0.9999998192815467,extended_prefix_evaluation,probability
0.95,0.8,lower-20%,892,Ephemerella catawba,0.9999998198790191,extended_prefix_evaluation,probability
0.95,0.8,lower-20%,893,Lepomis megalotis,0.9999998204118554,extended_prefix_evaluation,probability
0.95,0.8,lower-20%,894,Scinax nasicus,0.9999998209403099,extended_prefix_evaluation,probability
0.95,0.8,lower-20%,895,Lythrurus umbratilis,0.999999821416454,extended_prefix_evaluation,probability
0.95,0.8,lower-20%,896,Oryzias sinensis,0.9999998219329292,extended_prefix_evaluation,probability
0.95,0.8,lower-20%,897,Oreochromis sp.,0.9999998223200021,extended_prefix_evaluation,probability
0.95,0.8,lower-20%,898,Hybognathus placitus,0.9999998227888758,extended_prefix_evaluation,probability
0.95,0.8,lower-20%,899,Ephemerella lata,0.9999998233706329,extended_prefix_evaluation,probability
0.95,0.8,lower-20%,900,Ephemerella doddsi,0.9999998239479743,extended_prefix_evaluation,probability
0.95,0.8,lower-20%,901,Barilius vagra,0.999999824409263,extended_prefix_evaluation,probability
0.95,0.8,lower-20%,902,Scinax fuscovarius,0.99999982491605,extended_prefix_evaluation,probability
0.95,0.8,lower-20%,903,Coregonus peled,0.9999998254675417,extended_prefix_evaluation,probability
0.95,0.8,lower-20%,904,Unio tumidus,0.9999998260107307,extended_prefix_evaluation,probability
0.95,0.8,lower-20%,905,Gila elegans,0.9999998263453019,extended_prefix_evaluation,probability
0.95,0.8,lower-20%,906,Rutilus caspicus,0.9999998269055157,extended_prefix_evaluation,probability
0.95,0.8,lower-20%,907,Scinax nasica,0.999999827391923,extended_prefix_evaluation,probability
0.95,0.8,lower-20%,908,Physella gyrina,0.9999998278918524,extended_prefix_evaluation,probability
0.95,0.8,lower-20%,909,Litoria raniformis,0.9999998284323374,extended_prefix_evaluation,probability
0.95,0.8,lower-20%,910,Coregonus hoyi,0.9999998289655114,extended_prefix_evaluation,probability
0.95,0.8,lower-20%,911,Ephemerella ignita,0.999999829518795,extended_prefix_evaluation,probability
0.95,0.8,lower-20%,912,Acroneuria abnormis,0.9999998301585163,extended_prefix_evaluation,probability
0.95,0.8,lower-20%,913,Phoxinus phoxinus,0.9999998307334911,extended_prefix_evaluation,probability
0.95,0.8,lower-20%,914,Pomacea lineata,0.999999831321285,extended_prefix_evaluation,probability
0.95,0.8,lower-20%,915,Gila cypha,0.999999831704706,extended_prefix_evaluation,probability
0.95,0.8,lower-20%,916,Procambarus hayi,0.9999998322621578,extended_prefix_evaluation,probability
0.95,0.8,lower-20%,917,Simulium venustum,0.9999998329654692,extended_prefix_evaluation,probability
0.95,0.8,lower-20%,918,Simulium ornatum,0.9999998335532848,extended_prefix_evaluation,probability
0.95,0.8,lower-20%,919,Mogurnda mogurnda,0.9999998342159758,extended_prefix_evaluation,probability
0.95,0.8,lower-20%,920,Coregonus lavaretus,0.9999998347412598,extended_prefix_evaluation,probability
0.95,0.8,lower-20%,921,Litoria caerulea,0.9999998352528641,extended_prefix_evaluation,probability
0.95,0.8,lower-20%,922,Paragnetina sp.,0.9999998359263433,extended_prefix_evaluation,probability
0.95,0.8,lower-20%,923,Candidia barbatus,0.9999998363643829,extended_prefix_evaluation,probability
0.95,0.8,lower-20%,924,Unio crassus,0.9999998368627054,extended_prefix_evaluation,probability
0.95,0.8,lower-20%,925,Anacystis nidulans,0.9999998374518287,extended_prefix_evaluation,probability
0.95,0.8,lower-20%,926,Micronecta sp.,0.9999998380072351,extended_prefix_evaluation,probability
0.95,0.8,lower-20%,927,Esox masquinongy,0.9999998386715134,extended_prefix_evaluation,probability
0.95,0.8,lower-20%,928,Pogonichthys macrolepidotus,0.9999998390960583,extended_prefix_evaluation,probability
0.95,0.8,lower-20%,929,Corbicula australis,0.9999998396389395,extended_prefix_evaluation,probability
0.95,0.8,lower-20%,930,Rhithrogena sp.,0.9999998401170853,extended_prefix_evaluation,probability
0.95,0.8,lower-20%,931,Physella pomilia,0.9999998405922859,extended_prefix_evaluation,probability
0.95,0.8,lower-20%,932,Peltodytes sp.,0.9999998411744091,extended_prefix_evaluation,probability
0.95,0.8,lower-20%,933,Luxilus chrysocephalus,0.9999998415843185,extended_prefix_evaluation,probability
0.95,0.8,lower-20%,934,Pontastacus leptodactylus,0.999999842127735,extended_prefix_evaluation,probability
0.95,0.8,lower-20%,935,Pachydiplax longipennis,0.9999998425768193,extended_prefix_evaluation,probability
0.95,0.8,lower-20%,936,Aplocheilichthys johnstonii,0.9999998431036038,extended_prefix_evaluation,probability
0.95,0.8,lower-20%,937,Rhithrogena hageni,0.9999998435776724,extended_prefix_evaluation,probability
0.95,0.8,lower-20%,938,Litoria moorei,0.9999998440345623,extended_prefix_evaluation,probability
0.95,0.8,lower-20%,939,Lepidostoma unicolor,0.9999998445328373,extended_prefix_evaluation,probability
0.95,0.8,lower-20%,940,Dugesia sp.,0.9999998451365831,extended_prefix_evaluation,probability
0.95,0.8,lower-20%,941,Tanichthys albonubes,0.9999998455287885,extended_prefix_evaluation,probability
0.95,0.8,lower-20%,942,Unio ravoisieri,0.9999998459935191,extended_prefix_evaluation,probability
0.95,0.8,lower-20%,943,Coregonus albula,0.999999846458499,extended_prefix_evaluation,probability
0.95,0.8,lower-20%,944,Abramis ballerus,0.9999998468350381,extended_prefix_evaluation,probability
0.95,0.8,lower-20%,945,Esomus danricus,0.999999847188788,extended_prefix_evaluation,probability
0.95,0.8,lower-20%,946,Acroneuria sp.,0.9999998477451165,extended_prefix_evaluation,probability
0.95,0.8,lower-20%,947,Onychostoma barbata,0.9999998481286052,extended_prefix_evaluation,probability
0.95,0.8,lower-20%,948,Scenedesmus acuminatus,0.9999998485423899,extended_prefix_evaluation,probability
0.95,0.8,lower-20%,949,Procambarus simulans,0.9999998490280608,extended_prefix_evaluation,probability
0.95,0.8,lower-20%,950,Rhyacophila sp.,0.9999998494737933,extended_prefix_evaluation,probability
0.95,0.8,lower-20%,951,Coregonus clupeaformis,0.9999998499183401,extended_prefix_evaluation,probability
0.95,0.8,lower-20%,952,Simulium sp.,0.9999998504303035,extended_prefix_evaluation,probability
0.95,0.8,lower-20%,953,Neocaridina denticulata,0.9999998510260241,extended_prefix_evaluation,probability
0.95,0.8,lower-20%,954,Anabolia nervosa,0.9999998514571572,extended_prefix_evaluation,probability
0.95,0.8,lower-20%,955,Xiphophorus helleri,0.999999851843884,extended_prefix_evaluation,probability
0.95,0.8,lower-20%,956,Diporeia sp.,0.9999998523516364,extended_prefix_evaluation,probability
0.95,0.8,lower-20%,957,Gambusia holbrooki,0.9999998527467994,extended_prefix_evaluation,probability
0.95,0.8,lower-20%,958,Cirrhinus molitorella,0.9999998531872468,extended_prefix_evaluation,probability
0.95,0.8,lower-20%,959,Carassius gibelio,0.9999998536143518,extended_prefix_evaluation,probability
0.95,0.8,lower-20%,960,Paratelphusa masoniana,0.9999998540476407,extended_prefix_evaluation,probability
0.95,0.8,lower-20%,961,Chauliodes sp.,0.999999854512284,extended_prefix_evaluation,probability
0.95,0.8,lower-20%,962,Elassoma gilberti,0.9999998549219181,extended_prefix_evaluation,probability
0.95,0.8,lower-20%,963,Crocothemis erythraea,0.9999998553434984,extended_prefix_evaluation,probability
0.95,0.8,lower-20%,964,Erpobdella octoculata,0.9999998557753302,extended_prefix_evaluation,probability
0.95,0.8,lower-20%,965,Ephemerella sp.,0.9999998562398975,extended_prefix_evaluation,probability
0.95,0.8,lower-20%,966,Unio elongatulus,0.9999998566550924,extended_prefix_evaluation,probability
0.95,0.8,lower-20%,967,Barbus sp.,0.9999998570674147,extended_prefix_evaluation,probability
0.95,0.8,lower-20%,968,Somatogyrus virginicus,0.9999998574981046,extended_prefix_evaluation,probability
0.95,0.8,lower-20%,969,Ephemerella subvaria,0.9999998579235312,extended_prefix_evaluation,probability
0.95,0.8,lower-20%,970,Indonaia caerulea,0.9999998584301857,extended_prefix_evaluation,probability
0.95,0.8,lower-20%,971,Ranatra filiformis,0.9999998589281776,extended_prefix_evaluation,probability
0.95,0.8,lower-20%,972,Craterocephalus marjoriae,0.9999998594244461,extended_prefix_evaluation,probability
0.95,0.8,lower-20%,973,Lymnaea acuminata,0.9999998597642372,extended_prefix_evaluation,probability
0.95,0.8,lower-20%,974,Procambarus zonangulus,0.9999998602046996,extended_prefix_evaluation,probability
0.95,0.8,lower-20%,975,Corbicula sp.,0.9999998606830148,extended_prefix_evaluation,probability
0.95,0.8,lower-20%,976,Tipula abdominalis,0.9999998610720978,extended_prefix_evaluation,probability
0.95,0.8,lower-20%,977,Barbus barbus,0.9999998614671214,extended_prefix_evaluation,probability
0.95,0.8,lower-20%,978,Macromia sp.,0.9999998618757767,extended_prefix_evaluation,probability
0.95,0.8,lower-20%,979,Elliptio sp.,0.9999998623006464,extended_prefix_evaluation,probability
0.95,0.8,lower-20%,980,Scenedesmus dimorphus,0.9999998626546417,extended_prefix_evaluation,probability
0.95,0.8,lower-20%,981,Scenedesmus abundans,0.9999998630078913,extended_prefix_evaluation,probability
0.95,0.8,lower-20%,982,Pelophylax ridibundus,0.9999998632869578,extended_prefix_evaluation,probability
0.95,0.8,lower-20%,983,Procambarus alleni,0.9999998637117178,extended_prefix_evaluation,probability
0.95,0.8,lower-20%,984,Paragnetina media,0.9999998642517769,extended_prefix_evaluation,probability
0.95,0.8,lower-20%,985,Procambarus paeninsulanus,0.9999998646731008,extended_prefix_evaluation,probability
0.95,0.8,lower-20%,986,Acris crepitans,0.9999998650685233,extended_prefix_evaluation,probability
0.95,0.8,lower-20%,987,Agnetina sp.,0.999999865570423,extended_prefix_evaluation,probability
0.95,0.8,lower-20%,988,Antocha sp.,0.9999998659456116,extended_prefix_evaluation,probability
0.95,0.8,lower-20%,989,Orconectes sp.,0.999999866362805,extended_prefix_evaluation,probability
0.95,0.8,lower-20%,990,Acroneuria lycorias,0.9999998668135136,extended_prefix_evaluation,probability
0.95,0.8,lower-20%,991,Barbonymus gonionotus,0.9999998670736977,extended_prefix_evaluation,probability
0.95,0.8,lower-20%,992,Craterocephalus stercusmuscarum,0.9999998675383098,extended_prefix_evaluation,probability
0.95,0.8,lower-20%,993,Leptodactylus fuscus,0.9999998679244646,extended_prefix_evaluation,probability
0.95,0.8,lower-20%,994,Lemna gibba,0.9999998683443492,extended_prefix_evaluation,probability
0.95,0.8,lower-20%,995,Pseudepidalea viridis,0.9999998686635088,extended_prefix_evaluation,probability
0.95,0.8,lower-20%,996,Sander canadensis,0.9999998691216504,extended_prefix_evaluation,probability
0.95,0.8,lower-20%,997,Danio sp.,0.9999998694756492,extended_prefix_evaluation,probability
0.95,0.8,lower-20%,998,Paraleptophlebia praepedita,0.9999998699153028,extended_prefix_evaluation,probability
0.95,0.8,lower-20%,999,Noturus flavus,0.9999998702950308,extended_prefix_evaluation,probability
0.95,0.8,lower-20%,1000,Ranatra sp.,0.9999998707090372,extended_prefix_evaluation,probability
0.95,0.8,lower-20%,1001,Cinygmula sp.,0.9999998710944478,extended_prefix_evaluation,probability
0.95,0.8,lower-20%,1002,Paraleptophlebia pallipes,0.9999998715249747,extended_prefix_evaluation,probability
0.95,0.8,lower-20%,1003,Rasbora neilgherriensis,0.9999998718981457,extended_prefix_evaluation,probability
0.95,0.8,lower-20%,1004,Phyllodiaptomus annae,0.999999872415919,extended_prefix_evaluation,probability
0.95,0.8,lower-20%,1005,Thymallus thymallus,0.9999998727610508,extended_prefix_evaluation,probability
0.95,0.8,lower-20%,1006,Orconectes propinquus,0.9999998731600657,extended_prefix_evaluation,probability
0.95,0.8,lower-20%,1007,Schizopelex festiva,0.9999998735404644,extended_prefix_evaluation,probability
0.95,0.8,lower-20%,1008,Leptodactylus latrans,0.9999998739036356,extended_prefix_evaluation,probability
0.95,0.8,lower-20%,1009,Elliptio dilatata,0.9999998742788094,extended_prefix_evaluation,probability
0.95,0.8,lower-20%,1010,Fluminicola sp.,0.9999998746521835,extended_prefix_evaluation,probability
0.95,0.8,lower-20%,1011,Trichogaster pectoralis,0.9999998749804917,extended_prefix_evaluation,probability
0.95,0.8,lower-20%,1012,Ictalurus furcatus,0.9999998753599074,extended_prefix_evaluation,probability
0.95,0.8,lower-20%,1013,Ecnomus omiensis,0.9999998757322616,extended_prefix_evaluation,probability
0.95,0.8,lower-20%,1014,Unio pictorum,0.9999998760706083,extended_prefix_evaluation,probability
0.95,0.8,lower-20%,1015,Triogma sp.,0.9999998764016058,extended_prefix_evaluation,probability
0.95,0.8,lower-20%,1016,Craterocephalus marianae,0.9999998768166265,extended_prefix_evaluation,probability
0.95,0.8,lower-20%,1017,Puntius chola,0.9999998771543408,extended_prefix_evaluation,probability
0.95,0.8,lower-20%,1018,Ophiogomphus sp.,0.99999987754932,extended_prefix_evaluation,probability
0.95,0.8,lower-20%,1019,Adenophlebia auriculata,0.9999998779344452,extended_prefix_evaluation,probability
0.95,0.8,lower-20%,1020,Erimyzon sucetta,0.9999998782901368,extended_prefix_evaluation,probability
0.95,0.8,lower-20%,1021,Somatochlora cingulata,0.9999998786252029,extended_prefix_evaluation,probability
0.95,0.8,lower-20%,1022,Ptychocheilus lucius,0.9999998788081699,extended_prefix_evaluation,probability
0.95,0.8,lower-20%,1023,Semisulcospira libertina,0.99999987904054,extended_prefix_evaluation,probability
0.95,0.8,lower-20%,1024,Zacco temmincki,0.9999998792700507,extended_prefix_evaluation,probability
0.95,0.8,lower-20%,1025,Scenedesmus incrassatulus,0.9999998795733582,extended_prefix_evaluation,probability
0.95,0.8,lower-20%,1026,Corbicula leana,0.9999998799505222,extended_prefix_evaluation,probability
0.95,0.8,lower-20%,1027,Prosimulium magnum,0.9999998803277723,extended_prefix_evaluation,probability
0.95,0.8,lower-20%,1028,Paraleptophlebia sp.,0.9999998807236669,extended_prefix_evaluation,probability
0.95,0.8,lower-20%,1029,Prosimulium formosum,0.9999998810972248,extended_prefix_evaluation,probability
0.95,0.8,lower-20%,1030,Scenedesmus sp.,0.9999998813936016,extended_prefix_evaluation,probability
0.95,0.8,lower-20%,1031,Paratelphusa hydrodromus,0.9999998816944986,extended_prefix_evaluation,probability
0.95,0.8,lower-20%,1032,Fundulus seminolis,0.9999998820650925,extended_prefix_evaluation,probability
0.95,0.8,lower-20%,1033,Procambarus blandingii,0.9999998824232817,extended_prefix_evaluation,probability
0.95,0.8,lower-20%,1034,Laccotrephes sp.,0.9999998827604559,extended_prefix_evaluation,probability
0.95,0.8,lower-20%,1035,Fontigens aldrichi,0.9999998831048255,extended_prefix_evaluation,probability
0.95,0.8,lower-20%,1036,Corbicula manilensis,0.9999998834056346,extended_prefix_evaluation,probability
0.95,0.8,lower-20%,1037,Brachycentrus americanus,0.9999998837546332,extended_prefix_evaluation,probability
0.95,0.8,lower-20%,1038,Macromia magnifica,0.9999998840692241,extended_prefix_evaluation,probability
0.95,0.8,lower-20%,1039,Argia fumipennis,0.9999998844067263,extended_prefix_evaluation,probability
0.95,0.8,lower-20%,1040,Microhyla pulchra,0.999999884731011,extended_prefix_evaluation,probability
0.95,0.8,lower-20%,1041,Australorbis sp.,0.9999998849840535,extended_prefix_evaluation,probability
0.95,0.8,lower-20%,1042,Acipenser brevirostrum,0.999999885418526,extended_prefix_evaluation,probability
0.95,0.8,lower-20%,1043,Aplocheilus lineatus,0.9999998857339918,extended_prefix_evaluation,probability
0.95,0.8,lower-20%,1044,Scenedesmus acutiformis,0.9999998860101631,extended_prefix_evaluation,probability
0.95,0.8,lower-20%,1045,Scenedesmus bijuga,0.9999998862855526,extended_prefix_evaluation,probability
0.95,0.8,lower-20%,1046,Scenedesmus longus,0.999999886560162,extended_prefix_evaluation,probability
0.95,0.8,lower-20%,1047,Scenedesmus serratus,0.9999998868339941,extended_prefix_evaluation,probability
0.95,0.8,lower-20%,1048,Brachydeutera argentata,0.9999998871437555,extended_prefix_evaluation,probability
0.95,0.8,lower-20%,1049,Caudiverbera caudiverbera,0.9999998874543746,extended_prefix_evaluation,probability
0.95,0.8,lower-20%,1050,Laccophilus sp.,0.9999998877866425,extended_prefix_evaluation,probability
0.95,0.8,lower-20%,1051,Fundulus notatus,0.9999998881312954,extended_prefix_evaluation,probability
0.95,0.8,lower-20%,1052,Stenopsyche griseipennis,0.9999998884313026,extended_prefix_evaluation,probability
0.95,0.8,lower-20%,1053,Psychomyia sp.,0.9999998887330445,extended_prefix_evaluation,probability
0.95,0.8,lower-20%,1054,Scenedesmus hystrix,0.9999998889988004,extended_prefix_evaluation,probability
0.95,0.8,lower-20%,1055,Crangonyx sp.,0.9999998893379282,extended_prefix_evaluation,probability
0.95,0.8,lower-20%,1056,Ranatra linearis,0.9999998896787431,extended_prefix_evaluation,probability
0.95,0.8,lower-20%,1057,Etroplus maculatus,0.9999998899700668,extended_prefix_evaluation,probability
0.95,0.8,lower-20%,1058,Acipenser ruthenus,0.99999989037469,extended_prefix_evaluation,probability
0.95,0.8,lower-20%,1059,Scenedesmus quadricauda,0.9999998906564785,extended_prefix_evaluation,probability
0.95,0.8,lower-20%,1060,Isidorella newcombi,0.9999998908884548,extended_prefix_evaluation,probability
0.95,0.8,lower-20%,1061,Alasmidonta heterodon,0.9999998911884957,extended_prefix_evaluation,probability
0.95,0.8,lower-20%,1062,Acipenser gueldenstaedtii,0.9999998915928235,extended_prefix_evaluation,probability
0.95,0.8,lower-20%,1063,Labeo rohita,0.999999891850977,extended_prefix_evaluation,probability
0.95,0.8,lower-20%,1064,Ranatra elongata,0.9999998921613533,extended_prefix_evaluation,probability
0.95,0.8,lower-20%,1065,Scenedesmus bijugatus,0.9999998924097697,extended_prefix_evaluation,probability
0.95,0.8,lower-20%,1066,Orthotrichia sp.,0.9999998927090448,extended_prefix_evaluation,probability
0.95,0.8,lower-20%,1067,Taylorconcha serpenticola,0.9999998930114123,extended_prefix_evaluation,probability
0.95,0.8,lower-20%,1068,Ameiurus nebulosus,0.999999893317189,extended_prefix_evaluation,probability
0.95,0.8,lower-20%,1069,Pseudorasbora parva,0.9999998935949839,extended_prefix_evaluation,probability
0.95,0.8,lower-20%,1070,Haliplus sp.,0.999999893884462,extended_prefix_evaluation,probability
0.95,0.8,lower-20%,1071,Psilotreta sp.,0.999999894165035,extended_prefix_evaluation,probability
0.95,0.8,lower-20%,1072,Ictalurus sp.,0.9999998944719833,extended_prefix_evaluation,probability
0.95,0.8,lower-20%,1073,Pseudagrion sp.,0.9999998947751256,extended_prefix_evaluation,probability
0.95,0.8,lower-20%,1074,Nepa sp.,0.9999998950703664,extended_prefix_evaluation,probability
0.95,0.8,lower-20%,1075,Notemigonus crysoleucas,0.9999998953007805,extended_prefix_evaluation,probability
0.95,0.8,lower-20%,1076,Scenedesmus pannonicus,0.9999998955566648,extended_prefix_evaluation,probability
0.95,0.8,lower-20%,1077,Holorusia sp.,0.9999998958136326,extended_prefix_evaluation,probability
0.95,0.8,lower-20%,1078,Coretus corneus,0.9999998960853864,extended_prefix_evaluation,probability
0.95,0.8,lower-20%,1079,Eretes sticticus,0.999999896403932,extended_prefix_evaluation,probability
0.95,0.8,lower-20%,1080,Taeniopteryx nivalis,0.999999896678136,extended_prefix_evaluation,probability
0.95,0.8,lower-20%,1081,Morone americana,0.999999897031968,extended_prefix_evaluation,probability
0.95,0.8,lower-20%,1082,Baetisca obesa,0.9999998973311838,extended_prefix_evaluation,probability
0.95,0.8,lower-20%,1083,Elliptio icterina,0.9999998976129195,extended_prefix_evaluation,probability
0.95,0.8,lower-20%,1084,Rhinella arenarum,0.9999998977448479,extended_prefix_evaluation,probability
0.95,0.8,lower-20%,1085,Pericoma sp.,0.9999998980133566,extended_prefix_evaluation,probability
0.95,0.8,lower-20%,1086,Berosus styliferus,0.9999998982706333,extended_prefix_evaluation,probability
0.95,0.8,lower-20%,1087,Siphlonurus linnaeanus,0.9999998985385747,extended_prefix_evaluation,probability
0.95,0.8,lower-20%,1088,Cordulia aenea,0.9999998988013138,extended_prefix_evaluation,probability
0.95,0.8,lower-20%,1089,Glossosoma sp.,0.999999899063787,extended_prefix_evaluation,probability
0.95,0.8,lower-20%,1090,Leuctra sp.,0.9999998993221216,extended_prefix_evaluation,probability
0.95,0.8,lower-20%,1091,Platycnemis pennipes,0.9999998995844968,extended_prefix_evaluation,probability
0.95,0.8,lower-20%,1092,Thermonectus basillaris,0.9999998998794888,extended_prefix_evaluation,probability
0.95,0.8,lower-20%,1093,Atalophlebia sp.,0.9999999001805523,extended_prefix_evaluation,probability
0.95,0.8,lower-20%,1094,Xylota sp.,0.9999999004371307,extended_prefix_evaluation,probability
0.95,0.8,lower-20%,1095,Lethocerus sp.,0.9999999007100294,extended_prefix_evaluation,probability
0.95,0.8,lower-20%,1096,Austrolestes colensonis,0.999999900973585,extended_prefix_evaluation,probability
0.95,0.8,lower-20%,1097,Erythromma viridulum,0.9999999012471397,extended_prefix_evaluation,probability
0.95,0.8,lower-20%,1098,Agnetina capitata,0.9999999015776467,extended_prefix_evaluation,probability
0.95,0.8,lower-20%,1099,Heliodiaptomus viduus,0.9999999019419797,extended_prefix_evaluation,probability
0.95,0.8,lower-20%,1100,Pomacea patula,0.999999902218484,extended_prefix_evaluation,probability
0.95,0.8,lower-20%,1101,Helicopsyche sp.,0.9999999024674381,extended_prefix_evaluation,probability
0.95,0.8,lower-20%,1102,Leuctra moselyi,0.9999999027147839,extended_prefix_evaluation,probability
0.95,0.8,lower-20%,1103,Hexatoma sp.,0.9999999029481907,extended_prefix_evaluation,probability
0.95,0.8,lower-20%,1104,Dolophilodes distinctus,0.9999999032008944,extended_prefix_evaluation,probability
0.95,0.8,lower-20%,1105,Limnius sp.,0.9999999034476663,extended_prefix_evaluation,probability
0.95,0.8,lower-20%,1106,Helisoma sp.,0.9999999036578358,extended_prefix_evaluation,probability
0.95,0.8,lower-20%,1107,Pomacea dolioides,0.9999999039266566,extended_prefix_evaluation,probability
0.95,0.8,lower-20%,1108,Taeniopteryx burksi,0.9999999041717281,extended_prefix_evaluation,probability
0.95,0.8,lower-20%,1109,Macrocyclops albidus,0.999999904675654,extended_prefix_evaluation,probability
0.95,0.8,lower-20%,1110,Cyclops bicuspidatus,0.9999999050216352,extended_prefix_evaluation,probability
0.95,0.8,lower-20%,1111,Nectopsyche albida,0.9999999052626553,extended_prefix_evaluation,probability
0.95,0.8,lower-20%,1112,Scenedesmus armatus,0.9999999054832223,extended_prefix_evaluation,probability
0.95,0.8,lower-20%,1113,Cyclops vernalis,0.9999999058257266,extended_prefix_evaluation,probability
0.95,0.8,lower-20%,1114,Gerris lacustris,0.9999999060623809,extended_prefix_evaluation,probability
0.95,0.8,lower-20%,1115,Eristalis sp.,0.9999999062974197,extended_prefix_evaluation,probability
0.95,0.8,lower-20%,1116,Mystacides sp.,0.9999999065339329,extended_prefix_evaluation,probability
0.95,0.8,lower-20%,1117,Cyclops strenuus,0.9999999068740765,extended_prefix_evaluation,probability
0.95,0.8,lower-20%,1118,Pycnocentria evecta,0.9999999071051856,extended_prefix_evaluation,probability
0.95,0.8,lower-20%,1119,Leuctra inermis,0.9999999073344349,extended_prefix_evaluation,probability
0.95,0.8,lower-20%,1120,Duttaphrynus melanostictus,0.999999907506028,extended_prefix_evaluation,probability
0.95,0.8,lower-20%,1121,Aeshna sp.,0.9999999077458763,extended_prefix_evaluation,probability
0.95,0.8,lower-20%,1122,Helophorus sp.,0.9999999079691022,extended_prefix_evaluation,probability
0.95,0.8,lower-20%,1123,Euphlyctis cyanophlyctis,0.999999908212008,extended_prefix_evaluation,probability
0.95,0.8,lower-20%,1124,Paraponyx stratiotata,0.9999999084498704,extended_prefix_evaluation,probability
0.95,0.8,lower-20%,1125,Acrossocheilus paradoxus,0.9999999087084857,extended_prefix_evaluation,probability
0.95,0.8,lower-20%,1126,Atalophlebia australis,0.9999999089924277,extended_prefix_evaluation,probability
0.95,0.8,lower-20%,1127,Neurocordulia virginiensis,0.9999999092110302,extended_prefix_evaluation,probability
0.95,0.8,lower-20%,1128,Acipenser stellatus,0.9999999095273829,extended_prefix_evaluation,probability
0.95,0.8,lower-20%,1129,Dytiscus sp.,0.9999999098173986,extended_prefix_evaluation,probability
0.95,0.8,lower-20%,1130,Dictya sp.,0.9999999100726081,extended_prefix_evaluation,probability
0.95,0.8,lower-20%,1131,Argia sp.,0.9999999103077006,extended_prefix_evaluation,probability
0.95,0.8,lower-20%,1132,Leptophlebia sp.,0.9999999105646583,extended_prefix_evaluation,probability
0.95,0.8,lower-20%,1133,Chimarra marginata,0.9999999108047035,extended_prefix_evaluation,probability
0.95,0.8,lower-20%,1134,Ilyocoris cimicoides,0.99999991102211,extended_prefix_evaluation,probability
0.95,0.8,lower-20%,1135,Aphelocheirus aestivalis,0.9999999112377526,extended_prefix_evaluation,probability
0.95,0.8,lower-20%,1136,Nigronia serricornis,0.9999999114576572,extended_prefix_evaluation,probability
0.95,0.8,lower-20%,1137,Lirceus fontinalis,0.9999999117064092,extended_prefix_evaluation,probability
0.95,0.8,lower-20%,1138,Corydalus cornutus,0.9999999119226671,extended_prefix_evaluation,probability
0.95,0.8,lower-20%,1139,Alloperla sp.,0.9999999121370933,extended_prefix_evaluation,probability
0.95,0.8,lower-20%,1140,Sphaerodema annulatum,0.9999999123813861,extended_prefix_evaluation,probability
0.95,0.8,lower-20%,1141,Cyclops varicans,0.999999912694208,extended_prefix_evaluation,probability
0.95,0.8,lower-20%,1142,Scenedesmus acutus,0.9999999128824852,extended_prefix_evaluation,probability
0.95,0.8,lower-20%,1143,Aeshna cyanea,0.9999999131036666,extended_prefix_evaluation,probability
0.95,0.8,lower-20%,1144,Elliptio complanata,0.9999999133284149,extended_prefix_evaluation,probability
0.95,0.8,lower-20%,1145,Helisoma duryi,0.999999913510441,extended_prefix_evaluation,probability
0.95,0.8,lower-20%,1146,Basiaeschna janata,0.9999999137288237,extended_prefix_evaluation,probability
0.95,0.8,lower-20%,1147,Spirostomum ambiguum,0.9999999140525333,extended_prefix_evaluation,probability
0.95,0.8,lower-20%,1148,Coenagrion pulchellum,0.9999999142944203,extended_prefix_evaluation,probability
0.95,0.8,lower-20%,1149,Acipenser oxyrhynchus,0.9999999145904217,extended_prefix_evaluation,probability
0.95,0.8,lower-20%,1150,Phryganea sp.,0.9999999147956214,extended_prefix_evaluation,probability
0.95,0.8,lower-20%,1151,Hydroptila angusta,0.9999999149983955,extended_prefix_evaluation,probability
0.95,0.8,lower-20%,1152,Oligostomis pardalis,0.9999999152004077,extended_prefix_evaluation,probability
0.95,0.8,lower-20%,1153,Gillia altilis,0.9999999154074638,extended_prefix_evaluation,probability
0.95,0.8,lower-20%,1154,Chimarra sp.,0.9999999156232493,extended_prefix_evaluation,probability
0.95,0.8,lower-20%,1155,Planorbis carinatus,0.9999999157913402,extended_prefix_evaluation,probability
0.95,0.8,lower-20%,1156,Phryganea striata,0.999999915993674,extended_prefix_evaluation,probability
0.95,0.8,lower-20%,1157,Lepidostoma sp.,0.9999999162138293,extended_prefix_evaluation,probability
0.95,0.8,lower-20%,1158,Alburnus alburnus,0.9999999164161074,extended_prefix_evaluation,probability
0.95,0.8,lower-20%,1159,Stenelmis sexlineata,0.9999999166155336,extended_prefix_evaluation,probability
0.95,0.8,lower-20%,1160,Planorbis planorbis,0.9999999167797249,extended_prefix_evaluation,probability
0.95,0.8,lower-20%,1161,Lasmigona subviridis,0.9999999170019923,extended_prefix_evaluation,probability
0.95,0.8,lower-20%,1162,Cambarus sp.,0.9999999172165358,extended_prefix_evaluation,probability
0.95,0.8,lower-20%,1163,Dytiscus marginalis,0.9999999174468145,extended_prefix_evaluation,probability
0.95,0.8,lower-20%,1164,Coenagrion puella,0.99999991767691,extended_prefix_evaluation,probability
0.95,0.8,lower-20%,1165,Tinca tinca,0.9999999178597182,extended_prefix_evaluation,probability
0.95,0.8,lower-20%,1166,Rhinella ornata,0.999999918006864,extended_prefix_evaluation,probability
0.95,0.8,lower-20%,1167,Cambarus latimanus,0.9999999182323001,extended_prefix_evaluation,probability
0.95,0.8,lower-20%,1168,Lumbriculus inconstans,0.9999999184666705,extended_prefix_evaluation,probability
0.95,0.8,lower-20%,1169,Biomphalaria glabrata,0.9999999185886091,extended_prefix_evaluation,probability
0.95,0.8,lower-20%,1170,Gyraulus parvus,0.999999918737488,extended_prefix_evaluation,probability
0.95,0.8,lower-20%,1171,Physastra gibbosa,0.9999999189407281,extended_prefix_evaluation,probability
0.95,0.8,lower-20%,1172,Calopteryx splendens,0.9999999191300813,extended_prefix_evaluation,probability
0.95,0.8,lower-20%,1173,Micropterus treculii,0.9999999193603832,extended_prefix_evaluation,probability
0.95,0.8,lower-20%,1174,Hydrophilus sp.,0.9999999195403053,extended_prefix_evaluation,probability
0.95,0.8,lower-20%,1175,Ameiurus natalis,0.9999999197586983,extended_prefix_evaluation,probability
0.95,0.8,lower-20%,1176,Sweltsa sp.,0.9999999199468276,extended_prefix_evaluation,probability
0.95,0.8,lower-20%,1177,Notropis stramineus,0.9999999201440049,extended_prefix_evaluation,probability
0.95,0.8,lower-20%,1178,Platyias quadricornis,0.9999999203982195,extended_prefix_evaluation,probability
0.95,0.8,lower-20%,1179,Lirceus alabamae,0.9999999206163273,extended_prefix_evaluation,probability
0.95,0.8,lower-20%,1180,Calopteryx sp.,0.9999999208015883,extended_prefix_evaluation,probability
0.95,0.8,lower-20%,1181,Cybister sp.,0.9999999210174784,extended_prefix_evaluation,probability
0.95,0.8,lower-20%,1182,Psephenus herricki,0.9999999211890627,extended_prefix_evaluation,probability
0.95,0.8,lower-20%,1183,Palustra laboulbeni,0.9999999213719226,extended_prefix_evaluation,probability
0.95,0.8,lower-20%,1184,Gymnocephalus cernuus,0.9999999215817441,extended_prefix_evaluation,probability
0.95,0.8,lower-20%,1185,Rasbora daniconius,0.9999999217679467,extended_prefix_evaluation,probability
0.95,0.8,lower-20%,1186,Barbus sharpeyi,0.999999921950487,extended_prefix_evaluation,probability
0.95,0.8,lower-20%,1187,Gymnocorymbus ternetzi,0.9999999221711939,extended_prefix_evaluation,probability
0.95,0.8,lower-20%,1188,Notropis anogenus,0.9999999223612843,extended_prefix_evaluation,probability
0.95,0.8,lower-20%,1189,Mesocyclops longisetus,0.9999999226250996,extended_prefix_evaluation,probability
0.95,0.8,lower-20%,1190,Tricorythodes sp.,0.9999999228241528,extended_prefix_evaluation,probability
0.95,0.8,lower-20%,1191,Tricorythodes minutus,0.999999923013067,extended_prefix_evaluation,probability
0.95,0.8,lower-20%,1192,Allocapnia sp.,0.9999999232036725,extended_prefix_evaluation,probability
0.95,0.8,lower-20%,1193,Radix natalensis,0.9999999233978055,extended_prefix_evaluation,probability
0.95,0.8,lower-20%,1194,Allocapnia vivipara,0.999999923581043,extended_prefix_evaluation,probability
0.95,0.8,lower-20%,1195,Hygrotus novemlineatus,0.9999999237636922,extended_prefix_evaluation,probability
0.95,0.8,lower-20%,1196,Mesocyclops thermocyclopoides,0.9999999240195586,extended_prefix_evaluation,probability
0.95,0.8,lower-20%,1197,Sepedon fuscipennis,0.9999999242264884,extended_prefix_evaluation,probability
0.95,0.8,lower-20%,1198,Cambarus diogenes,0.9999999244276727,extended_prefix_evaluation,probability
0.95,0.8,lower-20%,1199,Cichlasoma nigrofasciatum,0.9999999245995433,extended_prefix_evaluation,probability
0.95,0.8,lower-20%,1200,Acipenser persicus,0.9999999248469207,extended_prefix_evaluation,probability
0.95,0.8,lower-20%,1201,Austropotamobius pallipes,0.9999999250375211,extended_prefix_evaluation,probability
0.95,0.8,lower-20%,1202,Barbus dorsalis,0.9999999252070804,extended_prefix_evaluation,probability
0.95,0.8,lower-20%,1203,Planorbis corneus,0.999999925344633,extended_prefix_evaluation,probability
0.95,0.8,lower-20%,1204,Rhinella marina,0.999999925482368,extended_prefix_evaluation,probability
0.95,0.8,lower-20%,1205,Pyrgulopsis idahoensis,0.9999999256692331,extended_prefix_evaluation,probability
0.95,0.8,lower-20%,1206,Leptophlebia marginata,0.9999999258537522,extended_prefix_evaluation,probability
0.95,0.8,lower-20%,1207,Bryocamptus zschokkei,0.9999999261121124,extended_prefix_evaluation,probability
0.95,0.8,lower-20%,1208,Gyraulus circumstriatus,0.9999999262415424,extended_prefix_evaluation,probability
0.95,0.8,lower-20%,1209,Brachycentrus subnulis,0.9999999264293142,extended_prefix_evaluation,probability
0.95,0.8,lower-20%,1210,Chimarra obscura,0.9999999266116492,extended_prefix_evaluation,probability
0.95,0.8,lower-20%,1211,Cambarus robustus,0.9999999268024244,extended_prefix_evaluation,probability
0.95,0.8,lower-20%,1212,Notropis hudsonius,0.9999999269762996,extended_prefix_evaluation,probability
0.95,0.8,lower-20%,1213,Bryocamptus echinatus,0.9999999272262339,extended_prefix_evaluation,probability
0.95,0.8,lower-20%,1214,Capnia sp.,0.9999999273892023,extended_prefix_evaluation,probability
0.95,0.8,lower-20%,1215,Brachycentrus numerosus,0.9999999275632864,extended_prefix_evaluation,probability
0.95,0.8,lower-20%,1216,Cichlasoma bimaculatum,0.9999999277274023,extended_prefix_evaluation,probability
0.95,0.8,lower-20%,1217,Alitropus typus,0.999999927932925,extended_prefix_evaluation,probability
0.95,0.8,lower-20%,1218,Proasellus sp.,0.9999999281186739,extended_prefix_evaluation,probability
0.95,0.8,lower-20%,1219,Brachycentrus sp.,0.9999999282956971,extended_prefix_evaluation,probability
0.95,0.8,lower-20%,1220,Acipenser fulvescens,0.9999999285277458,extended_prefix_evaluation,probability
0.95,0.8,lower-20%,1221,Proasellus coxalis,0.9999999287121916,extended_prefix_evaluation,probability
0.95,0.8,lower-20%,1222,Belostoma sp.,0.9999999288819682,extended_prefix_evaluation,probability
0.95,0.8,lower-20%,1223,Anax junius,0.9999999290546745,extended_prefix_evaluation,probability
0.95,0.8,lower-20%,1224,Vallisneria natans,0.9999999292944628,extended_prefix_evaluation,probability
0.95,0.8,lower-20%,1225,Cyprinella spiloptera,0.9999999294650186,extended_prefix_evaluation,probability
0.95,0.8,lower-20%,1226,Anax sp.,0.9999999296348044,extended_prefix_evaluation,probability
0.95,0.8,lower-20%,1227,Acipenser baerii,0.9999999298579568,extended_prefix_evaluation,probability
0.95,0.8,lower-20%,1228,Hydrophilus triangularis,0.9999999300010093,extended_prefix_evaluation,probability
0.95,0.8,lower-20%,1229,Anguilla anguilla,0.9999999301711698,extended_prefix_evaluation,probability
0.95,0.8,lower-20%,1230,Hygrotus sp.,0.9999999303314983,extended_prefix_evaluation,probability
0.95,0.8,lower-20%,1231,Amnicola limosa,0.9999999304880955,extended_prefix_evaluation,probability
0.95,0.8,lower-20%,1232,Acipenser sinensis,0.9999999307187358,extended_prefix_evaluation,probability
0.95,0.8,lower-20%,1233,Cichlasoma urophthalmus,0.9999999308675257,extended_prefix_evaluation,probability
0.95,0.8,lower-20%,1234,Gyrinus sp.,0.9999999310207878,extended_prefix_evaluation,probability
0.95,0.8,lower-20%,1235,Lepadella sp.,0.9999999312299868,extended_prefix_evaluation,probability
0.95,0.8,lower-20%,1236,Culicoides furens,0.999999931373694,extended_prefix_evaluation,probability
0.95,0.8,lower-20%,1237,Leuciscus leuciscus,0.9999999315257406,extended_prefix_evaluation,probability
0.95,0.8,lower-20%,1238,Potamogeton diversifolius,0.9999999317061138,extended_prefix_evaluation,probability
0.95,0.8,lower-20%,1239,Bryocamptus pygmaeus,0.9999999319329759,extended_prefix_evaluation,probability
0.95,0.8,lower-20%,1240,Hyphessobrycon herbertaxelrodi,0.99999993210612,extended_prefix_evaluation,probability
0.95,0.8,lower-20%,1241,Molanna angustata,0.9999999322684805,extended_prefix_evaluation,probability
0.95,0.8,lower-20%,1242,Calamoceras marsupus,0.9999999324284002,extended_prefix_evaluation,probability
0.95,0.8,lower-20%,1243,Bryocamptus minutus,0.9999999326521789,extended_prefix_evaluation,probability
0.95,0.8,lower-20%,1244,Neomysis integer,0.9999999328274826,extended_prefix_evaluation,probability
0.95,0.8,lower-20%,1245,Vallisneria sp.,0.9999999330484873,extended_prefix_evaluation,probability
0.95,0.8,lower-20%,1246,Hyphessobrycon bifasciatus,0.9999999332188435,extended_prefix_evaluation,probability
0.95,0.8,lower-20%,1247,Belostoma indicum,0.9999999333822758,extended_prefix_evaluation,probability
0.95,0.8,lower-20%,1248,Gyrinus punctellus,0.999999933527768,extended_prefix_evaluation,probability
0.95,0.8,lower-20%,1249,Pseudosuccinea columella,0.9999999336781584,extended_prefix_evaluation,probability
0.95,0.8,lower-20%,1250,Hemigrammus erythrozonus,0.9999999338415697,extended_prefix_evaluation,probability
0.95,0.8,lower-20%,1251,Plationus patulus,0.9999999340354725,extended_prefix_evaluation,probability
0.95,0.8,lower-20%,1252,Chela cachius,0.9999999341829898,extended_prefix_evaluation,probability
0.95,0.8,lower-20%,1253,Cypria sp.,0.9999999344240214,extended_prefix_evaluation,probability
0.95,0.8,lower-20%,1254,Hyphessobrycon eques,0.9999999345876296,extended_prefix_evaluation,probability
0.95,0.8,lower-20%,1255,Gyraulus sp.,0.9999999346860534,extended_prefix_evaluation,probability
0.95,0.8,lower-20%,1256,Culicoides variipennis,0.9999999348088119,extended_prefix_evaluation,probability
0.95,0.8,lower-20%,1257,Notopterus notopterus,0.9999999350224764,extended_prefix_evaluation,probability
0.95,0.8,lower-20%,1258,Mesocyclops edax,0.9999999352266312,extended_prefix_evaluation,probability
0.95,0.8,lower-20%,1259,Trichogaster trichopterus,0.9999999353510782,extended_prefix_evaluation,probability
0.95,0.8,lower-20%,1260,Gyrinus natator,0.9999999354946094,extended_prefix_evaluation,probability
0.95,0.8,lower-20%,1261,Enallagma aspersum,0.9999999356573023,extended_prefix_evaluation,probability
0.95,0.8,lower-20%,1262,Pomacea canaliculata,0.999999935803416,extended_prefix_evaluation,probability
0.95,0.8,lower-20%,1263,Spiralothelphusa hydrodroma,0.9999999359496804,extended_prefix_evaluation,probability
0.95,0.8,lower-20%,1264,Atherix variegata,0.9999999360826483,extended_prefix_evaluation,probability
0.95,0.8,lower-20%,1265,Macropsobrycon uruguayanae,0.9999999362444152,extended_prefix_evaluation,probability
0.95,0.8,lower-20%,1266,Keratella cochlearis,0.9999999364332878,extended_prefix_evaluation,probability
0.95,0.8,lower-20%,1267,Corydoras melanistius,0.9999999365776475,extended_prefix_evaluation,probability
0.95,0.8,lower-20%,1268,Sialis lutaria,0.9999999367056034,extended_prefix_evaluation,probability
0.95,0.8,lower-20%,1269,Cambarus bartonii,0.9999999368607384,extended_prefix_evaluation,probability
0.95,0.8,lower-20%,1270,Culicoides schultzei,0.9999999369735674,extended_prefix_evaluation,probability
0.95,0.8,lower-20%,1271,Melanotaenia fluviatilis,0.9999999371245497,extended_prefix_evaluation,probability
0.95,0.8,lower-20%,1272,Notropis topeka,0.9999999372676633,extended_prefix_evaluation,probability
0.95,0.8,lower-20%,1273,Morone chrysops,0.9999999374441233,extended_prefix_evaluation,probability
0.95,0.8,lower-20%,1274,Moxostoma hubbsi,0.999999937592609,extended_prefix_evaluation,probability
0.95,0.8,lower-20%,1275,Hyphessobrycon erythrostigma,0.9999999377473622,extended_prefix_evaluation,probability
0.95,0.8,lower-20%,1276,Biomphalaria straminea,0.999999937837858,extended_prefix_evaluation,probability
0.95,0.8,lower-20%,1277,Parreysia sp.,0.9999999379524217,extended_prefix_evaluation,probability
0.95,0.8,lower-20%,1278,Cyclops sp.,0.9999999381370679,extended_prefix_evaluation,probability
0.95,0.8,lower-20%,1279,Atherix sp.,0.9999999382712267,extended_prefix_evaluation,probability
0.95,0.8,lower-20%,1280,Anguilla rostrata,0.9999999384288261,extended_prefix_evaluation,probability
0.95,0.8,lower-20%,1281,Noemacheilus denisonii,0.9999999385788471,extended_prefix_evaluation,probability
0.95,0.8,lower-20%,1282,Catostomus catostomus,0.999999938729662,extended_prefix_evaluation,probability
0.95,0.8,lower-20%,1283,Elodea sp.,0.9999999389317697,extended_prefix_evaluation,probability
0.95,0.8,lower-20%,1284,Parapoynx stratiotata,0.9999999390689238,extended_prefix_evaluation,probability
0.95,0.8,lower-20%,1285,Pseudambassis ranga,0.9999999392118344,extended_prefix_evaluation,probability
0.95,0.8,lower-20%,1286,Catostomus platyrhynchus,0.9999999393608331,extended_prefix_evaluation,probability
0.95,0.8,lower-20%,1287,Lepadella patella,0.9999999395344349,extended_prefix_evaluation,probability
0.95,0.8,lower-20%,1288,Mesocyclops pehpeiensis,0.999999939721706,extended_prefix_evaluation,probability
0.95,0.8,lower-20%,1289,Pseudocrenilabrus philander,0.9999999398410816,extended_prefix_evaluation,probability
0.95,0.8,lower-20%,1290,Leptoxis ampla,0.9999999399680232,extended_prefix_evaluation,probability
0.95,0.8,lower-20%,1291,Coloburiscus humeralis,0.9999999401105841,extended_prefix_evaluation,probability
0.95,0.8,lower-20%,1292,Biomphalaria havanensis,0.9999999402001742,extended_prefix_evaluation,probability
0.95,0.8,lower-20%,1293,Keratella quadrata,0.9999999403714604,extended_prefix_evaluation,probability
0.95,0.8,lower-20%,1294,Scardinius erythrophthalmus,0.9999999405037391,extended_prefix_evaluation,probability
0.95,0.8,lower-20%,1295,Potamogeton nodosus,0.9999999406510316,extended_prefix_evaluation,probability
0.95,0.8,lower-20%,1296,Trypaea australiensis,0.9999999407963326,extended_prefix_evaluation,probability
0.95,0.8,lower-20%,1297,Astacus astacus,0.9999999409119182,extended_prefix_evaluation,probability
0.95,0.8,lower-20%,1298,Ceratophyllum submersum,0.9999999410560981,extended_prefix_evaluation,probability
0.95,0.8,lower-20%,1299,Neoplea striola,0.9999999411853108,extended_prefix_evaluation,probability
0.95,0.8,lower-20%,1300,Biomphalaria sp.,0.9999999412699069,extended_prefix_evaluation,probability
0.95,0.8,lower-20%,1301,Microhyla ornata,0.9999999413740669,extended_prefix_evaluation,probability
0.95,0.8,lower-20%,1302,Amniataba percoides,0.9999999415154911,extended_prefix_evaluation,probability
0.95,0.8,lower-20%,1303,Geophagus brasiliensis,0.9999999416274253,extended_prefix_evaluation,probability
0.95,0.8,lower-20%,1304,Morone sp.,0.9999999417928105,extended_prefix_evaluation,probability
0.95,0.8,lower-20%,1305,Faxonius virilis,0.9999999419265847,extended_prefix_evaluation,probability
0.95,0.8,lower-20%,1306,Radix plicatula,0.9999999420488528,extended_prefix_evaluation,probability
0.95,0.8,lower-20%,1307,Potamogeton illinoensis,0.9999999421914617,extended_prefix_evaluation,probability
0.95,0.8,lower-20%,1308,Rocio octofasciata,0.9999999423008495,extended_prefix_evaluation,probability
0.95,0.8,lower-20%,1309,Astacopsis gouldi,0.9999999424473583,extended_prefix_evaluation,probability
0.95,0.8,lower-20%,1310,Anax imperator,0.9999999425787447,extended_prefix_evaluation,probability
0.95,0.8,lower-20%,1311,Radix ovata,0.9999999426991638,extended_prefix_evaluation,probability
0.95,0.8,lower-20%,1312,Leptoxis praerosa,0.9999999428179392,extended_prefix_evaluation,probability
0.95,0.8,lower-20%,1313,Xyrauchen texanus,0.9999999429116567,extended_prefix_evaluation,probability
0.95,0.8,lower-20%,1314,Basilichthys australis,0.9999999430479735,extended_prefix_evaluation,probability
0.95,0.8,lower-20%,1315,Elimia virginica,0.9999999431619186,extended_prefix_evaluation,probability
0.95,0.8,lower-20%,1316,Pontoporeia affinis,0.9999999432960668,extended_prefix_evaluation,probability
0.95,0.8,lower-20%,1317,Eudiaptomus gracilis,0.9999999434775624,extended_prefix_evaluation,probability
0.95,0.8,lower-20%,1318,Galba truncatula,0.9999999435982658,extended_prefix_evaluation,probability
0.95,0.8,lower-20%,1319,Caquetaia kraussii,0.999999943703106,extended_prefix_evaluation,probability
0.95,0.8,lower-20%,1320,Keratella americana,0.99999994385813,extended_prefix_evaluation,probability
0.95,0.8,lower-20%,1321,Leuciscus cephalus,0.9999999439734863,extended_prefix_evaluation,probability
0.95,0.8,lower-20%,1322,Indoplanorbis exustus,0.9999999440408175,extended_prefix_evaluation,probability
0.95,0.8,lower-20%,1323,Plea minutissima,0.9999999441715635,extended_prefix_evaluation,probability
0.95,0.8,lower-20%,1324,Rhinella fernandezae,0.9999999442609845,extended_prefix_evaluation,probability
0.95,0.8,lower-20%,1325,Mylopharyngodon piceus,0.9999999443789579,extended_prefix_evaluation,probability
0.95,0.8,lower-20%,1326,Xiphophorus maculatus,0.9999999444799278,extended_prefix_evaluation,probability
0.95,0.8,lower-20%,1327,Leptoxis dilatata,0.9999999445921487,extended_prefix_evaluation,probability
0.95,0.8,lower-20%,1328,Mesocyclops ruttneri,0.9999999447508429,extended_prefix_evaluation,probability
0.95,0.8,lower-20%,1329,Quasipaa spinosa,0.9999999448674342,extended_prefix_evaluation,probability
0.95,0.8,lower-20%,1330,Parreysia corrugata,0.9999999449653655,extended_prefix_evaluation,probability
0.95,0.8,lower-20%,1331,Plagiognathops microlepis,0.9999999450818268,extended_prefix_evaluation,probability
0.95,0.8,lower-20%,1332,Radix peregra,0.9999999451950798,extended_prefix_evaluation,probability
0.95,0.8,lower-20%,1333,Galaxias truttaceus,0.9999999453481262,extended_prefix_evaluation,probability
0.95,0.8,lower-20%,1334,Abramis brama,0.9999999454537152,extended_prefix_evaluation,probability
0.95,0.8,lower-20%,1335,Ceratophyllum sp.,0.9999999455831958,extended_prefix_evaluation,probability
0.95,0.8,lower-20%,1336,Sialis velata,0.9999999456940113,extended_prefix_evaluation,probability
0.95,0.8,lower-20%,1337,Spea multiplicata,0.9999999458246251,extended_prefix_evaluation,probability
0.95,0.8,lower-20%,1338,Clibanarius africanus,0.9999999459471771,extended_prefix_evaluation,probability
0.95,0.8,lower-20%,1339,Leptoxis carinata,0.9999999460562092,extended_prefix_evaluation,probability
0.95,0.8,lower-20%,1340,Prochilodus lineatus,0.9999999462101452,extended_prefix_evaluation,probability
0.95,0.8,lower-20%,1341,Paramelita nigroculus,0.9999999463379653,extended_prefix_evaluation,probability
0.95,0.8,lower-20%,1342,Paracalliope fluviatilis,0.9999999464572422,extended_prefix_evaluation,probability
0.95,0.8,lower-20%,1343,Alburnus albidus,0.9999999465651184,extended_prefix_evaluation,probability
0.95,0.8,lower-20%,1344,Mysis relicta,0.9999999466869846,extended_prefix_evaluation,probability
0.95,0.8,lower-20%,1345,Chanodichthys erythropterus,0.9999999467984673,extended_prefix_evaluation,probability
0.95,0.8,lower-20%,1346,Nostoc fritschii,0.9999999469188654,extended_prefix_evaluation,probability
0.95,0.8,lower-20%,1347,Elodea nuttallii,0.9999999470847069,extended_prefix_evaluation,probability
0.95,0.8,lower-20%,1348,Pontoporeia sp.,0.9999999472034844,extended_prefix_evaluation,probability
0.95,0.8,lower-20%,1349,Campostoma anomalum,0.999999947307283,extended_prefix_evaluation,probability
0.95,0.8,lower-20%,1350,Biomphalaria boissyi,0.9999999473804668,extended_prefix_evaluation,probability
0.95,0.8,lower-20%,1351,Mesocyclops leuckarti,0.9999999475301149,extended_prefix_evaluation,probability
0.95,0.8,lower-20%,1352,Elimia catenaria,0.9999999476331016,extended_prefix_evaluation,probability
0.95,0.8,lower-20%,1353,Semotilus atromaculatus,0.9999999477363906,extended_prefix_evaluation,probability
0.95,0.8,lower-20%,1354,Capoeta fusca,0.9999999478323824,extended_prefix_evaluation,probability
0.95,0.8,lower-20%,1355,Parastenocaris germanica,0.9999999479911467,extended_prefix_evaluation,probability
0.95,0.8,lower-20%,1356,Spea intermontana,0.9999999481083719,extended_prefix_evaluation,probability
0.95,0.8,lower-20%,1357,Elimia clavaeformis,0.9999999482071559,extended_prefix_evaluation,probability
0.95,0.8,lower-20%,1358,Platygobio gracilis,0.9999999483120718,extended_prefix_evaluation,probability
0.95,0.8,lower-20%,1359,Nostoc calcicola,0.9999999484237219,extended_prefix_evaluation,probability
0.95,0.8,lower-20%,1360,Pandalus montagui,0.9999999485384662,extended_prefix_evaluation,probability
0.95,0.8,lower-20%,1361,Potamogeton sp.,0.9999999486599919,extended_prefix_evaluation,probability
0.95,0.8,lower-20%,1362,Xanthocnemis zealandica,0.9999999487801322,extended_prefix_evaluation,probability
0.95,0.8,lower-20%,1363,Mystus vittatus,0.9999999488818734,extended_prefix_evaluation,probability
0.95,0.8,lower-20%,1364,Afrochiltonia subtenuis,0.9999999489975286,extended_prefix_evaluation,probability
0.95,0.8,lower-20%,1365,Mystus bleekeri,0.9999999490786855,extended_prefix_evaluation,probability
0.95,0.8,lower-20%,1366,Pontogammarus maeoticus,0.9999999491900551,extended_prefix_evaluation,probability
0.95,0.8,lower-20%,1367,Skiffia multipunctata,0.9999999492970127,extended_prefix_evaluation,probability
0.95,0.8,lower-20%,1368,Lamellidens corrianus,0.9999999493911792,extended_prefix_evaluation,probability
0.95,0.8,lower-20%,1369,Alburnus tarichi,0.9999999494922215,extended_prefix_evaluation,probability
0.95,0.8,lower-20%,1370,Enallagma sp.,0.9999999496070248,extended_prefix_evaluation,probability
0.95,0.8,lower-20%,1371,Mictyris longicarpus,0.9999999497158142,extended_prefix_evaluation,probability
0.95,0.8,lower-20%,1372,Potamonautes sp.,0.9999999498242539,extended_prefix_evaluation,probability
0.95,0.8,lower-20%,1373,Anuraeopsis fissa,0.9999999499573554,extended_prefix_evaluation,probability
0.95,0.8,lower-20%,1374,Metynnis orinocensis,0.9999999500647868,extended_prefix_evaluation,probability
0.95,0.8,lower-20%,1375,Biomphalaria tenagophila,0.9999999501315001,extended_prefix_evaluation,probability
0.95,0.8,lower-20%,1376,Ilyoplax gangetica,0.9999999502400844,extended_prefix_evaluation,probability
0.95,0.8,lower-20%,1377,Heloecius cordiformis,0.9999999503459477,extended_prefix_evaluation,probability
0.95,0.8,lower-20%,1378,Leucaspius delineatus,0.9999999504442832,extended_prefix_evaluation,probability
0.95,0.8,lower-20%,1379,Melanotaenia duboulayi,0.9999999505585417,extended_prefix_evaluation,probability
0.95,0.8,lower-20%,1380,Melanotaenia nigrans,0.9999999506667788,extended_prefix_evaluation,probability
0.95,0.8,lower-20%,1381,Bidyanus bidyanus,0.999999950795577,extended_prefix_evaluation,probability
0.95,0.8,lower-20%,1382,Potamogeton crispus,0.9999999509100355,extended_prefix_evaluation,probability
0.95,0.8,lower-20%,1383,Cipangopaludina cathayensis,0.9999999510084725,extended_prefix_evaluation,probability
0.95,0.8,lower-20%,1384,Noemacheilus montanus,0.9999999511162837,extended_prefix_evaluation,probability
0.95,0.8,lower-20%,1385,Radix balthica,0.9999999512118968,extended_prefix_evaluation,probability
0.95,0.8,lower-20%,1386,Nostoc muscorum,0.9999999513124115,extended_prefix_evaluation,probability
0.95,0.8,lower-20%,1387,Cyclops viridis,0.9999999514461523,extended_prefix_evaluation,probability
0.95,0.8,lower-20%,1388,Pontoporeia hoyi,0.9999999515488868,extended_prefix_evaluation,probability
0.95,0.8,lower-20%,1389,Rhamdia sapo,0.9999999516648648,extended_prefix_evaluation,probability
0.95,0.8,lower-20%,1390,Vimba vimba,0.9999999517568393,extended_prefix_evaluation,probability
0.95,0.8,lower-20%,1391,Ambassis gymnocephalus,0.9999999518573813,extended_prefix_evaluation,probability
0.95,0.8,lower-20%,1392,Enallagma cyathigerum,0.9999999519675269,extended_prefix_evaluation,probability
0.95,0.8,lower-20%,1393,Menidia beryllina,0.9999999520764014,extended_prefix_evaluation,probability
0.95,0.8,lower-20%,1394,Sinotaia aeruginosa,0.9999999521735953,extended_prefix_evaluation,probability
0.95,0.8,lower-20%,1395,Anabaena circinalis,0.999999952273757,extended_prefix_evaluation,probability
0.95,0.8,lower-20%,1396,Notodiaptomus conifer,0.9999999524099895,extended_prefix_evaluation,probability
0.95,0.8,lower-20%,1397,Misgurnus fossilis,0.9999999525170279,extended_prefix_evaluation,probability
0.95,0.8,lower-20%,1398,Metapenaeus monoceros,0.9999999526161079,extended_prefix_evaluation,probability
0.95,0.8,lower-20%,1399,Corophium sp.,0.9999999527150493,extended_prefix_evaluation,probability
0.95,0.8,lower-20%,1400,Goodea atripinnis,0.9999999528107413,extended_prefix_evaluation,probability
0.95,0.8,lower-20%,1401,Callinectes sapidus,0.9999999529151258,extended_prefix_evaluation,probability
0.95,0.8,lower-20%,1402,Anguilla australis,0.9999999530183032,extended_prefix_evaluation,probability
0.95,0.8,lower-20%,1403,Nyctibatrachus major,0.9999999531118821,extended_prefix_evaluation,probability
0.95,0.8,lower-20%,1404,Pseudomugil tenellus,0.9999999532123265,extended_prefix_evaluation,probability
0.95,0.8,lower-20%,1405,Luxilus cornutus,0.9999999533012357,extended_prefix_evaluation,probability
0.95,0.8,lower-20%,1406,Zacco platypus,0.9999999533695063,extended_prefix_evaluation,probability
0.95,0.8,lower-20%,1407,Potamogeton perfoliatus,0.999999953475351,extended_prefix_evaluation,probability
0.95,0.8,lower-20%,1408,Oreochromis mossambicus,0.9999999535444423,extended_prefix_evaluation,probability
0.95,0.8,lower-20%,1409,Acanthocyclops venustus,0.9999999536678837,extended_prefix_evaluation,probability
0.95,0.8,lower-20%,1410,Mystus tengara,0.9999999537367478,extended_prefix_evaluation,probability
0.95,0.8,lower-20%,1411,Anabaena inaequalis,0.9999999538298318,extended_prefix_evaluation,probability
0.95,0.8,lower-20%,1412,Nematalosa erebi,0.9999999539241238,extended_prefix_evaluation,probability
0.95,0.8,lower-20%,1413,Litopenaeus vannamei,0.9999999540166896,extended_prefix_evaluation,probability
0.95,0.8,lower-20%,1414,Farfantepenaeus duorarum,0.9999999541089191,extended_prefix_evaluation,probability
0.95,0.8,lower-20%,1415,Fundulus heteroclitus,0.99999995421701,extended_prefix_evaluation,probability
0.95,0.8,lower-20%,1416,Catostomus latipinnis,0.9999999543113309,extended_prefix_evaluation,probability
0.95,0.8,lower-20%,1417,Chapalichthys pardalis,0.9999999544005561,extended_prefix_evaluation,probability
0.95,0.8,lower-20%,1418,Rhithropanopeus harrisii,0.999999954489524,extended_prefix_evaluation,probability
0.95,0.8,lower-20%,1419,Tilapia rendalli,0.9999999545560749,extended_prefix_evaluation,probability
0.95,0.8,lower-20%,1420,Tilapia melanopleura,0.9999999546232452,extended_prefix_evaluation,probability
0.95,0.8,lower-20%,1421,Anabaena cylindrica,0.99999995472357,extended_prefix_evaluation,probability
0.95,0.8,lower-20%,1422,Chirostoma jordani,0.999999954832112,extended_prefix_evaluation,probability
0.95,0.8,lower-20%,1423,Leptoxis sp.,0.99999995491042,extended_prefix_evaluation,probability
0.95,0.8,lower-20%,1424,Mesochra parva,0.9999999550317733,extended_prefix_evaluation,probability
0.95,0.8,lower-20%,1425,Egeria densa,0.99999995515076,extended_prefix_evaluation,probability
0.95,0.8,lower-20%,1426,Parreysia favidens,0.9999999552087019,extended_prefix_evaluation,probability
0.95,0.8,lower-20%,1427,Gobiomorphus huttoni,0.9999999552993808,extended_prefix_evaluation,probability
0.95,0.8,lower-20%,1428,Bellamya bengalensis,0.9999999553880138,extended_prefix_evaluation,probability
0.95,0.8,lower-20%,1429,Penaeus indicus,0.9999999554771897,extended_prefix_evaluation,probability
0.95,0.8,lower-20%,1430,Elimia livescens,0.9999999555506499,extended_prefix_evaluation,probability
0.95,0.8,lower-20%,1431,Hemibagrus nemurus,0.9999999556246735,extended_prefix_evaluation,probability
0.95,0.8,lower-20%,1432,Attheyella crassa,0.9999999557408686,extended_prefix_evaluation,probability
0.95,0.8,lower-20%,1433,Paracyclops fimbriatus,0.9999999558575612,extended_prefix_evaluation,probability
0.95,0.8,lower-20%,1434,Syngnathus scovelli,0.9999999559430174,extended_prefix_evaluation,probability
0.95,0.8,lower-20%,1435,Thiara scabra,0.9999999560334181,extended_prefix_evaluation,probability
0.95,0.8,lower-20%,1436,Drepanomonas revoluta,0.9999999561838037,extended_prefix_evaluation,probability
0.95,0.8,lower-20%,1437,Odontophrynus americanus,0.9999999562644982,extended_prefix_evaluation,probability
0.95,0.8,lower-20%,1438,Lepidocephalichthys guntea,0.99999995633688,extended_prefix_evaluation,probability
0.95,0.8,lower-20%,1439,Egeria sp.,0.9999999564499114,extended_prefix_evaluation,probability
0.95,0.8,lower-20%,1440,Pelodytes ibericus,0.9999999565295353,extended_prefix_evaluation,probability
0.95,0.8,lower-20%,1441,Thiara lineata,0.9999999566175718,extended_prefix_evaluation,probability
0.95,0.8,lower-20%,1442,Filopaludina sp.,0.9999999566982712,extended_prefix_evaluation,probability
0.95,0.8,lower-20%,1443,Viviparus bengalensis,0.9999999567809966,extended_prefix_evaluation,probability
0.95,0.8,lower-20%,1444,Eupomatis gibbosus,0.9999999568741939,extended_prefix_evaluation,probability
0.95,0.8,lower-20%,1445,Anabaena flosaquae,0.9999999569595286,extended_prefix_evaluation,probability
0.95,0.8,lower-20%,1446,Acanthocyclops robustus,0.9999999570678114,extended_prefix_evaluation,probability
0.95,0.8,lower-20%,1447,Cypridopsis vidua,0.9999999571770396,extended_prefix_evaluation,probability
0.95,0.8,lower-20%,1448,Campeloma decisum,0.9999999572613252,extended_prefix_evaluation,probability
0.95,0.8,lower-20%,1449,Hepsetus odoe,0.9999999573409378,extended_prefix_evaluation,probability
0.95,0.8,lower-20%,1450,Paramecium caudatum,0.9999999574193326,extended_prefix_evaluation,probability
0.95,0.8,lower-20%,1451,Sesarma huzardi,0.9999999574953355,extended_prefix_evaluation,probability
0.95,0.8,lower-20%,1452,Cipangopaludina chinensis,0.9999999575735061,extended_prefix_evaluation,probability
0.95,0.8,lower-20%,1453,Pomoxis nigromaculatus,0.999999957661175,extended_prefix_evaluation,probability
0.95,0.8,lower-20%,1454,Adelotus brevis,0.99999995773269,extended_prefix_evaluation,probability
0.95,0.8,lower-20%,1455,Cherax tenuimanus,0.9999999578142609,extended_prefix_evaluation,probability
0.95,0.8,lower-20%,1456,Eurycea bislineata,0.9999999578894471,extended_prefix_evaluation,probability
0.95,0.8,lower-20%,1457,Pomoxis annularis,0.9999999579731907,extended_prefix_evaluation,probability
0.95,0.8,lower-20%,1458,Bulinus truncatus,0.999999958013568,extended_prefix_evaluation,probability
0.95,0.8,lower-20%,1459,Penaeus chinensis,0.9999999580932334,extended_prefix_evaluation,probability
0.95,0.8,lower-20%,1460,Fundulus diaphanus,0.9999999581872759,extended_prefix_evaluation,probability
0.95,0.8,lower-20%,1461,Limnodynastes peronii,0.9999999582595707,extended_prefix_evaluation,probability
0.95,0.8,lower-20%,1462,Diacyclops sp.,0.9999999583661121,extended_prefix_evaluation,probability
0.95,0.8,lower-20%,1463,Diacyclops disjunctus,0.9999999584721911,extended_prefix_evaluation,probability
0.95,0.8,lower-20%,1464,Diacyclops bicuspidatus,0.9999999585777242,extended_prefix_evaluation,probability
0.95,0.8,lower-20%,1465,Clarias gariepinus,0.9999999586439702,extended_prefix_evaluation,probability
0.95,0.8,lower-20%,1466,Aphanocapsa sp.,0.9999999587448839,extended_prefix_evaluation,probability
0.95,0.8,lower-20%,1467,Gloeocapsa sp.,0.9999999588454637,extended_prefix_evaluation,probability
0.95,0.8,lower-20%,1468,Colisa lalia,0.9999999589001055,extended_prefix_evaluation,probability
0.95,0.8,lower-20%,1469,Schistosoma mansoni,0.9999999590336335,extended_prefix_evaluation,probability
0.95,0.8,lower-20%,1470,Pleurocera sp.,0.9999999591051023,extended_prefix_evaluation,probability
0.95,0.8,lower-20%,1471,Diacyclops thomasi,0.9999999592096208,extended_prefix_evaluation,probability
0.95,0.8,lower-20%,1472,Anabaena aphanizomendoides,0.9999999592847282,extended_prefix_evaluation,probability
0.95,0.8,lower-20%,1473,Hypostomus plecostomus,0.999999959363032,extended_prefix_evaluation,probability
0.95,0.8,lower-20%,1474,Monoporeia affinis,0.9999999594472204,extended_prefix_evaluation,probability
0.95,0.8,lower-20%,1475,Parreysia cylindrica,0.9999999595040164,extended_prefix_evaluation,probability
0.95,0.8,lower-20%,1476,Biomphalaria alexandrina,0.999999959537219,extended_prefix_evaluation,probability
0.95,0.8,lower-20%,1477,Synodontis sp.,0.9999999596100267,extended_prefix_evaluation,probability
0.95,0.8,lower-20%,1478,Chlamydomonas geitleri,0.999999959677424,extended_prefix_evaluation,probability
0.95,0.8,lower-20%,1479,Neosilurus sp.,0.9999999597488232,extended_prefix_evaluation,probability
0.95,0.8,lower-20%,1480,Viviparus contectus,0.999999959824161,extended_prefix_evaluation,probability
0.95,0.8,lower-20%,1481,Scylla serrata,0.9999999598981395,extended_prefix_evaluation,probability
0.95,0.8,lower-20%,1482,Rhacophorus arboreus,0.9999999599701725,extended_prefix_evaluation,probability
0.95,0.8,lower-20%,1483,Barytelphusa guerini,0.9999999600399269,extended_prefix_evaluation,probability
0.95,0.8,lower-20%,1484,Stagnicola elodes,0.99999996011376,extended_prefix_evaluation,probability
0.95,0.8,lower-20%,1485,Wallago attu,0.9999999601823978,extended_prefix_evaluation,probability
0.95,0.8,lower-20%,1486,Aphanothece stagnina,0.9999999602784471,extended_prefix_evaluation,probability
0.95,0.8,lower-20%,1487,Clarias batrachus,0.9999999603446696,extended_prefix_evaluation,probability
0.95,0.8,lower-20%,1488,Tilapia guineensis,0.9999999603982648,extended_prefix_evaluation,probability
0.95,0.8,lower-20%,1489,Eriocheir sinensis,0.9999999604513299,extended_prefix_evaluation,probability
0.95,0.8,lower-20%,1490,Umbra pygmaea,0.9999999605211894,extended_prefix_evaluation,probability
0.95,0.8,lower-20%,1491,Pseudoplatystoma sp.,0.9999999605915203,extended_prefix_evaluation,probability
0.95,0.8,lower-20%,1492,Nandus nandus,0.9999999606588036,extended_prefix_evaluation,probability
0.95,0.8,lower-20%,1493,Nemapteryx nenga,0.9999999607270464,extended_prefix_evaluation,probability
0.95,0.8,lower-20%,1494,Leporinus obtusidens,0.9999999607998304,extended_prefix_evaluation,probability
0.95,0.8,lower-20%,1495,Rivulus marmoratus,0.9999999608678939,extended_prefix_evaluation,probability
0.95,0.8,lower-20%,1496,Dilocarcinus pagei,0.9999999609427739,extended_prefix_evaluation,probability
0.95,0.8,lower-20%,1497,Sulcospira hainanensis,0.9999999610088941,extended_prefix_evaluation,probability
0.95,0.8,lower-20%,1498,Scaphiopus holbrookii,0.9999999610765848,extended_prefix_evaluation,probability
0.95,0.8,lower-20%,1499,Rhinomugil corsula,0.9999999611431792,extended_prefix_evaluation,probability
0.95,0.8,lower-20%,1500,Anguilla sp.,0.9999999612162644,extended_prefix_evaluation,probability
0.95,0.8,lower-20%,1501,Crinia signifera,0.9999999612808765,extended_prefix_evaluation,probability
0.95,0.8,lower-20%,1502,Nemacheilus botia,0.9999999613512387,extended_prefix_evaluation,probability
0.95,0.8,lower-20%,1503,Ambloplites rupestris,0.9999999614218023,extended_prefix_evaluation,probability
0.95,0.8,lower-20%,1504,Chlamydomonas reinhardtii,0.9999999614843003,extended_prefix_evaluation,probability
0.95,0.8,lower-20%,1505,Nannostomus unifasciatus,0.9999999615531019,extended_prefix_evaluation,probability
0.95,0.8,lower-20%,1506,Piaractus mesopotamicus,0.9999999616307336,extended_prefix_evaluation,probability
0.95,0.8,lower-20%,1507,Cherax quadricarinatus,0.999999961703024,extended_prefix_evaluation,probability
0.95,0.8,lower-20%,1508,Thiara sp.,0.9999999617696714,extended_prefix_evaluation,probability
0.95,0.8,lower-20%,1509,Prochilodus scrofa,0.9999999618569239,extended_prefix_evaluation,probability
0.95,0.8,lower-20%,1510,Alytes obstetricans,0.9999999619231597,extended_prefix_evaluation,probability
0.95,0.8,lower-20%,1511,Chlamydomonas angulosa,0.9999999619844813,extended_prefix_evaluation,probability
0.95,0.8,lower-20%,1512,Colisa fasciata,0.9999999620209172,extended_prefix_evaluation,probability
0.95,0.8,lower-20%,1513,Bulinus globosus,0.9999999620634599,extended_prefix_evaluation,probability
0.95,0.8,lower-20%,1514,Callinectes amnicola,0.9999999621329266,extended_prefix_evaluation,probability
0.95,0.8,lower-20%,1515,Odontesthes bonariensis,0.9999999622145831,extended_prefix_evaluation,probability
0.95,0.8,lower-20%,1516,Theodoxus fluviatilis,0.9999999622766196,extended_prefix_evaluation,probability
0.95,0.8,lower-20%,1517,Carcinus maenas,0.9999999623369473,extended_prefix_evaluation,probability
0.95,0.8,lower-20%,1518,Macquaria novemaculeata,0.9999999624017433,extended_prefix_evaluation,probability
0.95,0.8,lower-20%,1519,Nostoc commune,0.9999999624697131,extended_prefix_evaluation,probability
0.95,0.8,lower-20%,1520,Amphimelania holandri,0.9999999625297525,extended_prefix_evaluation,probability
0.95,0.8,lower-20%,1521,Monopterus albus,0.9999999625968818,extended_prefix_evaluation,probability
0.95,0.8,lower-20%,1522,Otocinclus affinis,0.9999999626623514,extended_prefix_evaluation,probability
0.95,0.8,lower-20%,1523,Chlorohydra viridissima,0.9999999627546091,extended_prefix_evaluation,probability
0.95,0.8,lower-20%,1524,Chlamydomonas eugametos,0.9999999628135561,extended_prefix_evaluation,probability
0.95,0.8,lower-20%,1525,Macrognathus aculeatus,0.9999999628747124,extended_prefix_evaluation,probability
0.95,0.8,lower-20%,1526,Colossoma macropomum,0.9999999629488404,extended_prefix_evaluation,probability
0.95,0.8,lower-20%,1527,Rita rita,0.9999999630046822,extended_prefix_evaluation,probability
0.95,0.8,lower-20%,1528,Selenastrum minutum,0.9999999630644559,extended_prefix_evaluation,probability
0.95,0.8,lower-20%,1529,Anguilla japonica,0.9999999631337151,extended_prefix_evaluation,probability
0.95,0.8,lower-20%,1530,Aplocheilus panchax,0.9999999632036268,extended_prefix_evaluation,probability
0.95,0.8,lower-20%,1531,Stenotomus versicolor,0.9999999632650919,extended_prefix_evaluation,probability
0.95,0.8,lower-20%,1532,Barytelphusa cunicularis,0.9999999633214832,extended_prefix_evaluation,probability
0.95,0.8,lower-20%,1533,Bombina orientalis,0.9999999633848912,extended_prefix_evaluation,probability
0.95,0.8,lower-20%,1534,Anabaena variabilis,0.9999999634503914,extended_prefix_evaluation,probability
0.95,0.8,lower-20%,1535,Crinia insignifera,0.9999999635089774,extended_prefix_evaluation,probability
0.95,0.8,lower-20%,1536,Bombina variegata,0.9999999635704767,extended_prefix_evaluation,probability
0.95,0.8,lower-20%,1537,Pterophyllum scalare,0.9999999636347457,extended_prefix_evaluation,probability
0.95,0.8,lower-20%,1538,Mesocyclops sp.,0.999999963711991,extended_prefix_evaluation,probability
0.95,0.8,lower-20%,1539,Hynobius retardatus,0.9999999637686737,extended_prefix_evaluation,probability
0.95,0.8,lower-20%,1540,Limnodynastes tasmaniensis,0.999999963828866,extended_prefix_evaluation,probability
0.95,0.8,lower-20%,1541,Bulinus tropicus,0.9999999638683991,extended_prefix_evaluation,probability
0.95,0.8,lower-20%,1542,Texadina sp.,0.9999999639272226,extended_prefix_evaluation,probability
0.95,0.8,lower-20%,1543,Nothobranchius guentheri,0.9999999639928167,extended_prefix_evaluation,probability
0.95,0.8,lower-20%,1544,Brotia sp.,0.9999999640506991,extended_prefix_evaluation,probability
0.95,0.8,lower-20%,1545,Monopterus cuchia,0.9999999641090036,extended_prefix_evaluation,probability
0.95,0.8,lower-20%,1546,Chilina gibbosa,0.9999999641660274,extended_prefix_evaluation,probability
0.95,0.8,lower-20%,1547,Discoglossus pictus,0.9999999642283052,extended_prefix_evaluation,probability
0.95,0.8,lower-20%,1548,Coccochloris peniocystis,0.9999999643087611,extended_prefix_evaluation,probability
0.95,0.8,lower-20%,1549,Macropodus opercularis,0.9999999643645341,extended_prefix_evaluation,probability
0.95,0.8,lower-20%,1550,Viviparus georgianus,0.9999999644278992,extended_prefix_evaluation,probability
0.95,0.8,lower-20%,1551,Tilapia aurea,0.9999999644759144,extended_prefix_evaluation,probability
0.95,0.8,lower-20%,1552,Paralichthys orbignyanus,0.9999999645319938,extended_prefix_evaluation,probability
0.95,0.8,lower-20%,1553,Chlamydomonas applanata,0.9999999645864999,extended_prefix_evaluation,probability
0.95,0.8,lower-20%,1554,Bulinus abyssinicus,0.9999999646241148,extended_prefix_evaluation,probability
0.95,0.8,lower-20%,1555,Synechococcus elongatus,0.9999999647033835,extended_prefix_evaluation,probability
0.95,0.8,lower-20%,1556,Tubifex tubifex,0.999999964759698,extended_prefix_evaluation,probability
0.95,0.8,lower-20%,1557,Polypedates megacephalus,0.9999999648158542,extended_prefix_evaluation,probability
0.95,0.8,lower-20%,1558,Najas guadalupensis,0.9999999648917521,extended_prefix_evaluation,probability
0.95,0.8,lower-20%,1559,Chlamydomonas altera,0.9999999649449784,extended_prefix_evaluation,probability
0.95,0.8,lower-20%,1560,Chlamydomonas asymmetrica,0.9999999649980891,extended_prefix_evaluation,probability
0.95,0.8,lower-20%,1561,Chlamydomonas botryopara,0.9999999650510843,extended_prefix_evaluation,probability
0.95,0.8,lower-20%,1562,Chlamydomonas britannica,0.9999999651039644,extended_prefix_evaluation,probability
0.95,0.8,lower-20%,1563,Chlamydomonas debaryana,0.9999999651567298,extended_prefix_evaluation,probability
0.95,0.8,lower-20%,1564,Chlamydomonas globosa,0.9999999652093808,extended_prefix_evaluation,probability
0.95,0.8,lower-20%,1565,Cherax destructor,0.9999999652654964,extended_prefix_evaluation,probability
0.95,0.8,lower-20%,1566,Chlamydomonas gloeopara,0.9999999653179117,extended_prefix_evaluation,probability
0.95,0.8,lower-20%,1567,Chlamydomonas hebes,0.9999999653702139,extended_prefix_evaluation,probability
0.95,0.8,lower-20%,1568,Chlamydomonas heterogama,0.9999999654224023,extended_prefix_evaluation,probability
0.95,0.8,lower-20%,1569,Chlamydomonas kniepii,0.9999999654744776,extended_prefix_evaluation,probability
0.95,0.8,lower-20%,1570,Chlamydomonas latifrons,0.9999999655264403,extended_prefix_evaluation,probability
0.95,0.8,lower-20%,1571,Chlamydomonas micropapillata,0.9999999655782905,extended_prefix_evaluation,probability
0.95,0.8,lower-20%,1572,Chlamydomonas mutabilis,0.9999999656300286,extended_prefix_evaluation,probability
0.95,0.8,lower-20%,1573,Chlamydomonas peterfi,0.9999999656816546,extended_prefix_evaluation,probability
0.95,0.8,lower-20%,1574,Chlamydomonas planctogloea,0.9999999657331692,extended_prefix_evaluation,probability
0.95,0.8,lower-20%,1575,Chlamydomonas pseudoelegans,0.9999999657845724,extended_prefix_evaluation,probability
0.95,0.8,lower-20%,1576,Chlamydomonas quiescens,0.9999999658358644,extended_prefix_evaluation,probability
0.95,0.8,lower-20%,1577,Chlamydomonas snowiae,0.9999999658870453,extended_prefix_evaluation,probability
0.95,0.8,lower-20%,1578,Chlamydomonas sphagnophila,0.999999965938116,extended_prefix_evaluation,probability
0.95,0.8,lower-20%,1579,Chlamydomonas subtilis,0.9999999659890763,extended_prefix_evaluation,probability
0.95,0.8,lower-20%,1580,Chlamydomonas terricola,0.9999999660399267,extended_prefix_evaluation,probability
0.95,0.8,lower-20%,1581,Chlamydomonas vulgaris,0.9999999660906674,extended_prefix_evaluation,probability
0.95,0.8,lower-20%,1582,Chasmagnathus granulata,0.9999999661456662,extended_prefix_evaluation,probability
0.95,0.8,lower-20%,1583,Chlamydomonas sp.,0.9999999661974258,extended_prefix_evaluation,probability
0.95,0.8,lower-20%,1584,Deltistes luxatus,0.999999966259123,extended_prefix_evaluation,probability
0.95,0.8,lower-20%,1585,Burnupia stenochorias,0.9999999663134184,extended_prefix_evaluation,probability
0.95,0.8,lower-20%,1586,Sphaerium simile,0.9999999663842005,extended_prefix_evaluation,probability
0.95,0.8,lower-20%,1587,Polypedates cruciger,0.9999999664412014,extended_prefix_evaluation,probability
0.95,0.8,lower-20%,1588,Radix luteola,0.9999999664861156,extended_prefix_evaluation,probability
0.95,0.8,lower-20%,1589,Macoma balthica,0.999999966555421,extended_prefix_evaluation,probability
0.95,0.8,lower-20%,1590,Eupera singleyi,0.9999999666232098,extended_prefix_evaluation,probability
0.95,0.8,lower-20%,1591,Piaractus brachypomus,0.9999999666842684,extended_prefix_evaluation,probability
0.95,0.8,lower-20%,1592,Mystus cavasius,0.9999999667372287,extended_prefix_evaluation,probability
0.95,0.8,lower-20%,1593,Ictiobus cyprinellus,0.9999999667958562,extended_prefix_evaluation,probability
0.95,0.8,lower-20%,1594,Galaxias maculatus,0.999999966866482,extended_prefix_evaluation,probability
0.95,0.8,lower-20%,1595,Channa punctata,0.9999999668987455,extended_prefix_evaluation,probability
0.95,0.8,lower-20%,1596,Microcystis sp.,0.9999999669733872,extended_prefix_evaluation,probability
0.95,0.8,lower-20%,1597,Cichla ocellaris,0.9999999670264096,extended_prefix_evaluation,probability
0.95,0.8,lower-20%,1598,Lanistes carinatus,0.9999999670732596,extended_prefix_evaluation,probability
0.95,0.8,lower-20%,1599,Polycelis nigra,0.9999999671268873,extended_prefix_evaluation,probability
0.95,0.8,lower-20%,1600,Cynops pyrrhogaster,0.9999999671790615,extended_prefix_evaluation,probability
0.95,0.8,lower-20%,1601,Sinopotamon honanense,0.9999999672338583,extended_prefix_evaluation,probability
0.95,0.8,lower-20%,1602,Acanthocyclops vernalis,0.9999999673002028,extended_prefix_evaluation,probability
0.95,0.8,lower-20%,1603,Trichodactylus borellianus,0.9999999673540888,extended_prefix_evaluation,probability
0.95,0.8,lower-20%,1604,Clarias macrocephalus,0.9999999674047642,extended_prefix_evaluation,probability
0.95,0.8,lower-20%,1605,Melanoides tuberculata,0.9999999674385596,extended_prefix_evaluation,probability
0.95,0.8,lower-20%,1606,Pleurodeles sp.,0.9999999674913144,extended_prefix_evaluation,probability
0.95,0.8,lower-20%,1607,Musculium transversum,0.9999999675582804,extended_prefix_evaluation,probability
0.95,0.8,lower-20%,1608,Chlamydomonas gloeogama,0.9999999676042715,extended_prefix_evaluation,probability
0.95,0.8,lower-20%,1609,Tilapia sp.,0.9999999676495721,extended_prefix_evaluation,probability
0.95,0.8,lower-20%,1610,Valvata piscinalis,0.999999967699989,extended_prefix_evaluation,probability
0.95,0.8,lower-20%,1611,Chasmistes brevirostris,0.9999999677559163,extended_prefix_evaluation,probability
0.95,0.8,lower-20%,1612,Mystus keletius,0.9999999678066931,extended_prefix_evaluation,probability
0.95,0.8,lower-20%,1613,Stenocypris major,0.9999999679001101,extended_prefix_evaluation,probability
0.95,0.8,lower-20%,1614,Discoglossus galganoi,0.9999999679522665,extended_prefix_evaluation,probability
0.95,0.8,lower-20%,1615,Nais variabilis,0.9999999680421876,extended_prefix_evaluation,probability
0.95,0.8,lower-20%,1616,Parachromis dovii,0.9999999680923858,extended_prefix_evaluation,probability
0.95,0.8,lower-20%,1617,Myxocyprinus asiaticus,0.9999999681458785,extended_prefix_evaluation,probability
0.95,0.8,lower-20%,1618,Pungitius pungitius,0.9999999682040204,extended_prefix_evaluation,probability
0.95,0.8,lower-20%,1619,Alosa sapidissima,0.9999999682614481,extended_prefix_evaluation,probability
0.95,0.8,lower-20%,1620,Tilapia zillii,0.9999999683017555,extended_prefix_evaluation,probability
0.95,0.8,lower-20%,1621,Australoheros facetus,0.9999999683495194,extended_prefix_evaluation,probability
0.95,0.8,lower-20%,1622,Lepidocephalichthys thermalis,0.9999999683975829,extended_prefix_evaluation,probability
0.95,0.8,lower-20%,1623,Culaea inconstans,0.9999999684546123,extended_prefix_evaluation,probability
0.95,0.8,lower-20%,1624,Zilchiopsis collastinensis,0.9999999685006836,extended_prefix_evaluation,probability
0.95,0.8,lower-20%,1625,Nais sp.,0.9999999685882038,extended_prefix_evaluation,probability
0.95,0.8,lower-20%,1626,Anabaena doliolum,0.9999999686342816,extended_prefix_evaluation,probability
0.95,0.8,lower-20%,1627,Astyanax bimaculatus,0.9999999686887242,extended_prefix_evaluation,probability
0.95,0.8,lower-20%,1628,Microcystis aeruginosa,0.999999968757417,extended_prefix_evaluation,probability
0.95,0.8,lower-20%,1629,Herotilapia multispinosa,0.9999999688048409,extended_prefix_evaluation,probability
0.95,0.8,lower-20%,1630,Astyanax fasciatus,0.9999999688585682,extended_prefix_evaluation,probability
0.95,0.8,lower-20%,1631,Discoglossus jeanneae,0.9999999689086291,extended_prefix_evaluation,probability
0.95,0.8,lower-20%,1632,Galaxias fasciatus,0.9999999689683491,extended_prefix_evaluation,probability
0.95,0.8,lower-20%,1633,Chioglossa lusitanica,0.9999999690163515,extended_prefix_evaluation,probability
0.95,0.8,lower-20%,1634,Chlorella sorokiniana,0.9999999690580076,extended_prefix_evaluation,probability
0.95,0.8,lower-20%,1635,Chlorella vulgaris,0.9999999691018081,extended_prefix_evaluation,probability
0.95,0.8,lower-20%,1636,Chlorella salina,0.9999999691429426,extended_prefix_evaluation,probability
0.95,0.8,lower-20%,1637,Tigriopus japonicus,0.9999999691978875,extended_prefix_evaluation,probability
0.95,0.8,lower-20%,1638,Chlorella variegata,0.999999969238709,extended_prefix_evaluation,probability
0.95,0.8,lower-20%,1639,Chlorella sp.,0.9999999692796454,extended_prefix_evaluation,probability
0.95,0.8,lower-20%,1640,Galaxias auratus,0.9999999693382192,extended_prefix_evaluation,probability
0.95,0.8,lower-20%,1641,Astronotus ocellatus,0.9999999693847946,extended_prefix_evaluation,probability
0.95,0.8,lower-20%,1642,Tilapia sparrmanii,0.9999999694283094,extended_prefix_evaluation,probability
0.95,0.8,lower-20%,1643,Pila ovata,0.9999999694660918,extended_prefix_evaluation,probability
0.95,0.8,lower-20%,1644,Melanopsis dufouri,0.9999999695007983,extended_prefix_evaluation,probability
0.95,0.8,lower-20%,1645,Erpobdella sp.,0.9999999695535875,extended_prefix_evaluation,probability
0.95,0.8,lower-20%,1646,Sphaerium sp.,0.9999999696127903,extended_prefix_evaluation,probability
0.95,0.8,lower-20%,1647,Erpobdella punctata,0.9999999696651634,extended_prefix_evaluation,probability
0.95,0.8,lower-20%,1648,Lamellidens marginalis,0.9999999696921705,extended_prefix_evaluation,probability
0.95,0.8,lower-20%,1649,Desmodesmus subspicatus,0.9999999697372467,extended_prefix_evaluation,probability
0.95,0.8,lower-20%,1650,Anabaena sp.,0.9999999697836487,extended_prefix_evaluation,probability
0.95,0.8,lower-20%,1651,Nais communis,0.9999999698650776,extended_prefix_evaluation,probability
0.95,0.8,lower-20%,1652,Aulosira prolifica,0.9999999699145155,extended_prefix_evaluation,probability
0.95,0.8,lower-20%,1653,Tilapia spilurus,0.9999999699556015,extended_prefix_evaluation,probability
0.95,0.8,lower-20%,1654,Sarotherodon galilaeus,0.9999999699996495,extended_prefix_evaluation,probability
0.95,0.8,lower-20%,1655,Hypentelium nigricans,0.9999999700478921,extended_prefix_evaluation,probability
0.95,0.8,lower-20%,1656,Pleurodeles waltl,0.9999999700942075,extended_prefix_evaluation,probability
0.95,0.8,lower-20%,1657,Tilapia galilaea,0.9999999701355788,extended_prefix_evaluation,probability
0.95,0.8,lower-20%,1658,Corydoras paleatus,0.9999999701825297,extended_prefix_evaluation,probability
0.95,0.8,lower-20%,1659,Chlorella luteoviridis,0.9999999702217667,extended_prefix_evaluation,probability
0.95,0.8,lower-20%,1660,Chlorella minutissima,0.9999999702609266,extended_prefix_evaluation,probability
0.95,0.8,lower-20%,1661,Chlorella protothecoides,0.9999999703000093,extended_prefix_evaluation,probability
0.95,0.8,lower-20%,1662,Pelobates cultripes,0.99999997034424,extended_prefix_evaluation,probability
0.95,0.8,lower-20%,1663,Huso huso,0.9999999703967726,extended_prefix_evaluation,probability
0.95,0.8,lower-20%,1664,Betta splendens,0.9999999704368313,extended_prefix_evaluation,probability
0.95,0.8,lower-20%,1665,Sphaerium novaezelandiae,0.99999997049314,extended_prefix_evaluation,probability
0.95,0.8,lower-20%,1666,Silurus glanis,0.9999999705390454,extended_prefix_evaluation,probability
0.95,0.8,lower-20%,1667,Tilapia natalensis,0.9999999705783894,extended_prefix_evaluation,probability
0.95,0.8,lower-20%,1668,Cypria ophthalmica,0.9999999706383792,extended_prefix_evaluation,probability
0.95,0.8,lower-20%,1669,Crassula helmsii,0.9999999706935082,extended_prefix_evaluation,probability
0.95,0.8,lower-20%,1670,Fallopia convolvulus,0.999999970748485,extended_prefix_evaluation,probability
0.95,0.8,lower-20%,1671,Megacyclops viridis,0.9999999708043695,extended_prefix_evaluation,probability
0.95,0.8,lower-20%,1672,Triturus boscai,0.999999970847395,extended_prefix_evaluation,probability
0.95,0.8,lower-20%,1673,Clarias anguillaris,0.9999999708881753,extended_prefix_evaluation,probability
0.95,0.8,lower-20%,1674,Heteropneustes fossilis,0.9999999709212198,extended_prefix_evaluation,probability
0.95,0.8,lower-20%,1675,Tilapia hornorum,0.999999970959768,extended_prefix_evaluation,probability
0.95,0.8,lower-20%,1676,Thermocyclops oblongatus,0.9999999710110272,extended_prefix_evaluation,probability
0.95,0.8,lower-20%,1677,Triturus cristatus,0.9999999710528957,extended_prefix_evaluation,probability
0.95,0.8,lower-20%,1678,Noemacheilus barbatulus,0.9999999711006258,extended_prefix_evaluation,probability
0.95,0.8,lower-20%,1679,Bithynia leachi,0.9999999711403309,extended_prefix_evaluation,probability
0.95,0.8,lower-20%,1680,Scaphirhynchus platorynchus,0.9999999711883312,extended_prefix_evaluation,probability
0.95,0.8,lower-20%,1681,Oscillatoria agardhii,0.9999999712340936,extended_prefix_evaluation,probability
0.95,0.8,lower-20%,1682,Tilapia leucosticta,0.9999999712717054,extended_prefix_evaluation,probability
0.95,0.8,lower-20%,1683,Nostoc sp.,0.9999999713110781,extended_prefix_evaluation,probability
0.95,0.8,lower-20%,1684,Groenlandia densa,0.9999999713582141,extended_prefix_evaluation,probability
0.95,0.8,lower-20%,1685,Euplotes moebiusi,0.9999999714331752,extended_prefix_evaluation,probability
0.95,0.8,lower-20%,1686,Oncomelania quadrasi,0.9999999714734045,extended_prefix_evaluation,probability
0.95,0.8,lower-20%,1687,Pisidium sp.,0.9999999715244458,extended_prefix_evaluation,probability
0.95,0.8,lower-20%,1688,Eurytemora affinis,0.9999999715793556,extended_prefix_evaluation,probability
0.95,0.8,lower-20%,1689,Rangia cuneata,0.9999999716268686,extended_prefix_evaluation,probability
0.95,0.8,lower-20%,1690,Apium nodiflorum,0.999999971679453,extended_prefix_evaluation,probability
0.95,0.8,lower-20%,1691,Nasturtium officinale,0.9999999717316661,extended_prefix_evaluation,probability
0.95,0.8,lower-20%,1692,Mytilus edulis,0.9999999717770692,extended_prefix_evaluation,probability
0.95,0.8,lower-20%,1693,Triturus helveticus,0.9999999718173658,extended_prefix_evaluation,probability
0.95,0.8,lower-20%,1694,Nothobranchius furzeri,0.9999999718573568,extended_prefix_evaluation,probability
0.95,0.8,lower-20%,1695,Aulosira fertilissima,0.999999971901726,extended_prefix_evaluation,probability
0.95,0.8,lower-20%,1696,Aphanizomenon flos-aquae,0.9999999719495305,extended_prefix_evaluation,probability
0.95,0.8,lower-20%,1697,Mugil liza,0.9999999719922034,extended_prefix_evaluation,probability
0.95,0.8,lower-20%,1698,Chlorogonium elongatum,0.9999999720307198,extended_prefix_evaluation,probability
0.95,0.8,lower-20%,1699,Triturus vulgaris,0.9999999720708164,extended_prefix_evaluation,probability
0.95,0.8,lower-20%,1700,Cobitis taenia,0.9999999721135192,extended_prefix_evaluation,probability
0.95,0.8,lower-20%,1701,Chanos chanos,0.9999999721570604,extended_prefix_evaluation,probability
0.95,0.8,lower-20%,1702,Limnocalanus macrurus,0.9999999722084321,extended_prefix_evaluation,probability
0.95,0.8,lower-20%,1703,Ancylus fluviatilis,0.9999999722525332,extended_prefix_evaluation,probability
0.95,0.8,lower-20%,1704,Chrissia halyi,0.9999999723059543,extended_prefix_evaluation,probability
0.95,0.8,lower-20%,1705,Nephelopsis obscura,0.9999999723544664,extended_prefix_evaluation,probability
0.95,0.8,lower-20%,1706,Euplotes aediculatus,0.9999999724224791,extended_prefix_evaluation,probability
0.95,0.8,lower-20%,1707,Stuckenia pectinata,0.999999972461477,extended_prefix_evaluation,probability
0.95,0.8,lower-20%,1708,Pseudosphromenus cupanus,0.9999999724870623,extended_prefix_evaluation,probability
0.95,0.8,lower-20%,1709,Chlorella pyrenoidosa,0.9999999725233465,extended_prefix_evaluation,probability
0.95,0.8,lower-20%,1710,Tandanus tandanus,0.9999999725624459,extended_prefix_evaluation,probability
0.95,0.8,lower-20%,1711,Clarias submarginatus,0.9999999725968013,extended_prefix_evaluation,probability
0.95,0.8,lower-20%,1712,Limnoperna fortunei,0.9999999726392315,extended_prefix_evaluation,probability
0.95,0.8,lower-20%,1713,Pisidium amnicum,0.9999999726859748,extended_prefix_evaluation,probability
0.95,0.8,lower-20%,1714,Bryconamericus iheringii,0.9999999727263807,extended_prefix_evaluation,probability
0.95,0.8,lower-20%,1715,Chitala ornata,0.9999999727696948,extended_prefix_evaluation,probability
0.95,0.8,lower-20%,1716,Anodontites trapesialis,0.9999999728103264,extended_prefix_evaluation,probability
0.95,0.8,lower-20%,1717,Silurus lanzhouensis,0.9999999728500595,extended_prefix_evaluation,probability
0.95,0.8,lower-20%,1718,Berula erecta,0.9999999728990747,extended_prefix_evaluation,probability
0.95,0.8,lower-20%,1719,Alosa pseudoharengus,0.9999999729411291,extended_prefix_evaluation,probability
0.95,0.8,lower-20%,1720,Pisidium compressum,0.9999999729860993,extended_prefix_evaluation,probability
0.95,0.8,lower-20%,1721,Clarias lazera,0.9999999730213055,extended_prefix_evaluation,probability
0.95,0.8,lower-20%,1722,Ludwigia repens,0.9999999730700221,extended_prefix_evaluation,probability
0.95,0.8,lower-20%,1723,Ambassis macleayi,0.9999999731104572,extended_prefix_evaluation,probability
0.95,0.8,lower-20%,1724,Cypricercus sp.,0.9999999731587775,extended_prefix_evaluation,probability
0.95,0.8,lower-20%,1725,Dunaliella tertiolecta,0.999999973200557,extended_prefix_evaluation,probability
0.95,0.8,lower-20%,1726,Jenynsia multidentata,0.9999999732417473,extended_prefix_evaluation,probability
0.95,0.8,lower-20%,1727,Alosa aestivalis,0.9999999732826947,extended_prefix_evaluation,probability
0.95,0.8,lower-20%,1728,Gobiomorphus cotidianus,0.9999999733233831,extended_prefix_evaluation,probability
0.95,0.8,lower-20%,1729,Mugil curema,0.9999999733625542,extended_prefix_evaluation,probability
0.95,0.8,lower-20%,1730,Crassostrea rhizophorae,0.9999999734015929,extended_prefix_evaluation,probability
0.95,0.8,lower-20%,1731,Anabas testudineus,0.9999999734341827,extended_prefix_evaluation,probability
0.95,0.8,lower-20%,1732,Tympanotonus fuscatus,0.999999973462753,extended_prefix_evaluation,probability
0.95,0.8,lower-20%,1733,Lophiosilurus alexandri,0.9999999735014881,extended_prefix_evaluation,probability
0.95,0.8,lower-20%,1734,Anabaenopsis raciborskii,0.9999999735388374,extended_prefix_evaluation,probability
0.95,0.8,lower-20%,1735,Mugil cephalus,0.9999999735774573,extended_prefix_evaluation,probability
0.95,0.8,lower-20%,1736,Wolffia globosa,0.9999999736169833,extended_prefix_evaluation,probability
0.95,0.8,lower-20%,1737,Pseudodiaptomus forbesi,0.9999999736617533,extended_prefix_evaluation,probability
0.95,0.8,lower-20%,1738,Channa marulius,0.9999999736950358,extended_prefix_evaluation,probability
0.95,0.8,lower-20%,1739,Tolypothrix tenuis,0.999999973735477,extended_prefix_evaluation,probability
0.95,0.8,lower-20%,1740,Brasenia schreberi,0.9999999737818949,extended_prefix_evaluation,probability
0.95,0.8,lower-20%,1741,Pila globosa,0.9999999738031037,extended_prefix_evaluation,probability
0.95,0.8,lower-20%,1742,Perccottus glenii,0.9999999738406976,extended_prefix_evaluation,probability
0.95,0.8,lower-20%,1743,Hypomesus transpacificus,0.9999999738786465,extended_prefix_evaluation,probability
0.95,0.8,lower-20%,1744,Pisidium casertanum,0.9999999739205542,extended_prefix_evaluation,probability
0.95,0.8,lower-20%,1745,Microspora sp.,0.9999999739548674,extended_prefix_evaluation,probability
0.95,0.8,lower-20%,1746,Cyprinotus carolinensis,0.999999974000361,extended_prefix_evaluation,probability
0.95,0.8,lower-20%,1747,Euplotes affinis,0.9999999740604337,extended_prefix_evaluation,probability
0.95,0.8,lower-20%,1748,Channa argus,0.9999999740925793,extended_prefix_evaluation,probability
0.95,0.8,lower-20%,1749,Centropomus parallelus,0.9999999741292311,extended_prefix_evaluation,probability
0.95,0.8,lower-20%,1750,Ambassis sp.,0.9999999741662079,extended_prefix_evaluation,probability
0.95,0.8,lower-20%,1751,Channa striata,0.9999999741973443,extended_prefix_evaluation,probability
0.95,0.8,lower-20%,1752,Aplodinotus grunniens,0.9999999742339529,extended_prefix_evaluation,probability
0.95,0.8,lower-20%,1753,Arapaima gigas,0.9999999742703667,extended_prefix_evaluation,probability
0.95,0.8,lower-20%,1754,Microspora pachyderma,0.9999999743034546,extended_prefix_evaluation,probability
0.95,0.8,lower-20%,1755,Microspora stagnorum,0.9999999743364766,extended_prefix_evaluation,probability
0.95,0.8,lower-20%,1756,Microspora tumidula,0.9999999743694329,extended_prefix_evaluation,probability
0.95,0.8,lower-20%,1757,Protoderma frequens,0.9999999744053144,extended_prefix_evaluation,probability
0.95,0.8,lower-20%,1758,Euplotes patella,0.9999999744652673,extended_prefix_evaluation,probability
0.95,0.8,lower-20%,1759,Heterocypris sp.,0.9999999745089492,extended_prefix_evaluation,probability
0.95,0.8,lower-20%,1760,Pangasius hypophthalmus,0.999999974541497,extended_prefix_evaluation,probability
0.95,0.8,lower-20%,1761,Lates calcarifer,0.9999999745776152,extended_prefix_evaluation,probability
0.95,0.8,lower-20%,1762,Cyprois sp.,0.9999999746205827,extended_prefix_evaluation,probability
0.95,0.8,lower-20%,1763,Notophthalmus viridescens,0.99999997465411,extended_prefix_evaluation,probability
0.95,0.8,lower-20%,1764,Pseudaphritis urvillii,0.9999999746893267,extended_prefix_evaluation,probability
0.95,0.8,lower-20%,1765,Barbatula barbatula,0.9999999747260658,extended_prefix_evaluation,probability
0.95,0.8,lower-20%,1766,Cynoscion nebulosus,0.999999974761938,extended_prefix_evaluation,probability
0.95,0.8,lower-20%,1767,Dorosoma cepedianum,0.9999999747980727,extended_prefix_evaluation,probability
0.95,0.8,lower-20%,1768,Oocystis borgei,0.9999999748289797,extended_prefix_evaluation,probability
0.95,0.8,lower-20%,1769,Oocystis parva,0.9999999748598277,extended_prefix_evaluation,probability
0.95,0.8,lower-20%,1770,Oocystis pusilla,0.9999999748906171,extended_prefix_evaluation,probability
0.95,0.8,lower-20%,1771,Oocystis solitaria,0.9999999749213476,extended_prefix_evaluation,probability
0.95,0.8,lower-20%,1772,Pandorina sp.,0.9999999749561007,extended_prefix_evaluation,probability
0.95,0.8,lower-20%,1773,Volvox sp.,0.9999999749907799,extended_prefix_evaluation,probability
0.95,0.8,lower-20%,1774,Pollimyrus isidori,0.9999999750249883,extended_prefix_evaluation,probability
0.95,0.8,lower-20%,1775,Plumatella emarginata,0.9999999750743043,extended_prefix_evaluation,probability
0.95,0.8,lower-20%,1776,Lepisosteus osseus,0.9999999751085944,extended_prefix_evaluation,probability
0.95,0.8,lower-20%,1777,Macquaria ambigua,0.9999999751431644,extended_prefix_evaluation,probability
0.95,0.8,lower-20%,1778,Sciaenops ocellatus,0.9999999751776772,extended_prefix_evaluation,probability
0.95,0.8,lower-20%,1779,Gobio gobio,0.99999997521108,extended_prefix_evaluation,probability
0.95,0.8,lower-20%,1780,Heterobranchus longifilis,0.9999999752451363,extended_prefix_evaluation,probability
0.95,0.8,lower-20%,1781,Micropogonias undulatus,0.9999999752797782,extended_prefix_evaluation,probability
0.95,0.8,lower-20%,1782,Gloeococcus sp.,0.9999999753107867,extended_prefix_evaluation,probability
0.95,0.8,lower-20%,1783,Retropinna retropinna,0.9999999753449578,extended_prefix_evaluation,probability
0.95,0.8,lower-20%,1784,Hydrilla verticillata,0.9999999753818223,extended_prefix_evaluation,probability
0.95,0.8,lower-20%,1785,Peprilus triacanthus,0.9999999754149412,extended_prefix_evaluation,probability
0.95,0.8,lower-20%,1786,Euplotes sp.,0.9999999754681089,extended_prefix_evaluation,probability
0.95,0.8,lower-20%,1787,Plecoglossus altivelis,0.9999999754873174,extended_prefix_evaluation,probability
0.95,0.8,lower-20%,1788,Oedogonium sp.,0.9999999755228434,extended_prefix_evaluation,probability
0.95,0.8,lower-20%,1789,Amia calva,0.9999999755562784,extended_prefix_evaluation,probability
0.95,0.8,lower-20%,1790,Osmerus mordax,0.999999975589126,extended_prefix_evaluation,probability
0.95,0.8,lower-20%,1791,Petromyzon marinus,0.999999975646763,extended_prefix_evaluation,probability
0.95,0.8,lower-20%,1792,Rhinogobius giurinus,0.9999999756793714,extended_prefix_evaluation,probability
0.95,0.8,lower-20%,1793,Gloeococcus maximus,0.9999999757094071,extended_prefix_evaluation,probability
0.95,0.8,lower-20%,1794,Gloeococcus mucosus,0.9999999757393851,extended_prefix_evaluation,probability
0.95,0.8,lower-20%,1795,Gongrosira sp.,0.999999975771271,extended_prefix_evaluation,probability
0.95,0.8,lower-20%,1796,Boeckella triarticulata,0.9999999758102198,extended_prefix_evaluation,probability
0.95,0.8,lower-20%,1797,Chlamydotheca arcuata,0.9999999758479593,extended_prefix_evaluation,probability
0.95,0.8,lower-20%,1798,Protoderma viride,0.9999999758795584,extended_prefix_evaluation,probability
0.95,0.8,lower-20%,1799,Apareiodon affinis,0.9999999759115341,extended_prefix_evaluation,probability
0.95,0.8,lower-20%,1800,Pleurococcus rufescens,0.9999999759422081,extended_prefix_evaluation,probability
0.95,0.8,lower-20%,1801,Pleurococcus vulgaris,0.9999999759728211,extended_prefix_evaluation,probability
0.95,0.8,lower-20%,1802,Sporotetras pyriformis,0.9999999760033734,extended_prefix_evaluation,probability
0.95,0.8,lower-20%,1803,Ipomoea aquatica,0.999999976043372,extended_prefix_evaluation,probability
0.95,0.8,lower-20%,1804,Calanus finmarchicus,0.9999999760800155,extended_prefix_evaluation,probability
0.95,0.8,lower-20%,1805,Plecostomus commersoni,0.9999999761111741,extended_prefix_evaluation,probability
0.95,0.8,lower-20%,1806,Cephalodella paggiae,0.9999999761499937,extended_prefix_evaluation,probability
0.95,0.8,lower-20%,1807,Polycelis sp.,0.9999999761842646,extended_prefix_evaluation,probability
0.95,0.8,lower-20%,1808,Ankistrodesmus sp.,0.9999999762137602,extended_prefix_evaluation,probability
0.95,0.8,lower-20%,1809,Oryza sativa,0.9999999762530447,extended_prefix_evaluation,probability
0.95,0.8,lower-20%,1810,Cypridopsis sp.,0.999999976290956,extended_prefix_evaluation,probability
0.95,0.8,lower-20%,1811,Ranunculus penicillatus,0.9999999763273433,extended_prefix_evaluation,probability
0.95,0.8,lower-20%,1812,Calamoecia lucasi,0.9999999763646462,extended_prefix_evaluation,probability
0.95,0.8,lower-20%,1813,Boeckella delicata,0.9999999764014602,extended_prefix_evaluation,probability
0.95,0.8,lower-20%,1814,Gongrosira viridis,0.9999999764311911,extended_prefix_evaluation,probability
0.95,0.8,lower-20%,1815,Bacopa caroliniana,0.9999999764667976,extended_prefix_evaluation,probability
0.95,0.8,lower-20%,1816,Anabas scandens,0.9999999764940602,extended_prefix_evaluation,probability
0.95,0.8,lower-20%,1817,Balanus amphitrite,0.9999999765292339,extended_prefix_evaluation,probability
0.95,0.8,lower-20%,1818,Platichthys flesus,0.9999999765603721,extended_prefix_evaluation,probability
0.95,0.8,lower-20%,1819,Limnodrilus hoffmeisteri,0.9999999765871279,extended_prefix_evaluation,probability
0.95,0.8,lower-20%,1820,Echinoparyphium recurvatum,0.9999999766329084,extended_prefix_evaluation,probability
0.95,0.8,lower-20%,1821,Microthamnion kuetzingianum,0.9999999766621073,extended_prefix_evaluation,probability
0.95,0.8,lower-20%,1822,Microthamnion strictissimum,0.999999976691249,extended_prefix_evaluation,probability
0.95,0.8,lower-20%,1823,Mastacembelus pancalus,0.9999999767213725,extended_prefix_evaluation,probability
0.95,0.8,lower-20%,1824,Atractosteus tropicus,0.9999999767520603,extended_prefix_evaluation,probability
0.95,0.8,lower-20%,1825,Schilbe mystus,0.9999999767825754,extended_prefix_evaluation,probability
0.95,0.8,lower-20%,1826,Pelteobagrus fulvidraco,0.9999999768093659,extended_prefix_evaluation,probability
0.95,0.8,lower-20%,1827,Stigeoclonium sp.,0.999999976839399,extended_prefix_evaluation,probability
0.95,0.8,lower-20%,1828,Trochiscia granulata,0.9999999768669944,extended_prefix_evaluation,probability
0.95,0.8,lower-20%,1829,Chlamydocapsa ampla,0.9999999768947796,extended_prefix_evaluation,probability
0.95,0.8,lower-20%,1830,Chlamydocapsa planctonica,0.9999999769225121,extended_prefix_evaluation,probability
0.95,0.8,lower-20%,1831,Chlorococcum hypnosporum,0.9999999769496426,extended_prefix_evaluation,probability
0.95,0.8,lower-20%,1832,Utricularia sp.,0.999999976983551,extended_prefix_evaluation,probability
0.95,0.8,lower-20%,1833,Cyclocypris sp.,0.9999999770183821,extended_prefix_evaluation,probability
0.95,0.8,lower-20%,1834,Chlorococcum vacuolatum,0.9999999770440747,extended_prefix_evaluation,probability
0.95,0.8,lower-20%,1835,Chlorococcum macrostigmatum,0.9999999770697222,extended_prefix_evaluation,probability
0.95,0.8,lower-20%,1836,Pseudococcomyxa simplex,0.9999999770965806,extended_prefix_evaluation,probability
0.95,0.8,lower-20%,1837,Tubifex sp.,0.9999999771270563,extended_prefix_evaluation,probability
0.95,0.8,lower-20%,1838,Planaria sp.,0.9999999771632345,extended_prefix_evaluation,probability
0.95,0.8,lower-20%,1839,Lota lota,0.9999999771932456,extended_prefix_evaluation,probability
0.95,0.8,lower-20%,1840,Crenobia alpina,0.9999999772293565,extended_prefix_evaluation,probability
0.95,0.8,lower-20%,1841,Lampetra tridentata,0.9999999772697815,extended_prefix_evaluation,probability
0.95,0.8,lower-20%,1842,Planaria gonocephala,0.999999977305293,extended_prefix_evaluation,probability
0.95,0.8,lower-20%,1843,Ankistrodesmus braunii,0.9999999773322676,extended_prefix_evaluation,probability
0.95,0.8,lower-20%,1844,Ophiocephalus punctatus,0.9999999773587948,extended_prefix_evaluation,probability
0.95,0.8,lower-20%,1845,Bithynia tentaculata,0.9999999773852386,extended_prefix_evaluation,probability
0.95,0.8,lower-20%,1846,Hypnomonas sp.,0.9999999774123705,extended_prefix_evaluation,probability
0.95,0.8,lower-20%,1847,Acorus americanus,0.9999999774460707,extended_prefix_evaluation,probability
0.95,0.8,lower-20%,1848,Chlorococcum sp.,0.9999999774710064,extended_prefix_evaluation,probability
0.95,0.8,lower-20%,1849,Nitocra spinipes,0.9999999775059669,extended_prefix_evaluation,probability
0.95,0.8,lower-20%,1850,Channa stewartii,0.9999999775292718,extended_prefix_evaluation,probability
0.95,0.8,lower-20%,1851,Chlorococcum lobata,0.9999999775545125,extended_prefix_evaluation,probability
0.95,0.8,lower-20%,1852,Glyceria fluitans,0.9999999775905509,extended_prefix_evaluation,probability
0.95,0.8,lower-20%,1853,Ulothrix moniliformis,0.9999999776177052,extended_prefix_evaluation,probability
0.95,0.8,lower-20%,1854,Paramecium sp.,0.9999999776465678,extended_prefix_evaluation,probability
0.95,0.8,lower-20%,1855,Haematococcus capensis,0.9999999776741392,extended_prefix_evaluation,probability
0.95,0.8,lower-20%,1856,Paramecium putrinum,0.9999999777033942,extended_prefix_evaluation,probability
0.95,0.8,lower-20%,1857,Halteria grandinella,0.9999999777450052,extended_prefix_evaluation,probability
0.95,0.8,lower-20%,1858,Aspidisca cicada,0.9999999777834416,extended_prefix_evaluation,probability
0.95,0.8,lower-20%,1859,Heteranthera dubia,0.9999999778178262,extended_prefix_evaluation,probability
0.95,0.8,lower-20%,1860,Ulothrix sp.,0.9999999778450724,extended_prefix_evaluation,probability
0.95,0.8,lower-20%,1861,Ichthyomyzon sp.,0.9999999778906676,extended_prefix_evaluation,probability
0.95,0.8,lower-20%,1862,Uronema nigricans,0.9999999779319584,extended_prefix_evaluation,probability
0.95,0.8,lower-20%,1863,Pangasianodon hypophthalmus,0.9999999779590245,extended_prefix_evaluation,probability
0.95,0.8,lower-20%,1864,Eriocaulon aquaticum,0.9999999779915693,extended_prefix_evaluation,probability
0.95,0.8,lower-20%,1865,Diacypris compacta,0.9999999780245458,extended_prefix_evaluation,probability
0.95,0.8,lower-20%,1866,Zygogonium ericetorum,0.9999999780502365,extended_prefix_evaluation,probability
0.95,0.8,lower-20%,1867,Paramecium tetraurelia,0.9999999780782208,extended_prefix_evaluation,probability
0.95,0.8,lower-20%,1868,Filinia longiseta,0.9999999781097052,extended_prefix_evaluation,probability
0.95,0.8,lower-20%,1869,Najas graminea,0.9999999781395696,extended_prefix_evaluation,probability
0.95,0.8,lower-20%,1870,Hydrodictyon reticulatum,0.9999999781662594,extended_prefix_evaluation,probability
0.95,0.8,lower-20%,1871,Pomatoschistus minutus,0.9999999781938866,extended_prefix_evaluation,probability
0.95,0.8,lower-20%,1872,Ankistrodesmus falcatus,0.9999999782188942,extended_prefix_evaluation,probability
0.95,0.8,lower-20%,1873,Polycelis tenuis,0.9999999782470627,extended_prefix_evaluation,probability
0.95,0.8,lower-20%,1874,Stigeoclonium tenue,0.9999999782743467,extended_prefix_evaluation,probability
0.95,0.8,lower-20%,1875,Gomphonema parvulum,0.9999999783057957,extended_prefix_evaluation,probability
0.95,0.8,lower-20%,1876,Allium cepa,0.9999999783374324,extended_prefix_evaluation,probability
0.95,0.8,lower-20%,1877,Argulus japonicus,0.9999999783673205,extended_prefix_evaluation,probability
0.95,0.8,lower-20%,1878,Euchlanis sp.,0.9999999783989569,extended_prefix_evaluation,probability
0.95,0.8,lower-20%,1879,Trichocerca sp.,0.9999999784307195,extended_prefix_evaluation,probability
0.95,0.8,lower-20%,1880,Chlorococcum infusionum,0.999999978453046,extended_prefix_evaluation,probability
0.95,0.8,lower-20%,1881,Cypris sp.,0.9999999784842888,extended_prefix_evaluation,probability
0.95,0.8,lower-20%,1882,Wolffia papulifera,0.9999999785089925,extended_prefix_evaluation,probability
0.95,0.8,lower-20%,1883,Stylodrilus heringianus,0.9999999785360755,extended_prefix_evaluation,probability
0.95,0.8,lower-20%,1884,Acartia tonsa,0.9999999785642643,extended_prefix_evaluation,probability
0.95,0.8,lower-20%,1885,Mougeotia sp.,0.9999999785893837,extended_prefix_evaluation,probability
0.95,0.8,lower-20%,1886,Spirogyra cylindrica,0.9999999786138539,extended_prefix_evaluation,probability
0.95,0.8,lower-20%,1887,Oscillatoria rubescens,0.9999999786420892,extended_prefix_evaluation,probability
0.95,0.8,lower-20%,1888,Trichocerca pusilla,0.9999999786722571,extended_prefix_evaluation,probability
0.95,0.8,lower-20%,1889,Schistosoma haematobium,0.9999999787081746,extended_prefix_evaluation,probability
0.95,0.8,lower-20%,1890,Argulus coregoni,0.9999999787363898,extended_prefix_evaluation,probability
0.95,0.8,lower-20%,1891,Typha angustifolia,0.9999999787669739,extended_prefix_evaluation,probability
0.95,0.8,lower-20%,1892,Asplanchna brightwelli,0.999999978796006,extended_prefix_evaluation,probability
0.95,0.8,lower-20%,1893,Iris pseudacorus,0.9999999788264458,extended_prefix_evaluation,probability
0.95,0.8,lower-20%,1894,Echinostoma trivolvis,0.9999999788652972,extended_prefix_evaluation,probability
0.95,0.8,lower-20%,1895,Stichococcus sp.,0.9999999788886247,extended_prefix_evaluation,probability
0.95,0.8,lower-20%,1896,Euchlanis dilatata,0.9999999789179065,extended_prefix_evaluation,probability
0.95,0.8,lower-20%,1897,Asplanchna girodi,0.9999999789462002,extended_prefix_evaluation,probability
0.95,0.8,lower-20%,1898,Gloeotrichia echinulata,0.9999999789742632,extended_prefix_evaluation,probability
0.95,0.8,lower-20%,1899,Blepharisma americanum,0.9999999790075914,extended_prefix_evaluation,probability
0.95,0.8,lower-20%,1900,Channa orientalis,0.999999979019732,extended_prefix_evaluation,probability
0.95,0.8,lower-20%,1901,Triticum aestivum,0.9999999790520476,extended_prefix_evaluation,probability
0.95,0.8,lower-20%,1902,Stichococcus bacillaris,0.9999999790750713,extended_prefix_evaluation,probability
0.95,0.8,lower-20%,1903,Stichococcus chlorelloides,0.9999999790980542,extended_prefix_evaluation,probability
0.95,0.8,lower-20%,1904,Spirogyra sp.,0.9999999791210995,extended_prefix_evaluation,probability
0.95,0.8,lower-20%,1905,Plectonema boryanum,0.999999979148592,extended_prefix_evaluation,probability
0.95,0.8,lower-20%,1906,Asplanchna sp.,0.9999999791760229,extended_prefix_evaluation,probability
0.95,0.8,lower-20%,1907,Tetrahymena pyriformis,0.9999999791964164,extended_prefix_evaluation,probability
0.95,0.8,lower-20%,1908,Plectonema nostocorum,0.9999999792228874,extended_prefix_evaluation,probability
0.95,0.8,lower-20%,1909,Pediastrum sp.,0.9999999792470707,extended_prefix_evaluation,probability
0.95,0.8,lower-20%,1910,Cypretta seurati,0.9999999792772801,extended_prefix_evaluation,probability
0.95,0.8,lower-20%,1911,Phormidium mucicola,0.9999999793038797,extended_prefix_evaluation,probability
0.95,0.8,lower-20%,1912,Polycelis felina,0.9999999793280895,extended_prefix_evaluation,probability
0.95,0.8,lower-20%,1913,Coccomyxa minor,0.9999999793519578,extended_prefix_evaluation,probability
0.95,0.8,lower-20%,1914,Westiellopsis prolifica,0.9999999793772351,extended_prefix_evaluation,probability
0.95,0.8,lower-20%,1915,Cylindrospermum sp.,0.9999999794011444,extended_prefix_evaluation,probability
0.95,0.8,lower-20%,1916,Lyngbya birgei,0.9999999794270202,extended_prefix_evaluation,probability
0.95,0.8,lower-20%,1917,Paramecium bursaria,0.999999979450799,extended_prefix_evaluation,probability
0.95,0.8,lower-20%,1918,Calothrix parietina,0.999999979476527,extended_prefix_evaluation,probability
0.95,0.8,lower-20%,1919,Microcoleus vaginatus,0.9999999795031747,extended_prefix_evaluation,probability
0.95,0.8,lower-20%,1920,Spirulina platensis,0.9999999795285912,extended_prefix_evaluation,probability
0.95,0.8,lower-20%,1921,Hormidium pseudostichococcus,0.9999999795486606,extended_prefix_evaluation,probability
0.95,0.8,lower-20%,1922,Hormidium scopulinum,0.999999979568697,extended_prefix_evaluation,probability
0.95,0.8,lower-20%,1923,Hormidium subtile,0.9999999795887016,extended_prefix_evaluation,probability
0.95,0.8,lower-20%,1924,Melosira varians,0.9999999796198407,extended_prefix_evaluation,probability
0.95,0.8,lower-20%,1925,Chaetoceros sp.,0.9999999796512162,extended_prefix_evaluation,probability
0.95,0.8,lower-20%,1926,Phaeodactylum tricornutum,0.9999999796825163,extended_prefix_evaluation,probability
0.95,0.8,lower-20%,1927,Paramecium multimicronucleatum,0.9999999797052916,extended_prefix_evaluation,probability
0.95,0.8,lower-20%,1928,Cypris subglobosa,0.9999999797281567,extended_prefix_evaluation,probability
0.95,0.8,lower-20%,1929,Piscicola salmositica,0.999999979754294,extended_prefix_evaluation,probability
0.95,0.8,lower-20%,1930,Vorticella convallaria,0.9999999797834892,extended_prefix_evaluation,probability
0.95,0.8,lower-20%,1931,Cypretta kawatai,0.9999999798111121,extended_prefix_evaluation,probability
0.95,0.8,lower-20%,1932,Epipremnum pinnatum,0.9999999798364027,extended_prefix_evaluation,probability
0.95,0.8,lower-20%,1933,Phagocata gracilis,0.9999999798622639,extended_prefix_evaluation,probability
0.95,0.8,lower-20%,1934,Colpidium campylum,0.9999999798913841,extended_prefix_evaluation,probability
0.95,0.8,lower-20%,1935,Hormidium flaccidum,0.9999999799104115,extended_prefix_evaluation,probability
0.95,0.8,lower-20%,1936,Pontederia cordata,0.9999999799368329,extended_prefix_evaluation,probability
0.95,0.8,lower-20%,1937,Newnhamia sp.,0.9999999799635817,extended_prefix_evaluation,probability
0.95,0.8,lower-20%,1938,Petromyzon sp.,0.9999999799971494,extended_prefix_evaluation,probability
0.95,0.8,lower-20%,1939,Limnodrilus sp.,0.9999999800188998,extended_prefix_evaluation,probability
0.95,0.8,lower-20%,1940,Lampetra sp.,0.9999999800494884,extended_prefix_evaluation,probability
0.95,0.8,lower-20%,1941,Vorticella campanula,0.9999999800773183,extended_prefix_evaluation,probability
0.95,0.8,lower-20%,1942,Blepharisma sp.,0.9999999801039554,extended_prefix_evaluation,probability
0.95,0.8,lower-20%,1943,Hormidium fluitans,0.9999999801227506,extended_prefix_evaluation,probability
0.95,0.8,lower-20%,1944,Hormidium rivulare,0.9999999801415025,extended_prefix_evaluation,probability
0.95,0.8,lower-20%,1945,Plumatella casmiana,0.9999999801706337,extended_prefix_evaluation,probability
0.95,0.8,lower-20%,1946,Fistulifera pelliculosa,0.9999999801987515,extended_prefix_evaluation,probability
0.95,0.8,lower-20%,1947,Helobdella stagnalis,0.9999999802225833,extended_prefix_evaluation,probability
0.95,0.8,lower-20%,1948,Gomphonema gracile,0.9999999802491595,extended_prefix_evaluation,probability
0.95,0.8,lower-20%,1949,Nitzschia sp.,0.999999980278606,extended_prefix_evaluation,probability
0.95,0.8,lower-20%,1950,Paramecium aurelia,0.9999999802990764,extended_prefix_evaluation,probability
0.95,0.8,lower-20%,1951,Colpidium colpoda,0.9999999803257995,extended_prefix_evaluation,probability
0.95,0.8,lower-20%,1952,Vorticella sp.,0.9999999803519113,extended_prefix_evaluation,probability
0.95,0.8,lower-20%,1953,Planothidium lanceolatum,0.9999999803799059,extended_prefix_evaluation,probability
0.95,0.8,lower-20%,1954,Limnodrilus udekemianus,0.9999999804005019,extended_prefix_evaluation,probability
0.95,0.8,lower-20%,1955,Dactylogyrus minutus,0.9999999804289794,extended_prefix_evaluation,probability
0.95,0.8,lower-20%,1956,Dactylogyrus vastator,0.9999999804573914,extended_prefix_evaluation,probability
0.95,0.8,lower-20%,1957,Megalodiscus sp.,0.999999980485738,extended_prefix_evaluation,probability
0.95,0.8,lower-20%,1958,Pistia stratiotes,0.9999999805089531,extended_prefix_evaluation,probability
0.95,0.8,lower-20%,1959,Tetrahymena sp.,0.9999999805290063,extended_prefix_evaluation,probability
0.95,0.8,lower-20%,1960,Spirodela polyrrhiza,0.9999999805516013,extended_prefix_evaluation,probability
0.95,0.8,lower-20%,1961,Glossiphonia complanata,0.9999999805737522,extended_prefix_evaluation,probability
0.95,0.8,lower-20%,1962,Fabaeformiscandona wegelini,0.9999999805973551,extended_prefix_evaluation,probability
0.95,0.8,lower-20%,1963,Pseudocandona sp.,0.9999999806209043,extended_prefix_evaluation,probability
0.95,0.8,lower-20%,1964,Gyrodactylus derjavini,0.9999999806480953,extended_prefix_evaluation,probability
0.95,0.8,lower-20%,1965,Cladophora sp.,0.9999999806752713,extended_prefix_evaluation,probability
0.95,0.8,lower-20%,1966,Notocotylus attenuatus,0.9999999807030618,extended_prefix_evaluation,probability
0.95,0.8,lower-20%,1967,Alaria sp.,0.9999999807303445,extended_prefix_evaluation,probability
0.95,0.8,lower-20%,1968,Girardia tigrina,0.9999999807551394,extended_prefix_evaluation,probability
0.95,0.8,lower-20%,1969,Haemopis grandis,0.9999999807778389,extended_prefix_evaluation,probability
0.95,0.8,lower-20%,1970,Gyrodactylus turnbulli,0.9999999808043425,extended_prefix_evaluation,probability
0.95,0.8,lower-20%,1971,Pristina longiseta,0.9999999808275983,extended_prefix_evaluation,probability
0.95,0.8,lower-20%,1972,Haemopis marmorata,0.9999999808501968,extended_prefix_evaluation,probability
0.95,0.8,lower-20%,1973,Lophopodella carteri,0.9999999808763304,extended_prefix_evaluation,probability
0.95,0.8,lower-20%,1974,Cladophora glomerata,0.9999999809025576,extended_prefix_evaluation,probability
0.95,0.8,lower-20%,1975,Pristina leidyi,0.999999980925636,extended_prefix_evaluation,probability
0.95,0.8,lower-20%,1976,Chaetogaster diaphanus,0.999999980948326,extended_prefix_evaluation,probability
0.95,0.8,lower-20%,1977,Aspidisca lynceus,0.9999999809719451,extended_prefix_evaluation,probability
0.95,0.8,lower-20%,1978,Haemopis sanguisuga,0.9999999809938424,extended_prefix_evaluation,probability
0.95,0.8,lower-20%,1979,Tetrahymena thermophila,0.9999999810115712,extended_prefix_evaluation,probability
0.95,0.8,lower-20%,1980,Gyrodactylus sp.,0.9999999810368353,extended_prefix_evaluation,probability
0.95,0.8,lower-20%,1981,Pithophora sp.,0.9999999810604249,extended_prefix_evaluation,probability
0.95,0.8,lower-20%,1982,Dexiotricha granulosa,0.9999999810841423,extended_prefix_evaluation,probability
0.95,0.8,lower-20%,1983,Lepidotrema bidyana,0.9999999811091969,extended_prefix_evaluation,probability
0.95,0.8,lower-20%,1984,Trichodina sp.,0.9999999811329259,extended_prefix_evaluation,probability
0.95,0.8,lower-20%,1985,Arrenurus sp.,0.9999999811541188,extended_prefix_evaluation,probability
0.95,0.8,lower-20%,1986,Hirudinaria manillensis,0.9999999811751581,extended_prefix_evaluation,probability
0.95,0.8,lower-20%,1987,Poecilobdella viridis,0.9999999811959553,extended_prefix_evaluation,probability
0.95,0.8,lower-20%,1988,Euglena gracilis,0.9999999812107888,extended_prefix_evaluation,probability
0.95,0.8,lower-20%,1989,Macrobdella decora,0.9999999812320775,extended_prefix_evaluation,probability
0.95,0.8,lower-20%,1990,Dero digitata,0.9999999812532163,extended_prefix_evaluation,probability
0.95,0.8,lower-20%,1991,Posthodiplostomum minimum,0.999999981277643,extended_prefix_evaluation,probability
0.95,0.8,lower-20%,1992,Stylaria lacustris,0.9999999812995372,extended_prefix_evaluation,probability
0.95,0.8,lower-20%,1993,Dexiostoma campyla,0.9999999813247694,extended_prefix_evaluation,probability
0.95,0.8,lower-20%,1994,Ilyocypris dentifera,0.9999999813469896,extended_prefix_evaluation,probability
0.95,0.8,lower-20%,1995,Dero sp.,0.9999999813680314,extended_prefix_evaluation,probability
0.95,0.8,lower-20%,1996,Chilomonas paramecium,0.999999981388877,extended_prefix_evaluation,probability
0.95,0.8,lower-20%,1997,Thalassiosira nordenskioeldii,0.9999999814141436,extended_prefix_evaluation,probability
0.95,0.8,lower-20%,1998,Closterium sp.,0.9999999814371089,extended_prefix_evaluation,probability
0.95,0.8,lower-20%,1999,Pithophora oedogonia,0.9999999814601376,extended_prefix_evaluation,probability
0.95,0.8,lower-20%,2000,Hyalinella punctata,0.9999999814833938,extended_prefix_evaluation,probability
0.95,0.8,lower-20%,2001,Closterium ehrenbergii,0.9999999815060311,extended_prefix_evaluation,probability
0.95,0.8,lower-20%,2002,Cristatella mucedo,0.9999999815294575,extended_prefix_evaluation,probability
0.95,0.8,lower-20%,2003,Navicula seminulum,0.9999999815514818,extended_prefix_evaluation,probability
0.95,0.8,lower-20%,2004,Pectinatella magnifica,0.9999999815747856,extended_prefix_evaluation,probability
0.95,0.8,lower-20%,2005,Trochilia minuta,0.9999999816004073,extended_prefix_evaluation,probability
0.95,0.8,lower-20%,2006,Stephanodiscus hantzschii,0.9999999816206594,extended_prefix_evaluation,probability
0.95,0.8,lower-20%,2007,Azolla caroliniana,0.9999999816391771,extended_prefix_evaluation,probability
0.95,0.8,lower-20%,2008,Stylonychia lemnae,0.99999998166165,extended_prefix_evaluation,probability
0.95,0.8,lower-20%,2009,Hirudo medicinalis,0.9999999816817019,extended_prefix_evaluation,probability
0.95,0.8,lower-20%,2010,Cercaria sp.,0.9999999817039086,extended_prefix_evaluation,probability
0.95,0.8,lower-20%,2011,Holosticha kessleri,0.999999981726287,extended_prefix_evaluation,probability
0.95,0.8,lower-20%,2012,Cachonina niei,0.9999999817506315,extended_prefix_evaluation,probability
0.95,0.8,lower-20%,2013,Glaucoma scintillans,0.9999999817728942,extended_prefix_evaluation,probability
0.95,0.8,lower-20%,2014,Azolla filiculoides,0.999999981790295,extended_prefix_evaluation,probability
0.95,0.8,lower-20%,2015,Loxodes striatus,0.9999999818124603,extended_prefix_evaluation,probability
0.95,0.8,lower-20%,2016,Mesostoma ehrenbergii,0.9999999818332399,extended_prefix_evaluation,probability
0.95,0.8,lower-20%,2017,Clavatospora longibrachiata,0.9999999818519666,extended_prefix_evaluation,probability
0.95,0.8,lower-20%,2018,Euglena minuta,0.9999999818671732,extended_prefix_evaluation,probability
0.95,0.8,lower-20%,2019,Euglena viridis,0.9999999818823583,extended_prefix_evaluation,probability
0.95,0.8,lower-20%,2020,Chara vulgaris,0.9999999819032266,extended_prefix_evaluation,probability
0.95,0.8,lower-20%,2021,Euglena acus,0.9999999819178856,extended_prefix_evaluation,probability
0.95,0.8,lower-20%,2022,Stylonychia pustulata,0.9999999819397741,extended_prefix_evaluation,probability
0.95,0.8,lower-20%,2023,Bursaphelenchus xylophilus,0.9999999819570294,extended_prefix_evaluation,probability
0.95,0.8,lower-20%,2024,Ichthyophthirius multifilis,0.9999999819785059,extended_prefix_evaluation,probability
0.95,0.8,lower-20%,2025,Didinium nasutum,0.999999981999143,extended_prefix_evaluation,probability
0.95,0.8,lower-20%,2026,Stylonychia mytilus,0.9999999820202026,extended_prefix_evaluation,probability
0.95,0.8,lower-20%,2027,Fasciola hepatica,0.9999999820404936,extended_prefix_evaluation,probability
0.95,0.8,lower-20%,2028,Sigmoidea aurantiaca,0.9999999820588124,extended_prefix_evaluation,probability
0.95,0.8,lower-20%,2029,Varichaeta pacifica,0.9999999820773341,extended_prefix_evaluation,probability
0.95,0.8,lower-20%,2030,Azolla pinnata,0.9999999820931007,extended_prefix_evaluation,probability
0.95,0.8,lower-20%,2031,Cochliobolus lunatus,0.9999999821145699,extended_prefix_evaluation,probability
0.95,0.8,lower-20%,2032,Fasciola gigantica,0.9999999821340511,extended_prefix_evaluation,probability
0.95,0.8,lower-20%,2033,Ceratopteris thalictroides,0.999999982151956,extended_prefix_evaluation,probability
0.95,0.8,lower-20%,2034,Arrenurus manubriator,0.9999999821699438,extended_prefix_evaluation,probability
0.95,0.8,lower-20%,2035,Salvinia minima,0.9999999821880764,extended_prefix_evaluation,probability
0.95,0.8,lower-20%,2036,Salvinia molesta,0.9999999822061743,extended_prefix_evaluation,probability
0.95,0.8,lower-20%,2037,Stentor coeruleus,0.9999999822257553,extended_prefix_evaluation,probability
0.95,0.8,lower-20%,2038,Branchiura sowerbyi,0.9999999822352162,extended_prefix_evaluation,probability
0.95,0.8,lower-20%,2039,Spondylosium pygmaeum,0.9999999822543467,extended_prefix_evaluation,probability
0.95,0.8,lower-20%,2040,Hirudo nipponia,0.9999999822731712,extended_prefix_evaluation,probability
0.95,0.8,lower-20%,2041,Peloscolex ferox,0.9999999822906412,extended_prefix_evaluation,probability
0.95,0.8,lower-20%,2042,Ilyodrilus frantzi,0.9999999823075778,extended_prefix_evaluation,probability
0.95,0.8,lower-20%,2043,Salvinia natans,0.9999999823258461,extended_prefix_evaluation,probability
0.95,0.8,lower-20%,2044,Chilodonella uncinata,0.99999998234507,extended_prefix_evaluation,probability
0.95,0.8,lower-20%,2045,Catenula sp.,0.9999999823635777,extended_prefix_evaluation,probability
0.95,0.8,lower-20%,2046,Rhyacodrilus montanus,0.9999999823806772,extended_prefix_evaluation,probability
0.95,0.8,lower-20%,2047,Dendrocoelum lacteum,0.9999999823988236,extended_prefix_evaluation,probability
0.95,0.8,lower-20%,2048,Piona carnea,0.9999999824171418,extended_prefix_evaluation,probability
0.95,0.8,lower-20%,2049,Clavariopsis aquatica,0.999999982434813,extended_prefix_evaluation,probability
0.95,0.8,lower-20%,2050,Opercularia coarctata,0.9999999824521012,extended_prefix_evaluation,probability
0.95,0.8,lower-20%,2051,Ephydatia fluviatilis,0.9999999824694071,extended_prefix_evaluation,probability
0.95,0.8,lower-20%,2052,Chara sp.,0.9999999824882592,extended_prefix_evaluation,probability
0.95,0.8,lower-20%,2053,Eichhornia crassipes,0.9999999825066099,extended_prefix_evaluation,probability
0.95,0.8,lower-20%,2054,Opercularia minima,0.9999999825234552,extended_prefix_evaluation,probability
0.95,0.8,lower-20%,2055,Poterioochromonas malhamensis,0.9999999825403958,extended_prefix_evaluation,probability
0.95,0.8,lower-20%,2056,Colpoda steinii,0.9999999825575034,extended_prefix_evaluation,probability
0.95,0.8,lower-20%,2057,Philodina sp.,0.9999999825738024,extended_prefix_evaluation,probability
0.95,0.8,lower-20%,2058,Limnesia maculata,0.9999999825922341,extended_prefix_evaluation,probability
0.95,0.8,lower-20%,2059,Acremonium tubakii,0.9999999826095626,extended_prefix_evaluation,probability
0.95,0.8,lower-20%,2060,Piona nodata,0.9999999826270501,extended_prefix_evaluation,probability
0.95,0.8,lower-20%,2061,Quistadrilus multisetosus,0.9999999826426759,extended_prefix_evaluation,probability
0.95,0.8,lower-20%,2062,Spirosperma nikolskyi,0.9999999826579813,extended_prefix_evaluation,probability
0.95,0.8,lower-20%,2063,Enchytraeus albidus,0.9999999826752209,extended_prefix_evaluation,probability
0.95,0.8,lower-20%,2064,Hydrozetes lacustris,0.9999999826925606,extended_prefix_evaluation,probability
0.95,0.8,lower-20%,2065,Ephydatia mulleri,0.9999999827093755,extended_prefix_evaluation,probability
0.95,0.8,lower-20%,2066,Philodina roseola,0.9999999827246145,extended_prefix_evaluation,probability
0.95,0.8,lower-20%,2067,Helicosporium sp.,0.9999999827428567,extended_prefix_evaluation,probability
0.95,0.8,lower-20%,2068,Tripospermum myrti,0.9999999827610659,extended_prefix_evaluation,probability
0.95,0.8,lower-20%,2069,Tricladium angulatum,0.9999999827780026,extended_prefix_evaluation,probability
0.95,0.8,lower-20%,2070,Eylais hamata,0.9999999827947913,extended_prefix_evaluation,probability
0.95,0.8,lower-20%,2071,Hydryphantes ruber,0.9999999828115235,extended_prefix_evaluation,probability
0.95,0.8,lower-20%,2072,Hydrachna marita,0.9999999828282264,extended_prefix_evaluation,probability
0.95,0.8,lower-20%,2073,Argyroneta aquatica,0.9999999828448669,extended_prefix_evaluation,probability
0.95,0.8,lower-20%,2074,Philodina acuticornis,0.9999999828597343,extended_prefix_evaluation,probability
0.95,0.8,lower-20%,2075,Flagellospora penicillioides,0.9999999828764782,extended_prefix_evaluation,probability
0.95,0.8,lower-20%,2076,Eunapius fragilis,0.9999999828927244,extended_prefix_evaluation,probability
0.95,0.8,lower-20%,2077,Adineta vaga,0.9999999829096782,extended_prefix_evaluation,probability
0.95,0.8,lower-20%,2078,Spongilla lacustris,0.9999999829258834,extended_prefix_evaluation,probability
0.95,0.8,lower-20%,2079,Limnochares aquatica,0.999999982941787,extended_prefix_evaluation,probability
0.95,0.8,lower-20%,2080,Coniothyrium sp.,0.999999982959115,extended_prefix_evaluation,probability
0.95,0.8,lower-20%,2081,Phoma putaminum,0.9999999829764142,extended_prefix_evaluation,probability
0.95,0.8,lower-20%,2082,Aspergillus cejpii,0.9999999829935873,extended_prefix_evaluation,probability
0.95,0.8,lower-20%,2083,Aspergillus versicolor,0.9999999830107317,extended_prefix_evaluation,probability
0.95,0.8,lower-20%,2084,Amoeba sp.,0.9999999830261719,extended_prefix_evaluation,probability
0.95,0.8,lower-20%,2085,Flagellospora curvula,0.9999999830426942,extended_prefix_evaluation,probability
0.95,0.8,lower-20%,2086,Tricladium splendens,0.999999983059124,extended_prefix_evaluation,probability
0.95,0.8,lower-20%,2087,Heleidomermis magnapapula,0.9999999830735691,extended_prefix_evaluation,probability
0.95,0.8,lower-20%,2088,Doratomyces sp.,0.9999999830900466,extended_prefix_evaluation,probability
0.95,0.8,lower-20%,2089,Hymenoscyphus tetracladius,0.9999999831061507,extended_prefix_evaluation,probability
0.95,0.8,lower-20%,2090,Parachlorella kessleri,0.9999999831200734,extended_prefix_evaluation,probability
0.95,0.8,lower-20%,2091,Amoeba proteus,0.9999999831339561,extended_prefix_evaluation,probability
0.95,0.8,lower-20%,2092,Chaos sp.,0.9999999831497547,extended_prefix_evaluation,probability
0.95,0.8,lower-20%,2093,Diatoma vulgare,0.9999999831666643,extended_prefix_evaluation,probability
0.95,0.8,lower-20%,2094,Tetracladium marchalianum,0.9999999831829807,extended_prefix_evaluation,probability
0.95,0.8,lower-20%,2095,Pseudaegerita matsushimae,0.9999999831992527,extended_prefix_evaluation,probability
0.95,0.8,lower-20%,2096,Agamermis unka,0.999999983214323,extended_prefix_evaluation,probability
0.95,0.8,lower-20%,2097,Prorocentrum micans,0.999999983230657,extended_prefix_evaluation,probability
0.95,0.8,lower-20%,2098,Varicosporium elodeae,0.9999999832467686,extended_prefix_evaluation,probability
0.95,0.8,lower-20%,2099,Peranema trichophorum,0.999999983259942,extended_prefix_evaluation,probability
0.95,0.8,lower-20%,2100,Platyhypnidium rusciforme,0.99999998327626,extended_prefix_evaluation,probability
0.95,0.8,lower-20%,2101,Articulospora sp.,0.999999983292278,extended_prefix_evaluation,probability
0.95,0.8,lower-20%,2102,Romanomermis iyengari,0.9999999833061629,extended_prefix_evaluation,probability
0.95,0.8,lower-20%,2103,Heliscella stellata,0.9999999833223377,extended_prefix_evaluation,probability
0.95,0.8,lower-20%,2104,Alatospora acuminata,0.9999999833384768,extended_prefix_evaluation,probability
0.95,0.8,lower-20%,2105,Aeolosoma headleyi,0.999999983354628,extended_prefix_evaluation,probability
0.95,0.8,lower-20%,2106,Campylospora chaetocladia,0.9999999833707003,extended_prefix_evaluation,probability
0.95,0.8,lower-20%,2107,Lunulospora curvula,0.9999999833867466,extended_prefix_evaluation,probability
0.95,0.8,lower-20%,2108,Flabellospora sp.,0.9999999834027672,extended_prefix_evaluation,probability
0.95,0.8,lower-20%,2109,Wiesneriomyces javanicus,0.9999999834187622,extended_prefix_evaluation,probability
0.95,0.8,lower-20%,2110,Alatospora constricta,0.9999999834347313,extended_prefix_evaluation,probability
0.95,0.8,lower-20%,2111,Chordodes nobilii,0.9999999834506748,extended_prefix_evaluation,probability
0.95,0.8,lower-20%,2112,Chordodes sp.,0.9999999834665926,extended_prefix_evaluation,probability
0.95,0.8,lower-20%,2113,Nattrassia mangiferae,0.9999999834824853,extended_prefix_evaluation,probability
0.95,0.8,lower-20%,2114,Triaenophorus nodulosus,0.9999999834983524,extended_prefix_evaluation,probability
0.95,0.8,lower-20%,2115,Fontinalis antipyretica,0.9999999835138994,extended_prefix_evaluation,probability
0.95,0.8,lower-20%,2116,Asterias rubens,0.999999983529713,extended_prefix_evaluation,probability
0.95,0.8,lower-20%,2117,Dictyostelium discoideum,0.9999999835454804,extended_prefix_evaluation,probability
0.95,0.8,lower-20%,2118,Tachypleus gigas,0.9999999835608893,extended_prefix_evaluation,probability
0.95,0.8,lower-20%,2119,Romanomermis culicivorax,0.999999983573977,extended_prefix_evaluation,probability
0.95,0.8,lower-20%,2120,Prionchulus punctatus,0.9999999835885782,extended_prefix_evaluation,probability
0.95,0.8,lower-20%,2121,Nereis diversicolor,0.9999999836029304,extended_prefix_evaluation,probability
0.95,0.8,lower-20%,2122,Scapania undulata,0.9999999836183231,extended_prefix_evaluation,probability
0.95,0.8,lower-20%,2123,Tobrilus gracilis,0.999999983632659,extended_prefix_evaluation,probability
0.95,0.8,lower-20%,2124,Dorylaimus stagnalis,0.999999983646863,extended_prefix_evaluation,probability
0.95,0.8,lower-20%,2125,Aporcelaimellus obtusicaudatus,0.9999999836610347,extended_prefix_evaluation,probability
0.95,0.8,lower-20%,2126,Pythium sp.,0.9999999836765159,extended_prefix_evaluation,probability
0.95,0.8,lower-20%,2127,Dictyuchus sterile,0.9999999836919057,extended_prefix_evaluation,probability
0.95,0.8,lower-20%,2128,Aphelenchus avenae,0.9999999837051206,extended_prefix_evaluation,probability
0.95,0.8,lower-20%,2129,Plectus communis,0.9999999837181272,extended_prefix_evaluation,probability
0.95,0.8,lower-20%,2130,Hediste diversicolor,0.9999999837289981,extended_prefix_evaluation,probability
0.95,0.8,lower-20%,2131,Meloidogyne incognita,0.9999999837428373,extended_prefix_evaluation,probability
0.95,0.8,lower-20%,2132,Globodera rostochiensis,0.9999999837568289,extended_prefix_evaluation,probability
0.95,0.8,lower-20%,2133,Anguillicola crassus,0.9999999837703876,extended_prefix_evaluation,probability
0.95,0.8,lower-20%,2134,Tylenchus elegans,0.9999999837836068,extended_prefix_evaluation,probability
0.95,0.8,lower-20%,2135,Diplogasteritus sp.,0.9999999837968827,extended_prefix_evaluation,probability
0.95,0.8,lower-20%,2136,Rhabditis sp.,0.9999999838100745,extended_prefix_evaluation,probability
0.95,0.8,lower-20%,2137,Heterorhabditis sp.,0.9999999838233076,extended_prefix_evaluation,probability
0.95,0.8,lower-20%,2138,Neoaplectana bibionis,0.9999999838361282,extended_prefix_evaluation,probability
0.95,0.8,lower-20%,2139,Neoaplectana carpocapsae,0.9999999838489315,extended_prefix_evaluation,probability
0.95,0.8,lower-20%,2140,Acrobeloides buetschlii,0.9999999838616417,extended_prefix_evaluation,probability
0.95,0.8,lower-20%,2141,Heterocephalobus pauciannulatus,0.9999999838743275,extended_prefix_evaluation,probability
0.95,0.8,lower-20%,2142,Cephalobus persegnis,0.9999999838850858,extended_prefix_evaluation,probability
0.95,0.8,lower-20%,2143,Panagrellus redivivus,0.9999999838953397,extended_prefix_evaluation,probability
0.95,0.8,lower-20%,2144,Panagrellus silusiae,0.9999999839030532,extended_prefix_evaluation,probability
