scientific_name,common_name,class,order,family,phylum,national_rank,top5,top10,protective_context_count,protective_chemical_count,warning_context_count,warning_chemical_count,broad_life_stage_category_count,eligible_state_count,state_occurrence_available,evidence_support,evidence_support_label,official_or_common_method_species,testing_priority,rank_scope,note
Gastrophryne carolinensis,,Amphibia,Anura,Microhylidae,Chordata,1,True,True,38,28,0,0,1,17,True,moderate_20_49,Moderate (20-49 protective contexts),False,0.0096890915934777,frozen_top20,
Neocloeon triangulifer,,Insecta,Ephemeroptera,Baetidae,Arthropoda,2,True,True,60,18,0,0,2,0,False,strong_50_plus,Strong (50+ protective contexts),False,0.0043958333834621,frozen_top20,
Hyalella azteca,,Malacostraca,Amphipoda,Hyalellidae,Arthropoda,3,True,True,288,111,4,4,4,9,True,strong_50_plus,Strong (50+ protective contexts),True,0.0031425889941946,frozen_top20,
Daphnia ambigua,,Branchiopoda,Diplostraca,Daphniidae,Arthropoda,4,True,True,38,12,4,4,3,1,True,moderate_20_49,Moderate (20-49 protective contexts),False,0.0110949202926286,frozen_top20,
Daphnia magna,,Branchiopoda,Diplostraca,Daphniidae,Arthropoda,5,True,True,859,328,144,111,4,6,True,strong_50_plus,Strong (50+ protective contexts),True,0.0017684215422218,frozen_top20,
Ceriodaphnia dubia,,Branchiopoda,Diplostraca,Daphniidae,Arthropoda,6,False,True,286,123,16,16,3,1,True,strong_50_plus,Strong (50+ protective contexts),True,0.0023516302677481,frozen_top20,
Daphnia pulex,,Branchiopoda,Diplostraca,Daphniidae,Arthropoda,7,False,True,243,130,18,13,4,2,True,strong_50_plus,Strong (50+ protective contexts),True,0.002598381394551,frozen_top20,
Daphnia carinata,,Branchiopoda,Diplostraca,Daphniidae,Arthropoda,8,False,True,59,35,0,0,2,0,False,strong_50_plus,Strong (50+ protective contexts),False,0.0037636236974349,frozen_top20,
Gammarus fasciatus,,Malacostraca,Amphipoda,Gammaridae,Arthropoda,9,False,True,122,97,2,2,4,13,True,strong_50_plus,Strong (50+ protective contexts),False,0.0040120545023979,frozen_top20,
Gammarus lacustris,,Malacostraca,Amphipoda,Gammaridae,Arthropoda,10,False,True,100,74,2,2,2,14,True,strong_50_plus,Strong (50+ protective contexts),False,0.0042323342944099,frozen_top20,
Moina macrocopa,,Branchiopoda,Cladocera,Moinidae,Arthropoda,11,False,False,80,56,3,3,3,0,False,strong_50_plus,Strong (50+ protective contexts),False,0.0027433250570818,frozen_top20,
Gammarus pulex,,Malacostraca,Amphipoda,Gammaridae,Arthropoda,12,False,False,147,80,26,20,4,0,False,strong_50_plus,Strong (50+ protective contexts),False,0.0019627693776968,frozen_top20,
Paratya australiensis,,Malacostraca,Decapoda,Atyidae,Arthropoda,13,False,False,29,16,0,0,2,0,False,moderate_20_49,Moderate (20-49 protective contexts),False,0.0038221916183335,frozen_top20,
Gammarus pseudolimnaeus,,Malacostraca,Amphipoda,Gammaridae,Arthropoda,14,False,False,100,71,3,3,3,5,True,strong_50_plus,Strong (50+ protective contexts),False,0.0036685223813549,frozen_top20,
Ceriodaphnia reticulata,,Branchiopoda,Diplostraca,Daphniidae,Arthropoda,15,False,False,48,31,2,2,2,0,False,moderate_20_49,Moderate (20-49 protective contexts),False,0.0030702171750965,frozen_top20,
Dugesia japonica,,Turbellaria,Tricladida,Planariidae,Platyhelminthes,16,False,False,23,20,3,3,1,0,False,moderate_20_49,Moderate (20-49 protective contexts),False,0.0035655717428748,frozen_top20,
Chironomus dilutus,,Insecta,Diptera,Chironomidae,Arthropoda,17,False,False,74,26,0,0,2,2,True,strong_50_plus,Strong (50+ protective contexts),True,0.0029000777946307,frozen_top20,
Daphnia similis,,Branchiopoda,Diplostraca,Daphniidae,Arthropoda,18,False,False,21,15,4,2,2,0,False,moderate_20_49,Moderate (20-49 protective contexts),False,0.0055191877786221,frozen_top20,
Echinogammarus tibaldii,,Malacostraca,Amphipoda,Gammaridae,Arthropoda,19,False,False,20,19,0,0,1,0,False,moderate_20_49,Moderate (20-49 protective contexts),False,0.0038764338608754,frozen_top20,
Gammarus fossarum,,Malacostraca,Amphipoda,Gammaridae,Arthropoda,20,False,False,44,18,17,9,3,0,False,moderate_20_49,Moderate (20-49 protective contexts),False,0.0028934466173206,frozen_top20,
Margaritifera falcata,,Bivalvia,Unionoida,Margaritiferidae,Mollusca,21,False,False,26,10,0,0,1,7,True,moderate_20_49,Moderate (20-49 protective contexts),False,0.0108842238313844,extended_greedy_order,
Megalonaias nervosa,,Bivalvia,Unionoida,Unionidae,Mollusca,22,False,False,32,16,0,0,1,16,True,moderate_20_49,Moderate (20-49 protective contexts),False,0.0104586006774659,extended_greedy_order,
Gammarus italicus,,Malacostraca,Amphipoda,Gammaridae,Arthropoda,23,False,False,23,19,0,0,1,0,False,moderate_20_49,Moderate (20-49 protective contexts),False,0.0036602833495089,extended_greedy_order,
Gastrophryne olivacea,,Amphibia,Anura,Microhylidae,Chordata,24,False,False,1,1,1,1,1,7,True,very_sparse_1_4,Very limited (1-4 protective contexts),False,0.010324544283024,extended_greedy_order,Very limited direct protective support; confirmatory testing is a high priority.
Amblema plicata,,Bivalvia,Unionoida,Unionidae,Mollusca,25,False,False,22,12,0,0,1,23,True,moderate_20_49,Moderate (20-49 protective contexts),False,0.017227850493616,extended_greedy_order,
Daphnia hyalina,,Branchiopoda,Diplostraca,Daphniidae,Arthropoda,26,False,False,13,13,0,0,1,0,False,sparse_5_19,Limited (5-19 protective contexts),False,0.0050924481501185,extended_greedy_order,Limited direct protective support; interpret the rank with the reported uncertainty.
Ceriodaphnia quadrangula,,Branchiopoda,Diplostraca,Daphniidae,Arthropoda,27,False,False,26,12,0,0,1,0,False,moderate_20_49,Moderate (20-49 protective contexts),False,0.0031919899486371,extended_greedy_order,
Gammarus minus,,Malacostraca,Amphipoda,Gammaridae,Arthropoda,28,False,False,20,18,0,0,1,7,True,moderate_20_49,Moderate (20-49 protective contexts),False,0.0045470008538051,extended_greedy_order,
Cloeon dipterum,,Insecta,Ephemeroptera,Baetidae,Arthropoda,29,False,False,80,53,3,3,2,8,True,strong_50_plus,Strong (50+ protective contexts),False,0.0027076727537092,extended_greedy_order,
Daphnia galeata,,Branchiopoda,Diplostraca,Daphniidae,Arthropoda,30,False,False,35,19,2,2,1,2,True,moderate_20_49,Moderate (20-49 protective contexts),False,0.002986693634919,extended_greedy_order,
Hyalella meinerti,,Malacostraca,Amphipoda,Hyalellidae,Arthropoda,31,False,False,3,2,0,0,1,0,False,very_sparse_1_4,Very limited (1-4 protective contexts),False,0.00688323602156,extended_greedy_order,Very limited direct protective support; confirmatory testing is a high priority.
Ceriodaphnia lacustris,,Branchiopoda,Diplostraca,Daphniidae,Arthropoda,32,False,False,1,1,0,0,1,0,False,very_sparse_1_4,Very limited (1-4 protective contexts),False,0.0068662135763728,extended_greedy_order,Very limited direct protective support; confirmatory testing is a high priority.
Jordanella floridae,,Actinopterygii,Cyprinodontiformes,Cyprinodontidae,Chordata,33,False,False,77,32,5,5,4,2,True,strong_50_plus,Strong (50+ protective contexts),False,0.0044447034238564,extended_greedy_order,
Lampsilis siliquoidea,,Bivalvia,Unionoida,Unionidae,Mollusca,34,False,False,117,41,5,5,2,20,True,strong_50_plus,Strong (50+ protective contexts),False,0.0047616160253539,extended_greedy_order,
Daphnia parvula,,Branchiopoda,Diplostraca,Daphniidae,Arthropoda,35,False,False,1,1,0,0,1,2,True,very_sparse_1_4,Very limited (1-4 protective contexts),False,0.0076156956516255,extended_greedy_order,Very limited direct protective support; confirmatory testing is a high priority.
Chironomus riparius,,Insecta,Diptera,Chironomidae,Arthropoda,36,False,False,192,95,17,14,3,0,False,strong_50_plus,Strong (50+ protective contexts),False,0.0014821485208719,extended_greedy_order,
Daphnia rosea,,Branchiopoda,Diplostraca,Daphniidae,Arthropoda,37,False,False,4,4,0,0,2,0,False,very_sparse_1_4,Very limited (1-4 protective contexts),False,0.0067899325851075,extended_greedy_order,Very limited direct protective support; confirmatory testing is a high priority.
Daphnia cephalata,,Branchiopoda,Diplostraca,Daphniidae,Arthropoda,38,False,False,3,1,0,0,1,0,False,very_sparse_1_4,Very limited (1-4 protective contexts),False,0.0047923309174548,extended_greedy_order,Very limited direct protective support; confirmatory testing is a high priority.
Daphnia cucullata,,Branchiopoda,Diplostraca,Daphniidae,Arthropoda,39,False,False,13,13,0,0,1,0,False,sparse_5_19,Limited (5-19 protective contexts),False,0.0047841263179173,extended_greedy_order,Limited direct protective support; interpret the rank with the reported uncertainty.
Pteronarcys californica,,Insecta,Plecoptera,Pteronarcyidae,Arthropoda,40,False,False,83,71,0,0,2,8,True,strong_50_plus,Strong (50+ protective contexts),False,0.0026899605150267,extended_greedy_order,
Macrobrachium nipponense,,Malacostraca,Decapoda,Palaemonidae,Arthropoda,41,False,False,20,13,0,0,2,1,True,moderate_20_49,Moderate (20-49 protective contexts),False,0.0041525851820022,extended_greedy_order,
Hyridella australis,,Bivalvia,Unionoida,Hyriidae,Mollusca,42,False,False,12,6,0,0,1,0,False,sparse_5_19,Limited (5-19 protective contexts),False,0.0067694455763808,extended_greedy_order,Limited direct protective support; interpret the rank with the reported uncertainty.
Tanytarsus dissimilis,,Insecta,Diptera,Chironomidae,Arthropoda,43,False,False,34,27,1,1,2,1,True,moderate_20_49,Moderate (20-49 protective contexts),False,0.0050588636436778,extended_greedy_order,
Ceriodaphnia cornuta,,Branchiopoda,Diplostraca,Daphniidae,Arthropoda,44,False,False,4,2,0,0,1,0,False,very_sparse_1_4,Very limited (1-4 protective contexts),False,0.0066445366755719,extended_greedy_order,Very limited direct protective support; confirmatory testing is a high priority.
Chironomus tentans,,Insecta,Diptera,Chironomidae,Arthropoda,45,False,False,184,84,14,12,2,0,False,strong_50_plus,Strong (50+ protective contexts),False,0.0017667659445354,extended_greedy_order,
Ceriodaphnia pulchella,,Branchiopoda,Diplostraca,Daphniidae,Arthropoda,46,False,False,7,3,0,0,1,0,False,sparse_5_19,Limited (5-19 protective contexts),False,0.0046861879551447,extended_greedy_order,Limited direct protective support; interpret the rank with the reported uncertainty.
Ceriodaphnia silvestrii,,Branchiopoda,Diplostraca,Daphniidae,Arthropoda,47,False,False,2,2,0,0,2,0,False,very_sparse_1_4,Very limited (1-4 protective contexts),False,0.0066265700908115,extended_greedy_order,Very limited direct protective support; confirmatory testing is a high priority.
Daphnia retrocurva,,Branchiopoda,Diplostraca,Daphniidae,Arthropoda,48,False,False,2,1,0,0,1,1,True,very_sparse_1_4,Very limited (1-4 protective contexts),False,0.0069930813832824,extended_greedy_order,Very limited direct protective support; confirmatory testing is a high priority.
Daphnia spinulata,,Branchiopoda,Diplostraca,Daphniidae,Arthropoda,49,False,False,2,2,1,1,1,0,False,very_sparse_1_4,Very limited (1-4 protective contexts),False,0.0046452452303662,extended_greedy_order,Very limited direct protective support; confirmatory testing is a high priority.
Daphnia gessneri,,Branchiopoda,Diplostraca,Daphniidae,Arthropoda,50,False,False,2,1,0,0,1,0,False,very_sparse_1_4,Very limited (1-4 protective contexts),False,0.0065532256221427,extended_greedy_order,Very limited direct protective support; confirmatory testing is a high priority.
Hyalella curvispina,,Malacostraca,Amphipoda,Hyalellidae,Arthropoda,51,False,False,14,9,0,0,1,0,False,sparse_5_19,Limited (5-19 protective contexts),False,0.0065981325492057,extended_greedy_order,Limited direct protective support; interpret the rank with the reported uncertainty.
Hyridella depressa,,Bivalvia,Unionoida,Hyriidae,Mollusca,52,False,False,12,6,0,0,1,0,False,sparse_5_19,Limited (5-19 protective contexts),False,0.0066109079273331,extended_greedy_order,Limited direct protective support; interpret the rank with the reported uncertainty.
Daphnia pulicaria,,Branchiopoda,Diplostraca,Daphniidae,Arthropoda,53,False,False,9,7,0,0,1,0,False,sparse_5_19,Limited (5-19 protective contexts),False,0.0065375549089978,extended_greedy_order,Limited direct protective support; interpret the rank with the reported uncertainty.
Hyridella drapeta,,Bivalvia,Unionoida,Hyriidae,Mollusca,54,False,False,12,6,0,0,1,0,False,sparse_5_19,Limited (5-19 protective contexts),False,0.0065782238009868,extended_greedy_order,Limited direct protective support; interpret the rank with the reported uncertainty.
Daphnia sp.,,Branchiopoda,Diplostraca,Daphniidae,Arthropoda,55,False,False,23,18,1,1,1,0,False,moderate_20_49,Moderate (20-49 protective contexts),False,0.0032396027155117,extended_greedy_order,
Daphnia obtusa,,Branchiopoda,Diplostraca,Daphniidae,Arthropoda,56,False,False,14,8,0,0,1,0,False,sparse_5_19,Limited (5-19 protective contexts),False,0.0037376049223887,extended_greedy_order,Limited direct protective support; interpret the rank with the reported uncertainty.
Daphnia longispina,,Branchiopoda,Diplostraca,Daphniidae,Arthropoda,57,False,False,30,13,1,1,2,0,False,moderate_20_49,Moderate (20-49 protective contexts),False,0.0028926002063308,extended_greedy_order,
Thamnocephalus platyurus,,Branchiopoda,Anostraca,Thamnocephalidae,Arthropoda,58,False,False,26,20,0,0,1,4,True,moderate_20_49,Moderate (20-49 protective contexts),False,0.0056801749140712,extended_greedy_order,
Daphnia catawba,,Branchiopoda,Diplostraca,Daphniidae,Arthropoda,59,False,False,2,2,1,1,2,0,False,very_sparse_1_4,Very limited (1-4 protective contexts),False,0.0064088710878847,extended_greedy_order,Very limited direct protective support; confirmatory testing is a high priority.
Macrobrachium rosenbergii,,Malacostraca,Decapoda,Palaemonidae,Arthropoda,60,False,False,38,24,4,4,2,0,False,moderate_20_49,Moderate (20-49 protective contexts),False,0.0024314956992778,extended_greedy_order,
Ceriodaphnia acanthina,,Branchiopoda,Diplostraca,Daphniidae,Arthropoda,61,False,False,3,1,0,0,1,0,False,very_sparse_1_4,Very limited (1-4 protective contexts),False,0.006399199113685,extended_greedy_order,Very limited direct protective support; confirmatory testing is a high priority.
Hyalella sp.,,Malacostraca,Amphipoda,Hyalellidae,Arthropoda,62,False,False,11,6,0,0,1,0,False,sparse_5_19,Limited (5-19 protective contexts),False,0.0045278424167567,extended_greedy_order,Limited direct protective support; interpret the rank with the reported uncertainty.
Lithobates pipiens,,Amphibia,Anura,Ranidae,Chordata,63,False,False,209,64,8,6,4,28,True,strong_50_plus,Strong (50+ protective contexts),False,0.0041091354466935,extended_greedy_order,
Ceriodaphnia rigaudi,,Branchiopoda,Diplostraca,Daphniidae,Arthropoda,64,False,False,6,6,0,0,1,0,False,sparse_5_19,Limited (5-19 protective contexts),False,0.0063691703251636,extended_greedy_order,Limited direct protective support; interpret the rank with the reported uncertainty.
Cucumerunio novaehollandiae,,Bivalvia,Unionoida,Hyriidae,Mollusca,65,False,False,12,6,0,0,1,0,False,sparse_5_19,Limited (5-19 protective contexts),False,0.006402223469689,extended_greedy_order,Limited direct protective support; interpret the rank with the reported uncertainty.
Palaemonetes kadiakensis,,Malacostraca,Decapoda,Palaemonidae,Arthropoda,66,False,False,47,43,0,0,3,10,True,moderate_20_49,Moderate (20-49 protective contexts),False,0.0036158496512084,extended_greedy_order,
Daphnia laevis,,Branchiopoda,Diplostraca,Daphniidae,Arthropoda,67,False,False,5,3,2,1,2,0,False,sparse_5_19,Limited (5-19 protective contexts),False,0.0044403128231159,extended_greedy_order,Limited direct protective support; interpret the rank with the reported uncertainty.
Macrobrachium lamarrei,,Malacostraca,Decapoda,Palaemonidae,Arthropoda,68,False,False,20,15,5,5,2,0,False,moderate_20_49,Moderate (20-49 protective contexts),False,0.0044896304413381,extended_greedy_order,
Ceriodaphnia sp.,,Branchiopoda,Diplostraca,Daphniidae,Arthropoda,69,False,False,9,8,1,1,1,0,False,sparse_5_19,Limited (5-19 protective contexts),False,0.0063038406761129,extended_greedy_order,Limited direct protective support; interpret the rank with the reported uncertainty.
Xenopus laevis,,Amphibia,Anura,Pipidae,Chordata,70,False,False,358,123,34,29,4,1,True,strong_50_plus,Strong (50+ protective contexts),False,0.0013821302536935,extended_greedy_order,
Daphnia similoides,,Branchiopoda,Diplostraca,Daphniidae,Arthropoda,71,False,False,8,2,0,0,1,0,False,sparse_5_19,Limited (5-19 protective contexts),False,0.0061968855025679,extended_greedy_order,Limited direct protective support; interpret the rank with the reported uncertainty.
Nemoura cinerea,,Insecta,Plecoptera,Nemouridae,Arthropoda,72,False,False,13,13,0,0,1,0,False,sparse_5_19,Limited (5-19 protective contexts),False,0.0044340826749269,extended_greedy_order,Limited direct protective support; interpret the rank with the reported uncertainty.
Gammarus sp.,,Malacostraca,Amphipoda,Gammaridae,Arthropoda,73,False,False,17,16,0,0,2,0,False,sparse_5_19,Limited (5-19 protective contexts),False,0.0036142623877215,extended_greedy_order,Limited direct protective support; interpret the rank with the reported uncertainty.
Gammarus elvirae,,Malacostraca,Amphipoda,Gammaridae,Arthropoda,74,False,False,1,1,0,0,1,0,False,very_sparse_1_4,Very limited (1-4 protective contexts),False,0.006196838022703,extended_greedy_order,Very limited direct protective support; confirmatory testing is a high priority.
Gammarus roeseli,,Malacostraca,Amphipoda,Gammaridae,Arthropoda,75,False,False,13,10,3,3,2,0,False,sparse_5_19,Limited (5-19 protective contexts),False,0.0021726776209649,extended_greedy_order,Limited direct protective support; interpret the rank with the reported uncertainty.
Simocephalus vetulus,,Branchiopoda,Diplostraca,Daphniidae,Arthropoda,76,False,False,32,20,2,2,3,0,False,moderate_20_49,Moderate (20-49 protective contexts),False,0.0024906141225742,extended_greedy_order,
Aquarana catesbeiana,,Amphibia,Anura,Ranidae,Chordata,77,False,False,106,49,14,11,3,0,False,strong_50_plus,Strong (50+ protective contexts),False,0.001935670802188,extended_greedy_order,
Utterbackia imbecillis,,Bivalvia,Unionoida,Unionidae,Mollusca,78,False,False,54,26,0,0,2,34,True,strong_50_plus,Strong (50+ protective contexts),False,0.0131933816925933,extended_greedy_order,
Daphnia lumholtzi,,Branchiopoda,Diplostraca,Daphniidae,Arthropoda,79,False,False,8,7,0,0,1,0,False,sparse_5_19,Limited (5-19 protective contexts),False,0.0042795389159666,extended_greedy_order,Limited direct protective support; interpret the rank with the reported uncertainty.
Moina dubia,,Branchiopoda,Cladocera,Moinidae,Arthropoda,80,False,False,2,2,0,0,1,0,False,very_sparse_1_4,Very limited (1-4 protective contexts),False,0.0061116029789676,extended_greedy_order,Very limited direct protective support; confirmatory testing is a high priority.
Brachionus calyciflorus,,Monogononta,Ploima,Brachionidae,Rotifera,81,False,False,103,61,17,17,3,0,False,strong_50_plus,Strong (50+ protective contexts),False,0.0015763401616391,extended_greedy_order,
Ceriodaphnia affinis,,Branchiopoda,Diplostraca,Daphniidae,Arthropoda,82,False,False,5,2,1,1,3,1,True,sparse_5_19,Limited (5-19 protective contexts),False,0.0064017343593246,extended_greedy_order,Limited direct protective support; interpret the rank with the reported uncertainty.
Asellus aquaticus,,Malacostraca,Isopoda,Asellidae,Arthropoda,83,False,False,105,62,17,16,4,0,False,strong_50_plus,Strong (50+ protective contexts),False,0.0017619203573478,extended_greedy_order,
Etheostoma fonticola,,Actinopterygii,Perciformes,Percidae,Chordata,84,False,False,20,6,0,0,1,1,True,moderate_20_49,Moderate (20-49 protective contexts),False,0.0045247381151256,extended_greedy_order,
Gammarus orinos,,Malacostraca,Amphipoda,Gammaridae,Arthropoda,85,False,False,1,1,0,0,1,0,False,very_sparse_1_4,Very limited (1-4 protective contexts),False,0.0060067670578023,extended_greedy_order,Very limited direct protective support; confirmatory testing is a high priority.
Baetis rhodani,,Insecta,Ephemeroptera,Baetidae,Arthropoda,86,False,False,17,16,0,0,2,8,True,sparse_5_19,Limited (5-19 protective contexts),False,0.0036156542599564,extended_greedy_order,Limited direct protective support; interpret the rank with the reported uncertainty.
Lithobates sylvaticus,,Amphibia,Anura,Ranidae,Chordata,87,False,False,97,34,3,3,2,34,True,strong_50_plus,Strong (50+ protective contexts),False,0.006370035153861,extended_greedy_order,
Gammarus limnaeus,,Malacostraca,Amphipoda,Gammaridae,Arthropoda,88,False,False,1,1,0,0,1,0,False,very_sparse_1_4,Very limited (1-4 protective contexts),False,0.005967123005927,extended_greedy_order,Very limited direct protective support; confirmatory testing is a high priority.
Moina australiensis,,Branchiopoda,Cladocera,Moinidae,Arthropoda,89,False,False,2,2,0,0,2,0,False,very_sparse_1_4,Very limited (1-4 protective contexts),False,0.0059341964072109,extended_greedy_order,Very limited direct protective support; confirmatory testing is a high priority.
Moina sp.,,Branchiopoda,Cladocera,Moinidae,Arthropoda,90,False,False,1,1,0,0,1,0,False,very_sparse_1_4,Very limited (1-4 protective contexts),False,0.0058912187179182,extended_greedy_order,Very limited direct protective support; confirmatory testing is a high priority.
Oncorhynchus mykiss,,Actinopterygii,Salmoniformes,Salmonidae,Chordata,91,False,False,1056,473,198,133,5,2,True,strong_50_plus,Strong (50+ protective contexts),True,0.0007832398053,extended_greedy_order,
Aedes vexans,,Insecta,Diptera,Culicidae,Arthropoda,92,False,False,23,21,0,0,2,47,True,moderate_20_49,Moderate (20-49 protective contexts),False,0.0100349631470493,extended_greedy_order,
Physa gyrina,,Gastropoda,Basommatophora,Physidae,Mollusca,93,False,False,49,23,0,0,2,17,True,moderate_20_49,Moderate (20-49 protective contexts),False,0.0059455488541463,extended_greedy_order,
Gammarus tigrinus,,Malacostraca,Amphipoda,Gammaridae,Arthropoda,94,False,False,2,2,0,0,1,1,True,very_sparse_1_4,Very limited (1-4 protective contexts),False,0.0061977562728824,extended_greedy_order,Very limited direct protective support; confirmatory testing is a high priority.
Lymnaea stagnalis,,Gastropoda,Basommatophora,Lymnaeidae,Mollusca,95,False,False,123,62,15,12,3,15,True,strong_50_plus,Strong (50+ protective contexts),False,0.0038485087218374,extended_greedy_order,
Moina irrasa,,Branchiopoda,Cladocera,Moinidae,Arthropoda,96,False,False,5,3,0,0,1,0,False,sparse_5_19,Limited (5-19 protective contexts),False,0.005721902219729,extended_greedy_order,Limited direct protective support; interpret the rank with the reported uncertainty.
Alathyria profuga,,Bivalvia,Unionoida,Hyriidae,Mollusca,97,False,False,12,6,0,0,1,0,False,sparse_5_19,Limited (5-19 protective contexts),False,0.0057234661905731,extended_greedy_order,Limited direct protective support; interpret the rank with the reported uncertainty.
Moina rectirostris,,Branchiopoda,Cladocera,Moinidae,Arthropoda,98,False,False,3,1,0,0,1,0,False,very_sparse_1_4,Very limited (1-4 protective contexts),False,0.0056965316238345,extended_greedy_order,Very limited direct protective support; confirmatory testing is a high priority.
Macrobrachium malcolmsonii,,Malacostraca,Decapoda,Palaemonidae,Arthropoda,99,False,False,13,6,3,2,2,0,False,sparse_5_19,Limited (5-19 protective contexts),False,0.0032989303220093,extended_greedy_order,Limited direct protective support; interpret the rank with the reported uncertainty.
Chironomus plumosus,,Insecta,Diptera,Chironomidae,Arthropoda,100,False,False,56,43,1,1,2,1,True,strong_50_plus,Strong (50+ protective contexts),False,0.0019971922959067,extended_greedy_order,
Echinogammarus stammeri,,Malacostraca,Amphipoda,Gammaridae,Arthropoda,101,False,False,1,1,0,0,1,0,False,very_sparse_1_4,Very limited (1-4 protective contexts),False,0.0057086683564533,extended_greedy_order,Very limited direct protective support; confirmatory testing is a high priority.
Hydra oligactis,,Hydrozoa,Hydroida,Hydridae,Cnidaria,102,False,False,21,19,0,0,1,7,True,moderate_20_49,Moderate (20-49 protective contexts),False,0.0046897846840721,extended_greedy_order,
Gammarus duebeni,,Malacostraca,Amphipoda,Gammaridae,Arthropoda,103,False,False,4,3,0,0,1,0,False,very_sparse_1_4,Very limited (1-4 protective contexts),False,0.005670461562028,extended_greedy_order,Very limited direct protective support; confirmatory testing is a high priority.
Anopheles quadrimaculatus,,Insecta,Diptera,Culicidae,Arthropoda,104,False,False,28,25,0,0,1,25,True,moderate_20_49,Moderate (20-49 protective contexts),False,0.0070666295270339,extended_greedy_order,
Paratya curvirostris,,Malacostraca,Decapoda,Atyidae,Arthropoda,105,False,False,1,1,0,0,2,0,False,very_sparse_1_4,Very limited (1-4 protective contexts),False,0.0056528013187905,extended_greedy_order,Very limited direct protective support; confirmatory testing is a high priority.
Caridina laevis,,Malacostraca,Decapoda,Atyidae,Arthropoda,106,False,False,13,7,0,0,2,0,False,sparse_5_19,Limited (5-19 protective contexts),False,0.0032522251665004,extended_greedy_order,Limited direct protective support; interpret the rank with the reported uncertainty.
Velesunio ambiguus,,Bivalvia,Unionoida,Hyriidae,Mollusca,107,False,False,13,7,1,1,1,0,False,sparse_5_19,Limited (5-19 protective contexts),False,0.0056085915820183,extended_greedy_order,Limited direct protective support; interpret the rank with the reported uncertainty.
Notonecta sp.,,Insecta,Heteroptera,Notonectidae,Arthropoda,108,False,False,18,13,0,0,1,0,False,sparse_5_19,Limited (5-19 protective contexts),False,0.003225518138681,extended_greedy_order,Limited direct protective support; interpret the rank with the reported uncertainty.
Echinogammarus echinosetosus,,Malacostraca,Amphipoda,Gammaridae,Arthropoda,109,False,False,5,3,0,0,1,0,False,sparse_5_19,Limited (5-19 protective contexts),False,0.0055967564210478,extended_greedy_order,Limited direct protective support; interpret the rank with the reported uncertainty.
Aedes punctor,,Insecta,Diptera,Culicidae,Arthropoda,110,False,False,21,20,0,0,1,7,True,moderate_20_49,Moderate (20-49 protective contexts),False,0.0045721523369099,extended_greedy_order,
Pteronarcella badia,,Insecta,Plecoptera,Pteronarcyidae,Arthropoda,111,False,False,19,19,0,0,1,0,False,sparse_5_19,Limited (5-19 protective contexts),False,0.0024945325987527,extended_greedy_order,Limited direct protective support; interpret the rank with the reported uncertainty.
Diaptomus sp.,,Maxillopoda,Calanoida,Diaptomidae,Arthropoda,112,False,False,16,15,0,0,1,0,False,sparse_5_19,Limited (5-19 protective contexts),False,0.0025059174247793,extended_greedy_order,Limited direct protective support; interpret the rank with the reported uncertainty.
Ambystoma mexicanum,,Amphibia,Caudata,Ambystomatidae,Chordata,113,False,False,23,16,2,1,2,0,False,moderate_20_49,Moderate (20-49 protective contexts),False,0.0039334108641391,extended_greedy_order,
Isonychia sp.,,Insecta,Ephemeroptera,Isonychiidae,Arthropoda,114,False,False,15,14,0,0,2,0,False,sparse_5_19,Limited (5-19 protective contexts),False,0.0022677416196032,extended_greedy_order,Limited direct protective support; interpret the rank with the reported uncertainty.
Epioblasma capsaeformis,,Bivalvia,Unionoida,Unionidae,Mollusca,115,False,False,16,7,0,0,1,2,True,sparse_5_19,Limited (5-19 protective contexts),False,0.0035913315202434,extended_greedy_order,Limited direct protective support; interpret the rank with the reported uncertainty.
Gammarus kischineffensis,,Malacostraca,Amphipoda,Gammaridae,Arthropoda,116,False,False,6,5,0,0,2,0,False,sparse_5_19,Limited (5-19 protective contexts),False,0.0031990135255181,extended_greedy_order,Limited direct protective support; interpret the rank with the reported uncertainty.
Hexagenia sp.,,Insecta,Ephemeroptera,Ephemeridae,Arthropoda,117,False,False,28,18,4,4,1,0,False,moderate_20_49,Moderate (20-49 protective contexts),False,0.0022620996000958,extended_greedy_order,
Macrobrachium amazonicum,,Malacostraca,Decapoda,Palaemonidae,Arthropoda,118,False,False,2,2,1,1,1,0,False,very_sparse_1_4,Very limited (1-4 protective contexts),False,0.0055262923859574,extended_greedy_order,Very limited direct protective support; confirmatory testing is a high priority.
Salmo trutta,,Actinopterygii,Salmoniformes,Salmonidae,Chordata,119,False,False,169,91,24,19,4,2,True,strong_50_plus,Strong (50+ protective contexts),False,0.001838679248819,extended_greedy_order,
Macrobrachium superbum,,Malacostraca,Decapoda,Palaemonidae,Arthropoda,120,False,False,3,2,0,0,1,0,False,very_sparse_1_4,Very limited (1-4 protective contexts),False,0.0055142127023836,extended_greedy_order,Very limited direct protective support; confirmatory testing is a high priority.
Simocephalus sp.,,Branchiopoda,Diplostraca,Daphniidae,Arthropoda,121,False,False,1,1,0,0,1,0,False,very_sparse_1_4,Very limited (1-4 protective contexts),False,0.0054254483300914,extended_greedy_order,Very limited direct protective support; confirmatory testing is a high priority.
Simocephalus exspinosus,,Branchiopoda,Diplostraca,Daphniidae,Arthropoda,122,False,False,3,2,0,0,1,5,True,very_sparse_1_4,Very limited (1-4 protective contexts),False,0.0049839890607861,extended_greedy_order,Very limited direct protective support; confirmatory testing is a high priority.
Dugesia lugubris,,Turbellaria,Tricladida,Planariidae,Platyhelminthes,123,False,False,19,15,0,0,1,0,False,sparse_5_19,Limited (5-19 protective contexts),False,0.0027884526915661,extended_greedy_order,Limited direct protective support; interpret the rank with the reported uncertainty.
Macrobrachium carcinus,,Malacostraca,Decapoda,Palaemonidae,Arthropoda,124,False,False,2,2,2,2,1,2,True,very_sparse_1_4,Very limited (1-4 protective contexts),False,0.0061645408306148,extended_greedy_order,Very limited direct protective support; confirmatory testing is a high priority.
Palaemonetes argentinus,,Malacostraca,Decapoda,Palaemonidae,Arthropoda,125,False,False,7,3,3,2,1,0,False,sparse_5_19,Limited (5-19 protective contexts),False,0.003881281717086,extended_greedy_order,Limited direct protective support; interpret the rank with the reported uncertainty.
Echinogammarus meridionalis,,Malacostraca,Amphipoda,Gammaridae,Arthropoda,126,False,False,3,3,3,3,1,0,False,very_sparse_1_4,Very limited (1-4 protective contexts),False,0.005472408086572,extended_greedy_order,Very limited direct protective support; confirmatory testing is a high priority.
Hyla chrysoscelis,,Amphibia,Anura,Hylidae,Chordata,127,False,False,23,8,2,2,2,31,True,moderate_20_49,Moderate (20-49 protective contexts),False,0.0155726011773184,extended_greedy_order,
Macrobrachium lar,,Malacostraca,Decapoda,Palaemonidae,Arthropoda,128,False,False,9,5,0,0,1,0,False,sparse_5_19,Limited (5-19 protective contexts),False,0.0038571764017722,extended_greedy_order,Limited direct protective support; interpret the rank with the reported uncertainty.
Macrobrachium lanchesteri,,Malacostraca,Decapoda,Palaemonidae,Arthropoda,129,False,False,15,7,0,0,1,0,False,sparse_5_19,Limited (5-19 protective contexts),False,0.005450255615344,extended_greedy_order,Limited direct protective support; interpret the rank with the reported uncertainty.
Palaemonetes africanus,,Malacostraca,Decapoda,Palaemonidae,Arthropoda,130,False,False,1,1,0,0,1,0,False,very_sparse_1_4,Very limited (1-4 protective contexts),False,0.0054506755769384,extended_greedy_order,Very limited direct protective support; confirmatory testing is a high priority.
Macrobrachium ferreirai,,Malacostraca,Decapoda,Palaemonidae,Arthropoda,131,False,False,2,2,0,0,1,0,False,very_sparse_1_4,Very limited (1-4 protective contexts),False,0.0038407609565073,extended_greedy_order,Very limited direct protective support; confirmatory testing is a high priority.
Macrobrachium naso,,Malacostraca,Decapoda,Palaemonidae,Arthropoda,132,False,False,2,2,0,0,1,0,False,very_sparse_1_4,Very limited (1-4 protective contexts),False,0.005376009301476,extended_greedy_order,Very limited direct protective support; confirmatory testing is a high priority.
Macrobrachium sp.,,Malacostraca,Decapoda,Palaemonidae,Arthropoda,133,False,False,3,3,0,0,1,0,False,very_sparse_1_4,Very limited (1-4 protective contexts),False,0.0053630720551976,extended_greedy_order,Very limited direct protective support; confirmatory testing is a high priority.
Caridina rajadhari,,Malacostraca,Decapoda,Atyidae,Arthropoda,134,False,False,6,6,1,1,2,0,False,sparse_5_19,Limited (5-19 protective contexts),False,0.0037965545461183,extended_greedy_order,Limited direct protective support; interpret the rank with the reported uncertainty.
Echinogammarus berilloni,,Malacostraca,Amphipoda,Gammaridae,Arthropoda,135,False,False,3,3,0,0,1,0,False,very_sparse_1_4,Very limited (1-4 protective contexts),False,0.0053590529582223,extended_greedy_order,Very limited direct protective support; confirmatory testing is a high priority.
Margaritifera margaritifera,,Bivalvia,Unionoida,Margaritiferidae,Mollusca,136,False,False,12,5,1,1,1,9,True,sparse_5_19,Limited (5-19 protective contexts),False,0.0082633860170027,extended_greedy_order,Limited direct protective support; interpret the rank with the reported uncertainty.
Oryzias latipes,,Actinopterygii,Beloniformes,Adrianichthyidae,Chordata,137,False,False,380,170,60,46,5,0,False,strong_50_plus,Strong (50+ protective contexts),False,0.0010781124440679,extended_greedy_order,
Palaemonetes vulgaris,,Malacostraca,Decapoda,Palaemonidae,Arthropoda,138,False,False,2,1,0,0,1,8,True,very_sparse_1_4,Very limited (1-4 protective contexts),False,0.0056092973137047,extended_greedy_order,Very limited direct protective support; confirmatory testing is a high priority.
Aedes sticticus,,Insecta,Diptera,Culicidae,Arthropoda,139,False,False,15,13,0,0,1,21,True,sparse_5_19,Limited (5-19 protective contexts),False,0.0084978366618938,extended_greedy_order,Limited direct protective support; interpret the rank with the reported uncertainty.
Planorbella trivolvis,,Gastropoda,Basommatophora,Planorbidae,Mollusca,140,False,False,39,22,4,4,3,44,True,moderate_20_49,Moderate (20-49 protective contexts),False,0.009650922329757,extended_greedy_order,
Simocephalus mixtus,,Branchiopoda,Diplostraca,Daphniidae,Arthropoda,141,False,False,2,2,0,0,1,3,True,very_sparse_1_4,Very limited (1-4 protective contexts),False,0.006098402423596,extended_greedy_order,Very limited direct protective support; confirmatory testing is a high priority.
Marisa cornuarietis,,Gastropoda,Architaenioglossa,Ampullariidae,Mollusca,142,False,False,30,13,0,0,2,0,False,moderate_20_49,Moderate (20-49 protective contexts),False,0.0026479042977201,extended_greedy_order,
Aedes cantans,,Insecta,Diptera,Culicidae,Arthropoda,143,False,False,23,22,0,0,2,0,False,moderate_20_49,Moderate (20-49 protective contexts),False,0.0023530433674784,extended_greedy_order,
Macrobrachium hendersodayanus,,Malacostraca,Decapoda,Palaemonidae,Arthropoda,144,False,False,4,4,3,3,1,0,False,very_sparse_1_4,Very limited (1-4 protective contexts),False,0.0052551175365962,extended_greedy_order,Very limited direct protective support; confirmatory testing is a high priority.
Palaemonetes varians,,Malacostraca,Decapoda,Palaemonidae,Arthropoda,145,False,False,1,1,0,0,1,0,False,very_sparse_1_4,Very limited (1-4 protective contexts),False,0.0052660470189444,extended_greedy_order,Very limited direct protective support; confirmatory testing is a high priority.
Lampsilis fasciola,,Bivalvia,Unionoida,Unionidae,Mollusca,146,False,False,18,7,2,1,2,12,True,sparse_5_19,Limited (5-19 protective contexts),False,0.0052167648106864,extended_greedy_order,Limited direct protective support; interpret the rank with the reported uncertainty.
Culiseta annulata,,Insecta,Diptera,Culicidae,Arthropoda,147,False,False,21,21,0,0,1,0,False,moderate_20_49,Moderate (20-49 protective contexts),False,0.0026196684496458,extended_greedy_order,
Lecane quadridentata,,Monogononta,Ploima,Lecanidae,Rotifera,148,False,False,14,10,0,0,1,9,True,sparse_5_19,Limited (5-19 protective contexts),False,0.004699278192118,extended_greedy_order,Limited direct protective support; interpret the rank with the reported uncertainty.
Culex quinquefasciatus,,Insecta,Diptera,Culicidae,Arthropoda,149,False,False,117,65,1,1,3,16,True,strong_50_plus,Strong (50+ protective contexts),False,0.002328569546655,extended_greedy_order,
Caridina sp.,,Malacostraca,Decapoda,Atyidae,Arthropoda,150,False,False,1,1,0,0,1,0,False,very_sparse_1_4,Very limited (1-4 protective contexts),False,0.0052397552798072,extended_greedy_order,Very limited direct protective support; confirmatory testing is a high priority.
Simocephalus serrulatus,,Branchiopoda,Diplostraca,Daphniidae,Arthropoda,151,False,False,27,23,1,1,1,11,True,moderate_20_49,Moderate (20-49 protective contexts),False,0.0059497524741453,extended_greedy_order,
Caridina weberi,,Malacostraca,Decapoda,Atyidae,Arthropoda,152,False,False,1,1,1,1,2,0,False,very_sparse_1_4,Very limited (1-4 protective contexts),False,0.0036927084712456,extended_greedy_order,Very limited direct protective support; confirmatory testing is a high priority.
Lepomis macrochirus,,Actinopterygii,Perciformes,Centrarchidae,Chordata,153,False,False,704,402,63,49,4,14,True,strong_50_plus,Strong (50+ protective contexts),True,0.0012549142516347,extended_greedy_order,
Anodonta imbecillis,,Bivalvia,Unionoida,Unionidae,Mollusca,154,False,False,13,13,0,0,2,34,True,sparse_5_19,Limited (5-19 protective contexts),False,0.0157700093478742,extended_greedy_order,Limited direct protective support; interpret the rank with the reported uncertainty.
Macrobrachium kistnensis,,Malacostraca,Decapoda,Palaemonidae,Arthropoda,155,False,False,8,8,3,3,2,0,False,sparse_5_19,Limited (5-19 protective contexts),False,0.0051668337646369,extended_greedy_order,Limited direct protective support; interpret the rank with the reported uncertainty.
Hydra vulgaris,,Hydrozoa,Hydroida,Hydridae,Cnidaria,156,False,False,26,15,5,5,1,3,True,moderate_20_49,Moderate (20-49 protective contexts),False,0.002751481832447,extended_greedy_order,
Chironomus xanthus,,Insecta,Diptera,Chironomidae,Arthropoda,157,False,False,5,3,1,1,1,0,False,sparse_5_19,Limited (5-19 protective contexts),False,0.0035644075724753,extended_greedy_order,Limited direct protective support; interpret the rank with the reported uncertainty.
Caridina indistincta,,Malacostraca,Decapoda,Atyidae,Arthropoda,158,False,False,2,2,0,0,1,0,False,very_sparse_1_4,Very limited (1-4 protective contexts),False,0.0036637154978466,extended_greedy_order,Very limited direct protective support; confirmatory testing is a high priority.
Aedes aegypti,,Insecta,Diptera,Culicidae,Arthropoda,159,False,False,180,97,20,20,3,14,True,strong_50_plus,Strong (50+ protective contexts),False,0.001981851512859,extended_greedy_order,
Chironomus sp.,,Insecta,Diptera,Chironomidae,Arthropoda,160,False,False,32,24,1,1,1,0,False,moderate_20_49,Moderate (20-49 protective contexts),False,0.0022447254153783,extended_greedy_order,
Palaemonetes paludosus,,Malacostraca,Decapoda,Palaemonidae,Arthropoda,161,False,False,5,2,0,0,1,13,True,sparse_5_19,Limited (5-19 protective contexts),False,0.0064889167585936,extended_greedy_order,Limited direct protective support; interpret the rank with the reported uncertainty.
Moina micrura,,Branchiopoda,Cladocera,Moinidae,Arthropoda,162,False,False,20,11,2,1,2,0,False,moderate_20_49,Moderate (20-49 protective contexts),False,0.0025641154065634,extended_greedy_order,
Cottus bairdi,,Actinopterygii,Scorpaeniformes,Cottidae,Chordata,163,False,False,33,8,0,0,2,23,True,moderate_20_49,Moderate (20-49 protective contexts),False,0.0122472020188218,extended_greedy_order,
Cottus confusus,,Actinopterygii,Scorpaeniformes,Cottidae,Chordata,164,False,False,4,2,0,0,2,3,True,very_sparse_1_4,Very limited (1-4 protective contexts),False,0.0060513593612707,extended_greedy_order,Very limited direct protective support; confirmatory testing is a high priority.
Brachionus rubens,,Monogononta,Ploima,Brachionidae,Rotifera,165,False,False,20,12,0,0,1,0,False,moderate_20_49,Moderate (20-49 protective contexts),False,0.0036321256146255,extended_greedy_order,
Aedes taeniorhynchus,,Insecta,Diptera,Culicidae,Arthropoda,166,False,False,16,13,0,0,1,14,True,sparse_5_19,Limited (5-19 protective contexts),False,0.0065405342099529,extended_greedy_order,Limited direct protective support; interpret the rank with the reported uncertainty.
Esox lucius,,Actinopterygii,Esociformes,Esocidae,Chordata,167,False,False,43,35,4,3,2,4,True,moderate_20_49,Moderate (20-49 protective contexts),False,0.0031568467418344,extended_greedy_order,
Perca flavescens,,Actinopterygii,Perciformes,Percidae,Chordata,168,False,False,76,68,3,3,2,14,True,strong_50_plus,Strong (50+ protective contexts),False,0.0041676297692663,extended_greedy_order,
Ictalurus punctatus,,Actinopterygii,Siluriformes,Ictaluridae,Chordata,169,False,False,349,237,15,12,4,21,True,strong_50_plus,Strong (50+ protective contexts),False,0.0019558932947517,extended_greedy_order,
Corixa punctata,,Insecta,Heteroptera,Corixidae,Arthropoda,170,False,False,18,16,1,1,2,0,False,sparse_5_19,Limited (5-19 protective contexts),False,0.0035531307163173,extended_greedy_order,Limited direct protective support; interpret the rank with the reported uncertainty.
Chironomus stigmaterus,,Insecta,Diptera,Chironomidae,Arthropoda,171,False,False,1,1,0,0,1,1,True,very_sparse_1_4,Very limited (1-4 protective contexts),False,0.0051554605063585,extended_greedy_order,Very limited direct protective support; confirmatory testing is a high priority.
Physalaemus cuvieri,,Amphibia,Anura,Leptodactylidae,Chordata,172,False,False,19,11,2,2,1,0,False,sparse_5_19,Limited (5-19 protective contexts),False,0.002935962438236,extended_greedy_order,Limited direct protective support; interpret the rank with the reported uncertainty.
Ameiurus melas,,Actinopterygii,Siluriformes,Ictaluridae,Chordata,173,False,False,71,67,0,0,2,16,True,strong_50_plus,Strong (50+ protective contexts),False,0.0040313146056066,extended_greedy_order,
Macrobrachium dayanum,,Malacostraca,Decapoda,Palaemonidae,Arthropoda,174,False,False,5,5,0,0,1,0,False,sparse_5_19,Limited (5-19 protective contexts),False,0.0035363096455629,extended_greedy_order,Limited direct protective support; interpret the rank with the reported uncertainty.
Lecane lunaris,,Monogononta,Ploima,Lecanidae,Rotifera,175,False,False,1,1,0,0,1,0,False,very_sparse_1_4,Very limited (1-4 protective contexts),False,0.005052075128879,extended_greedy_order,Very limited direct protective support; confirmatory testing is a high priority.
Lecane closterocerca,,Monogononta,Ploima,Lecanidae,Rotifera,176,False,False,1,1,0,0,1,0,False,very_sparse_1_4,Very limited (1-4 protective contexts),False,0.0050514563445442,extended_greedy_order,Very limited direct protective support; confirmatory testing is a high priority.
Lecane bulla,,Monogononta,Ploima,Lecanidae,Rotifera,177,False,False,1,1,0,0,1,1,True,very_sparse_1_4,Very limited (1-4 protective contexts),False,0.005354489678298,extended_greedy_order,Very limited direct protective support; confirmatory testing is a high priority.
Myriophyllum spicatum,,Magnoliopsida,Haloragales,Haloragaceae,Magnoliophyta,178,False,False,16,15,6,6,2,1,True,sparse_5_19,Limited (5-19 protective contexts),False,0.002374266724057,extended_greedy_order,Limited direct protective support; interpret the rank with the reported uncertainty.
Chironomus piger,,Insecta,Diptera,Chironomidae,Arthropoda,179,False,False,4,1,0,0,1,0,False,very_sparse_1_4,Very limited (1-4 protective contexts),False,0.0048293748044698,extended_greedy_order,Very limited direct protective support; confirmatory testing is a high priority.
Chironomus maddeni,,Insecta,Diptera,Chironomidae,Arthropoda,180,False,False,1,1,0,0,1,0,False,very_sparse_1_4,Very limited (1-4 protective contexts),False,0.0048176299081335,extended_greedy_order,Very limited direct protective support; confirmatory testing is a high priority.
Chironomus luridus,,Insecta,Diptera,Chironomidae,Arthropoda,181,False,False,1,1,0,0,1,0,False,very_sparse_1_4,Very limited (1-4 protective contexts),False,0.0048161416513844,extended_greedy_order,Very limited direct protective support; confirmatory testing is a high priority.
Puntius sophore,,Actinopterygii,Cypriniformes,Cyprinidae,Chordata,182,False,False,29,15,6,5,2,0,False,moderate_20_49,Moderate (20-49 protective contexts),False,0.0024912233831966,extended_greedy_order,
Hydra americana,,Hydrozoa,Hydroida,Hydridae,Cnidaria,183,False,False,2,2,0,0,1,3,True,very_sparse_1_4,Very limited (1-4 protective contexts),False,0.0059210294963676,extended_greedy_order,Very limited direct protective support; confirmatory testing is a high priority.
Chironomus ramosus,,Insecta,Diptera,Chironomidae,Arthropoda,184,False,False,3,1,1,1,1,0,False,very_sparse_1_4,Very limited (1-4 protective contexts),False,0.0048062039714642,extended_greedy_order,Very limited direct protective support; confirmatory testing is a high priority.
Pimephales promelas,,Actinopterygii,Cypriniformes,Cyprinidae,Chordata,185,False,False,899,375,76,59,5,12,True,strong_50_plus,Strong (50+ protective contexts),True,0.0011844010465173,extended_greedy_order,
Hyla versicolor,,Amphibia,Anura,Hylidae,Chordata,186,False,False,52,13,4,3,2,30,True,strong_50_plus,Strong (50+ protective contexts),False,0.0061308543733794,extended_greedy_order,
Moinodaphnia macleayi,,Branchiopoda,Cladocera,Moinidae,Arthropoda,187,False,False,14,7,1,1,2,0,False,sparse_5_19,Limited (5-19 protective contexts),False,0.0035011520222689,extended_greedy_order,Limited direct protective support; interpret the rank with the reported uncertainty.
Lumbriculus variegatus,,Clitellata,Lumbriculida,Lumbriculidae,Annelida,188,False,False,88,48,19,14,3,1,True,strong_50_plus,Strong (50+ protective contexts),False,0.0016705422955717,extended_greedy_order,
Caridina nilotica,,Malacostraca,Decapoda,Atyidae,Arthropoda,189,False,False,17,10,2,1,1,0,False,sparse_5_19,Limited (5-19 protective contexts),False,0.0049977902294602,extended_greedy_order,Limited direct protective support; interpret the rank with the reported uncertainty.
Scapholeberis microcephala,,Branchiopoda,Diplostraca,Daphniidae,Arthropoda,190,False,False,1,1,0,0,1,0,False,very_sparse_1_4,Very limited (1-4 protective contexts),False,0.0033877042870835,extended_greedy_order,Very limited direct protective support; confirmatory testing is a high priority.
Sander vitreus,,Actinopterygii,Perciformes,Percidae,Chordata,191,False,False,57,39,1,1,3,7,True,strong_50_plus,Strong (50+ protective contexts),False,0.0028873200321499,extended_greedy_order,
Scapholeberis kingi,,Branchiopoda,Diplostraca,Daphniidae,Arthropoda,192,False,False,2,2,0,0,1,0,False,very_sparse_1_4,Very limited (1-4 protective contexts),False,0.0033856777871333,extended_greedy_order,Very limited direct protective support; confirmatory testing is a high priority.
Pteronarcys comstocki,,Insecta,Plecoptera,Pteronarcyidae,Arthropoda,193,False,False,1,1,1,1,1,1,True,very_sparse_1_4,Very limited (1-4 protective contexts),False,0.0037003969235603,extended_greedy_order,Very limited direct protective support; confirmatory testing is a high priority.
Ischnura elegans,,Insecta,Odonata,Coenagrionidae,Arthropoda,194,False,False,15,13,2,1,1,0,False,sparse_5_19,Limited (5-19 protective contexts),False,0.0035048058284717,extended_greedy_order,Limited direct protective support; interpret the rank with the reported uncertainty.
Chironomus anthracinus,,Insecta,Diptera,Chironomidae,Arthropoda,195,False,False,6,4,0,0,1,1,True,sparse_5_19,Limited (5-19 protective contexts),False,0.0035635606102017,extended_greedy_order,Limited direct protective support; interpret the rank with the reported uncertainty.
Bufo americanus,,Amphibia,Anura,Bufonidae,Chordata,196,False,False,53,18,8,7,2,36,True,strong_50_plus,Strong (50+ protective contexts),False,0.0077728730373704,extended_greedy_order,
Culex tarsalis,,Insecta,Diptera,Culicidae,Arthropoda,197,False,False,26,19,1,1,1,25,True,moderate_20_49,Moderate (20-49 protective contexts),False,0.0054094717985588,extended_greedy_order,
Lampsilis rafinesqueana,,Bivalvia,Unionoida,Unionidae,Mollusca,198,False,False,16,9,0,0,1,2,True,sparse_5_19,Limited (5-19 protective contexts),False,0.0031804278151867,extended_greedy_order,Limited direct protective support; interpret the rank with the reported uncertainty.
Lemna minor,,Liliopsida,Arales,Lemnaceae,Magnoliophyta,199,False,False,59,34,29,26,3,50,True,strong_50_plus,Strong (50+ protective contexts),False,0.0139782161808,extended_greedy_order,
Simulium vittatum,,Insecta,Diptera,Simuliidae,Arthropoda,200,False,False,24,12,0,0,2,2,True,moderate_20_49,Moderate (20-49 protective contexts),False,0.0024566047674665,extended_greedy_order,
Chironomus crassiforceps,,Insecta,Diptera,Chironomidae,Arthropoda,201,False,False,2,2,0,0,1,0,False,very_sparse_1_4,Very limited (1-4 protective contexts),False,0.0046891330176225,extended_greedy_order,Very limited direct protective support; confirmatory testing is a high priority.
Ambystoma jeffersonianum,,Amphibia,Caudata,Ambystomatidae,Chordata,202,False,False,12,7,3,3,2,13,True,sparse_5_19,Limited (5-19 protective contexts),False,0.0049665123616756,extended_greedy_order,Limited direct protective support; interpret the rank with the reported uncertainty.
Chironomus attenuatus,,Insecta,Diptera,Chironomidae,Arthropoda,203,False,False,3,3,3,3,1,0,False,very_sparse_1_4,Very limited (1-4 protective contexts),False,0.0033181678688166,extended_greedy_order,Very limited direct protective support; confirmatory testing is a high priority.
Tanytarsus sp.,,Insecta,Diptera,Chironomidae,Arthropoda,204,False,False,9,9,0,0,1,0,False,sparse_5_19,Limited (5-19 protective contexts),False,0.0034099707453499,extended_greedy_order,Limited direct protective support; interpret the rank with the reported uncertainty.
Myriophyllum sp.,,Magnoliopsida,Haloragales,Haloragaceae,Magnoliophyta,205,False,False,1,1,0,0,1,0,False,very_sparse_1_4,Very limited (1-4 protective contexts),False,0.0049225352593463,extended_greedy_order,Very limited direct protective support; confirmatory testing is a high priority.
Elodea canadensis,,Liliopsida,Hydrocharitales,Hydrocharitaceae,Magnoliophyta,206,False,False,24,21,14,14,2,0,False,moderate_20_49,Moderate (20-49 protective contexts),False,0.0028615894239976,extended_greedy_order,
Chironomus utahensis,,Insecta,Diptera,Chironomidae,Arthropoda,207,False,False,11,11,0,0,1,0,False,sparse_5_19,Limited (5-19 protective contexts),False,0.0027002781258178,extended_greedy_order,Limited direct protective support; interpret the rank with the reported uncertainty.
Lecane inermis,,Monogononta,Ploima,Lecanidae,Rotifera,208,False,False,2,2,0,0,1,1,True,very_sparse_1_4,Very limited (1-4 protective contexts),False,0.0052279372065289,extended_greedy_order,Very limited direct protective support; confirmatory testing is a high priority.
Villosa iris,,Bivalvia,Unionoida,Unionidae,Mollusca,209,False,False,41,12,5,4,1,11,True,moderate_20_49,Moderate (20-49 protective contexts),False,0.0046670643604985,extended_greedy_order,
Pteronarcys sp.,,Insecta,Plecoptera,Pteronarcyidae,Arthropoda,210,False,False,1,1,0,0,1,0,False,very_sparse_1_4,Very limited (1-4 protective contexts),False,0.0048759654311853,extended_greedy_order,Very limited direct protective support; confirmatory testing is a high priority.
Myriophyllum sibiricum,,Magnoliopsida,Haloragales,Haloragaceae,Magnoliophyta,211,False,False,18,8,8,8,1,24,True,sparse_5_19,Limited (5-19 protective contexts),False,0.008474068237826,extended_greedy_order,Limited direct protective support; interpret the rank with the reported uncertainty.
Lampsilis sp.,,Bivalvia,Unionoida,Unionidae,Mollusca,212,False,False,1,1,0,0,1,0,False,very_sparse_1_4,Very limited (1-4 protective contexts),False,0.0048596634737517,extended_greedy_order,Very limited direct protective support; confirmatory testing is a high priority.
Oncorhynchus kisutch,,Actinopterygii,Salmoniformes,Salmonidae,Chordata,213,False,False,228,159,183,177,4,0,False,strong_50_plus,Strong (50+ protective contexts),False,0.0011655068007011,extended_greedy_order,
Macrobrachium rude,,Malacostraca,Decapoda,Palaemonidae,Arthropoda,214,False,False,7,4,0,0,1,0,False,sparse_5_19,Limited (5-19 protective contexts),False,0.0048455164961515,extended_greedy_order,Limited direct protective support; interpret the rank with the reported uncertainty.
Dreissena polymorpha,,Bivalvia,Veneroida,Dreissenidae,Mollusca,215,False,False,54,33,24,21,3,0,False,strong_50_plus,Strong (50+ protective contexts),False,0.0034676534809895,extended_greedy_order,
Lithobates sphenocephalus,,Amphibia,Anura,Ranidae,Chordata,216,False,False,38,18,3,3,2,22,True,moderate_20_49,Moderate (20-49 protective contexts),False,0.0049349961573197,extended_greedy_order,
Chironomus yoshimatsui,,Insecta,Diptera,Chironomidae,Arthropoda,217,False,False,5,4,9,9,1,0,False,sparse_5_19,Limited (5-19 protective contexts),False,0.0032608166560481,extended_greedy_order,Limited direct protective support; interpret the rank with the reported uncertainty.
Scapholeberis mucronata,,Branchiopoda,Diplostraca,Daphniidae,Arthropoda,218,False,False,6,3,0,0,1,0,False,sparse_5_19,Limited (5-19 protective contexts),False,0.0026961719357316,extended_greedy_order,Limited direct protective support; interpret the rank with the reported uncertainty.
Hydropsyche sp.,,Insecta,Trichoptera,Hydropsychidae,Arthropoda,219,False,False,26,21,1,1,1,0,False,moderate_20_49,Moderate (20-49 protective contexts),False,0.0024071235522097,extended_greedy_order,
Actinonaias pectorosa,,Bivalvia,Unionoida,Unionidae,Mollusca,220,False,False,19,9,3,2,1,3,True,sparse_5_19,Limited (5-19 protective contexts),False,0.0057183814998844,extended_greedy_order,Limited direct protective support; interpret the rank with the reported uncertainty.
Paratanytarsus parthenogeneticus,,Insecta,Diptera,Chironomidae,Arthropoda,221,False,False,20,13,5,5,2,0,False,moderate_20_49,Moderate (20-49 protective contexts),False,0.0033439191028325,extended_greedy_order,
Potamopyrgus antipodarum,,Gastropoda,Neotaenioglossa,Hydrobiidae,Mollusca,222,False,False,42,14,5,5,2,1,True,moderate_20_49,Moderate (20-49 protective contexts),False,0.0025204465814678,extended_greedy_order,
Dugesia gonocephala,,Turbellaria,Tricladida,Planariidae,Platyhelminthes,223,False,False,2,2,1,1,1,0,False,very_sparse_1_4,Very limited (1-4 protective contexts),False,0.0049202511931023,extended_greedy_order,Very limited direct protective support; confirmatory testing is a high priority.
Chironomus zealandicus,,Insecta,Diptera,Chironomidae,Arthropoda,224,False,False,4,3,0,0,1,0,False,very_sparse_1_4,Very limited (1-4 protective contexts),False,0.0045532480732562,extended_greedy_order,Very limited direct protective support; confirmatory testing is a high priority.
Salvelinus namaycush,,Actinopterygii,Salmoniformes,Salmonidae,Chordata,225,False,False,83,66,6,5,3,1,True,strong_50_plus,Strong (50+ protective contexts),False,0.001687683761155,extended_greedy_order,
Acipenser transmontanus,,Actinopterygii,Acipenseriformes,Acipenseridae,Chordata,226,False,False,42,10,1,1,2,0,False,moderate_20_49,Moderate (20-49 protective contexts),False,0.0028067227961009,extended_greedy_order,
Ambystoma maculatum,,Amphibia,Caudata,Ambystomatidae,Chordata,227,False,False,31,12,3,3,2,31,True,moderate_20_49,Moderate (20-49 protective contexts),False,0.0136652066526036,extended_greedy_order,
Rutilus rutilus,,Actinopterygii,Cypriniformes,Cyprinidae,Chordata,228,False,False,44,28,4,3,2,0,False,moderate_20_49,Moderate (20-49 protective contexts),False,0.0015234572196465,extended_greedy_order,
Alonella sp.,,Branchiopoda,Diplostraca,Chydoridae,Arthropoda,229,False,False,8,8,0,0,1,0,False,sparse_5_19,Limited (5-19 protective contexts),False,0.0023604488292712,extended_greedy_order,Limited direct protective support; interpret the rank with the reported uncertainty.
Pteronarcys dorsata,,Insecta,Plecoptera,Pteronarcyidae,Arthropoda,230,False,False,15,13,4,4,1,8,True,sparse_5_19,Limited (5-19 protective contexts),False,0.0049920461725815,extended_greedy_order,Limited direct protective support; interpret the rank with the reported uncertainty.
Lithobates palustris,,Amphibia,Anura,Ranidae,Chordata,231,False,False,14,10,0,0,2,33,True,sparse_5_19,Limited (5-19 protective contexts),False,0.0079510190663442,extended_greedy_order,Limited direct protective support; interpret the rank with the reported uncertainty.
Dugesia bengalensis,,Turbellaria,Tricladida,Planariidae,Platyhelminthes,232,False,False,1,1,0,0,1,0,False,very_sparse_1_4,Very limited (1-4 protective contexts),False,0.0048815250379815,extended_greedy_order,Very limited direct protective support; confirmatory testing is a high priority.
Dugesia schubarti,,Turbellaria,Tricladida,Planariidae,Platyhelminthes,233,False,False,1,1,0,0,1,0,False,very_sparse_1_4,Very limited (1-4 protective contexts),False,0.0048798878116309,extended_greedy_order,Very limited direct protective support; confirmatory testing is a high priority.
Hyla squirella,,Amphibia,Anura,Hylidae,Chordata,234,False,False,5,2,0,0,1,21,True,sparse_5_19,Limited (5-19 protective contexts),False,0.0075097825123122,extended_greedy_order,Limited direct protective support; interpret the rank with the reported uncertainty.
Baetis pygmaeus,,Insecta,Ephemeroptera,Baetidae,Arthropoda,235,False,False,1,1,0,0,1,8,True,very_sparse_1_4,Very limited (1-4 protective contexts),False,0.0049837703371009,extended_greedy_order,Very limited direct protective support; confirmatory testing is a high priority.
Lecane luna,,Monogononta,Ploima,Lecanidae,Rotifera,236,False,False,9,7,0,0,1,0,False,sparse_5_19,Limited (5-19 protective contexts),False,0.0027993730442433,extended_greedy_order,Limited direct protective support; interpret the rank with the reported uncertainty.
Corbicula fluminea,,Bivalvia,Veneroida,Corbiculidae,Mollusca,237,False,False,39,22,19,14,4,0,False,moderate_20_49,Moderate (20-49 protective contexts),False,0.0034159866453928,extended_greedy_order,
Salmo salar,,Actinopterygii,Salmoniformes,Salmonidae,Chordata,238,False,False,122,59,37,33,5,1,True,strong_50_plus,Strong (50+ protective contexts),False,0.0013756301971598,extended_greedy_order,
Orconectes nais,,Malacostraca,Decapoda,Cambaridae,Arthropoda,239,False,False,33,29,0,0,3,2,True,moderate_20_49,Moderate (20-49 protective contexts),False,0.0022072482536648,extended_greedy_order,
Chironomus crassicaudatus,,Insecta,Diptera,Chironomidae,Arthropoda,240,False,False,8,8,0,0,1,26,True,sparse_5_19,Limited (5-19 protective contexts),False,0.0080632303982539,extended_greedy_order,Limited direct protective support; interpret the rank with the reported uncertainty.
Sander sp.,,Actinopterygii,Perciformes,Percidae,Chordata,241,False,False,2,2,0,0,1,0,False,very_sparse_1_4,Very limited (1-4 protective contexts),False,0.0047614594022743,extended_greedy_order,Very limited direct protective support; confirmatory testing is a high priority.
Salvelinus curilus,,Actinopterygii,Salmoniformes,Salmonidae,Chordata,242,False,False,1,1,1,1,1,0,False,very_sparse_1_4,Very limited (1-4 protective contexts),False,0.0032563489968512,extended_greedy_order,Very limited direct protective support; confirmatory testing is a high priority.
Oncorhynchus clarkii,,Actinopterygii,Salmoniformes,Salmonidae,Chordata,243,False,False,80,53,7,7,2,1,True,strong_50_plus,Strong (50+ protective contexts),False,0.0014865962454945,extended_greedy_order,
Salvelinus sp.,,Actinopterygii,Salmoniformes,Salmonidae,Chordata,244,False,False,3,3,0,0,1,0,False,very_sparse_1_4,Very limited (1-4 protective contexts),False,0.003253073324484,extended_greedy_order,Very limited direct protective support; confirmatory testing is a high priority.
Aedes albopictus,,Insecta,Diptera,Culicidae,Arthropoda,245,False,False,41,20,1,1,1,35,True,moderate_20_49,Moderate (20-49 protective contexts),False,0.0045959244876978,extended_greedy_order,
Cloeon sp.,,Insecta,Ephemeroptera,Baetidae,Arthropoda,246,False,False,6,6,0,0,1,0,False,sparse_5_19,Limited (5-19 protective contexts),False,0.0047195591080713,extended_greedy_order,Limited direct protective support; interpret the rank with the reported uncertainty.
Caridina africana,,Malacostraca,Decapoda,Atyidae,Arthropoda,247,False,False,4,4,0,0,1,0,False,very_sparse_1_4,Very limited (1-4 protective contexts),False,0.0033677642099831,extended_greedy_order,Very limited direct protective support; confirmatory testing is a high priority.
Aedes communis,,Insecta,Diptera,Culicidae,Arthropoda,248,False,False,11,10,0,0,1,10,True,sparse_5_19,Limited (5-19 protective contexts),False,0.0052587678352855,extended_greedy_order,Limited direct protective support; interpret the rank with the reported uncertainty.
Pseudacris regilla,,Amphibia,Anura,Hylidae,Chordata,249,False,False,60,19,10,7,2,10,True,strong_50_plus,Strong (50+ protective contexts),False,0.0043343677056603,extended_greedy_order,
Culex tritaeniorhynchus,,Insecta,Diptera,Culicidae,Arthropoda,250,False,False,31,23,0,0,1,0,False,moderate_20_49,Moderate (20-49 protective contexts),False,0.0020456015774703,extended_greedy_order,
Americamysis bahia,,Malacostraca,Mysida,Mysidae,Arthropoda,251,False,False,10,7,0,0,1,0,False,sparse_5_19,Limited (5-19 protective contexts),False,0.0047514114628155,extended_greedy_order,Limited direct protective support; interpret the rank with the reported uncertainty.
Hexagenia bilineata,,Insecta,Ephemeroptera,Ephemeridae,Arthropoda,252,False,False,10,8,0,0,2,25,True,sparse_5_19,Limited (5-19 protective contexts),False,0.0118131908604123,extended_greedy_order,Limited direct protective support; interpret the rank with the reported uncertainty.
Hyla intermedia,,Amphibia,Anura,Hylidae,Chordata,253,False,False,3,1,0,0,1,0,False,very_sparse_1_4,Very limited (1-4 protective contexts),False,0.0033125866858652,extended_greedy_order,Very limited direct protective support; confirmatory testing is a high priority.
Myriophyllum alterniflorum,,Magnoliopsida,Haloragales,Haloragaceae,Magnoliophyta,254,False,False,1,1,1,1,1,4,True,very_sparse_1_4,Very limited (1-4 protective contexts),False,0.00588283593487,extended_greedy_order,Very limited direct protective support; confirmatory testing is a high priority.
Oncorhynchus tshawytscha,,Actinopterygii,Salmoniformes,Salmonidae,Chordata,255,False,False,178,112,155,152,3,2,True,strong_50_plus,Strong (50+ protective contexts),False,0.0013892062549729,extended_greedy_order,
Hydra littoralis,,Hydrozoa,Hydroida,Hydridae,Cnidaria,256,False,False,5,3,0,0,1,3,True,sparse_5_19,Limited (5-19 protective contexts),False,0.0056227271997676,extended_greedy_order,Limited direct protective support; interpret the rank with the reported uncertainty.
Etheostoma flabellare,,Actinopterygii,Perciformes,Percidae,Chordata,257,False,False,3,1,1,1,1,21,True,very_sparse_1_4,Very limited (1-4 protective contexts),False,0.0106654990906018,extended_greedy_order,Very limited direct protective support; confirmatory testing is a high priority.
Hyla japonica,,Amphibia,Anura,Hylidae,Chordata,258,False,False,1,1,0,0,1,0,False,very_sparse_1_4,Very limited (1-4 protective contexts),False,0.0046172968514943,extended_greedy_order,Very limited direct protective support; confirmatory testing is a high priority.
Cyprinus carpio,,Actinopterygii,Cypriniformes,Cyprinidae,Chordata,259,False,False,427,221,77,59,4,0,False,strong_50_plus,Strong (50+ protective contexts),False,0.0007892527284472,extended_greedy_order,
Chironomus tepperi,,Insecta,Diptera,Chironomidae,Arthropoda,260,False,False,10,8,0,0,1,0,False,sparse_5_19,Limited (5-19 protective contexts),False,0.0030703199136471,extended_greedy_order,Limited direct protective support; interpret the rank with the reported uncertainty.
Leptodora kindtii,,Branchiopoda,Diplostraca,Leptodoridae,Arthropoda,261,False,False,7,6,0,0,2,0,False,sparse_5_19,Limited (5-19 protective contexts),False,0.0045778990308215,extended_greedy_order,Limited direct protective support; interpret the rank with the reported uncertainty.
Hyla cinerea,,Amphibia,Anura,Hylidae,Chordata,262,False,False,1,1,2,2,1,29,True,very_sparse_1_4,Very limited (1-4 protective contexts),False,0.0125750310438108,extended_greedy_order,Very limited direct protective support; confirmatory testing is a high priority.
Procladius sp.,,Insecta,Diptera,Chironomidae,Arthropoda,263,False,False,13,13,1,1,2,0,False,sparse_5_19,Limited (5-19 protective contexts),False,0.0022590508915982,extended_greedy_order,Limited direct protective support; interpret the rank with the reported uncertainty.
Xenopus tropicalis,,Amphibia,Anura,Pipidae,Chordata,264,False,False,41,20,0,0,2,1,True,moderate_20_49,Moderate (20-49 protective contexts),False,0.001730676757514,extended_greedy_order,
Asellus sp.,,Malacostraca,Isopoda,Asellidae,Arthropoda,265,False,False,16,14,1,1,2,0,False,sparse_5_19,Limited (5-19 protective contexts),False,0.0033037149778673,extended_greedy_order,Limited direct protective support; interpret the rank with the reported uncertainty.
Hydra sp.,,Hydrozoa,Hydroida,Hydridae,Cnidaria,266,False,False,4,4,3,3,1,0,False,very_sparse_1_4,Very limited (1-4 protective contexts),False,0.0033448119823412,extended_greedy_order,Very limited direct protective support; confirmatory testing is a high priority.
Notonecta unifasciata,,Insecta,Heteroptera,Notonectidae,Arthropoda,267,False,False,2,2,0,0,2,2,True,very_sparse_1_4,Very limited (1-4 protective contexts),False,0.0051699077196002,extended_greedy_order,Very limited direct protective support; confirmatory testing is a high priority.
Dugesia etrusca,,Turbellaria,Tricladida,Planariidae,Platyhelminthes,268,False,False,5,3,0,0,1,0,False,sparse_5_19,Limited (5-19 protective contexts),False,0.00478903046347,extended_greedy_order,Limited direct protective support; interpret the rank with the reported uncertainty.
Hexagenia limbata,,Insecta,Ephemeroptera,Ephemeridae,Arthropoda,269,False,False,6,5,1,1,2,43,True,sparse_5_19,Limited (5-19 protective contexts),False,0.0166438287672616,extended_greedy_order,Limited direct protective support; interpret the rank with the reported uncertainty.
Nemoura sp.,,Insecta,Plecoptera,Nemouridae,Arthropoda,270,False,False,1,1,0,0,1,0,False,very_sparse_1_4,Very limited (1-4 protective contexts),False,0.0046060866575946,extended_greedy_order,Very limited direct protective support; confirmatory testing is a high priority.
Hyla femoralis,,Amphibia,Anura,Hylidae,Chordata,271,False,False,1,1,0,0,1,5,True,very_sparse_1_4,Very limited (1-4 protective contexts),False,0.0059293906363335,extended_greedy_order,Very limited direct protective support; confirmatory testing is a high priority.
Lampsilis teres,,Bivalvia,Unionoida,Unionidae,Mollusca,272,False,False,4,4,0,0,1,19,True,very_sparse_1_4,Very limited (1-4 protective contexts),False,0.0098982935867524,extended_greedy_order,Very limited direct protective support; confirmatory testing is a high priority.
Cirrhinus mrigala,,Actinopterygii,Cypriniformes,Cyprinidae,Chordata,273,False,False,90,45,12,10,3,0,False,strong_50_plus,Strong (50+ protective contexts),False,0.0020986750496339,extended_greedy_order,
Culex pipiens,,Insecta,Diptera,Culicidae,Arthropoda,274,False,False,44,26,0,0,2,22,True,moderate_20_49,Moderate (20-49 protective contexts),False,0.0039492477428586,extended_greedy_order,
Etheostoma nigrum,,Actinopterygii,Perciformes,Percidae,Chordata,275,False,False,7,5,1,1,1,23,True,sparse_5_19,Limited (5-19 protective contexts),False,0.0110863681166497,extended_greedy_order,Limited direct protective support; interpret the rank with the reported uncertainty.
Caecidotea brevicauda,,Malacostraca,Isopoda,Asellidae,Arthropoda,276,False,False,33,31,0,0,2,4,True,moderate_20_49,Moderate (20-49 protective contexts),False,0.0020509639835924,extended_greedy_order,
Lepomis humilis,,Actinopterygii,Perciformes,Centrarchidae,Chordata,277,False,False,16,15,1,1,1,8,True,sparse_5_19,Limited (5-19 protective contexts),False,0.0030103374551058,extended_greedy_order,Limited direct protective support; interpret the rank with the reported uncertainty.
Gobiocypris rarus,,Actinopterygii,Cypriniformes,Cyprinidae,Chordata,278,False,False,53,29,9,8,4,0,False,strong_50_plus,Strong (50+ protective contexts),False,0.0013827969355176,extended_greedy_order,
Chaoborus crystallinus,,Insecta,Diptera,Chaoboridae,Arthropoda,279,False,False,7,7,3,3,2,0,False,sparse_5_19,Limited (5-19 protective contexts),False,0.0032444814541647,extended_greedy_order,Limited direct protective support; interpret the rank with the reported uncertainty.
Diaptomus leptopus,,Maxillopoda,Calanoida,Diaptomidae,Arthropoda,280,False,False,4,4,0,0,1,0,False,very_sparse_1_4,Very limited (1-4 protective contexts),False,0.0047145339254834,extended_greedy_order,Very limited direct protective support; confirmatory testing is a high priority.
Hesperoperla pacifica,,Insecta,Plecoptera,Perlidae,Arthropoda,281,False,False,18,13,0,0,2,9,True,sparse_5_19,Limited (5-19 protective contexts),False,0.004112078057635,extended_greedy_order,Limited direct protective support; interpret the rank with the reported uncertainty.
Oncorhynchus gilae,,Actinopterygii,Salmoniformes,Salmonidae,Chordata,282,False,False,5,2,0,0,1,1,True,sparse_5_19,Limited (5-19 protective contexts),False,0.0045658550623749,extended_greedy_order,Limited direct protective support; interpret the rank with the reported uncertainty.
Chironomus decorus,,Insecta,Diptera,Chironomidae,Arthropoda,283,False,False,17,15,0,0,3,0,False,sparse_5_19,Limited (5-19 protective contexts),False,0.0024291695553058,extended_greedy_order,Limited direct protective support; interpret the rank with the reported uncertainty.
Hydra viridissima,,Hydrozoa,Hydroida,Hydridae,Cnidaria,284,False,False,17,9,0,0,2,27,True,sparse_5_19,Limited (5-19 protective contexts),False,0.0071220896732846,extended_greedy_order,Limited direct protective support; interpret the rank with the reported uncertainty.
Lymnaea sp.,,Gastropoda,Basommatophora,Lymnaeidae,Mollusca,285,False,False,17,15,0,0,2,0,False,sparse_5_19,Limited (5-19 protective contexts),False,0.0046373141024577,extended_greedy_order,Limited direct protective support; interpret the rank with the reported uncertainty.
Heptagenia sulphurea,,Insecta,Ephemeroptera,Heptageniidae,Arthropoda,286,False,False,9,6,1,1,1,0,False,sparse_5_19,Limited (5-19 protective contexts),False,0.0032417176559939,extended_greedy_order,Limited direct protective support; interpret the rank with the reported uncertainty.
Salvelinus fontinalis,,Actinopterygii,Salmoniformes,Salmonidae,Chordata,287,False,False,197,90,23,21,4,10,True,strong_50_plus,Strong (50+ protective contexts),True,0.00176417392876,extended_greedy_order,
Epioblasma triquetra,,Bivalvia,Unionoida,Unionidae,Mollusca,288,False,False,1,1,0,0,1,11,True,very_sparse_1_4,Very limited (1-4 protective contexts),False,0.0076234862399774,extended_greedy_order,Very limited direct protective support; confirmatory testing is a high priority.
Nais elinguis,,Oligochaeta,Haplotaxida,Naididae,Annelida,289,False,False,14,8,0,0,1,0,False,sparse_5_19,Limited (5-19 protective contexts),False,0.0047736540417254,extended_greedy_order,Limited direct protective support; interpret the rank with the reported uncertainty.
Chironomus javanus,,Insecta,Diptera,Chironomidae,Arthropoda,290,False,False,8,8,0,0,1,0,False,sparse_5_19,Limited (5-19 protective contexts),False,0.0041520558719191,extended_greedy_order,Limited direct protective support; interpret the rank with the reported uncertainty.
Lampsilis cardium,,Bivalvia,Unionoida,Unionidae,Mollusca,291,False,False,11,7,0,0,1,18,True,sparse_5_19,Limited (5-19 protective contexts),False,0.0067409680328349,extended_greedy_order,Limited direct protective support; interpret the rank with the reported uncertainty.
Epioblasma rangiana,,Bivalvia,Unionoida,Unionidae,Mollusca,292,False,False,2,2,0,0,1,3,True,very_sparse_1_4,Very limited (1-4 protective contexts),False,0.0054093391167486,extended_greedy_order,Very limited direct protective support; confirmatory testing is a high priority.
Lithobates berlandieri,,Amphibia,Anura,Ranidae,Chordata,293,False,False,3,1,0,0,1,2,True,very_sparse_1_4,Very limited (1-4 protective contexts),False,0.0048138566348527,extended_greedy_order,Very limited direct protective support; confirmatory testing is a high priority.
Poecilia reticulata,,Actinopterygii,Cyprinodontiformes,Poeciliidae,Chordata,294,False,False,324,180,46,38,3,2,True,strong_50_plus,Strong (50+ protective contexts),False,0.0010115788365717,extended_greedy_order,
Notonecta glauca,,Insecta,Heteroptera,Notonectidae,Arthropoda,295,False,False,4,3,1,1,2,0,False,very_sparse_1_4,Very limited (1-4 protective contexts),False,0.0026292790721635,extended_greedy_order,Very limited direct protective support; confirmatory testing is a high priority.
Lampsilis abrupta,,Bivalvia,Unionoida,Unionidae,Mollusca,296,False,False,8,4,0,0,1,3,True,sparse_5_19,Limited (5-19 protective contexts),False,0.0038166138387484,extended_greedy_order,Limited direct protective support; interpret the rank with the reported uncertainty.
Rana temporaria,,Amphibia,Anura,Ranidae,Chordata,297,False,False,29,15,8,7,1,0,False,moderate_20_49,Moderate (20-49 protective contexts),False,0.0025561214836975,extended_greedy_order,
Physa fontinalis,,Gastropoda,Basommatophora,Physidae,Mollusca,298,False,False,18,15,3,3,1,0,False,sparse_5_19,Limited (5-19 protective contexts),False,0.0020532525133369,extended_greedy_order,Limited direct protective support; interpret the rank with the reported uncertainty.
Cyprinodon variegatus,,Actinopterygii,Cyprinodontiformes,Cyprinodontidae,Chordata,299,False,False,15,13,0,0,1,14,True,sparse_5_19,Limited (5-19 protective contexts),True,0.004866307911024,extended_greedy_order,Limited direct protective support; interpret the rank with the reported uncertainty.
Rana cascadae,,Amphibia,Anura,Ranidae,Chordata,300,False,False,8,3,2,2,2,3,True,sparse_5_19,Limited (5-19 protective contexts),False,0.0051709756414049,extended_greedy_order,Limited direct protective support; interpret the rank with the reported uncertainty.
Baetis sp.,,Insecta,Ephemeroptera,Baetidae,Arthropoda,301,False,False,17,14,0,0,2,0,False,sparse_5_19,Limited (5-19 protective contexts),False,0.0017426281150155,extended_greedy_order,Limited direct protective support; interpret the rank with the reported uncertainty.
Aedes excrucians,,Insecta,Diptera,Culicidae,Arthropoda,302,False,False,10,10,0,0,1,10,True,sparse_5_19,Limited (5-19 protective contexts),False,0.0050291936888568,extended_greedy_order,Limited direct protective support; interpret the rank with the reported uncertainty.
Danio rerio,,Actinopterygii,Cypriniformes,Cyprinidae,Chordata,303,False,False,561,200,128,68,4,0,False,strong_50_plus,Strong (50+ protective contexts),False,0.000792036771736,extended_greedy_order,
Physa heterostropha,,Gastropoda,Basommatophora,Physidae,Mollusca,304,False,False,26,18,0,0,2,45,True,moderate_20_49,Moderate (20-49 protective contexts),False,0.0084821195037653,extended_greedy_order,
Culex gelidus,,Insecta,Diptera,Culicidae,Arthropoda,305,False,False,5,5,0,0,1,0,False,sparse_5_19,Limited (5-19 protective contexts),False,0.0043263560721118,extended_greedy_order,Limited direct protective support; interpret the rank with the reported uncertainty.
Canthocamptus sp.,,Maxillopoda,Harpacticoida,Canthocamptidae,Arthropoda,306,False,False,9,4,0,0,1,0,False,sparse_5_19,Limited (5-19 protective contexts),False,0.0033245100982786,extended_greedy_order,Limited direct protective support; interpret the rank with the reported uncertainty.
Brachionus caudatus,,Monogononta,Ploima,Brachionidae,Rotifera,307,False,False,1,1,0,0,1,0,False,very_sparse_1_4,Very limited (1-4 protective contexts),False,0.0046329607809498,extended_greedy_order,Very limited direct protective support; confirmatory testing is a high priority.
Aedes epactius,,Insecta,Diptera,Culicidae,Arthropoda,308,False,False,2,2,0,0,1,7,True,very_sparse_1_4,Very limited (1-4 protective contexts),False,0.0062868313471947,extended_greedy_order,Very limited direct protective support; confirmatory testing is a high priority.
Tallaperla maria,,Insecta,Plecoptera,Peltoperlidae,Arthropoda,309,False,False,15,12,0,0,2,5,True,sparse_5_19,Limited (5-19 protective contexts),False,0.0033818073224558,extended_greedy_order,Limited direct protective support; interpret the rank with the reported uncertainty.
Aedes vigilax,,Insecta,Diptera,Culicidae,Arthropoda,310,False,False,2,2,0,0,1,0,False,very_sparse_1_4,Very limited (1-4 protective contexts),False,0.0031334647459682,extended_greedy_order,Very limited direct protective support; confirmatory testing is a high priority.
Aedes funereus,,Insecta,Diptera,Culicidae,Arthropoda,311,False,False,1,1,0,0,1,0,False,very_sparse_1_4,Very limited (1-4 protective contexts),False,0.0044049812893715,extended_greedy_order,Very limited direct protective support; confirmatory testing is a high priority.
Lithobates blairi,,Amphibia,Anura,Ranidae,Chordata,312,False,False,4,1,0,0,1,10,True,very_sparse_1_4,Very limited (1-4 protective contexts),False,0.006735775972179,extended_greedy_order,Very limited direct protective support; confirmatory testing is a high priority.
Aedes cantator,,Insecta,Diptera,Culicidae,Arthropoda,313,False,False,1,1,0,0,1,4,True,very_sparse_1_4,Very limited (1-4 protective contexts),False,0.0054516656946559,extended_greedy_order,Very limited direct protective support; confirmatory testing is a high priority.
Aedes notoscriptus,,Insecta,Diptera,Culicidae,Arthropoda,314,False,False,1,1,0,0,1,1,True,very_sparse_1_4,Very limited (1-4 protective contexts),False,0.0046555570628239,extended_greedy_order,Very limited direct protective support; confirmatory testing is a high priority.
Aedes sp.,,Insecta,Diptera,Culicidae,Arthropoda,315,False,False,3,3,0,0,2,0,False,very_sparse_1_4,Very limited (1-4 protective contexts),False,0.0043899860721439,extended_greedy_order,Very limited direct protective support; confirmatory testing is a high priority.
Aedes euedes,,Insecta,Diptera,Culicidae,Arthropoda,316,False,False,1,1,0,0,1,2,True,very_sparse_1_4,Very limited (1-4 protective contexts),False,0.0049159712994113,extended_greedy_order,Very limited direct protective support; confirmatory testing is a high priority.
Notonecta maculata,,Insecta,Heteroptera,Notonectidae,Arthropoda,317,False,False,5,2,0,0,1,0,False,sparse_5_19,Limited (5-19 protective contexts),False,0.0044723562437488,extended_greedy_order,Limited direct protective support; interpret the rank with the reported uncertainty.
Oncorhynchus nerka,,Actinopterygii,Salmoniformes,Salmonidae,Chordata,318,False,False,41,28,2,2,2,1,True,moderate_20_49,Moderate (20-49 protective contexts),False,0.0020790205748651,extended_greedy_order,
Lithobates clamitans,,Amphibia,Anura,Ranidae,Chordata,319,False,False,12,8,0,0,1,36,True,sparse_5_19,Limited (5-19 protective contexts),False,0.0093732572053554,extended_greedy_order,Limited direct protective support; interpret the rank with the reported uncertainty.
Aedes koreicus,,Insecta,Diptera,Culicidae,Arthropoda,320,False,False,1,1,0,0,1,0,False,very_sparse_1_4,Very limited (1-4 protective contexts),False,0.0043829698869859,extended_greedy_order,Very limited direct protective support; confirmatory testing is a high priority.
Micropterus salmoides,,Actinopterygii,Perciformes,Centrarchidae,Chordata,321,False,False,165,116,49,29,3,18,True,strong_50_plus,Strong (50+ protective contexts),False,0.0022778882561048,extended_greedy_order,
Aedes diantaeus,,Insecta,Diptera,Culicidae,Arthropoda,322,False,False,2,1,0,0,1,5,True,very_sparse_1_4,Very limited (1-4 protective contexts),False,0.0056864668717958,extended_greedy_order,Very limited direct protective support; confirmatory testing is a high priority.
Aedes fitchii,,Insecta,Diptera,Culicidae,Arthropoda,323,False,False,2,1,0,0,1,12,True,very_sparse_1_4,Very limited (1-4 protective contexts),False,0.0075201024609179,extended_greedy_order,Very limited direct protective support; confirmatory testing is a high priority.
Aedes abserratus,,Insecta,Diptera,Culicidae,Arthropoda,324,False,False,2,1,0,0,1,3,True,very_sparse_1_4,Very limited (1-4 protective contexts),False,0.0051580923062662,extended_greedy_order,Very limited direct protective support; confirmatory testing is a high priority.
Aedes provocans,,Insecta,Diptera,Culicidae,Arthropoda,325,False,False,3,2,0,0,1,9,True,very_sparse_1_4,Very limited (1-4 protective contexts),False,0.0067306594284621,extended_greedy_order,Very limited direct protective support; confirmatory testing is a high priority.
Oncorhynchus keta,,Actinopterygii,Salmoniformes,Salmonidae,Chordata,326,False,False,20,18,3,3,1,4,True,moderate_20_49,Moderate (20-49 protective contexts),False,0.0024033616840384,extended_greedy_order,
Leptodea fragilis,,Bivalvia,Unionoida,Unionidae,Mollusca,327,False,False,11,6,0,0,1,23,True,sparse_5_19,Limited (5-19 protective contexts),False,0.0075622121653632,extended_greedy_order,Limited direct protective support; interpret the rank with the reported uncertainty.
Aplexa hypnorum,,Gastropoda,Basommatophora,Physidae,Mollusca,328,False,False,14,11,0,0,1,0,False,sparse_5_19,Limited (5-19 protective contexts),False,0.0045522518694931,extended_greedy_order,Limited direct protective support; interpret the rank with the reported uncertainty.
Ambystoma texanum,,Amphibia,Caudata,Ambystomatidae,Chordata,329,False,False,4,2,1,1,1,16,True,very_sparse_1_4,Very limited (1-4 protective contexts),False,0.0049565257514091,extended_greedy_order,Very limited direct protective support; confirmatory testing is a high priority.
Chaoborus sp.,,Insecta,Diptera,Chaoboridae,Arthropoda,330,False,False,13,11,0,0,1,0,False,sparse_5_19,Limited (5-19 protective contexts),False,0.0031364789895594,extended_greedy_order,Limited direct protective support; interpret the rank with the reported uncertainty.
Notonecta undulata,,Insecta,Heteroptera,Notonectidae,Arthropoda,331,False,False,10,10,0,0,1,30,True,sparse_5_19,Limited (5-19 protective contexts),False,0.0087831981699515,extended_greedy_order,Limited direct protective support; interpret the rank with the reported uncertainty.
Hyla meridionalis,,Amphibia,Anura,Hylidae,Chordata,332,False,False,5,3,0,0,2,0,False,sparse_5_19,Limited (5-19 protective contexts),False,0.0043612660408097,extended_greedy_order,Limited direct protective support; interpret the rank with the reported uncertainty.
Culex vagans,,Insecta,Diptera,Culicidae,Arthropoda,333,False,False,2,2,0,0,1,0,False,very_sparse_1_4,Very limited (1-4 protective contexts),False,0.0041996914929445,extended_greedy_order,Very limited direct protective support; confirmatory testing is a high priority.
Ambystoma sp.,,Amphibia,Caudata,Ambystomatidae,Chordata,334,False,False,2,2,0,0,1,0,False,very_sparse_1_4,Very limited (1-4 protective contexts),False,0.0044103793473305,extended_greedy_order,Very limited direct protective support; confirmatory testing is a high priority.
Oncorhynchus gorbuscha,,Actinopterygii,Salmoniformes,Salmonidae,Chordata,335,False,False,19,18,1,1,1,3,True,sparse_5_19,Limited (5-19 protective contexts),False,0.0029132763487371,extended_greedy_order,Limited direct protective support; interpret the rank with the reported uncertainty.
Etheostoma spectabile,,Actinopterygii,Perciformes,Percidae,Chordata,336,False,False,9,7,0,0,1,12,True,sparse_5_19,Limited (5-19 protective contexts),False,0.0044932408600992,extended_greedy_order,Limited direct protective support; interpret the rank with the reported uncertainty.
Diaptomus forbesi,,Maxillopoda,Calanoida,Diaptomidae,Arthropoda,337,False,False,13,12,0,0,1,0,False,sparse_5_19,Limited (5-19 protective contexts),False,0.0026649746531111,extended_greedy_order,Limited direct protective support; interpret the rank with the reported uncertainty.
Aedes caspius,,Insecta,Diptera,Culicidae,Arthropoda,338,False,False,2,2,0,0,1,0,False,very_sparse_1_4,Very limited (1-4 protective contexts),False,0.0030539628303124,extended_greedy_order,Very limited direct protective support; confirmatory testing is a high priority.
Aedes cinereus,,Insecta,Diptera,Culicidae,Arthropoda,339,False,False,3,1,0,0,1,6,True,very_sparse_1_4,Very limited (1-4 protective contexts),False,0.0058658261214758,extended_greedy_order,Very limited direct protective support; confirmatory testing is a high priority.
Lepomis cyanellus,,Actinopterygii,Perciformes,Centrarchidae,Chordata,340,False,False,93,80,23,22,2,15,True,strong_50_plus,Strong (50+ protective contexts),False,0.0030265670660535,extended_greedy_order,
Culex alpicalis,,Insecta,Diptera,Culicidae,Arthropoda,341,False,False,1,1,0,0,1,1,True,very_sparse_1_4,Very limited (1-4 protective contexts),False,0.0044219372322845,extended_greedy_order,Very limited direct protective support; confirmatory testing is a high priority.
Culex annulirostris,,Insecta,Diptera,Culicidae,Arthropoda,342,False,False,5,5,0,0,1,0,False,sparse_5_19,Limited (5-19 protective contexts),False,0.0024129976743278,extended_greedy_order,Limited direct protective support; interpret the rank with the reported uncertainty.
Rana arvalis,,Amphibia,Anura,Ranidae,Chordata,343,False,False,5,2,1,1,1,0,False,sparse_5_19,Limited (5-19 protective contexts),False,0.00421155093273,extended_greedy_order,Limited direct protective support; interpret the rank with the reported uncertainty.
Chaoborus punctipennis,,Insecta,Diptera,Chaoboridae,Arthropoda,344,False,False,1,1,0,0,1,39,True,very_sparse_1_4,Very limited (1-4 protective contexts),False,0.0146492738556697,extended_greedy_order,Very limited direct protective support; confirmatory testing is a high priority.
Anacystis aeruginosa,,Cyanophyceae,Chroococcales,Chroococcaceae,Cyanophycota,345,False,False,16,15,8,8,2,0,False,sparse_5_19,Limited (5-19 protective contexts),False,0.0045436123156105,extended_greedy_order,Limited direct protective support; interpret the rank with the reported uncertainty.
Myriophyllum aquaticum,,Magnoliopsida,Haloragales,Haloragaceae,Magnoliophyta,346,False,False,9,6,4,3,1,2,True,sparse_5_19,Limited (5-19 protective contexts),False,0.005085637449595,extended_greedy_order,Limited direct protective support; interpret the rank with the reported uncertainty.
Ambystoma tigrinum,,Amphibia,Caudata,Ambystomatidae,Chordata,347,False,False,23,8,0,0,2,26,True,moderate_20_49,Moderate (20-49 protective contexts),False,0.0055805345973426,extended_greedy_order,
Chaoborus astictopus,,Insecta,Diptera,Chaoboridae,Arthropoda,348,False,False,1,1,0,0,1,2,True,very_sparse_1_4,Very limited (1-4 protective contexts),False,0.0048994705801994,extended_greedy_order,Very limited direct protective support; confirmatory testing is a high priority.
Culex salinarius,,Insecta,Diptera,Culicidae,Arthropoda,349,False,False,1,1,0,0,1,17,True,very_sparse_1_4,Very limited (1-4 protective contexts),False,0.0059159229659216,extended_greedy_order,Very limited direct protective support; confirmatory testing is a high priority.
Aedes cyprius,,Insecta,Diptera,Culicidae,Arthropoda,350,False,False,3,1,0,0,2,0,False,very_sparse_1_4,Very limited (1-4 protective contexts),False,0.0030386023602959,extended_greedy_order,Very limited direct protective support; confirmatory testing is a high priority.
Ambystoma macrodactylum,,Amphibia,Caudata,Ambystomatidae,Chordata,351,False,False,9,5,2,2,1,6,True,sparse_5_19,Limited (5-19 protective contexts),False,0.0042217181569395,extended_greedy_order,Limited direct protective support; interpret the rank with the reported uncertainty.
Culex restuans,,Insecta,Diptera,Culicidae,Arthropoda,352,False,False,9,6,0,0,1,29,True,sparse_5_19,Limited (5-19 protective contexts),False,0.011385176192543,extended_greedy_order,Limited direct protective support; interpret the rank with the reported uncertainty.
Chaoborus americanus,,Insecta,Diptera,Chaoboridae,Arthropoda,353,False,False,1,1,0,0,1,0,False,very_sparse_1_4,Very limited (1-4 protective contexts),False,0.0043664154369386,extended_greedy_order,Very limited direct protective support; confirmatory testing is a high priority.
Lithobates grylio,,Amphibia,Anura,Ranidae,Chordata,354,False,False,9,2,1,1,1,7,True,sparse_5_19,Limited (5-19 protective contexts),False,0.0057523526031315,extended_greedy_order,Limited direct protective support; interpret the rank with the reported uncertainty.
Aedes atropalpus,,Insecta,Diptera,Culicidae,Arthropoda,355,False,False,3,3,0,0,1,9,True,very_sparse_1_4,Very limited (1-4 protective contexts),False,0.0065770205032448,extended_greedy_order,Very limited direct protective support; confirmatory testing is a high priority.
Micropterus dolomieu,,Actinopterygii,Perciformes,Centrarchidae,Chordata,356,False,False,41,33,2,1,2,6,True,moderate_20_49,Moderate (20-49 protective contexts),False,0.0023364600602689,extended_greedy_order,
Rana luteiventris,,Amphibia,Anura,Ranidae,Chordata,357,False,False,2,1,0,0,1,8,True,very_sparse_1_4,Very limited (1-4 protective contexts),False,0.0061465953118168,extended_greedy_order,Very limited direct protective support; confirmatory testing is a high priority.
Aedes togoi,,Insecta,Diptera,Culicidae,Arthropoda,358,False,False,5,5,0,0,1,1,True,sparse_5_19,Limited (5-19 protective contexts),False,0.004518889633111,extended_greedy_order,Limited direct protective support; interpret the rank with the reported uncertainty.
Aedes sollicitans,,Insecta,Diptera,Culicidae,Arthropoda,359,False,False,6,4,0,0,1,26,True,sparse_5_19,Limited (5-19 protective contexts),False,0.0077151356802014,extended_greedy_order,Limited direct protective support; interpret the rank with the reported uncertainty.
Lecane hamata,,Monogononta,Ploima,Lecanidae,Rotifera,360,False,False,9,7,0,0,1,0,False,sparse_5_19,Limited (5-19 protective contexts),False,0.0026522931709701,extended_greedy_order,Limited direct protective support; interpret the rank with the reported uncertainty.
Rana muscosa,,Amphibia,Anura,Ranidae,Chordata,361,False,False,2,1,0,0,1,1,True,very_sparse_1_4,Very limited (1-4 protective contexts),False,0.0043960367317554,extended_greedy_order,Very limited direct protective support; confirmatory testing is a high priority.
Hydropsyche siltalai,,Insecta,Trichoptera,Hydropsychidae,Arthropoda,362,False,False,5,4,0,0,1,0,False,sparse_5_19,Limited (5-19 protective contexts),False,0.0030233231952358,extended_greedy_order,Limited direct protective support; interpret the rank with the reported uncertainty.
Gasterosteus aculeatus,,Actinopterygii,Gasterosteiformes,Gasterosteidae,Chordata,363,False,False,68,42,2,2,3,5,True,strong_50_plus,Strong (50+ protective contexts),False,0.0024006820388673,extended_greedy_order,
Drunella grandis,,Insecta,Ephemeroptera,Ephemerellidae,Arthropoda,364,False,False,24,17,0,0,1,7,True,moderate_20_49,Moderate (20-49 protective contexts),False,0.0035901599313164,extended_greedy_order,
Aedes canadensis,,Insecta,Diptera,Culicidae,Arthropoda,365,False,False,6,5,0,0,2,32,True,sparse_5_19,Limited (5-19 protective contexts),False,0.0123895652405926,extended_greedy_order,Limited direct protective support; interpret the rank with the reported uncertainty.
Faxonius rusticus,,Malacostraca,Decapoda,Cambaridae,Arthropoda,366,False,False,19,16,3,2,4,1,True,sparse_5_19,Limited (5-19 protective contexts),False,0.0027772396456122,extended_greedy_order,Limited direct protective support; interpret the rank with the reported uncertainty.
Aedes trivittatus,,Insecta,Diptera,Culicidae,Arthropoda,367,False,False,4,2,0,0,1,33,True,very_sparse_1_4,Very limited (1-4 protective contexts),False,0.0126298525256312,extended_greedy_order,Very limited direct protective support; confirmatory testing is a high priority.
Diaptomus clavipes,,Maxillopoda,Calanoida,Diaptomidae,Arthropoda,368,False,False,1,1,0,0,1,0,False,very_sparse_1_4,Very limited (1-4 protective contexts),False,0.0045712794229056,extended_greedy_order,Very limited direct protective support; confirmatory testing is a high priority.
Paratanytarsus dissimilis,,Insecta,Diptera,Chironomidae,Arthropoda,369,False,False,3,2,0,0,1,1,True,very_sparse_1_4,Very limited (1-4 protective contexts),False,0.0043157755712454,extended_greedy_order,Very limited direct protective support; confirmatory testing is a high priority.
Culex melanurus,,Insecta,Diptera,Culicidae,Arthropoda,370,False,False,2,2,0,0,2,14,True,very_sparse_1_4,Very limited (1-4 protective contexts),False,0.0074874578894596,extended_greedy_order,Very limited direct protective support; confirmatory testing is a high priority.
Paratanytarsus sp.,,Insecta,Diptera,Chironomidae,Arthropoda,371,False,False,3,3,0,0,1,0,False,very_sparse_1_4,Very limited (1-4 protective contexts),False,0.0040696281620948,extended_greedy_order,Very limited direct protective support; confirmatory testing is a high priority.
Streptocephalus seali,,Branchiopoda,Anostraca,Streptocephalidae,Arthropoda,372,False,False,6,6,0,0,1,6,True,sparse_5_19,Limited (5-19 protective contexts),False,0.0028592728496493,extended_greedy_order,Limited direct protective support; interpret the rank with the reported uncertainty.
Anaxyrus boreas,,Amphibia,Anura,Bufonidae,Chordata,373,False,False,24,8,6,6,1,11,True,moderate_20_49,Moderate (20-49 protective contexts),False,0.0051090392375284,extended_greedy_order,
Perca sp.,,Actinopterygii,Perciformes,Percidae,Chordata,374,False,False,11,11,0,0,1,0,False,sparse_5_19,Limited (5-19 protective contexts),False,0.0025616609374943,extended_greedy_order,Limited direct protective support; interpret the rank with the reported uncertainty.
Culex vishnui,,Insecta,Diptera,Culicidae,Arthropoda,375,False,False,2,1,0,0,1,0,False,very_sparse_1_4,Very limited (1-4 protective contexts),False,0.0040450242901586,extended_greedy_order,Very limited direct protective support; confirmatory testing is a high priority.
Glyptotendipes paripes,,Insecta,Diptera,Chironomidae,Arthropoda,376,False,False,10,10,0,0,1,3,True,sparse_5_19,Limited (5-19 protective contexts),False,0.0027817588822562,extended_greedy_order,Limited direct protective support; interpret the rank with the reported uncertainty.
Lithobates heckscheri,,Amphibia,Anura,Ranidae,Chordata,377,False,False,9,2,0,0,2,3,True,sparse_5_19,Limited (5-19 protective contexts),False,0.0046713832661019,extended_greedy_order,Limited direct protective support; interpret the rank with the reported uncertainty.
Notonecta indica,,Insecta,Heteroptera,Notonectidae,Arthropoda,378,False,False,4,4,0,0,1,7,True,very_sparse_1_4,Very limited (1-4 protective contexts),False,0.0061170673739019,extended_greedy_order,Very limited direct protective support; confirmatory testing is a high priority.
Brachionus havanaensis,,Monogononta,Ploima,Brachionidae,Rotifera,379,False,False,1,1,0,0,1,2,True,very_sparse_1_4,Very limited (1-4 protective contexts),False,0.0050506351631508,extended_greedy_order,Very limited direct protective support; confirmatory testing is a high priority.
Rana limnocharis,,Amphibia,Anura,Ranidae,Chordata,380,False,False,5,3,0,0,1,0,False,sparse_5_19,Limited (5-19 protective contexts),False,0.0028806384994175,extended_greedy_order,Limited direct protective support; interpret the rank with the reported uncertainty.
Brachionus plicatilis,,Monogononta,Ploima,Brachionidae,Rotifera,381,False,False,3,3,0,0,1,0,False,very_sparse_1_4,Very limited (1-4 protective contexts),False,0.0045120443536668,extended_greedy_order,Very limited direct protective support; confirmatory testing is a high priority.
Culex peus,,Insecta,Diptera,Culicidae,Arthropoda,382,False,False,2,2,0,0,1,1,True,very_sparse_1_4,Very limited (1-4 protective contexts),False,0.004263967318918,extended_greedy_order,Very limited direct protective support; confirmatory testing is a high priority.
Aedes stimulans,,Insecta,Diptera,Culicidae,Arthropoda,383,False,False,4,4,0,0,1,8,True,very_sparse_1_4,Very limited (1-4 protective contexts),False,0.0062086378562817,extended_greedy_order,Very limited direct protective support; confirmatory testing is a high priority.
Hydropsyche bulbifera,,Insecta,Trichoptera,Hydropsychidae,Arthropoda,384,False,False,1,1,1,1,2,0,False,very_sparse_1_4,Very limited (1-4 protective contexts),False,0.0042182036008324,extended_greedy_order,Very limited direct protective support; confirmatory testing is a high priority.
Velesunio angasi,,Bivalvia,Unionoida,Hyriidae,Mollusca,385,False,False,1,1,0,0,1,0,False,very_sparse_1_4,Very limited (1-4 protective contexts),False,0.0045059615695894,extended_greedy_order,Very limited direct protective support; confirmatory testing is a high priority.
Hydropsyche lobata,,Insecta,Trichoptera,Hydropsychidae,Arthropoda,386,False,False,1,1,1,1,2,0,False,very_sparse_1_4,Very limited (1-4 protective contexts),False,0.0042175779197999,extended_greedy_order,Very limited direct protective support; confirmatory testing is a high priority.
Poecilia sphenops,,Actinopterygii,Cyprinodontiformes,Poeciliidae,Chordata,387,False,False,1,1,0,0,1,5,True,very_sparse_1_4,Very limited (1-4 protective contexts),False,0.0050573304944598,extended_greedy_order,Very limited direct protective support; confirmatory testing is a high priority.
Rana sp.,,Amphibia,Anura,Ranidae,Chordata,388,False,False,2,2,1,1,1,0,False,very_sparse_1_4,Very limited (1-4 protective contexts),False,0.0040376555743598,extended_greedy_order,Very limited direct protective support; confirmatory testing is a high priority.
Streptocephalus dichotomus,,Branchiopoda,Anostraca,Streptocephalidae,Arthropoda,389,False,False,1,1,0,0,1,0,False,very_sparse_1_4,Very limited (1-4 protective contexts),False,0.0041366259819019,extended_greedy_order,Very limited direct protective support; confirmatory testing is a high priority.
Claassenia sabulosa,,Insecta,Plecoptera,Perlidae,Arthropoda,390,False,False,10,10,0,0,1,11,True,sparse_5_19,Limited (5-19 protective contexts),False,0.0050686860580089,extended_greedy_order,Limited direct protective support; interpret the rank with the reported uncertainty.
Etheostoma caeruleum,,Actinopterygii,Perciformes,Percidae,Chordata,391,False,False,6,3,0,0,1,15,True,sparse_5_19,Limited (5-19 protective contexts),False,0.0059209176116833,extended_greedy_order,Limited direct protective support; interpret the rank with the reported uncertainty.
Rana chensinensis,,Amphibia,Anura,Ranidae,Chordata,392,False,False,2,1,0,0,2,0,False,very_sparse_1_4,Very limited (1-4 protective contexts),False,0.004018033532483,extended_greedy_order,Very limited direct protective support; confirmatory testing is a high priority.
Ambystoma opacum,,Amphibia,Caudata,Ambystomatidae,Chordata,393,False,False,17,14,1,1,1,27,True,sparse_5_19,Limited (5-19 protective contexts),False,0.0112458382214586,extended_greedy_order,Limited direct protective support; interpret the rank with the reported uncertainty.
Hydropsyche occidentalis,,Insecta,Trichoptera,Hydropsychidae,Arthropoda,394,False,False,2,2,0,0,1,2,True,very_sparse_1_4,Very limited (1-4 protective contexts),False,0.0046924900099603,extended_greedy_order,Very limited direct protective support; confirmatory testing is a high priority.
Culiseta inornata,,Insecta,Diptera,Culicidae,Arthropoda,395,False,False,1,1,0,0,1,30,True,very_sparse_1_4,Very limited (1-4 protective contexts),False,0.0116500097625413,extended_greedy_order,Very limited direct protective support; confirmatory testing is a high priority.
Culex sitiens,,Insecta,Diptera,Culicidae,Arthropoda,396,False,False,3,3,0,0,1,0,False,very_sparse_1_4,Very limited (1-4 protective contexts),False,0.003960685129293,extended_greedy_order,Very limited direct protective support; confirmatory testing is a high priority.
Culex fuscocephala,,Insecta,Diptera,Culicidae,Arthropoda,397,False,False,6,6,0,0,1,0,False,sparse_5_19,Limited (5-19 protective contexts),False,0.0028002795436007,extended_greedy_order,Limited direct protective support; interpret the rank with the reported uncertainty.
Micropterus sp.,,Actinopterygii,Perciformes,Centrarchidae,Chordata,398,False,False,1,1,0,0,1,0,False,very_sparse_1_4,Very limited (1-4 protective contexts),False,0.0043573236927781,extended_greedy_order,Very limited direct protective support; confirmatory testing is a high priority.
Asellus hilgendorfii,,Malacostraca,Isopoda,Asellidae,Arthropoda,399,False,False,3,3,0,0,1,0,False,very_sparse_1_4,Very limited (1-4 protective contexts),False,0.004369600367319,extended_greedy_order,Very limited direct protective support; confirmatory testing is a high priority.
Rana boylii,,Amphibia,Anura,Ranidae,Chordata,400,False,False,25,7,7,4,2,2,True,moderate_20_49,Moderate (20-49 protective contexts),False,0.0026310306893282,extended_greedy_order,
Villosa fabalis,,Bivalvia,Unionoida,Unionidae,Mollusca,401,False,False,1,1,0,0,1,2,True,very_sparse_1_4,Very limited (1-4 protective contexts),False,0.0048837140628323,extended_greedy_order,Very limited direct protective support; confirmatory testing is a high priority.
Culiseta longiareolata,,Insecta,Diptera,Culicidae,Arthropoda,402,False,False,1,1,0,0,1,0,False,very_sparse_1_4,Very limited (1-4 protective contexts),False,0.0041429260485446,extended_greedy_order,Very limited direct protective support; confirmatory testing is a high priority.
Deleatidium sp.,,Insecta,Ephemeroptera,Leptophlebiidae,Arthropoda,403,False,False,21,13,1,1,3,0,False,moderate_20_49,Moderate (20-49 protective contexts),False,0.0021730140073541,extended_greedy_order,
Streptocephalus torvicornis,,Branchiopoda,Anostraca,Streptocephalidae,Arthropoda,404,False,False,3,3,3,3,1,0,False,very_sparse_1_4,Very limited (1-4 protective contexts),False,0.0023740679539859,extended_greedy_order,Very limited direct protective support; confirmatory testing is a high priority.
Hexagenia rigida,,Insecta,Ephemeroptera,Ephemeridae,Arthropoda,405,False,False,5,3,0,0,1,2,True,sparse_5_19,Limited (5-19 protective contexts),False,0.0048330378411615,extended_greedy_order,Limited direct protective support; interpret the rank with the reported uncertainty.
Aedes polynesiensis,,Insecta,Diptera,Culicidae,Arthropoda,406,False,False,6,6,0,0,1,0,False,sparse_5_19,Limited (5-19 protective contexts),False,0.0023878650785786,extended_greedy_order,Limited direct protective support; interpret the rank with the reported uncertainty.
Hydropsyche elissoma,,Insecta,Trichoptera,Hydropsychidae,Arthropoda,407,False,False,1,1,0,0,1,0,False,very_sparse_1_4,Very limited (1-4 protective contexts),False,0.0041268716735605,extended_greedy_order,Very limited direct protective support; confirmatory testing is a high priority.
Rana pretiosa,,Amphibia,Anura,Ranidae,Chordata,408,False,False,4,2,2,2,1,2,True,very_sparse_1_4,Very limited (1-4 protective contexts),False,0.0044479963917907,extended_greedy_order,Very limited direct protective support; confirmatory testing is a high priority.
Ambystoma barbouri,,Amphibia,Caudata,Ambystomatidae,Chordata,409,False,False,14,3,4,3,2,4,True,sparse_5_19,Limited (5-19 protective contexts),False,0.0037347346205941,extended_greedy_order,Limited direct protective support; interpret the rank with the reported uncertainty.
Physalaemus santafecinus,,Amphibia,Anura,Leptodactylidae,Chordata,410,False,False,2,1,0,0,1,0,False,very_sparse_1_4,Very limited (1-4 protective contexts),False,0.0031194325097168,extended_greedy_order,Very limited direct protective support; confirmatory testing is a high priority.
Hydropsyche sparna,,Insecta,Trichoptera,Hydropsychidae,Arthropoda,411,False,False,1,1,0,0,1,9,True,very_sparse_1_4,Very limited (1-4 protective contexts),False,0.006339690797583,extended_greedy_order,Very limited direct protective support; confirmatory testing is a high priority.
Villosa constricta,,Bivalvia,Unionoida,Unionidae,Mollusca,412,False,False,1,1,0,0,1,0,False,very_sparse_1_4,Very limited (1-4 protective contexts),False,0.0043310376288099,extended_greedy_order,Very limited direct protective support; confirmatory testing is a high priority.
Baetis tricaudatus,,Insecta,Ephemeroptera,Baetidae,Arthropoda,413,False,False,13,8,1,1,1,21,True,sparse_5_19,Limited (5-19 protective contexts),False,0.009709535909153,extended_greedy_order,Limited direct protective support; interpret the rank with the reported uncertainty.
Pseudacris crucifer,,Amphibia,Anura,Hylidae,Chordata,414,False,False,20,10,0,0,1,35,True,moderate_20_49,Moderate (20-49 protective contexts),False,0.0091927926347298,extended_greedy_order,
Poecilia mexicana,,Actinopterygii,Cyprinodontiformes,Poeciliidae,Chordata,415,False,False,2,1,0,0,1,0,False,very_sparse_1_4,Very limited (1-4 protective contexts),False,0.0037412992800303,extended_greedy_order,Very limited direct protective support; confirmatory testing is a high priority.
Hydropsyche exocellata,,Insecta,Trichoptera,Hydropsychidae,Arthropoda,416,False,False,3,2,1,1,2,0,False,very_sparse_1_4,Very limited (1-4 protective contexts),False,0.0041215502165058,extended_greedy_order,Very limited direct protective support; confirmatory testing is a high priority.
Rasbora heteromorpha,,Actinopterygii,Cypriniformes,Cyprinidae,Chordata,417,False,False,42,40,0,0,1,0,False,moderate_20_49,Moderate (20-49 protective contexts),False,0.0017127594103416,extended_greedy_order,
Ambystoma gracile,,Amphibia,Caudata,Ambystomatidae,Chordata,418,False,False,10,5,2,2,1,3,True,sparse_5_19,Limited (5-19 protective contexts),False,0.0035352907011475,extended_greedy_order,Limited direct protective support; interpret the rank with the reported uncertainty.
Villosa delumbis,,Bivalvia,Unionoida,Unionidae,Mollusca,419,False,False,1,1,0,0,1,3,True,very_sparse_1_4,Very limited (1-4 protective contexts),False,0.005098568874569,extended_greedy_order,Very limited direct protective support; confirmatory testing is a high priority.
Etheostoma lepidum,,Actinopterygii,Perciformes,Percidae,Chordata,420,False,False,8,5,0,0,1,3,True,sparse_5_19,Limited (5-19 protective contexts),False,0.0036362310033982,extended_greedy_order,Limited direct protective support; interpret the rank with the reported uncertainty.
Acroperus harpae,,Branchiopoda,Diplostraca,Chydoridae,Arthropoda,421,False,False,1,1,0,0,1,5,True,very_sparse_1_4,Very limited (1-4 protective contexts),False,0.003676073910944,extended_greedy_order,Very limited direct protective support; confirmatory testing is a high priority.
Procambarus clarkii,,Malacostraca,Decapoda,Cambaridae,Arthropoda,422,False,False,86,55,12,12,3,9,True,strong_50_plus,Strong (50+ protective contexts),False,0.002014156726076,extended_greedy_order,
Disparalona rostrata,,Branchiopoda,Diplostraca,Chydoridae,Arthropoda,423,False,False,1,1,0,0,1,0,False,very_sparse_1_4,Very limited (1-4 protective contexts),False,0.0028269233303949,extended_greedy_order,Very limited direct protective support; confirmatory testing is a high priority.
Cnesterodon decemmaculatus,,Actinopterygii,Cyprinodontiformes,Poeciliidae,Chordata,424,False,False,17,11,1,1,2,0,False,sparse_5_19,Limited (5-19 protective contexts),False,0.0029055488042227,extended_greedy_order,Limited direct protective support; interpret the rank with the reported uncertainty.
Acroperus elongatus,,Branchiopoda,Diplostraca,Chydoridae,Arthropoda,425,False,False,3,2,0,0,1,0,False,very_sparse_1_4,Very limited (1-4 protective contexts),False,0.0028265687531445,extended_greedy_order,Very limited direct protective support; confirmatory testing is a high priority.
Caenis horaria,,Insecta,Ephemeroptera,Caenidae,Arthropoda,426,False,False,11,3,1,1,1,2,True,sparse_5_19,Limited (5-19 protective contexts),False,0.0025593397431763,extended_greedy_order,Limited direct protective support; interpret the rank with the reported uncertainty.
Corynoneura sp.,,Insecta,Diptera,Chironomidae,Arthropoda,427,False,False,1,1,0,0,1,0,False,very_sparse_1_4,Very limited (1-4 protective contexts),False,0.0038099752461647,extended_greedy_order,Very limited direct protective support; confirmatory testing is a high priority.
Fallceon quilleri,,Insecta,Ephemeroptera,Baetidae,Arthropoda,428,False,False,1,1,1,1,1,3,True,very_sparse_1_4,Very limited (1-4 protective contexts),False,0.0049523837783564,extended_greedy_order,Very limited direct protective support; confirmatory testing is a high priority.
Aedes nigromaculis,,Insecta,Diptera,Culicidae,Arthropoda,429,False,False,11,11,0,0,1,11,True,sparse_5_19,Limited (5-19 protective contexts),False,0.0047355871181076,extended_greedy_order,Limited direct protective support; interpret the rank with the reported uncertainty.
Physalaemus nattereri,,Amphibia,Anura,Leptodactylidae,Chordata,430,False,False,1,1,0,0,1,0,False,very_sparse_1_4,Very limited (1-4 protective contexts),False,0.0043835958104963,extended_greedy_order,Very limited direct protective support; confirmatory testing is a high priority.
Diaphanosoma brachyurum,,Branchiopoda,Cladocera,Sididae,Arthropoda,431,False,False,7,7,0,0,1,0,False,sparse_5_19,Limited (5-19 protective contexts),False,0.0028969292838362,extended_greedy_order,Limited direct protective support; interpret the rank with the reported uncertainty.
Culex sp.,,Insecta,Diptera,Culicidae,Arthropoda,432,False,False,10,10,0,0,2,0,False,sparse_5_19,Limited (5-19 protective contexts),False,0.0027189553343994,extended_greedy_order,Limited direct protective support; interpret the rank with the reported uncertainty.
Spicodiaptomus chelospinus,,Maxillopoda,Calanoida,Diaptomidae,Arthropoda,433,False,False,9,9,0,0,1,0,False,sparse_5_19,Limited (5-19 protective contexts),False,0.0031546759880581,extended_greedy_order,Limited direct protective support; interpret the rank with the reported uncertainty.
Culex nigripalpus,,Insecta,Diptera,Culicidae,Arthropoda,434,False,False,7,7,0,0,1,7,True,sparse_5_19,Limited (5-19 protective contexts),False,0.0031124930434595,extended_greedy_order,Limited direct protective support; interpret the rank with the reported uncertainty.
Rana sierrae,,Amphibia,Anura,Ranidae,Chordata,435,False,False,8,3,0,0,1,1,True,sparse_5_19,Limited (5-19 protective contexts),False,0.0029271709448116,extended_greedy_order,Limited direct protective support; interpret the rank with the reported uncertainty.
Carassius auratus,,Actinopterygii,Cypriniformes,Cyprinidae,Chordata,436,False,False,338,223,45,37,4,0,False,strong_50_plus,Strong (50+ protective contexts),False,0.0008271871693936,extended_greedy_order,
Lemna sp.,,Liliopsida,Arales,Lemnaceae,Magnoliophyta,437,False,False,7,6,5,3,1,0,False,sparse_5_19,Limited (5-19 protective contexts),False,0.003181902414488,extended_greedy_order,Limited direct protective support; interpret the rank with the reported uncertainty.
Obliquaria reflexa,,Bivalvia,Unionoida,Unionidae,Mollusca,438,False,False,7,7,0,0,1,20,True,sparse_5_19,Limited (5-19 protective contexts),False,0.0093220126735828,extended_greedy_order,Limited direct protective support; interpret the rank with the reported uncertainty.
Anopheles culicifacies,,Insecta,Diptera,Culicidae,Arthropoda,439,False,False,10,6,0,0,2,0,False,sparse_5_19,Limited (5-19 protective contexts),False,0.0023764388492402,extended_greedy_order,Limited direct protective support; interpret the rank with the reported uncertainty.
Aedes triseriatus,,Insecta,Diptera,Culicidae,Arthropoda,440,False,False,8,3,0,0,2,36,True,sparse_5_19,Limited (5-19 protective contexts),False,0.0089582427134346,extended_greedy_order,Limited direct protective support; interpret the rank with the reported uncertainty.
Poecilia latipinna,,Actinopterygii,Cyprinodontiformes,Poeciliidae,Chordata,441,False,False,11,10,1,1,1,7,True,sparse_5_19,Limited (5-19 protective contexts),False,0.0029517546891708,extended_greedy_order,Limited direct protective support; interpret the rank with the reported uncertainty.
Camptocercus lilljeborgi,,Branchiopoda,Diplostraca,Chydoridae,Arthropoda,442,False,False,1,1,0,0,1,0,False,very_sparse_1_4,Very limited (1-4 protective contexts),False,0.003899219674191,extended_greedy_order,Very limited direct protective support; confirmatory testing is a high priority.
Asellus militaris,,Malacostraca,Isopoda,Asellidae,Arthropoda,443,False,False,6,5,0,0,3,1,True,sparse_5_19,Limited (5-19 protective contexts),False,0.0045201217631712,extended_greedy_order,Limited direct protective support; interpret the rank with the reported uncertainty.
Pleuroxus truncatus,,Branchiopoda,Diplostraca,Chydoridae,Arthropoda,444,False,False,1,1,0,0,1,0,False,very_sparse_1_4,Very limited (1-4 protective contexts),False,0.0027566550976634,extended_greedy_order,Very limited direct protective support; confirmatory testing is a high priority.
Physalaemus gracilis,,Amphibia,Anura,Leptodactylidae,Chordata,445,False,False,2,1,1,1,1,0,False,very_sparse_1_4,Very limited (1-4 protective contexts),False,0.0043428716041296,extended_greedy_order,Very limited direct protective support; confirmatory testing is a high priority.
Ctenopharyngodon idella,,Actinopterygii,Cypriniformes,Cyprinidae,Chordata,446,False,False,65,47,8,6,3,0,False,strong_50_plus,Strong (50+ protective contexts),False,0.001352800369415,extended_greedy_order,
Physalaemus biligonigerus,,Amphibia,Anura,Leptodactylidae,Chordata,447,False,False,1,1,0,0,1,0,False,very_sparse_1_4,Very limited (1-4 protective contexts),False,0.0043425453945268,extended_greedy_order,Very limited direct protective support; confirmatory testing is a high priority.
Rana aurora,,Amphibia,Anura,Ranidae,Chordata,448,False,False,15,6,2,2,2,3,True,sparse_5_19,Limited (5-19 protective contexts),False,0.0032189325540962,extended_greedy_order,Limited direct protective support; interpret the rank with the reported uncertainty.
Bufo quercicus,,Amphibia,Anura,Bufonidae,Chordata,449,False,False,1,1,1,1,1,7,True,very_sparse_1_4,Very limited (1-4 protective contexts),False,0.0056940566999628,extended_greedy_order,Very limited direct protective support; confirmatory testing is a high priority.
Streptocephalus sudanicus,,Branchiopoda,Anostraca,Streptocephalidae,Arthropoda,450,False,False,9,9,0,0,1,0,False,sparse_5_19,Limited (5-19 protective contexts),False,0.0017630749147433,extended_greedy_order,Limited direct protective support; interpret the rank with the reported uncertainty.
Villosa villosa,,Bivalvia,Unionoida,Unionidae,Mollusca,451,False,False,2,2,0,0,2,2,True,very_sparse_1_4,Very limited (1-4 protective contexts),False,0.0047451100626057,extended_greedy_order,Very limited direct protective support; confirmatory testing is a high priority.
Vallisneria americana,,Liliopsida,Hydrocharitales,Hydrocharitaceae,Magnoliophyta,452,False,False,22,18,6,6,1,28,True,moderate_20_49,Moderate (20-49 protective contexts),False,0.0085071187187321,extended_greedy_order,
Bufo cognatus,,Amphibia,Anura,Bufonidae,Chordata,453,False,False,2,1,0,0,1,16,True,very_sparse_1_4,Very limited (1-4 protective contexts),False,0.0055434902955957,extended_greedy_order,Very limited direct protective support; confirmatory testing is a high priority.
Diaphanosoma birgei,,Branchiopoda,Cladocera,Sididae,Arthropoda,454,False,False,4,2,0,0,1,0,False,very_sparse_1_4,Very limited (1-4 protective contexts),False,0.003980730394411,extended_greedy_order,Very limited direct protective support; confirmatory testing is a high priority.
Hydropsyche pellucidula,,Insecta,Trichoptera,Hydropsychidae,Arthropoda,455,False,False,12,10,1,1,2,0,False,sparse_5_19,Limited (5-19 protective contexts),False,0.0022967473074891,extended_greedy_order,Limited direct protective support; interpret the rank with the reported uncertainty.
Salvelinus confluentus,,Actinopterygii,Salmoniformes,Salmonidae,Chordata,456,False,False,11,5,0,0,1,3,True,sparse_5_19,Limited (5-19 protective contexts),False,0.0047103030243616,extended_greedy_order,Limited direct protective support; interpret the rank with the reported uncertainty.
Bufo terrestris,,Amphibia,Anura,Bufonidae,Chordata,457,False,False,1,1,0,0,1,8,True,very_sparse_1_4,Very limited (1-4 protective contexts),False,0.0058823728530884,extended_greedy_order,Very limited direct protective support; confirmatory testing is a high priority.
Culiseta incidens,,Insecta,Diptera,Culicidae,Arthropoda,458,False,False,3,3,0,0,1,10,True,very_sparse_1_4,Very limited (1-4 protective contexts),False,0.0044484683935697,extended_greedy_order,Very limited direct protective support; confirmatory testing is a high priority.
Isonychia bicolor,,Insecta,Ephemeroptera,Isonychiidae,Arthropoda,459,False,False,9,6,0,0,1,19,True,sparse_5_19,Limited (5-19 protective contexts),False,0.0051168913263101,extended_greedy_order,Limited direct protective support; interpret the rank with the reported uncertainty.
Diaphanosoma excisum,,Branchiopoda,Cladocera,Sididae,Arthropoda,460,False,False,3,2,0,0,1,0,False,very_sparse_1_4,Very limited (1-4 protective contexts),False,0.0028039740287585,extended_greedy_order,Very limited direct protective support; confirmatory testing is a high priority.
Branchinecta lynchi,,Branchiopoda,Anostraca,Branchinectidae,Arthropoda,461,False,False,4,3,0,0,1,2,True,very_sparse_1_4,Very limited (1-4 protective contexts),False,0.0043246793366291,extended_greedy_order,Very limited direct protective support; confirmatory testing is a high priority.
Eucyclops sp.,,Maxillopoda,Cyclopoida,Cyclopidae,Arthropoda,462,False,False,8,8,0,0,1,0,False,sparse_5_19,Limited (5-19 protective contexts),False,0.0022597792320176,extended_greedy_order,Limited direct protective support; interpret the rank with the reported uncertainty.
Dugesia dorotocephala,,Turbellaria,Tricladida,Planariidae,Platyhelminthes,463,False,False,25,18,9,9,2,5,True,moderate_20_49,Moderate (20-49 protective contexts),False,0.003473907401055,extended_greedy_order,
Eulimnogammarus toletanus,,Malacostraca,Amphipoda,Gammaridae,Arthropoda,464,False,False,5,2,1,1,1,0,False,sparse_5_19,Limited (5-19 protective contexts),False,0.0041706107408787,extended_greedy_order,Limited direct protective support; interpret the rank with the reported uncertainty.
Hydropsyche californica,,Insecta,Trichoptera,Hydropsychidae,Arthropoda,465,False,False,7,7,0,0,2,1,True,sparse_5_19,Limited (5-19 protective contexts),False,0.0023930979600423,extended_greedy_order,Limited direct protective support; interpret the rank with the reported uncertainty.
Poecilia sp.,,Actinopterygii,Cyprinodontiformes,Poeciliidae,Chordata,466,False,False,7,7,0,0,1,0,False,sparse_5_19,Limited (5-19 protective contexts),False,0.002429605985692,extended_greedy_order,Limited direct protective support; interpret the rank with the reported uncertainty.
Orconectes immunis,,Malacostraca,Decapoda,Cambaridae,Arthropoda,467,False,False,25,20,4,4,1,20,True,moderate_20_49,Moderate (20-49 protective contexts),False,0.0094917751597267,extended_greedy_order,
Phaenopsectra sp.,,Insecta,Diptera,Chironomidae,Arthropoda,468,False,False,1,1,0,0,1,0,False,very_sparse_1_4,Very limited (1-4 protective contexts),False,0.0025325789276706,extended_greedy_order,Very limited direct protective support; confirmatory testing is a high priority.
Bufo canorus,,Amphibia,Anura,Bufonidae,Chordata,469,False,False,2,1,0,0,1,1,True,very_sparse_1_4,Very limited (1-4 protective contexts),False,0.0041670963515535,extended_greedy_order,Very limited direct protective support; confirmatory testing is a high priority.
Glyptotendipes barbipes,,Insecta,Diptera,Chironomidae,Arthropoda,470,False,False,2,1,0,0,1,10,True,very_sparse_1_4,Very limited (1-4 protective contexts),False,0.0058430866444011,extended_greedy_order,Very limited direct protective support; confirmatory testing is a high priority.
Kiefferulus sp.,,Insecta,Diptera,Chironomidae,Arthropoda,471,False,False,1,1,0,0,1,0,False,very_sparse_1_4,Very limited (1-4 protective contexts),False,0.0035690306078612,extended_greedy_order,Very limited direct protective support; confirmatory testing is a high priority.
Asellus meridianus,,Malacostraca,Isopoda,Asellidae,Arthropoda,472,False,False,6,3,0,0,2,0,False,sparse_5_19,Limited (5-19 protective contexts),False,0.0041858961687582,extended_greedy_order,Limited direct protective support; interpret the rank with the reported uncertainty.
Psectrocladius sp.,,Insecta,Diptera,Chironomidae,Arthropoda,473,False,False,1,1,9,9,1,0,False,very_sparse_1_4,Very limited (1-4 protective contexts),False,0.0025277109933959,extended_greedy_order,Very limited direct protective support; confirmatory testing is a high priority.
Villosa lienosa,,Bivalvia,Unionoida,Unionidae,Mollusca,474,False,False,2,1,0,0,2,9,True,very_sparse_1_4,Very limited (1-4 protective contexts),False,0.0064290245262242,extended_greedy_order,Very limited direct protective support; confirmatory testing is a high priority.
Camptocercus rectirostris,,Branchiopoda,Diplostraca,Chydoridae,Arthropoda,475,False,False,1,1,0,0,1,1,True,very_sparse_1_4,Very limited (1-4 protective contexts),False,0.003962197595978,extended_greedy_order,Very limited direct protective support; confirmatory testing is a high priority.
Streptocephalus proboscideus,,Branchiopoda,Anostraca,Streptocephalidae,Arthropoda,476,False,False,13,13,0,0,2,0,False,sparse_5_19,Limited (5-19 protective contexts),False,0.0026994297506894,extended_greedy_order,Limited direct protective support; interpret the rank with the reported uncertainty.
Pleuroxus denticulatus,,Branchiopoda,Diplostraca,Chydoridae,Arthropoda,477,False,False,1,1,0,0,1,16,True,very_sparse_1_4,Very limited (1-4 protective contexts),False,0.0073248035677476,extended_greedy_order,Very limited direct protective support; confirmatory testing is a high priority.
Chydorus ovalis,,Branchiopoda,Diplostraca,Chydoridae,Arthropoda,478,False,False,4,3,1,1,1,0,False,very_sparse_1_4,Very limited (1-4 protective contexts),False,0.0026732821123391,extended_greedy_order,Very limited direct protective support; confirmatory testing is a high priority.
Glyptotendipes pallens,,Insecta,Diptera,Chironomidae,Arthropoda,479,False,False,2,1,1,1,1,0,False,very_sparse_1_4,Very limited (1-4 protective contexts),False,0.0036169802143657,extended_greedy_order,Very limited direct protective support; confirmatory testing is a high priority.
Bufo arabicus,,Amphibia,Anura,Bufonidae,Chordata,480,False,False,6,2,0,0,1,0,False,sparse_5_19,Limited (5-19 protective contexts),False,0.0039384937038508,extended_greedy_order,Limited direct protective support; interpret the rank with the reported uncertainty.
Barbus ticto,,Actinopterygii,Cypriniformes,Cyprinidae,Chordata,481,False,False,22,15,3,3,1,0,False,moderate_20_49,Moderate (20-49 protective contexts),False,0.0023732280609508,extended_greedy_order,
Brachythemis contaminata,,Insecta,Odonata,Libellulidae,Arthropoda,482,False,False,4,4,0,0,1,0,False,very_sparse_1_4,Very limited (1-4 protective contexts),False,0.0023459642054709,extended_greedy_order,Very limited direct protective support; confirmatory testing is a high priority.
Catostomus commersoni,,Actinopterygii,Cypriniformes,Catostomidae,Chordata,483,False,False,68,39,5,4,2,37,True,strong_50_plus,Strong (50+ protective contexts),False,0.0056304908145665,extended_greedy_order,
Oncorhynchus sp.,,Actinopterygii,Salmoniformes,Salmonidae,Chordata,484,False,False,1,1,0,0,1,0,False,very_sparse_1_4,Very limited (1-4 protective contexts),False,0.0037793605434593,extended_greedy_order,Very limited direct protective support; confirmatory testing is a high priority.
Procloeon sp.,,Insecta,Ephemeroptera,Baetidae,Arthropoda,485,False,False,4,4,0,0,1,0,False,very_sparse_1_4,Very limited (1-4 protective contexts),False,0.0028572279212894,extended_greedy_order,Very limited direct protective support; confirmatory testing is a high priority.
Caenis miliaria,,Insecta,Ephemeroptera,Caenidae,Arthropoda,486,False,False,2,2,0,0,1,0,False,very_sparse_1_4,Very limited (1-4 protective contexts),False,0.0022732094268717,extended_greedy_order,Very limited direct protective support; confirmatory testing is a high priority.
Physalaemus olfersii,,Amphibia,Anura,Leptodactylidae,Chordata,487,False,False,2,2,0,0,1,0,False,very_sparse_1_4,Very limited (1-4 protective contexts),False,0.0042660158141475,extended_greedy_order,Very limited direct protective support; confirmatory testing is a high priority.
Culex fatigans,,Insecta,Diptera,Culicidae,Arthropoda,488,False,False,9,8,0,0,1,16,True,sparse_5_19,Limited (5-19 protective contexts),False,0.0040111242301949,extended_greedy_order,Limited direct protective support; interpret the rank with the reported uncertainty.
Caenis moesta,,Insecta,Ephemeroptera,Caenidae,Arthropoda,489,False,False,1,1,0,0,1,0,False,very_sparse_1_4,Very limited (1-4 protective contexts),False,0.0039082252525842,extended_greedy_order,Very limited direct protective support; confirmatory testing is a high priority.
Eurycercus lamellatus,,Branchiopoda,Diplostraca,Chydoridae,Arthropoda,490,False,False,2,2,0,0,1,0,False,very_sparse_1_4,Very limited (1-4 protective contexts),False,0.0026289013005602,extended_greedy_order,Very limited direct protective support; confirmatory testing is a high priority.
Rutilus kutum,,Actinopterygii,Cypriniformes,Cyprinidae,Chordata,491,False,False,5,2,0,0,1,0,False,sparse_5_19,Limited (5-19 protective contexts),False,0.0039469610500261,extended_greedy_order,Limited direct protective support; interpret the rank with the reported uncertainty.
Chaetogammarus marinus,,Malacostraca,Amphipoda,Gammaridae,Arthropoda,492,False,False,1,1,0,0,1,0,False,very_sparse_1_4,Very limited (1-4 protective contexts),False,0.0041265714385827,extended_greedy_order,Very limited direct protective support; confirmatory testing is a high priority.
Pentaneura sp.,,Insecta,Diptera,Chironomidae,Arthropoda,493,False,False,2,2,0,0,1,0,False,very_sparse_1_4,Very limited (1-4 protective contexts),False,0.0034948923849719,extended_greedy_order,Very limited direct protective support; confirmatory testing is a high priority.
Cyprinus sp.,,Actinopterygii,Cypriniformes,Cyprinidae,Chordata,494,False,False,1,1,0,0,1,0,False,very_sparse_1_4,Very limited (1-4 protective contexts),False,0.0027638642440099,extended_greedy_order,Very limited direct protective support; confirmatory testing is a high priority.
Branchinecta lindahli,,Branchiopoda,Anostraca,Branchinectidae,Arthropoda,495,False,False,1,1,0,0,1,4,True,very_sparse_1_4,Very limited (1-4 protective contexts),False,0.0046669661189074,extended_greedy_order,Very limited direct protective support; confirmatory testing is a high priority.
Rana dalmatina,,Amphibia,Anura,Ranidae,Chordata,496,False,False,10,1,0,0,1,0,False,sparse_5_19,Limited (5-19 protective contexts),False,0.0037256314351004,extended_greedy_order,Limited direct protective support; interpret the rank with the reported uncertainty.
Planorbella duryi,,Gastropoda,Basommatophora,Planorbidae,Mollusca,497,False,False,1,1,0,0,1,5,True,very_sparse_1_4,Very limited (1-4 protective contexts),False,0.0050836053639784,extended_greedy_order,Very limited direct protective support; confirmatory testing is a high priority.
Oryzias melastigma,,Actinopterygii,Beloniformes,Adrianichthyidae,Chordata,498,False,False,1,1,1,1,1,0,False,very_sparse_1_4,Very limited (1-4 protective contexts),False,0.0028007933573837,extended_greedy_order,Very limited direct protective support; confirmatory testing is a high priority.
Asellus racovitzai,,Malacostraca,Isopoda,Asellidae,Arthropoda,499,False,False,3,3,0,0,1,1,True,very_sparse_1_4,Very limited (1-4 protective contexts),False,0.0025428336067795,extended_greedy_order,Very limited direct protective support; confirmatory testing is a high priority.
Chaoborus obscuripes,,Insecta,Diptera,Chaoboridae,Arthropoda,500,False,False,18,5,1,1,2,0,False,sparse_5_19,Limited (5-19 protective contexts),False,0.0019900673157372,extended_greedy_order,Limited direct protective support; interpret the rank with the reported uncertainty.
Hydropsyche angustipennis,,Insecta,Trichoptera,Hydropsychidae,Arthropoda,501,False,False,6,6,4,2,1,0,False,sparse_5_19,Limited (5-19 protective contexts),False,0.0027080256007191,extended_greedy_order,Limited direct protective support; interpret the rank with the reported uncertainty.
Bufo bufo,,Amphibia,Anura,Bufonidae,Chordata,502,False,False,17,7,2,2,1,0,False,sparse_5_19,Limited (5-19 protective contexts),False,0.0019577482135735,extended_greedy_order,Limited direct protective support; interpret the rank with the reported uncertainty.
Anopheles vagus,,Insecta,Diptera,Culicidae,Arthropoda,503,False,False,1,1,0,0,1,0,False,very_sparse_1_4,Very limited (1-4 protective contexts),False,0.0027740249224128,extended_greedy_order,Very limited direct protective support; confirmatory testing is a high priority.
Peracantha truncata,,Branchiopoda,Diplostraca,Chydoridae,Arthropoda,504,False,False,4,1,0,0,1,0,False,very_sparse_1_4,Very limited (1-4 protective contexts),False,0.0037477097970811,extended_greedy_order,Very limited direct protective support; confirmatory testing is a high priority.
Stictochironomus sticticus,,Insecta,Diptera,Chironomidae,Arthropoda,505,False,False,4,2,0,0,1,1,True,very_sparse_1_4,Very limited (1-4 protective contexts),False,0.0037572185250933,extended_greedy_order,Very limited direct protective support; confirmatory testing is a high priority.
Bufo gargarizans,,Amphibia,Anura,Bufonidae,Chordata,506,False,False,23,7,1,1,1,0,False,moderate_20_49,Moderate (20-49 protective contexts),False,0.0027950670137106,extended_greedy_order,
Hydropsyche recurvata,,Insecta,Trichoptera,Hydropsychidae,Arthropoda,507,False,False,4,4,0,0,1,1,True,very_sparse_1_4,Very limited (1-4 protective contexts),False,0.0040426095943062,extended_greedy_order,Very limited direct protective support; confirmatory testing is a high priority.
Palaemon pugio,,Malacostraca,Decapoda,Palaemonidae,Arthropoda,508,False,False,8,5,0,0,1,7,True,sparse_5_19,Limited (5-19 protective contexts),False,0.0034006134710919,extended_greedy_order,Limited direct protective support; interpret the rank with the reported uncertainty.
Chydorus sp.,,Branchiopoda,Diplostraca,Chydoridae,Arthropoda,509,False,False,1,1,0,0,1,0,False,very_sparse_1_4,Very limited (1-4 protective contexts),False,0.0025955187427792,extended_greedy_order,Very limited direct protective support; confirmatory testing is a high priority.
Caenis maxima,,Insecta,Ephemeroptera,Caenidae,Arthropoda,510,False,False,1,1,0,0,1,0,False,very_sparse_1_4,Very limited (1-4 protective contexts),False,0.0027463367845149,extended_greedy_order,Very limited direct protective support; confirmatory testing is a high priority.
Dikerogammarus villosus,,Malacostraca,Amphipoda,Gammaridae,Arthropoda,511,False,False,1,1,0,0,1,0,False,very_sparse_1_4,Very limited (1-4 protective contexts),False,0.0041095638606792,extended_greedy_order,Very limited direct protective support; confirmatory testing is a high priority.
Caenis diminuta,,Insecta,Ephemeroptera,Caenidae,Arthropoda,512,False,False,2,2,0,0,1,1,True,very_sparse_1_4,Very limited (1-4 protective contexts),False,0.0040993855094748,extended_greedy_order,Very limited direct protective support; confirmatory testing is a high priority.
Xenopus sp.,,Amphibia,Anura,Pipidae,Chordata,513,False,False,10,6,0,0,1,0,False,sparse_5_19,Limited (5-19 protective contexts),False,0.0019795066686028,extended_greedy_order,Limited direct protective support; interpret the rank with the reported uncertainty.
Oryzias dancena,,Actinopterygii,Beloniformes,Adrianichthyidae,Chordata,514,False,False,1,1,0,0,3,0,False,very_sparse_1_4,Very limited (1-4 protective contexts),False,0.0039158273547047,extended_greedy_order,Very limited direct protective support; confirmatory testing is a high priority.
Einfeldia natchitocheae,,Insecta,Diptera,Chironomidae,Arthropoda,515,False,False,2,2,0,0,1,1,True,very_sparse_1_4,Very limited (1-4 protective contexts),False,0.0025831938417417,extended_greedy_order,Very limited direct protective support; confirmatory testing is a high priority.
Anopheles balabacensis,,Insecta,Diptera,Culicidae,Arthropoda,516,False,False,1,1,0,0,1,0,False,very_sparse_1_4,Very limited (1-4 protective contexts),False,0.0027565707858566,extended_greedy_order,Very limited direct protective support; confirmatory testing is a high priority.
Anopheles maculatus,,Insecta,Diptera,Culicidae,Arthropoda,517,False,False,1,1,0,0,1,0,False,very_sparse_1_4,Very limited (1-4 protective contexts),False,0.0038953391713277,extended_greedy_order,Very limited direct protective support; confirmatory testing is a high priority.
Anopheles farauti,,Insecta,Diptera,Culicidae,Arthropoda,518,False,False,2,2,0,0,1,0,False,very_sparse_1_4,Very limited (1-4 protective contexts),False,0.0027636961026237,extended_greedy_order,Very limited direct protective support; confirmatory testing is a high priority.
Anopheles sundaicus,,Insecta,Diptera,Culicidae,Arthropoda,519,False,False,4,2,0,0,1,0,False,very_sparse_1_4,Very limited (1-4 protective contexts),False,0.0027543044873297,extended_greedy_order,Very limited direct protective support; confirmatory testing is a high priority.
Alona glabra,,Branchiopoda,Diplostraca,Chydoridae,Arthropoda,520,False,False,1,1,0,0,1,0,False,very_sparse_1_4,Very limited (1-4 protective contexts),False,0.0036970904215873,extended_greedy_order,Very limited direct protective support; confirmatory testing is a high priority.
Bufo anderssoni,,Amphibia,Anura,Bufonidae,Chordata,521,False,False,3,1,0,0,1,0,False,very_sparse_1_4,Very limited (1-4 protective contexts),False,0.0038545708631523,extended_greedy_order,Very limited direct protective support; confirmatory testing is a high priority.
Oncorhynchus masou,,Actinopterygii,Salmoniformes,Salmonidae,Chordata,522,False,False,5,4,0,0,1,0,False,sparse_5_19,Limited (5-19 protective contexts),False,0.0021197963582507,extended_greedy_order,Limited direct protective support; interpret the rank with the reported uncertainty.
Clinotanypus pinguis,,Insecta,Diptera,Chironomidae,Arthropoda,523,False,False,2,2,0,0,1,5,True,very_sparse_1_4,Very limited (1-4 protective contexts),False,0.0031483089986758,extended_greedy_order,Very limited direct protective support; confirmatory testing is a high priority.
Alona quadrangularis,,Branchiopoda,Diplostraca,Chydoridae,Arthropoda,524,False,False,1,1,0,0,1,3,True,very_sparse_1_4,Very limited (1-4 protective contexts),False,0.0030844965562554,extended_greedy_order,Very limited direct protective support; confirmatory testing is a high priority.
Anopheles stephensi,,Insecta,Diptera,Culicidae,Arthropoda,525,False,False,62,33,1,1,2,0,False,strong_50_plus,Strong (50+ protective contexts),False,0.0010916374116363,extended_greedy_order,
Macropelopia sp.,,Insecta,Diptera,Chironomidae,Arthropoda,526,False,False,2,1,1,1,1,0,False,very_sparse_1_4,Very limited (1-4 protective contexts),False,0.0024124942789745,extended_greedy_order,Very limited direct protective support; confirmatory testing is a high priority.
Cricotopus trifasciatus,,Insecta,Diptera,Chironomidae,Arthropoda,527,False,False,2,2,0,0,1,0,False,very_sparse_1_4,Very limited (1-4 protective contexts),False,0.0034002653991419,extended_greedy_order,Very limited direct protective support; confirmatory testing is a high priority.
Pseudacris feriarum,,Amphibia,Anura,Hylidae,Chordata,528,False,False,3,1,0,0,1,12,True,very_sparse_1_4,Very limited (1-4 protective contexts),False,0.0065991637480467,extended_greedy_order,Very limited direct protective support; confirmatory testing is a high priority.
Raphidocelis subcapitata,,Chlorophyceae,Sphaeropleales,Selenastraceae,Chlorophyta,529,False,False,29,23,52,49,3,0,False,moderate_20_49,Moderate (20-49 protective contexts),True,0.0033010565139966,extended_greedy_order,
Cricotopus sp.,,Insecta,Diptera,Chironomidae,Arthropoda,530,False,False,13,12,0,0,1,0,False,sparse_5_19,Limited (5-19 protective contexts),False,0.0017167569344467,extended_greedy_order,Limited direct protective support; interpret the rank with the reported uncertainty.
Villosa vibex,,Bivalvia,Unionoida,Unionidae,Mollusca,531,False,False,5,5,0,0,1,5,True,sparse_5_19,Limited (5-19 protective contexts),False,0.0053629167155392,extended_greedy_order,Limited direct protective support; interpret the rank with the reported uncertainty.
Morone saxatilis,,Actinopterygii,Perciformes,Moronidae,Chordata,532,False,False,91,50,9,8,3,9,True,strong_50_plus,Strong (50+ protective contexts),False,0.0023731462655241,extended_greedy_order,
Planorbella campanulata,,Gastropoda,Basommatophora,Planorbidae,Mollusca,533,False,False,4,4,0,0,1,14,True,very_sparse_1_4,Very limited (1-4 protective contexts),False,0.0070992425262094,extended_greedy_order,Very limited direct protective support; confirmatory testing is a high priority.
Anodonta sp.,,Bivalvia,Unionoida,Unionidae,Mollusca,534,False,False,2,2,0,0,1,0,False,very_sparse_1_4,Very limited (1-4 protective contexts),False,0.0029195627663592,extended_greedy_order,Very limited direct protective support; confirmatory testing is a high priority.
Pseudacris sierra,,Amphibia,Anura,Hylidae,Chordata,535,False,False,7,2,0,0,1,1,True,sparse_5_19,Limited (5-19 protective contexts),False,0.0029203639951159,extended_greedy_order,Limited direct protective support; interpret the rank with the reported uncertainty.
Anopheles pseudopunctipennis,,Insecta,Diptera,Culicidae,Arthropoda,536,False,False,5,3,0,0,1,3,True,sparse_5_19,Limited (5-19 protective contexts),False,0.0032790344124739,extended_greedy_order,Limited direct protective support; interpret the rank with the reported uncertainty.
Brachionus angularis,,Monogononta,Ploima,Brachionidae,Rotifera,537,False,False,5,5,0,0,1,0,False,sparse_5_19,Limited (5-19 protective contexts),False,0.0042993051855616,extended_greedy_order,Limited direct protective support; interpret the rank with the reported uncertainty.
Oryzias mekongensis,,Actinopterygii,Beloniformes,Adrianichthyidae,Chordata,538,False,False,2,2,0,0,1,0,False,very_sparse_1_4,Very limited (1-4 protective contexts),False,0.0038795088238637,extended_greedy_order,Very limited direct protective support; confirmatory testing is a high priority.
Potamopyrgus jenkinsi,,Gastropoda,Neotaenioglossa,Hydrobiidae,Mollusca,539,False,False,12,5,2,2,2,20,True,sparse_5_19,Limited (5-19 protective contexts),False,0.008310099204701,extended_greedy_order,Limited direct protective support; interpret the rank with the reported uncertainty.
Anaxyrus americanus,,Amphibia,Anura,Bufonidae,Chordata,540,False,False,27,8,0,0,2,36,True,moderate_20_49,Moderate (20-49 protective contexts),False,0.0062764702271276,extended_greedy_order,
Puntius tetrazona,,Actinopterygii,Cypriniformes,Cyprinidae,Chordata,541,False,False,1,1,0,0,1,1,True,very_sparse_1_4,Very limited (1-4 protective contexts),False,0.0040766206048876,extended_greedy_order,Very limited direct protective support; confirmatory testing is a high priority.
Goeldichironomus holoprasinus,,Insecta,Diptera,Chironomidae,Arthropoda,542,False,False,12,9,0,0,1,3,True,sparse_5_19,Limited (5-19 protective contexts),False,0.002925027863663,extended_greedy_order,Limited direct protective support; interpret the rank with the reported uncertainty.
Polypedilum nubifer,,Insecta,Diptera,Chironomidae,Arthropoda,543,False,False,2,2,9,9,1,7,True,very_sparse_1_4,Very limited (1-4 protective contexts),False,0.0048460714637269,extended_greedy_order,Very limited direct protective support; confirmatory testing is a high priority.
Oncorhynchus aguabonita,,Actinopterygii,Salmoniformes,Salmonidae,Chordata,544,False,False,5,4,2,2,2,0,False,sparse_5_19,Limited (5-19 protective contexts),False,0.0036227591172112,extended_greedy_order,Limited direct protective support; interpret the rank with the reported uncertainty.
Ischnura heterosticta,,Insecta,Odonata,Coenagrionidae,Arthropoda,545,False,False,1,1,0,0,1,0,False,very_sparse_1_4,Very limited (1-4 protective contexts),False,0.0040938872256613,extended_greedy_order,Very limited direct protective support; confirmatory testing is a high priority.
Tanypus bilobatus,,Insecta,Diptera,Chironomidae,Arthropoda,546,False,False,1,1,0,0,1,0,False,very_sparse_1_4,Very limited (1-4 protective contexts),False,0.0033934879091865,extended_greedy_order,Very limited direct protective support; confirmatory testing is a high priority.
Puntius sarana,,Actinopterygii,Cypriniformes,Cyprinidae,Chordata,547,False,False,1,1,0,0,1,0,False,very_sparse_1_4,Very limited (1-4 protective contexts),False,0.0027216231989819,extended_greedy_order,Very limited direct protective support; confirmatory testing is a high priority.
Centroptilum sp.,,Insecta,Ephemeroptera,Baetidae,Arthropoda,548,False,False,1,1,0,0,1,0,False,very_sparse_1_4,Very limited (1-4 protective contexts),False,0.0027904142885394,extended_greedy_order,Very limited direct protective support; confirmatory testing is a high priority.
Physalaemus centralis,,Amphibia,Anura,Leptodactylidae,Chordata,549,False,False,6,3,0,0,1,0,False,sparse_5_19,Limited (5-19 protective contexts),False,0.0042454529412936,extended_greedy_order,Limited direct protective support; interpret the rank with the reported uncertainty.
Elachistocleis bicolor,,Amphibia,Anura,Microhylidae,Chordata,550,False,False,2,1,0,0,1,0,False,very_sparse_1_4,Very limited (1-4 protective contexts),False,0.0029597059059688,extended_greedy_order,Very limited direct protective support; confirmatory testing is a high priority.
Physa virgata,,Gastropoda,Basommatophora,Physidae,Mollusca,551,False,False,3,2,1,1,1,45,True,very_sparse_1_4,Very limited (1-4 protective contexts),False,0.0151577256964162,extended_greedy_order,Very limited direct protective support; confirmatory testing is a high priority.
Rasbora sumatrana,,Actinopterygii,Cypriniformes,Cyprinidae,Chordata,552,False,False,7,7,0,0,1,0,False,sparse_5_19,Limited (5-19 protective contexts),False,0.0038201827374253,extended_greedy_order,Limited direct protective support; interpret the rank with the reported uncertainty.
Stenonema frontale,,Insecta,Ephemeroptera,Heptageniidae,Arthropoda,553,False,False,1,1,0,0,1,32,True,very_sparse_1_4,Very limited (1-4 protective contexts),False,0.0117614579662522,extended_greedy_order,Very limited direct protective support; confirmatory testing is a high priority.
Stenonema luteum,,Insecta,Ephemeroptera,Heptageniidae,Arthropoda,554,False,False,1,1,0,0,1,5,True,very_sparse_1_4,Very limited (1-4 protective contexts),False,0.0052361602062573,extended_greedy_order,Very limited direct protective support; confirmatory testing is a high priority.
Diamesa zernyi,,Insecta,Diptera,Chironomidae,Arthropoda,555,False,False,5,3,2,2,1,0,False,sparse_5_19,Limited (5-19 protective contexts),False,0.0032956392746136,extended_greedy_order,Limited direct protective support; interpret the rank with the reported uncertainty.
Rana cyanophlyctis,,Amphibia,Anura,Ranidae,Chordata,556,False,False,9,8,1,1,3,0,False,sparse_5_19,Limited (5-19 protective contexts),False,0.0034312762268157,extended_greedy_order,Limited direct protective support; interpret the rank with the reported uncertainty.
Alona rectangula,,Branchiopoda,Diplostraca,Chydoridae,Arthropoda,557,False,False,4,2,0,0,2,0,False,very_sparse_1_4,Very limited (1-4 protective contexts),False,0.0035858618045264,extended_greedy_order,Very limited direct protective support; confirmatory testing is a high priority.
Alona costata,,Branchiopoda,Diplostraca,Chydoridae,Arthropoda,558,False,False,1,1,0,0,1,0,False,very_sparse_1_4,Very limited (1-4 protective contexts),False,0.0035813024864194,extended_greedy_order,Very limited direct protective support; confirmatory testing is a high priority.
Salvelinus leucomaenis,,Actinopterygii,Salmoniformes,Salmonidae,Chordata,559,False,False,2,1,0,0,1,0,False,very_sparse_1_4,Very limited (1-4 protective contexts),False,0.0026851904714937,extended_greedy_order,Very limited direct protective support; confirmatory testing is a high priority.
Polypedilum sp.,,Insecta,Diptera,Chironomidae,Arthropoda,560,False,False,2,2,0,0,1,0,False,very_sparse_1_4,Very limited (1-4 protective contexts),False,0.0033121015692737,extended_greedy_order,Very limited direct protective support; confirmatory testing is a high priority.
Chydorus sphaericus,,Branchiopoda,Diplostraca,Chydoridae,Arthropoda,561,False,False,15,10,0,0,2,1,True,sparse_5_19,Limited (5-19 protective contexts),False,0.0019077907328489,extended_greedy_order,Limited direct protective support; interpret the rank with the reported uncertainty.
Stenonema vicarium,,Insecta,Ephemeroptera,Heptageniidae,Arthropoda,562,False,False,2,2,0,0,1,18,True,very_sparse_1_4,Very limited (1-4 protective contexts),False,0.0083758961126235,extended_greedy_order,Very limited direct protective support; confirmatory testing is a high priority.
Anopheles gambiae,,Insecta,Diptera,Culicidae,Arthropoda,563,False,False,17,13,0,0,1,0,False,sparse_5_19,Limited (5-19 protective contexts),False,0.0016033161208588,extended_greedy_order,Limited direct protective support; interpret the rank with the reported uncertainty.
Anopheles dirus,,Insecta,Diptera,Culicidae,Arthropoda,564,False,False,2,1,0,0,1,0,False,very_sparse_1_4,Very limited (1-4 protective contexts),False,0.0038005890570492,extended_greedy_order,Very limited direct protective support; confirmatory testing is a high priority.
Caenis sp.,,Insecta,Ephemeroptera,Caenidae,Arthropoda,565,False,False,2,1,0,0,1,0,False,very_sparse_1_4,Very limited (1-4 protective contexts),False,0.0026612655028943,extended_greedy_order,Very limited direct protective support; confirmatory testing is a high priority.
Tanypus neopunctipennis,,Insecta,Diptera,Chironomidae,Arthropoda,566,False,False,2,2,0,0,1,3,True,very_sparse_1_4,Very limited (1-4 protective contexts),False,0.0027782885159549,extended_greedy_order,Very limited direct protective support; confirmatory testing is a high priority.
Pseudacris triseriata,,Amphibia,Anura,Hylidae,Chordata,567,False,False,14,12,0,0,1,8,True,sparse_5_19,Limited (5-19 protective contexts),False,0.0039596343481995,extended_greedy_order,Limited direct protective support; interpret the rank with the reported uncertainty.
Salvelinus alpinus,,Actinopterygii,Salmoniformes,Salmonidae,Chordata,568,False,False,3,3,0,0,1,1,True,very_sparse_1_4,Very limited (1-4 protective contexts),False,0.0028211969612655,extended_greedy_order,Very limited direct protective support; confirmatory testing is a high priority.
Cyrnus trimaculatus,,Insecta,Trichoptera,Polycentropodidae,Arthropoda,569,False,False,6,2,0,0,1,0,False,sparse_5_19,Limited (5-19 protective contexts),False,0.0038435689422864,extended_greedy_order,Limited direct protective support; interpret the rank with the reported uncertainty.
Lemna aequinoctialis,,Liliopsida,Arales,Lemnaceae,Magnoliophyta,570,False,False,1,1,0,0,1,10,True,very_sparse_1_4,Very limited (1-4 protective contexts),False,0.007001215887771,extended_greedy_order,Very limited direct protective support; confirmatory testing is a high priority.
Stenonema terminatum,,Insecta,Ephemeroptera,Heptageniidae,Arthropoda,571,False,False,1,1,0,0,1,26,True,very_sparse_1_4,Very limited (1-4 protective contexts),False,0.0101486828424584,extended_greedy_order,Very limited direct protective support; confirmatory testing is a high priority.
Alona affinis,,Branchiopoda,Diplostraca,Chydoridae,Arthropoda,572,False,False,4,3,0,0,1,2,True,very_sparse_1_4,Very limited (1-4 protective contexts),False,0.0040278585503569,extended_greedy_order,Very limited direct protective support; confirmatory testing is a high priority.
Euphlyctis hexadactylus,,Amphibia,Anura,Dicroglossidae,Chordata,573,False,False,23,21,0,0,2,0,False,moderate_20_49,Moderate (20-49 protective contexts),False,0.0028991826549802,extended_greedy_order,
Cheumatopsyche brevilineata,,Insecta,Trichoptera,Hydropsychidae,Arthropoda,574,False,False,6,6,0,0,1,0,False,sparse_5_19,Limited (5-19 protective contexts),False,0.0016976297082273,extended_greedy_order,Limited direct protective support; interpret the rank with the reported uncertainty.
Lemna trisulca,,Liliopsida,Arales,Lemnaceae,Magnoliophyta,575,False,False,2,2,0,0,2,21,True,very_sparse_1_4,Very limited (1-4 protective contexts),False,0.0069923873151893,extended_greedy_order,Very limited direct protective support; confirmatory testing is a high priority.
Ptychadena bibroni,,Amphibia,Anura,Ranidae,Chordata,576,False,False,2,2,0,0,1,0,False,very_sparse_1_4,Very limited (1-4 protective contexts),False,0.0036088245816542,extended_greedy_order,Very limited direct protective support; confirmatory testing is a high priority.
Pelophylax nigromaculatus,,Amphibia,Anura,Ranidae,Chordata,577,False,False,13,12,0,0,2,0,False,sparse_5_19,Limited (5-19 protective contexts),False,0.0014917786492665,extended_greedy_order,Limited direct protective support; interpret the rank with the reported uncertainty.
Anopheles pharoensis,,Insecta,Diptera,Culicidae,Arthropoda,578,False,False,4,2,0,0,1,0,False,very_sparse_1_4,Very limited (1-4 protective contexts),False,0.0037511623794681,extended_greedy_order,Very limited direct protective support; confirmatory testing is a high priority.
Tanypus nubifer,,Insecta,Diptera,Chironomidae,Arthropoda,579,False,False,6,5,0,0,1,0,False,sparse_5_19,Limited (5-19 protective contexts),False,0.0023565866666271,extended_greedy_order,Limited direct protective support; interpret the rank with the reported uncertainty.
Rasbora trilineata,,Actinopterygii,Cypriniformes,Cyprinidae,Chordata,580,False,False,2,2,0,0,1,0,False,very_sparse_1_4,Very limited (1-4 protective contexts),False,0.0037321822273512,extended_greedy_order,Very limited direct protective support; confirmatory testing is a high priority.
Puntius parrah,,Actinopterygii,Cypriniformes,Cyprinidae,Chordata,581,False,False,2,2,0,0,1,0,False,very_sparse_1_4,Very limited (1-4 protective contexts),False,0.0026430672014858,extended_greedy_order,Very limited direct protective support; confirmatory testing is a high priority.
Stenonema tripunctatum,,Insecta,Ephemeroptera,Heptageniidae,Arthropoda,582,False,False,1,1,0,0,1,30,True,very_sparse_1_4,Very limited (1-4 protective contexts),False,0.0110060537341946,extended_greedy_order,Very limited direct protective support; confirmatory testing is a high priority.
Cheumatopsyche oxa,,Insecta,Trichoptera,Hydropsychidae,Arthropoda,583,False,False,1,1,0,0,1,3,True,very_sparse_1_4,Very limited (1-4 protective contexts),False,0.0039800327433522,extended_greedy_order,Very limited direct protective support; confirmatory testing is a high priority.
Hydropsyche betteni,,Insecta,Trichoptera,Hydropsychidae,Arthropoda,584,False,False,8,6,1,1,1,8,True,sparse_5_19,Limited (5-19 protective contexts),False,0.0031231449599266,extended_greedy_order,Limited direct protective support; interpret the rank with the reported uncertainty.
Cheumatopsyche pettiti,,Insecta,Trichoptera,Hydropsychidae,Arthropoda,585,False,False,2,2,0,0,1,0,False,very_sparse_1_4,Very limited (1-4 protective contexts),False,0.0034218353924348,extended_greedy_order,Very limited direct protective support; confirmatory testing is a high priority.
Salvelinus malma,,Actinopterygii,Salmoniformes,Salmonidae,Chordata,586,False,False,3,3,0,0,1,1,True,very_sparse_1_4,Very limited (1-4 protective contexts),False,0.0039296953564787,extended_greedy_order,Very limited direct protective support; confirmatory testing is a high priority.
Anaxyrus terrestris,,Amphibia,Anura,Bufonidae,Chordata,587,False,False,9,3,2,2,1,8,True,sparse_5_19,Limited (5-19 protective contexts),False,0.0057164830861864,extended_greedy_order,Limited direct protective support; interpret the rank with the reported uncertainty.
Branchinecta longiantenna,,Branchiopoda,Anostraca,Branchinectidae,Arthropoda,588,False,False,3,3,0,0,1,1,True,very_sparse_1_4,Very limited (1-4 protective contexts),False,0.003720132032786,extended_greedy_order,Very limited direct protective support; confirmatory testing is a high priority.
Barbus anoplus,,Actinopterygii,Cypriniformes,Cyprinidae,Chordata,589,False,False,1,1,0,0,1,0,False,very_sparse_1_4,Very limited (1-4 protective contexts),False,0.0037954566305398,extended_greedy_order,Very limited direct protective support; confirmatory testing is a high priority.
Potamilus ohiensis,,Bivalvia,Unionoida,Unionidae,Mollusca,590,False,False,6,6,0,0,1,18,True,sparse_5_19,Limited (5-19 protective contexts),False,0.004771629741677,extended_greedy_order,Limited direct protective support; interpret the rank with the reported uncertainty.
Stenonema ithaca,,Insecta,Ephemeroptera,Heptageniidae,Arthropoda,591,False,False,1,1,0,0,1,6,True,very_sparse_1_4,Very limited (1-4 protective contexts),False,0.0037716863526709,extended_greedy_order,Very limited direct protective support; confirmatory testing is a high priority.
Anopheles fluviatilis,,Insecta,Diptera,Culicidae,Arthropoda,592,False,False,4,4,0,0,1,0,False,very_sparse_1_4,Very limited (1-4 protective contexts),False,0.0037188856768262,extended_greedy_order,Very limited direct protective support; confirmatory testing is a high priority.
Anopheles freeborni,,Insecta,Diptera,Culicidae,Arthropoda,593,False,False,10,6,0,0,1,3,True,sparse_5_19,Limited (5-19 protective contexts),False,0.0044514173154682,extended_greedy_order,Limited direct protective support; interpret the rank with the reported uncertainty.
Barbus natalensis,,Actinopterygii,Cypriniformes,Cyprinidae,Chordata,594,False,False,1,1,0,0,1,0,False,very_sparse_1_4,Very limited (1-4 protective contexts),False,0.0037900868453942,extended_greedy_order,Very limited direct protective support; confirmatory testing is a high priority.
Danio devario,,Actinopterygii,Cypriniformes,Cyprinidae,Chordata,595,False,False,1,1,1,1,1,0,False,very_sparse_1_4,Very limited (1-4 protective contexts),False,0.0027103126245466,extended_greedy_order,Very limited direct protective support; confirmatory testing is a high priority.
Stenonema candidum,,Insecta,Ephemeroptera,Heptageniidae,Arthropoda,596,False,False,1,1,0,0,1,2,True,very_sparse_1_4,Very limited (1-4 protective contexts),False,0.0043787982214922,extended_greedy_order,Very limited direct protective support; confirmatory testing is a high priority.
Ischnura sp.,,Insecta,Odonata,Coenagrionidae,Arthropoda,597,False,False,2,2,0,0,1,0,False,very_sparse_1_4,Very limited (1-4 protective contexts),False,0.002821796718063,extended_greedy_order,Very limited direct protective support; confirmatory testing is a high priority.
Anopheles dthali,,Insecta,Diptera,Culicidae,Arthropoda,598,False,False,7,5,0,0,1,0,False,sparse_5_19,Limited (5-19 protective contexts),False,0.0037057397878652,extended_greedy_order,Limited direct protective support; interpret the rank with the reported uncertainty.
Hypophthalmichthys nobilis,,Actinopterygii,Cypriniformes,Cyprinidae,Chordata,599,False,False,11,11,1,1,1,0,False,sparse_5_19,Limited (5-19 protective contexts),False,0.0028137908157722,extended_greedy_order,Limited direct protective support; interpret the rank with the reported uncertainty.
Coquillettidia richardii,,Insecta,Diptera,Culicidae,Arthropoda,600,False,False,1,1,0,0,1,0,False,very_sparse_1_4,Very limited (1-4 protective contexts),False,0.0035581115419652,extended_greedy_order,Very limited direct protective support; confirmatory testing is a high priority.
Anopheles albimanus,,Insecta,Diptera,Culicidae,Arthropoda,601,False,False,20,17,0,0,1,0,False,moderate_20_49,Moderate (20-49 protective contexts),False,0.0016825658768644,extended_greedy_order,
Anopheles arabiensis,,Insecta,Diptera,Culicidae,Arthropoda,602,False,False,6,3,0,0,1,0,False,sparse_5_19,Limited (5-19 protective contexts),False,0.0021895989230428,extended_greedy_order,Limited direct protective support; interpret the rank with the reported uncertainty.
Boana pardalis,,Amphibia,Anura,Hylidae,Chordata,603,False,False,16,7,2,2,1,0,False,sparse_5_19,Limited (5-19 protective contexts),False,0.002656424722815,extended_greedy_order,Limited direct protective support; interpret the rank with the reported uncertainty.
Barbus gurneyi,,Actinopterygii,Cypriniformes,Cyprinidae,Chordata,604,False,False,1,1,0,0,1,0,False,very_sparse_1_4,Very limited (1-4 protective contexts),False,0.0037587725617759,extended_greedy_order,Very limited direct protective support; confirmatory testing is a high priority.
Alona sp.,,Branchiopoda,Diplostraca,Chydoridae,Arthropoda,605,False,False,4,3,0,0,1,0,False,very_sparse_1_4,Very limited (1-4 protective contexts),False,0.0024497952888972,extended_greedy_order,Very limited direct protective support; confirmatory testing is a high priority.
Paratelphusa jacquemontii,,Malacostraca,Decapoda,Parathelphusidae,Arthropoda,606,False,False,6,6,7,7,1,0,False,sparse_5_19,Limited (5-19 protective contexts),False,0.0028397117956316,extended_greedy_order,Limited direct protective support; interpret the rank with the reported uncertainty.
Corixa sp.,,Insecta,Heteroptera,Corixidae,Arthropoda,607,False,False,2,1,0,0,1,0,False,very_sparse_1_4,Very limited (1-4 protective contexts),False,0.0038672159030144,extended_greedy_order,Very limited direct protective support; confirmatory testing is a high priority.
Dicrotendipes californicus,,Insecta,Diptera,Chironomidae,Arthropoda,608,False,False,8,8,0,0,1,0,False,sparse_5_19,Limited (5-19 protective contexts),False,0.001783162669099,extended_greedy_order,Limited direct protective support; interpret the rank with the reported uncertainty.
Physella acuta,,Gastropoda,Basommatophora,Physidae,Mollusca,609,False,False,45,34,3,2,1,38,True,moderate_20_49,Moderate (20-49 protective contexts),False,0.0051947713062178,extended_greedy_order,
Epeorus longimanus,,Insecta,Ephemeroptera,Heptageniidae,Arthropoda,610,False,False,1,1,1,1,1,8,True,very_sparse_1_4,Very limited (1-4 protective contexts),False,0.0041219648923229,extended_greedy_order,Very limited direct protective support; confirmatory testing is a high priority.
Stenonema modestum,,Insecta,Ephemeroptera,Heptageniidae,Arthropoda,611,False,False,6,2,0,0,1,27,True,sparse_5_19,Limited (5-19 protective contexts),False,0.0102981719066798,extended_greedy_order,Limited direct protective support; interpret the rank with the reported uncertainty.
Stenonema femoratum,,Insecta,Ephemeroptera,Heptageniidae,Arthropoda,612,False,False,3,3,0,0,1,30,True,very_sparse_1_4,Very limited (1-4 protective contexts),False,0.0109483594636625,extended_greedy_order,Very limited direct protective support; confirmatory testing is a high priority.
Barbus filamentosus,,Actinopterygii,Cypriniformes,Cyprinidae,Chordata,613,False,False,1,1,0,0,1,0,False,very_sparse_1_4,Very limited (1-4 protective contexts),False,0.0037313522769383,extended_greedy_order,Very limited direct protective support; confirmatory testing is a high priority.
Lemna perpusilla,,Liliopsida,Arales,Lemnaceae,Magnoliophyta,614,False,False,7,6,0,0,2,2,True,sparse_5_19,Limited (5-19 protective contexts),False,0.0048915625875368,extended_greedy_order,Limited direct protective support; interpret the rank with the reported uncertainty.
Glandirana rugosa,,Amphibia,Anura,Ranidae,Chordata,615,False,False,1,1,0,0,1,0,False,very_sparse_1_4,Very limited (1-4 protective contexts),False,0.0025180820493197,extended_greedy_order,Very limited direct protective support; confirmatory testing is a high priority.
Plectomerus sp.,,Bivalvia,Unionoida,Unionidae,Mollusca,616,False,False,1,1,0,0,1,0,False,very_sparse_1_4,Very limited (1-4 protective contexts),False,0.0039198676481977,extended_greedy_order,Very limited direct protective support; confirmatory testing is a high priority.
Gambusia sp.,,Actinopterygii,Cyprinodontiformes,Poeciliidae,Chordata,617,False,False,3,3,0,0,1,0,False,very_sparse_1_4,Very limited (1-4 protective contexts),False,0.0036039614968076,extended_greedy_order,Very limited direct protective support; confirmatory testing is a high priority.
Asellus communis,,Malacostraca,Isopoda,Asellidae,Arthropoda,618,False,False,11,9,1,1,1,8,True,sparse_5_19,Limited (5-19 protective contexts),False,0.0058561509103247,extended_greedy_order,Limited direct protective support; interpret the rank with the reported uncertainty.
Anopheles subpictus,,Insecta,Diptera,Culicidae,Arthropoda,619,False,False,4,4,0,0,1,0,False,very_sparse_1_4,Very limited (1-4 protective contexts),False,0.0036367101809386,extended_greedy_order,Very limited direct protective support; confirmatory testing is a high priority.
Epeorus vitreus,,Insecta,Ephemeroptera,Heptageniidae,Arthropoda,620,False,False,1,1,0,0,2,9,True,very_sparse_1_4,Very limited (1-4 protective contexts),False,0.0042683685021193,extended_greedy_order,Very limited direct protective support; confirmatory testing is a high priority.
Prosopium williamsoni,,Actinopterygii,Salmoniformes,Salmonidae,Chordata,621,False,False,13,3,0,0,2,8,True,sparse_5_19,Limited (5-19 protective contexts),False,0.0055709623958944,extended_greedy_order,Limited direct protective support; interpret the rank with the reported uncertainty.
Danio malabaricus,,Actinopterygii,Cypriniformes,Cyprinidae,Chordata,622,False,False,2,2,0,0,1,0,False,very_sparse_1_4,Very limited (1-4 protective contexts),False,0.0037404319906068,extended_greedy_order,Very limited direct protective support; confirmatory testing is a high priority.
Leptodea leptodon,,Bivalvia,Unionoida,Unionidae,Mollusca,623,False,False,3,2,0,0,1,1,True,very_sparse_1_4,Very limited (1-4 protective contexts),False,0.0029351127869642,extended_greedy_order,Very limited direct protective support; confirmatory testing is a high priority.
Venustaconcha ellipsiformis,,Bivalvia,Unionoida,Unionidae,Mollusca,624,False,False,6,6,0,0,1,6,True,sparse_5_19,Limited (5-19 protective contexts),False,0.0030674789774187,extended_greedy_order,Limited direct protective support; interpret the rank with the reported uncertainty.
Ischnura verticalis,,Insecta,Odonata,Coenagrionidae,Arthropoda,625,False,False,8,8,0,0,2,36,True,sparse_5_19,Limited (5-19 protective contexts),False,0.0124085382862256,extended_greedy_order,Limited direct protective support; interpret the rank with the reported uncertainty.
Anodonta anatina,,Bivalvia,Unionoida,Unionidae,Mollusca,626,False,False,5,4,8,8,2,0,False,sparse_5_19,Limited (5-19 protective contexts),False,0.0027961879053196,extended_greedy_order,Limited direct protective support; interpret the rank with the reported uncertainty.
Pacifastacus leniusculus,,Malacostraca,Decapoda,Astacidae,Arthropoda,627,False,False,17,11,3,3,1,2,True,sparse_5_19,Limited (5-19 protective contexts),False,0.0025633503181677,extended_greedy_order,Limited direct protective support; interpret the rank with the reported uncertainty.
Anaxyrus fowleri,,Amphibia,Anura,Bufonidae,Chordata,628,False,False,6,3,0,0,1,30,True,sparse_5_19,Limited (5-19 protective contexts),False,0.0103505189034424,extended_greedy_order,Limited direct protective support; interpret the rank with the reported uncertainty.
Bufo punctatus,,Amphibia,Anura,Bufonidae,Chordata,629,False,False,10,2,0,0,1,9,True,sparse_5_19,Limited (5-19 protective contexts),False,0.0054713380898196,extended_greedy_order,Limited direct protective support; interpret the rank with the reported uncertainty.
Ochlerotatus caspius,,Insecta,Diptera,Culicidae,Arthropoda,630,False,False,2,2,0,0,1,0,False,very_sparse_1_4,Very limited (1-4 protective contexts),False,0.0034415371986231,extended_greedy_order,Very limited direct protective support; confirmatory testing is a high priority.
Cheumatopsyche sp.,,Insecta,Trichoptera,Hydropsychidae,Arthropoda,631,False,False,8,7,0,0,1,0,False,sparse_5_19,Limited (5-19 protective contexts),False,0.0023644034674266,extended_greedy_order,Limited direct protective support; interpret the rank with the reported uncertainty.
Anisops sardeus,,Insecta,Heteroptera,Notonectidae,Arthropoda,632,False,False,11,11,0,0,2,0,False,sparse_5_19,Limited (5-19 protective contexts),False,0.0016837438372748,extended_greedy_order,Limited direct protective support; interpret the rank with the reported uncertainty.
Artemia salina,,Branchiopoda,Anostraca,Artemiidae,Arthropoda,633,False,False,21,21,0,0,2,0,False,moderate_20_49,Moderate (20-49 protective contexts),False,0.003341887341395,extended_greedy_order,
Physa sp.,,Gastropoda,Basommatophora,Physidae,Mollusca,634,False,False,14,12,1,1,2,0,False,sparse_5_19,Limited (5-19 protective contexts),False,0.003813682843155,extended_greedy_order,Limited direct protective support; interpret the rank with the reported uncertainty.
Protonemura meyeri,,Insecta,Plecoptera,Nemouridae,Arthropoda,635,False,False,1,1,0,0,1,0,False,very_sparse_1_4,Very limited (1-4 protective contexts),False,0.0036460066017972,extended_greedy_order,Very limited direct protective support; confirmatory testing is a high priority.
Mansonia uniformis,,Insecta,Diptera,Culicidae,Arthropoda,636,False,False,1,1,0,0,1,0,False,very_sparse_1_4,Very limited (1-4 protective contexts),False,0.0024170040083771,extended_greedy_order,Very limited direct protective support; confirmatory testing is a high priority.
Brachionus patulus,,Monogononta,Ploima,Brachionidae,Rotifera,637,False,False,7,6,0,0,1,12,True,sparse_5_19,Limited (5-19 protective contexts),False,0.0071324237548226,extended_greedy_order,Limited direct protective support; interpret the rank with the reported uncertainty.
Pelophylax esculentus,,Amphibia,Anura,Ranidae,Chordata,638,False,False,2,2,0,0,1,0,False,very_sparse_1_4,Very limited (1-4 protective contexts),False,0.00345667920598,extended_greedy_order,Very limited direct protective support; confirmatory testing is a high priority.
Amphinemura sulcicollis,,Insecta,Plecoptera,Nemouridae,Arthropoda,639,False,False,1,1,0,0,1,0,False,very_sparse_1_4,Very limited (1-4 protective contexts),False,0.0025712045939784,extended_greedy_order,Very limited direct protective support; confirmatory testing is a high priority.
Barbus guganio,,Actinopterygii,Cypriniformes,Cyprinidae,Chordata,640,False,False,2,2,0,0,1,0,False,very_sparse_1_4,Very limited (1-4 protective contexts),False,0.0036452311243951,extended_greedy_order,Very limited direct protective support; confirmatory testing is a high priority.
Barbus grypus,,Actinopterygii,Cypriniformes,Cyprinidae,Chordata,641,False,False,2,1,0,0,1,0,False,very_sparse_1_4,Very limited (1-4 protective contexts),False,0.003643643090755,extended_greedy_order,Very limited direct protective support; confirmatory testing is a high priority.
Planorbella pilsbryi,,Gastropoda,Basommatophora,Planorbidae,Mollusca,642,False,False,9,4,0,0,1,2,True,sparse_5_19,Limited (5-19 protective contexts),False,0.0018401847888864,extended_greedy_order,Limited direct protective support; interpret the rank with the reported uncertainty.
Palaemon adspersus,,Malacostraca,Decapoda,Palaemonidae,Arthropoda,643,False,False,1,1,0,0,1,0,False,very_sparse_1_4,Very limited (1-4 protective contexts),False,0.003855973225489,extended_greedy_order,Very limited direct protective support; confirmatory testing is a high priority.
Anacystis incerta,,Cyanophyceae,Chroococcales,Chroococcaceae,Cyanophycota,644,False,False,2,2,0,0,1,0,False,very_sparse_1_4,Very limited (1-4 protective contexts),False,0.0043308302909888,extended_greedy_order,Very limited direct protective support; confirmatory testing is a high priority.
Macrostemum sp.,,Insecta,Trichoptera,Hydropsychidae,Arthropoda,645,False,False,1,1,0,0,1,0,False,very_sparse_1_4,Very limited (1-4 protective contexts),False,0.0033304550440453,extended_greedy_order,Very limited direct protective support; confirmatory testing is a high priority.
Potamyia flava,,Insecta,Trichoptera,Hydropsychidae,Arthropoda,646,False,False,1,1,0,0,1,21,True,very_sparse_1_4,Very limited (1-4 protective contexts),False,0.0075268283995425,extended_greedy_order,Very limited direct protective support; confirmatory testing is a high priority.
Potamilus alatus,,Bivalvia,Unionoida,Unionidae,Mollusca,647,False,False,3,3,0,0,1,18,True,very_sparse_1_4,Very limited (1-4 protective contexts),False,0.0079275550010557,extended_greedy_order,Very limited direct protective support; confirmatory testing is a high priority.
Sida crystallina,,Branchiopoda,Cladocera,Sididae,Arthropoda,648,False,False,2,1,1,1,1,1,True,very_sparse_1_4,Very limited (1-4 protective contexts),False,0.0026132415938932,extended_greedy_order,Very limited direct protective support; confirmatory testing is a high priority.
Lymnaea emarginata,,Gastropoda,Basommatophora,Lymnaeidae,Mollusca,649,False,False,3,3,0,0,1,4,True,very_sparse_1_4,Very limited (1-4 protective contexts),False,0.0049314522151847,extended_greedy_order,Very limited direct protective support; confirmatory testing is a high priority.
Isogenus sp.,,Insecta,Plecoptera,Perlodidae,Arthropoda,650,False,False,6,6,0,0,1,0,False,sparse_5_19,Limited (5-19 protective contexts),False,0.0016447325035409,extended_greedy_order,Limited direct protective support; interpret the rank with the reported uncertainty.
Carassius carassius,,Actinopterygii,Cypriniformes,Cyprinidae,Chordata,651,False,False,40,36,4,2,1,0,False,moderate_20_49,Moderate (20-49 protective contexts),False,0.0017456813871397,extended_greedy_order,
Ochlerotatus nigromaculis,,Insecta,Diptera,Culicidae,Arthropoda,652,False,False,1,1,0,0,1,11,True,very_sparse_1_4,Very limited (1-4 protective contexts),False,0.0055759401915247,extended_greedy_order,Very limited direct protective support; confirmatory testing is a high priority.
Puntius stigma,,Actinopterygii,Cypriniformes,Cyprinidae,Chordata,653,False,False,5,5,0,0,1,0,False,sparse_5_19,Limited (5-19 protective contexts),False,0.0024841613365245,extended_greedy_order,Limited direct protective support; interpret the rank with the reported uncertainty.
Spirostomum teres,,Ciliatea,Heterotrichida,Spirostomidae,Ciliophora,654,False,False,18,18,0,0,2,5,True,sparse_5_19,Limited (5-19 protective contexts),False,0.0059793307958865,extended_greedy_order,Limited direct protective support; interpret the rank with the reported uncertainty.
Wyeomyia smithii,,Insecta,Diptera,Culicidae,Arthropoda,655,False,False,14,9,0,0,1,11,True,sparse_5_19,Limited (5-19 protective contexts),False,0.0035169128312008,extended_greedy_order,Limited direct protective support; interpret the rank with the reported uncertainty.
Leuciscus idus,,Actinopterygii,Cypriniformes,Cyprinidae,Chordata,656,False,False,19,15,4,4,1,0,False,sparse_5_19,Limited (5-19 protective contexts),False,0.0027423597268794,extended_greedy_order,Limited direct protective support; interpret the rank with the reported uncertainty.
Anopheles sp.,,Insecta,Diptera,Culicidae,Arthropoda,657,False,False,8,8,0,0,1,0,False,sparse_5_19,Limited (5-19 protective contexts),False,0.0024814252943823,extended_greedy_order,Limited direct protective support; interpret the rank with the reported uncertainty.
Amphinemura delosa,,Insecta,Plecoptera,Nemouridae,Arthropoda,658,False,False,2,2,0,0,1,8,True,very_sparse_1_4,Very limited (1-4 protective contexts),False,0.005270266894066,extended_greedy_order,Very limited direct protective support; confirmatory testing is a high priority.
Pelophylax perezi,,Amphibia,Anura,Ranidae,Chordata,659,False,False,26,8,5,5,2,0,False,moderate_20_49,Moderate (20-49 protective contexts),False,0.0034027493504445,extended_greedy_order,
Gambusia yucatana,,Actinopterygii,Cyprinodontiformes,Poeciliidae,Chordata,660,False,False,6,3,0,0,1,0,False,sparse_5_19,Limited (5-19 protective contexts),False,0.0024404245874025,extended_greedy_order,Limited direct protective support; interpret the rank with the reported uncertainty.
Notropis blennius,,Actinopterygii,Cypriniformes,Cyprinidae,Chordata,661,False,False,1,1,0,0,1,12,True,very_sparse_1_4,Very limited (1-4 protective contexts),False,0.0061089924708048,extended_greedy_order,Very limited direct protective support; confirmatory testing is a high priority.
Physa integra,,Gastropoda,Basommatophora,Physidae,Mollusca,662,False,False,8,8,0,0,1,45,True,sparse_5_19,Limited (5-19 protective contexts),False,0.0101759452139067,extended_greedy_order,Limited direct protective support; interpret the rank with the reported uncertainty.
Poecilia vivipara,,Actinopterygii,Cyprinodontiformes,Poeciliidae,Chordata,663,False,False,6,6,2,2,1,0,False,sparse_5_19,Limited (5-19 protective contexts),False,0.0032931036999133,extended_greedy_order,Limited direct protective support; interpret the rank with the reported uncertainty.
Perca fluviatilis,,Actinopterygii,Perciformes,Percidae,Chordata,664,False,False,21,14,6,4,2,0,False,moderate_20_49,Moderate (20-49 protective contexts),False,0.0023754780796952,extended_greedy_order,
Pantala flavescens,,Insecta,Odonata,Libellulidae,Arthropoda,665,False,False,1,1,0,0,1,47,True,very_sparse_1_4,Very limited (1-4 protective contexts),False,0.0139214593847982,extended_greedy_order,Very limited direct protective support; confirmatory testing is a high priority.
Notropis rubellus,,Actinopterygii,Cypriniformes,Cyprinidae,Chordata,666,False,False,1,1,1,1,1,12,True,very_sparse_1_4,Very limited (1-4 protective contexts),False,0.0060863503239775,extended_greedy_order,Very limited direct protective support; confirmatory testing is a high priority.
Epeorus latifolium,,Insecta,Ephemeroptera,Heptageniidae,Arthropoda,667,False,False,6,2,0,0,1,0,False,sparse_5_19,Limited (5-19 protective contexts),False,0.0038510826922068,extended_greedy_order,Limited direct protective support; interpret the rank with the reported uncertainty.
Stenonema sp.,,Insecta,Ephemeroptera,Heptageniidae,Arthropoda,668,False,False,4,4,0,0,1,0,False,very_sparse_1_4,Very limited (1-4 protective contexts),False,0.0026170870518698,extended_greedy_order,Very limited direct protective support; confirmatory testing is a high priority.
Diphetor hageni,,Insecta,Ephemeroptera,Baetidae,Arthropoda,669,False,False,5,5,1,1,1,13,True,sparse_5_19,Limited (5-19 protective contexts),False,0.003689299676863,extended_greedy_order,Limited direct protective support; interpret the rank with the reported uncertainty.
Ladona deplanata,,Insecta,Odonata,Libellulidae,Arthropoda,670,False,False,1,1,0,0,1,30,True,very_sparse_1_4,Very limited (1-4 protective contexts),False,0.0102005784817695,extended_greedy_order,Very limited direct protective support; confirmatory testing is a high priority.
Obovaria subrotunda,,Bivalvia,Unionoida,Unionidae,Mollusca,671,False,False,1,1,0,0,1,6,True,very_sparse_1_4,Very limited (1-4 protective contexts),False,0.0050851415991405,extended_greedy_order,Very limited direct protective support; confirmatory testing is a high priority.
Barbus javanicus,,Actinopterygii,Cypriniformes,Cyprinidae,Chordata,672,False,False,7,5,0,0,1,0,False,sparse_5_19,Limited (5-19 protective contexts),False,0.0025023582071189,extended_greedy_order,Limited direct protective support; interpret the rank with the reported uncertainty.
Lymnaea palustris,,Gastropoda,Basommatophora,Lymnaeidae,Mollusca,673,False,False,4,3,1,1,1,0,False,very_sparse_1_4,Very limited (1-4 protective contexts),False,0.0039131201977,extended_greedy_order,Very limited direct protective support; confirmatory testing is a high priority.
Bosmina coregoni,,Branchiopoda,Diplostraca,Bosminidae,Arthropoda,674,False,False,1,1,0,0,1,1,True,very_sparse_1_4,Very limited (1-4 protective contexts),False,0.0035976287464406,extended_greedy_order,Very limited direct protective support; confirmatory testing is a high priority.
Cyprinella whipplei,,Actinopterygii,Cypriniformes,Cyprinidae,Chordata,675,False,False,3,2,0,0,1,9,True,very_sparse_1_4,Very limited (1-4 protective contexts),False,0.0052593827527282,extended_greedy_order,Very limited direct protective support; confirmatory testing is a high priority.
Asellus intermedius,,Malacostraca,Isopoda,Asellidae,Arthropoda,676,False,False,10,10,0,0,1,0,False,sparse_5_19,Limited (5-19 protective contexts),False,0.0026821011305778,extended_greedy_order,Limited direct protective support; interpret the rank with the reported uncertainty.
Artemia sp.,,Branchiopoda,Anostraca,Artemiidae,Arthropoda,677,False,False,1,1,0,0,1,0,False,very_sparse_1_4,Very limited (1-4 protective contexts),False,0.0022314826579963,extended_greedy_order,Very limited direct protective support; confirmatory testing is a high priority.
Plathemis lydia,,Insecta,Odonata,Libellulidae,Arthropoda,678,False,False,1,1,0,0,1,49,True,very_sparse_1_4,Very limited (1-4 protective contexts),False,0.0143457529582858,extended_greedy_order,Very limited direct protective support; confirmatory testing is a high priority.
Leptestheria compleximanus,,Branchiopoda,Diplostraca,Leptestheriidae,Arthropoda,679,False,False,1,1,0,0,1,3,True,very_sparse_1_4,Very limited (1-4 protective contexts),False,0.0026235812849098,extended_greedy_order,Very limited direct protective support; confirmatory testing is a high priority.
Eulimnadia sp.,,Branchiopoda,Diplostraca,Limnadiidae,Arthropoda,680,False,False,1,1,0,0,1,0,False,very_sparse_1_4,Very limited (1-4 protective contexts),False,0.0031364372609183,extended_greedy_order,Very limited direct protective support; confirmatory testing is a high priority.
Ligumia subrostrata,,Bivalvia,Unionoida,Unionidae,Mollusca,681,False,False,10,5,0,0,1,14,True,sparse_5_19,Limited (5-19 protective contexts),False,0.0048626227543401,extended_greedy_order,Limited direct protective support; interpret the rank with the reported uncertainty.
Cyrtonaias tampicoensis,,Bivalvia,Unionoida,Unionidae,Mollusca,682,False,False,1,1,0,0,1,1,True,very_sparse_1_4,Very limited (1-4 protective contexts),False,0.0039307671411743,extended_greedy_order,Very limited direct protective support; confirmatory testing is a high priority.
Toxolasma texasensis,,Bivalvia,Unionoida,Unionidae,Mollusca,683,False,False,1,1,0,0,1,5,True,very_sparse_1_4,Very limited (1-4 protective contexts),False,0.0048207521542704,extended_greedy_order,Very limited direct protective support; confirmatory testing is a high priority.
Erimonax monachus,,Actinopterygii,Cypriniformes,Cyprinidae,Chordata,684,False,False,14,7,0,0,1,2,True,sparse_5_19,Limited (5-19 protective contexts),False,0.0027643341305132,extended_greedy_order,Limited direct protective support; interpret the rank with the reported uncertainty.
Fejervarya limnocharis,,Amphibia,Anura,Ranidae,Chordata,685,False,False,10,3,1,1,1,0,False,sparse_5_19,Limited (5-19 protective contexts),False,0.0034113981690918,extended_greedy_order,Limited direct protective support; interpret the rank with the reported uncertainty.
Toxorhynchites splendens,,Insecta,Diptera,Culicidae,Arthropoda,686,False,False,7,7,0,0,1,0,False,sparse_5_19,Limited (5-19 protective contexts),False,0.0022847158048118,extended_greedy_order,Limited direct protective support; interpret the rank with the reported uncertainty.
Cyprinella leedsi,,Actinopterygii,Cypriniformes,Cyprinidae,Chordata,687,False,False,3,1,0,0,1,1,True,very_sparse_1_4,Very limited (1-4 protective contexts),True,0.0035907090651247,extended_greedy_order,Very limited direct protective support; confirmatory testing is a high priority.
Chaetopteryx villosa,,Insecta,Trichoptera,Limnephilidae,Arthropoda,688,False,False,1,1,1,1,1,0,False,very_sparse_1_4,Very limited (1-4 protective contexts),False,0.003504717297501,extended_greedy_order,Very limited direct protective support; confirmatory testing is a high priority.
Barbus arulius,,Actinopterygii,Cypriniformes,Cyprinidae,Chordata,689,False,False,4,4,2,2,1,0,False,very_sparse_1_4,Very limited (1-4 protective contexts),False,0.0034847827571109,extended_greedy_order,Very limited direct protective support; confirmatory testing is a high priority.
Cyprinella lutrensis,,Actinopterygii,Cypriniformes,Cyprinidae,Chordata,690,False,False,5,5,1,1,1,10,True,sparse_5_19,Limited (5-19 protective contexts),False,0.0038312278642434,extended_greedy_order,Limited direct protective support; interpret the rank with the reported uncertainty.
Epeorus sp.,,Insecta,Ephemeroptera,Heptageniidae,Arthropoda,691,False,False,2,2,0,0,1,0,False,very_sparse_1_4,Very limited (1-4 protective contexts),False,0.002613492147762,extended_greedy_order,Very limited direct protective support; confirmatory testing is a high priority.
Simulium latigonium,,Insecta,Diptera,Simuliidae,Arthropoda,692,False,False,3,3,0,0,1,0,False,very_sparse_1_4,Very limited (1-4 protective contexts),False,0.0026759750303038,extended_greedy_order,Very limited direct protective support; confirmatory testing is a high priority.
Crangonyx pseudogracilis,,Malacostraca,Amphipoda,Crangonyctidae,Arthropoda,693,False,False,20,20,0,0,2,1,True,moderate_20_49,Moderate (20-49 protective contexts),False,0.0028743124033751,extended_greedy_order,
Isthmohyla pseudopuma,,Amphibia,Anura,Hylidae,Chordata,694,False,False,1,1,0,0,1,0,False,very_sparse_1_4,Very limited (1-4 protective contexts),False,0.0024359885455069,extended_greedy_order,Very limited direct protective support; confirmatory testing is a high priority.
Holopedium gibberum,,Branchiopoda,Diplostraca,Holopediidae,Arthropoda,695,False,False,1,1,0,0,1,1,True,very_sparse_1_4,Very limited (1-4 protective contexts),False,0.003279373051087,extended_greedy_order,Very limited direct protective support; confirmatory testing is a high priority.
Agalychnis callidryas,,Amphibia,Anura,Hylidae,Chordata,696,False,False,1,1,1,1,1,0,False,very_sparse_1_4,Very limited (1-4 protective contexts),False,0.0024350890228663,extended_greedy_order,Very limited direct protective support; confirmatory testing is a high priority.
Atyaephyra desmarestii,,Malacostraca,Decapoda,Atyidae,Arthropoda,697,False,False,2,2,2,2,1,0,False,very_sparse_1_4,Very limited (1-4 protective contexts),False,0.0038580255956489,extended_greedy_order,Very limited direct protective support; confirmatory testing is a high priority.
Ptychobranchus fasciolaris,,Bivalvia,Unionoida,Unionidae,Mollusca,698,False,False,1,1,0,0,1,10,True,very_sparse_1_4,Very limited (1-4 protective contexts),False,0.0058894322502347,extended_greedy_order,Very limited direct protective support; confirmatory testing is a high priority.
Sigara arguta,,Insecta,Heteroptera,Corixidae,Arthropoda,699,False,False,2,2,0,0,1,0,False,very_sparse_1_4,Very limited (1-4 protective contexts),False,0.0035820294607721,extended_greedy_order,Very limited direct protective support; confirmatory testing is a high priority.
Triops longicaudatus,,Branchiopoda,Notostraca,Triopsidae,Arthropoda,700,False,False,4,4,0,0,1,7,True,very_sparse_1_4,Very limited (1-4 protective contexts),False,0.0043794387877028,extended_greedy_order,Very limited direct protective support; confirmatory testing is a high priority.
Smilisca baudinii,,Amphibia,Anura,Hylidae,Chordata,701,False,False,1,1,0,0,1,2,True,very_sparse_1_4,Very limited (1-4 protective contexts),False,0.0027228501559412,extended_greedy_order,Very limited direct protective support; confirmatory testing is a high priority.
Sinanodonta woodiana,,Bivalvia,Unionoida,Unionidae,Mollusca,702,False,False,2,2,0,0,1,0,False,very_sparse_1_4,Very limited (1-4 protective contexts),False,0.0036753630747885,extended_greedy_order,Very limited direct protective support; confirmatory testing is a high priority.
Buenoa sp.,,Insecta,Heteroptera,Notonectidae,Arthropoda,703,False,False,1,1,0,0,1,0,False,very_sparse_1_4,Very limited (1-4 protective contexts),False,0.0035266962587587,extended_greedy_order,Very limited direct protective support; confirmatory testing is a high priority.
Barbus conchonius,,Actinopterygii,Cypriniformes,Cyprinidae,Chordata,704,False,False,10,8,2,2,2,1,True,sparse_5_19,Limited (5-19 protective contexts),False,0.0021333088893694,extended_greedy_order,Limited direct protective support; interpret the rank with the reported uncertainty.
Phoxinus eos,,Actinopterygii,Cypriniformes,Cyprinidae,Chordata,705,False,False,1,1,0,0,1,10,True,very_sparse_1_4,Very limited (1-4 protective contexts),False,0.0054024249674455,extended_greedy_order,Very limited direct protective support; confirmatory testing is a high priority.
Cyprinodon bovinus,,Actinopterygii,Cyprinodontiformes,Cyprinodontidae,Chordata,706,False,False,4,4,0,0,1,0,False,very_sparse_1_4,Very limited (1-4 protective contexts),False,0.0026414682605051,extended_greedy_order,Very limited direct protective support; confirmatory testing is a high priority.
Notropis mekistocholas,,Actinopterygii,Cypriniformes,Cyprinidae,Chordata,707,False,False,8,7,0,0,1,0,False,sparse_5_19,Limited (5-19 protective contexts),False,0.0024738039518611,extended_greedy_order,Limited direct protective support; interpret the rank with the reported uncertainty.
Lymnaea rubiginosa,,Gastropoda,Basommatophora,Lymnaeidae,Mollusca,708,False,False,2,1,0,0,2,0,False,very_sparse_1_4,Very limited (1-4 protective contexts),False,0.0038562805464804,extended_greedy_order,Very limited direct protective support; confirmatory testing is a high priority.
Notropis atherinoides,,Actinopterygii,Cypriniformes,Cyprinidae,Chordata,709,False,False,11,8,0,0,3,19,True,sparse_5_19,Limited (5-19 protective contexts),False,0.0073489800560363,extended_greedy_order,Limited direct protective support; interpret the rank with the reported uncertainty.
Ligumia recta,,Bivalvia,Unionoida,Unionidae,Mollusca,710,False,False,3,3,4,4,1,18,True,very_sparse_1_4,Very limited (1-4 protective contexts),False,0.0053981953278079,extended_greedy_order,Very limited direct protective support; confirmatory testing is a high priority.
Poeciliopsis occidentalis,,Actinopterygii,Cyprinodontiformes,Poeciliidae,Chordata,711,False,False,6,5,0,0,1,0,False,sparse_5_19,Limited (5-19 protective contexts),False,0.0021553153560084,extended_greedy_order,Limited direct protective support; interpret the rank with the reported uncertainty.
Oreochromis niloticus,,Actinopterygii,Perciformes,Cichlidae,Chordata,712,False,False,196,85,28,18,3,7,True,strong_50_plus,Strong (50+ protective contexts),False,0.0011973280422975,extended_greedy_order,
Buenoa unguis,,Insecta,Heteroptera,Notonectidae,Arthropoda,713,False,False,2,2,0,0,1,0,False,very_sparse_1_4,Very limited (1-4 protective contexts),False,0.0025016187827148,extended_greedy_order,Very limited direct protective support; confirmatory testing is a high priority.
Rhinichthys osculus,,Actinopterygii,Cypriniformes,Cyprinidae,Chordata,714,False,False,2,2,0,0,1,6,True,very_sparse_1_4,Very limited (1-4 protective contexts),False,0.0045267629784234,extended_greedy_order,Very limited direct protective support; confirmatory testing is a high priority.
Sigara substriata,,Insecta,Heteroptera,Corixidae,Arthropoda,715,False,False,1,1,0,0,1,0,False,very_sparse_1_4,Very limited (1-4 protective contexts),False,0.0035584127031441,extended_greedy_order,Very limited direct protective support; confirmatory testing is a high priority.
Drunella cornuta,,Insecta,Ephemeroptera,Ephemerellidae,Arthropoda,716,False,False,1,1,0,0,2,3,True,very_sparse_1_4,Very limited (1-4 protective contexts),False,0.0042337604192963,extended_greedy_order,Very limited direct protective support; confirmatory testing is a high priority.
Ceratophyllum demersum,,Magnoliopsida,Nymphaeales,Ceratophyllaceae,Magnoliophyta,717,False,False,20,17,6,6,2,49,True,moderate_20_49,Moderate (20-49 protective contexts),False,0.0049776980409135,extended_greedy_order,
Notropis buccatus,,Actinopterygii,Cypriniformes,Cyprinidae,Chordata,718,False,False,3,2,0,0,1,12,True,very_sparse_1_4,Very limited (1-4 protective contexts),False,0.0058805577451818,extended_greedy_order,Very limited direct protective support; confirmatory testing is a high priority.
Drunella doddsi,,Insecta,Ephemeroptera,Ephemerellidae,Arthropoda,719,False,False,1,1,0,0,1,7,True,very_sparse_1_4,Very limited (1-4 protective contexts),False,0.0049948390659856,extended_greedy_order,Very limited direct protective support; confirmatory testing is a high priority.
Pomacea paludosa,,Gastropoda,Architaenioglossa,Ampullariidae,Mollusca,720,False,False,18,7,0,0,3,1,True,sparse_5_19,Limited (5-19 protective contexts),False,0.0025460371544076,extended_greedy_order,Limited direct protective support; interpret the rank with the reported uncertainty.
Bosmina sp.,,Branchiopoda,Diplostraca,Bosminidae,Arthropoda,721,False,False,1,1,0,0,1,0,False,very_sparse_1_4,Very limited (1-4 protective contexts),False,0.0022934884132764,extended_greedy_order,Very limited direct protective support; confirmatory testing is a high priority.
Sigara sp.,,Insecta,Heteroptera,Corixidae,Arthropoda,722,False,False,1,1,1,1,1,0,False,very_sparse_1_4,Very limited (1-4 protective contexts),False,0.0035411300423098,extended_greedy_order,Very limited direct protective support; confirmatory testing is a high priority.
Bosmina longirostris,,Branchiopoda,Diplostraca,Bosminidae,Arthropoda,723,False,False,12,7,0,0,1,6,True,sparse_5_19,Limited (5-19 protective contexts),False,0.0031593091469282,extended_greedy_order,Limited direct protective support; interpret the rank with the reported uncertainty.
Poeciliopsis sp.,,Actinopterygii,Cyprinodontiformes,Poeciliidae,Chordata,724,False,False,1,1,0,0,1,0,False,very_sparse_1_4,Very limited (1-4 protective contexts),False,0.0030047231417081,extended_greedy_order,Very limited direct protective support; confirmatory testing is a high priority.
Pimephales notatus,,Actinopterygii,Cypriniformes,Cyprinidae,Chordata,725,False,False,12,6,3,2,2,20,True,sparse_5_19,Limited (5-19 protective contexts),False,0.0072760744736851,extended_greedy_order,Limited direct protective support; interpret the rank with the reported uncertainty.
Anacystis alpicola,,Cyanophyceae,Chroococcales,Chroococcaceae,Cyanophycota,726,False,False,2,2,0,0,1,0,False,very_sparse_1_4,Very limited (1-4 protective contexts),False,0.0042365493206629,extended_greedy_order,Very limited direct protective support; confirmatory testing is a high priority.
Sigara dorsalis,,Insecta,Heteroptera,Corixidae,Arthropoda,727,False,False,1,1,0,0,1,0,False,very_sparse_1_4,Very limited (1-4 protective contexts),False,0.0035349860211271,extended_greedy_order,Very limited direct protective support; confirmatory testing is a high priority.
Hyriopsis cumingii,,Bivalvia,Unionoida,Unionidae,Mollusca,728,False,False,1,1,0,0,1,0,False,very_sparse_1_4,Very limited (1-4 protective contexts),False,0.003638273423378,extended_greedy_order,Very limited direct protective support; confirmatory testing is a high priority.
Orthemis sp.,,Insecta,Odonata,Libellulidae,Arthropoda,729,False,False,1,1,0,0,1,0,False,very_sparse_1_4,Very limited (1-4 protective contexts),False,0.003451293093673,extended_greedy_order,Very limited direct protective support; confirmatory testing is a high priority.
Hamiota subangulata,,Bivalvia,Unionoida,Unionidae,Mollusca,730,False,False,1,1,0,0,1,2,True,very_sparse_1_4,Very limited (1-4 protective contexts),False,0.0040748171363559,extended_greedy_order,Very limited direct protective support; confirmatory testing is a high priority.
Claassenia sp.,,Insecta,Plecoptera,Perlidae,Arthropoda,731,False,False,1,1,0,0,1,0,False,very_sparse_1_4,Very limited (1-4 protective contexts),False,0.0035265709729257,extended_greedy_order,Very limited direct protective support; confirmatory testing is a high priority.
Libellula sp.,,Insecta,Odonata,Libellulidae,Arthropoda,732,False,False,2,2,0,0,1,0,False,very_sparse_1_4,Very limited (1-4 protective contexts),False,0.0034420173509551,extended_greedy_order,Very limited direct protective support; confirmatory testing is a high priority.
Lymnaea peregra,,Gastropoda,Basommatophora,Lymnaeidae,Mollusca,733,False,False,7,6,1,1,2,0,False,sparse_5_19,Limited (5-19 protective contexts),False,0.0027110271837268,extended_greedy_order,Limited direct protective support; interpret the rank with the reported uncertainty.
Rhinichthys cataractae,,Actinopterygii,Cypriniformes,Cyprinidae,Chordata,734,False,False,4,2,0,0,1,28,True,very_sparse_1_4,Very limited (1-4 protective contexts),False,0.008798997067558,extended_greedy_order,Very limited direct protective support; confirmatory testing is a high priority.
Sympetrum flaveolum,,Insecta,Odonata,Libellulidae,Arthropoda,735,False,False,1,1,0,0,1,0,False,very_sparse_1_4,Very limited (1-4 protective contexts),False,0.0024431038932732,extended_greedy_order,Very limited direct protective support; confirmatory testing is a high priority.
Megalobrama amblycephala,,Actinopterygii,Cypriniformes,Cyprinidae,Chordata,736,False,False,2,1,0,0,1,0,False,very_sparse_1_4,Very limited (1-4 protective contexts),False,0.0033340551644627,extended_greedy_order,Very limited direct protective support; confirmatory testing is a high priority.
Fejervarya multistriata,,Amphibia,Anura,Ranidae,Chordata,737,False,False,2,2,0,0,1,0,False,very_sparse_1_4,Very limited (1-4 protective contexts),False,0.0022453998750294,extended_greedy_order,Very limited direct protective support; confirmatory testing is a high priority.
Callibaetis skokianus,,Insecta,Ephemeroptera,Baetidae,Arthropoda,738,False,False,2,2,0,0,1,0,False,very_sparse_1_4,Very limited (1-4 protective contexts),False,0.0024721905250508,extended_greedy_order,Very limited direct protective support; confirmatory testing is a high priority.
Wyeomyia mitchellii,,Insecta,Diptera,Culicidae,Arthropoda,739,False,False,1,1,0,0,1,2,True,very_sparse_1_4,Very limited (1-4 protective contexts),False,0.0025867422779031,extended_greedy_order,Very limited direct protective support; confirmatory testing is a high priority.
Simulium decorum,,Insecta,Diptera,Simuliidae,Arthropoda,740,False,False,1,1,0,0,1,2,True,very_sparse_1_4,Very limited (1-4 protective contexts),False,0.0029656801017916,extended_greedy_order,Very limited direct protective support; confirmatory testing is a high priority.
Arctopsyche grandis,,Insecta,Trichoptera,Hydropsychidae,Arthropoda,741,False,False,4,4,0,0,2,2,True,very_sparse_1_4,Very limited (1-4 protective contexts),False,0.0033979983496626,extended_greedy_order,Very limited direct protective support; confirmatory testing is a high priority.
Ameletus sp.,,Insecta,Ephemeroptera,Ameletidae,Arthropoda,742,False,False,4,2,0,0,1,0,False,very_sparse_1_4,Very limited (1-4 protective contexts),False,0.0033681092666935,extended_greedy_order,Very limited direct protective support; confirmatory testing is a high priority.
Ligumia sp.,,Bivalvia,Unionoida,Unionidae,Mollusca,743,False,False,2,1,0,0,1,0,False,very_sparse_1_4,Very limited (1-4 protective contexts),False,0.003659560829515,extended_greedy_order,Very limited direct protective support; confirmatory testing is a high priority.
Anacystis dimidiata,,Cyanophyceae,Chroococcales,Chroococcaceae,Cyanophycota,744,False,False,2,2,0,0,1,3,True,very_sparse_1_4,Very limited (1-4 protective contexts),False,0.004990983360003,extended_greedy_order,Very limited direct protective support; confirmatory testing is a high priority.
Erythemis simplicicollis,,Insecta,Odonata,Libellulidae,Arthropoda,745,False,False,1,1,0,0,1,40,True,very_sparse_1_4,Very limited (1-4 protective contexts),False,0.0116160438222371,extended_greedy_order,Very limited direct protective support; confirmatory testing is a high priority.
Labeo boga,,Actinopterygii,Cypriniformes,Cyprinidae,Chordata,746,False,False,1,1,0,0,1,0,False,very_sparse_1_4,Very limited (1-4 protective contexts),False,0.0033519354236036,extended_greedy_order,Very limited direct protective support; confirmatory testing is a high priority.
Actinonaias ligamentina,,Bivalvia,Unionoida,Unionidae,Mollusca,747,False,False,6,6,0,0,1,14,True,sparse_5_19,Limited (5-19 protective contexts),False,0.0038827636412498,extended_greedy_order,Limited direct protective support; interpret the rank with the reported uncertainty.
Pseudosida ramosa,,Branchiopoda,Cladocera,Sididae,Arthropoda,748,False,False,6,2,0,0,1,0,False,sparse_5_19,Limited (5-19 protective contexts),False,0.0033118396036504,extended_greedy_order,Limited direct protective support; interpret the rank with the reported uncertainty.
Epidalea calamita,,Amphibia,Anura,Bufonidae,Chordata,749,False,False,8,5,4,4,2,0,False,sparse_5_19,Limited (5-19 protective contexts),False,0.0035688112427545,extended_greedy_order,Limited direct protective support; interpret the rank with the reported uncertainty.
Ceratopsyche morosa,,Insecta,Trichoptera,Hydropsychidae,Arthropoda,750,False,False,9,7,0,0,1,6,True,sparse_5_19,Limited (5-19 protective contexts),False,0.0024999786124069,extended_greedy_order,Limited direct protective support; interpret the rank with the reported uncertainty.
Paratelphusa spinigera,,Malacostraca,Decapoda,Parathelphusidae,Arthropoda,751,False,False,2,2,1,1,1,0,False,very_sparse_1_4,Very limited (1-4 protective contexts),False,0.0037074358418754,extended_greedy_order,Very limited direct protective support; confirmatory testing is a high priority.
Ceratopsyche slossonae,,Insecta,Trichoptera,Hydropsychidae,Arthropoda,752,False,False,1,1,0,0,1,7,True,very_sparse_1_4,Very limited (1-4 protective contexts),False,0.0043728887161271,extended_greedy_order,Very limited direct protective support; confirmatory testing is a high priority.
Ceratopsyche bronta,,Insecta,Trichoptera,Hydropsychidae,Arthropoda,753,False,False,1,1,0,0,1,7,True,very_sparse_1_4,Very limited (1-4 protective contexts),False,0.0044539268938074,extended_greedy_order,Very limited direct protective support; confirmatory testing is a high priority.
Boana faber,,Amphibia,Anura,Hylidae,Chordata,754,False,False,3,3,0,0,1,0,False,very_sparse_1_4,Very limited (1-4 protective contexts),False,0.0033184753386307,extended_greedy_order,Very limited direct protective support; confirmatory testing is a high priority.
Bosmina fatalis,,Branchiopoda,Diplostraca,Bosminidae,Arthropoda,755,False,False,4,1,0,0,1,0,False,very_sparse_1_4,Very limited (1-4 protective contexts),False,0.003277106955904,extended_greedy_order,Very limited direct protective support; confirmatory testing is a high priority.
Corbicula striatella,,Bivalvia,Veneroida,Corbiculidae,Mollusca,756,False,False,5,5,0,0,1,0,False,sparse_5_19,Limited (5-19 protective contexts),False,0.0041735992603812,extended_greedy_order,Limited direct protective support; interpret the rank with the reported uncertainty.
Osteopilus septentrionalis,,Amphibia,Anura,Hylidae,Chordata,757,False,False,3,2,1,1,1,23,True,very_sparse_1_4,Very limited (1-4 protective contexts),False,0.0080107312949412,extended_greedy_order,Very limited direct protective support; confirmatory testing is a high priority.
Sclerophrys maculata,,Amphibia,Anura,Bufonidae,Chordata,758,False,False,2,2,0,0,1,0,False,very_sparse_1_4,Very limited (1-4 protective contexts),False,0.0034168520858681,extended_greedy_order,Very limited direct protective support; confirmatory testing is a high priority.
Simulium verecundum,,Insecta,Diptera,Simuliidae,Arthropoda,759,False,False,2,2,0,0,1,0,False,very_sparse_1_4,Very limited (1-4 protective contexts),False,0.0021609638925434,extended_greedy_order,Very limited direct protective support; confirmatory testing is a high priority.
Corisella decolor,,Insecta,Heteroptera,Corixidae,Arthropoda,760,False,False,1,1,0,0,1,2,True,very_sparse_1_4,Very limited (1-4 protective contexts),False,0.0038519684334099,extended_greedy_order,Very limited direct protective support; confirmatory testing is a high priority.
Macrothrix sp.,,Branchiopoda,Diplostraca,Macrothricidae,Arthropoda,761,False,False,1,1,0,0,2,0,False,very_sparse_1_4,Very limited (1-4 protective contexts),False,0.002986312560007,extended_greedy_order,Very limited direct protective support; confirmatory testing is a high priority.
Lepomis sp.,,Actinopterygii,Perciformes,Centrarchidae,Chordata,762,False,False,2,2,0,0,1,0,False,very_sparse_1_4,Very limited (1-4 protective contexts),False,0.0035381876497442,extended_greedy_order,Very limited direct protective support; confirmatory testing is a high priority.
Stenacron interpunctatum,,Insecta,Ephemeroptera,Heptageniidae,Arthropoda,763,False,False,3,3,0,0,1,32,True,very_sparse_1_4,Very limited (1-4 protective contexts),False,0.0101745460683816,extended_greedy_order,Very limited direct protective support; confirmatory testing is a high priority.
Tricorythus sp.,,Insecta,Ephemeroptera,Tricorythidae,Arthropoda,764,False,False,5,2,0,0,1,0,False,sparse_5_19,Limited (5-19 protective contexts),False,0.0033168054346181,extended_greedy_order,Limited direct protective support; interpret the rank with the reported uncertainty.
Cryophila lapponica,,Insecta,Diptera,Chaoboridae,Arthropoda,765,False,False,1,1,0,0,2,0,False,very_sparse_1_4,Very limited (1-4 protective contexts),False,0.0024007281219384,extended_greedy_order,Very limited direct protective support; confirmatory testing is a high priority.
Richardsonius balteatus,,Actinopterygii,Cypriniformes,Cyprinidae,Chordata,766,False,False,1,1,0,0,1,3,True,very_sparse_1_4,Very limited (1-4 protective contexts),False,0.0037946068964179,extended_greedy_order,Very limited direct protective support; confirmatory testing is a high priority.
Limnephilus bipunctatus,,Insecta,Trichoptera,Limnephilidae,Arthropoda,767,False,False,1,1,0,0,1,0,False,very_sparse_1_4,Very limited (1-4 protective contexts),False,0.00341697704524,extended_greedy_order,Very limited direct protective support; confirmatory testing is a high priority.
Maccaffertium vicarium,,Insecta,Ephemeroptera,Heptageniidae,Arthropoda,768,False,False,1,1,0,0,1,18,True,very_sparse_1_4,Very limited (1-4 protective contexts),False,0.0051376992964577,extended_greedy_order,Very limited direct protective support; confirmatory testing is a high priority.
Neocaridina heteropoda,,Malacostraca,Decapoda,Atyidae,Arthropoda,769,False,False,1,1,0,0,1,0,False,very_sparse_1_4,Very limited (1-4 protective contexts),False,0.0038115499357204,extended_greedy_order,Very limited direct protective support; confirmatory testing is a high priority.
Macrothrix flabelligera,,Branchiopoda,Diplostraca,Macrothricidae,Arthropoda,770,False,False,1,1,0,0,1,0,False,very_sparse_1_4,Very limited (1-4 protective contexts),False,0.0029708229007765,extended_greedy_order,Very limited direct protective support; confirmatory testing is a high priority.
Opsopoeodus emiliae,,Actinopterygii,Cypriniformes,Cyprinidae,Chordata,771,False,False,1,1,0,0,1,11,True,very_sparse_1_4,Very limited (1-4 protective contexts),False,0.0053276572152387,extended_greedy_order,Very limited direct protective support; confirmatory testing is a high priority.
Fusconaia flava,,Bivalvia,Unionoida,Unionidae,Mollusca,772,False,False,1,1,0,0,1,18,True,very_sparse_1_4,Very limited (1-4 protective contexts),False,0.0074340344119827,extended_greedy_order,Very limited direct protective support; confirmatory testing is a high priority.
Anisops bouvieri,,Insecta,Heteroptera,Notonectidae,Arthropoda,773,False,False,2,2,1,1,1,0,False,very_sparse_1_4,Very limited (1-4 protective contexts),False,0.0024134188681744,extended_greedy_order,Very limited direct protective support; confirmatory testing is a high priority.
Simulium pugetense,,Insecta,Diptera,Simuliidae,Arthropoda,774,False,False,2,1,0,0,1,0,False,very_sparse_1_4,Very limited (1-4 protective contexts),False,0.0037028072982249,extended_greedy_order,Very limited direct protective support; confirmatory testing is a high priority.
Maccaffertium sp.,,Insecta,Ephemeroptera,Heptageniidae,Arthropoda,775,False,False,1,1,0,0,1,0,False,very_sparse_1_4,Very limited (1-4 protective contexts),False,0.0034744809575766,extended_greedy_order,Very limited direct protective support; confirmatory testing is a high priority.
Hypophthalmichthys molitrix,,Actinopterygii,Cypriniformes,Cyprinidae,Chordata,776,False,False,15,12,1,1,1,1,True,sparse_5_19,Limited (5-19 protective contexts),False,0.0019455695820266,extended_greedy_order,Limited direct protective support; interpret the rank with the reported uncertainty.
Gambusia affinis,,Actinopterygii,Cyprinodontiformes,Poeciliidae,Chordata,777,False,False,182,126,21,19,3,8,True,strong_50_plus,Strong (50+ protective contexts),False,0.0012748791024344,extended_greedy_order,
Tipula sp.,,Insecta,Diptera,Tipulidae,Arthropoda,778,False,False,7,5,1,1,1,0,False,sparse_5_19,Limited (5-19 protective contexts),False,0.0023427719904415,extended_greedy_order,Limited direct protective support; interpret the rank with the reported uncertainty.
Gibelion catla,,Actinopterygii,Cypriniformes,Cyprinidae,Chordata,779,False,False,35,24,3,3,2,0,False,moderate_20_49,Moderate (20-49 protective contexts),False,0.0022606183658539,extended_greedy_order,
Limnephilus lunatus,,Insecta,Trichoptera,Limnephilidae,Arthropoda,780,False,False,4,3,0,0,1,0,False,very_sparse_1_4,Very limited (1-4 protective contexts),False,0.003397175671461,extended_greedy_order,Very limited direct protective support; confirmatory testing is a high priority.
Puntigrus tetrazona,,Actinopterygii,Cypriniformes,Cyprinidae,Chordata,781,False,False,3,1,0,0,1,1,True,very_sparse_1_4,Very limited (1-4 protective contexts),False,0.0023967792458343,extended_greedy_order,Very limited direct protective support; confirmatory testing is a high priority.
Labeo niloticus,,Actinopterygii,Cypriniformes,Cyprinidae,Chordata,782,False,False,1,1,0,0,1,0,False,very_sparse_1_4,Very limited (1-4 protective contexts),False,0.0032894048294947,extended_greedy_order,Very limited direct protective support; confirmatory testing is a high priority.
Hydatophylax argus,,Insecta,Trichoptera,Limnephilidae,Arthropoda,783,False,False,1,1,1,1,1,21,True,very_sparse_1_4,Very limited (1-4 protective contexts),False,0.007525214371411,extended_greedy_order,Very limited direct protective support; confirmatory testing is a high priority.
Acrocheilus alutaceus,,Actinopterygii,Cypriniformes,Cyprinidae,Chordata,784,False,False,1,1,0,0,1,3,True,very_sparse_1_4,Very limited (1-4 protective contexts),False,0.0037591025858217,extended_greedy_order,Very limited direct protective support; confirmatory testing is a high priority.
Rhamdia quelen,,Actinopterygii,Siluriformes,Heptapteridae,Chordata,785,False,False,20,10,3,2,2,1,True,moderate_20_49,Moderate (20-49 protective contexts),False,0.0021695542945094,extended_greedy_order,
Anopheles sinensis,,Insecta,Diptera,Culicidae,Arthropoda,786,False,False,11,11,0,0,1,0,False,sparse_5_19,Limited (5-19 protective contexts),False,0.0018541332993349,extended_greedy_order,Limited direct protective support; interpret the rank with the reported uncertainty.
Pycnopsyche lepida,,Insecta,Trichoptera,Limnephilidae,Arthropoda,787,False,False,2,1,0,0,1,2,True,very_sparse_1_4,Very limited (1-4 protective contexts),False,0.0037270044425882,extended_greedy_order,Very limited direct protective support; confirmatory testing is a high priority.
Percina caprodes,,Actinopterygii,Perciformes,Percidae,Chordata,788,False,False,1,1,0,0,1,21,True,very_sparse_1_4,Very limited (1-4 protective contexts),False,0.0082586904622572,extended_greedy_order,Very limited direct protective support; confirmatory testing is a high priority.
Medionidus conradicus,,Bivalvia,Unionoida,Unionidae,Mollusca,789,False,False,4,2,0,0,1,3,True,very_sparse_1_4,Very limited (1-4 protective contexts),False,0.004194653641535,extended_greedy_order,Very limited direct protective support; confirmatory testing is a high priority.
Hydroperla crosbyi,,Insecta,Plecoptera,Perlodidae,Arthropoda,790,False,False,1,1,2,1,1,2,True,very_sparse_1_4,Very limited (1-4 protective contexts),False,0.0037136294819589,extended_greedy_order,Very limited direct protective support; confirmatory testing is a high priority.
Rhithrogena semicolorata,,Insecta,Ephemeroptera,Heptageniidae,Arthropoda,791,False,False,1,1,0,0,1,0,False,very_sparse_1_4,Very limited (1-4 protective contexts),False,0.003449210465394,extended_greedy_order,Very limited direct protective support; confirmatory testing is a high priority.
Philarctus quaeris,,Insecta,Trichoptera,Limnephilidae,Arthropoda,792,False,False,1,1,0,0,1,0,False,very_sparse_1_4,Very limited (1-4 protective contexts),False,0.0033177197807999,extended_greedy_order,Very limited direct protective support; confirmatory testing is a high priority.
Dasycorixa hybrida,,Insecta,Heteroptera,Corixidae,Arthropoda,793,False,False,1,1,0,0,1,0,False,very_sparse_1_4,Very limited (1-4 protective contexts),False,0.0033959067269866,extended_greedy_order,Very limited direct protective support; confirmatory testing is a high priority.
Caecidotea bicrenata,,Malacostraca,Isopoda,Asellidae,Arthropoda,794,False,False,2,2,0,0,1,3,True,very_sparse_1_4,Very limited (1-4 protective contexts),False,0.0044217402942267,extended_greedy_order,Very limited direct protective support; confirmatory testing is a high priority.
Ephoron virgo,,Insecta,Ephemeroptera,Polymitarcyidae,Arthropoda,795,False,False,6,2,0,0,1,0,False,sparse_5_19,Limited (5-19 protective contexts),False,0.0032722021477519,extended_greedy_order,Limited direct protective support; interpret the rank with the reported uncertainty.
Nuria danrica,,Actinopterygii,Cypriniformes,Cyprinidae,Chordata,796,False,False,1,1,0,0,1,0,False,very_sparse_1_4,Very limited (1-4 protective contexts),False,0.003167770282656,extended_greedy_order,Very limited direct protective support; confirmatory testing is a high priority.
Margariscus margarita,,Actinopterygii,Cypriniformes,Cyprinidae,Chordata,797,False,False,1,1,0,0,1,6,True,very_sparse_1_4,Very limited (1-4 protective contexts),False,0.0043072065931868,extended_greedy_order,Very limited direct protective support; confirmatory testing is a high priority.
Simulium argus,,Insecta,Diptera,Simuliidae,Arthropoda,798,False,False,2,2,0,0,1,1,True,very_sparse_1_4,Very limited (1-4 protective contexts),False,0.0027280416584423,extended_greedy_order,Very limited direct protective support; confirmatory testing is a high priority.
Megarasbora elanga,,Actinopterygii,Cypriniformes,Cyprinidae,Chordata,799,False,False,1,1,0,0,1,0,False,very_sparse_1_4,Very limited (1-4 protective contexts),False,0.0031620833797408,extended_greedy_order,Very limited direct protective support; confirmatory testing is a high priority.
Pycnopsyche sp.,,Insecta,Trichoptera,Limnephilidae,Arthropoda,800,False,False,6,5,0,0,1,0,False,sparse_5_19,Limited (5-19 protective contexts),False,0.001914876708835,extended_greedy_order,Limited direct protective support; interpret the rank with the reported uncertainty.
Anodonta cygnea,,Bivalvia,Unionoida,Unionidae,Mollusca,801,False,False,14,10,19,14,2,0,False,sparse_5_19,Limited (5-19 protective contexts),False,0.0026738600858063,extended_greedy_order,Limited direct protective support; interpret the rank with the reported uncertainty.
Pycnopsyche guttifera,,Insecta,Trichoptera,Limnephilidae,Arthropoda,802,False,False,3,2,1,1,1,5,True,very_sparse_1_4,Very limited (1-4 protective contexts),False,0.0042896738615469,extended_greedy_order,Very limited direct protective support; confirmatory testing is a high priority.
Hesperophylax sp.,,Insecta,Trichoptera,Limnephilidae,Arthropoda,803,False,False,1,1,0,0,1,0,False,very_sparse_1_4,Very limited (1-4 protective contexts),False,0.0032942394361317,extended_greedy_order,Very limited direct protective support; confirmatory testing is a high priority.
Paracheirodon axelrodi,,Actinopterygii,Characiformes,Characidae,Chordata,804,False,False,10,8,0,0,1,0,False,sparse_5_19,Limited (5-19 protective contexts),False,0.0026559564976304,extended_greedy_order,Limited direct protective support; interpret the rank with the reported uncertainty.
Trichocorixa reticulata,,Insecta,Heteroptera,Corixidae,Arthropoda,805,False,False,1,1,0,0,1,3,True,very_sparse_1_4,Very limited (1-4 protective contexts),False,0.0028259318132853,extended_greedy_order,Very limited direct protective support; confirmatory testing is a high priority.
Ephemera danica,,Insecta,Ephemeroptera,Ephemeridae,Arthropoda,806,False,False,1,1,0,0,1,0,False,very_sparse_1_4,Very limited (1-4 protective contexts),False,0.0033678324027409,extended_greedy_order,Very limited direct protective support; confirmatory testing is a high priority.
Ephemera simulans,,Insecta,Ephemeroptera,Ephemeridae,Arthropoda,807,False,False,2,1,0,0,1,4,True,very_sparse_1_4,Very limited (1-4 protective contexts),False,0.0041757128194268,extended_greedy_order,Very limited direct protective support; confirmatory testing is a high priority.
Ephemera orientalis,,Insecta,Ephemeroptera,Ephemeridae,Arthropoda,808,False,False,1,1,0,0,1,0,False,very_sparse_1_4,Very limited (1-4 protective contexts),False,0.0033667670969147,extended_greedy_order,Very limited direct protective support; confirmatory testing is a high priority.
Simulium medusaeforme,,Insecta,Diptera,Simuliidae,Arthropoda,809,False,False,7,7,0,0,1,0,False,sparse_5_19,Limited (5-19 protective contexts),False,0.0025954133160245,extended_greedy_order,Limited direct protective support; interpret the rank with the reported uncertainty.
Lepomis microlophus,,Actinopterygii,Perciformes,Centrarchidae,Chordata,810,False,False,20,16,0,0,1,7,True,moderate_20_49,Moderate (20-49 protective contexts),False,0.0050913030815632,extended_greedy_order,
Ptychocheilus oregonensis,,Actinopterygii,Cypriniformes,Cyprinidae,Chordata,811,False,False,86,76,156,156,2,4,True,strong_50_plus,Strong (50+ protective contexts),False,0.0022593959222714,extended_greedy_order,
Labeo calbasu,,Actinopterygii,Cypriniformes,Cyprinidae,Chordata,812,False,False,2,1,0,0,1,0,False,very_sparse_1_4,Very limited (1-4 protective contexts),False,0.0032355623631488,extended_greedy_order,Very limited direct protective support; confirmatory testing is a high priority.
Labeo bata,,Actinopterygii,Cypriniformes,Cyprinidae,Chordata,813,False,False,2,1,0,0,1,0,False,very_sparse_1_4,Very limited (1-4 protective contexts),False,0.0032348575177357,extended_greedy_order,Very limited direct protective support; confirmatory testing is a high priority.
Tumeodiaptomus diabolicus,,Maxillopoda,Calanoida,Diaptomidae,Arthropoda,814,False,False,1,1,0,0,1,0,False,very_sparse_1_4,Very limited (1-4 protective contexts),False,0.0040017390541085,extended_greedy_order,Very limited direct protective support; confirmatory testing is a high priority.
Leiopotherapon unicolor,,Actinopterygii,Perciformes,Percidae,Chordata,815,False,False,1,1,3,3,1,0,False,very_sparse_1_4,Very limited (1-4 protective contexts),False,0.003619829627095,extended_greedy_order,Very limited direct protective support; confirmatory testing is a high priority.
Orconectes neglectus,,Malacostraca,Decapoda,Cambaridae,Arthropoda,816,False,False,1,1,0,0,1,10,True,very_sparse_1_4,Very limited (1-4 protective contexts),False,0.0043875998507826,extended_greedy_order,Very limited direct protective support; confirmatory testing is a high priority.
Sigara alternata,,Insecta,Heteroptera,Corixidae,Arthropoda,817,False,False,4,3,0,0,1,4,True,very_sparse_1_4,Very limited (1-4 protective contexts),False,0.0024797086640522,extended_greedy_order,Very limited direct protective support; confirmatory testing is a high priority.
Echinisca triserialis,,Branchiopoda,Diplostraca,Macrothricidae,Arthropoda,818,False,False,2,1,0,0,1,0,False,very_sparse_1_4,Very limited (1-4 protective contexts),False,0.0029677536986408,extended_greedy_order,Very limited direct protective support; confirmatory testing is a high priority.
Calineuria californica,,Insecta,Plecoptera,Perlidae,Arthropoda,819,False,False,5,2,1,1,1,5,True,sparse_5_19,Limited (5-19 protective contexts),False,0.0043977153507239,extended_greedy_order,Limited direct protective support; interpret the rank with the reported uncertainty.
Skwala sp.,,Insecta,Plecoptera,Perlodidae,Arthropoda,820,False,False,2,2,0,0,1,0,False,very_sparse_1_4,Very limited (1-4 protective contexts),False,0.0023151868267804,extended_greedy_order,Very limited direct protective support; confirmatory testing is a high priority.
Isogenoides sp.,,Insecta,Plecoptera,Perlodidae,Arthropoda,821,False,False,1,1,0,0,1,0,False,very_sparse_1_4,Very limited (1-4 protective contexts),False,0.0032595697983327,extended_greedy_order,Very limited direct protective support; confirmatory testing is a high priority.
Tribolodon hakonensis,,Actinopterygii,Cypriniformes,Cyprinidae,Chordata,822,False,False,4,4,0,0,1,0,False,very_sparse_1_4,Very limited (1-4 protective contexts),False,0.0031134755806471,extended_greedy_order,Very limited direct protective support; confirmatory testing is a high priority.
Garra mullya,,Actinopterygii,Cypriniformes,Cyprinidae,Chordata,823,False,False,2,2,3,3,1,0,False,very_sparse_1_4,Very limited (1-4 protective contexts),False,0.003159668203779,extended_greedy_order,Very limited direct protective support; confirmatory testing is a high priority.
Limnephilus sp.,,Insecta,Trichoptera,Limnephilidae,Arthropoda,824,False,False,5,5,0,0,1,0,False,sparse_5_19,Limited (5-19 protective contexts),False,0.0024146819283669,extended_greedy_order,Limited direct protective support; interpret the rank with the reported uncertainty.
Fusconaia masoni,,Bivalvia,Unionoida,Unionidae,Mollusca,825,False,False,3,3,0,0,1,0,False,very_sparse_1_4,Very limited (1-4 protective contexts),False,0.0035037783947018,extended_greedy_order,Very limited direct protective support; confirmatory testing is a high priority.
Coregonus muksun,,Actinopterygii,Salmoniformes,Salmonidae,Chordata,826,False,False,2,2,0,0,1,0,False,very_sparse_1_4,Very limited (1-4 protective contexts),False,0.0032019457507992,extended_greedy_order,Very limited direct protective support; confirmatory testing is a high priority.
Arcynopteryx sp.,,Insecta,Plecoptera,Perlodidae,Arthropoda,827,False,False,1,1,0,0,1,0,False,very_sparse_1_4,Very limited (1-4 protective contexts),False,0.0032541865343752,extended_greedy_order,Very limited direct protective support; confirmatory testing is a high priority.
Simulium squamosum,,Insecta,Diptera,Simuliidae,Arthropoda,828,False,False,2,1,0,0,1,0,False,very_sparse_1_4,Very limited (1-4 protective contexts),False,0.0036622858687776,extended_greedy_order,Very limited direct protective support; confirmatory testing is a high priority.
Acantholeberis curvirostris,,Branchiopoda,Diplostraca,Macrothricidae,Arthropoda,829,False,False,2,2,0,0,1,3,True,very_sparse_1_4,Very limited (1-4 protective contexts),False,0.0024915515178372,extended_greedy_order,Very limited direct protective support; confirmatory testing is a high priority.
Clioperla clio,,Insecta,Plecoptera,Perlodidae,Arthropoda,830,False,False,1,1,0,0,1,10,True,very_sparse_1_4,Very limited (1-4 protective contexts),False,0.0052012983027479,extended_greedy_order,Very limited direct protective support; confirmatory testing is a high priority.
Hypsiboas pulchellus,,Amphibia,Anura,Hylidae,Chordata,831,False,False,2,2,0,0,2,0,False,very_sparse_1_4,Very limited (1-4 protective contexts),False,0.0022644389736965,extended_greedy_order,Very limited direct protective support; confirmatory testing is a high priority.
Agosia chrysogaster,,Actinopterygii,Cypriniformes,Cyprinidae,Chordata,832,False,False,6,3,4,2,1,0,False,sparse_5_19,Limited (5-19 protective contexts),False,0.0030952138977204,extended_greedy_order,Limited direct protective support; interpret the rank with the reported uncertainty.
Pyganodon grandis,,Bivalvia,Unionoida,Unionidae,Mollusca,833,False,False,3,2,2,1,1,34,True,very_sparse_1_4,Very limited (1-4 protective contexts),False,0.010857711291778,extended_greedy_order,Very limited direct protective support; confirmatory testing is a high priority.
Sander lucioperca,,Actinopterygii,Perciformes,Percidae,Chordata,834,False,False,20,14,8,4,2,0,False,moderate_20_49,Moderate (20-49 protective contexts),False,0.0038685024057791,extended_greedy_order,
Lepomis gibbosus,,Actinopterygii,Perciformes,Centrarchidae,Chordata,835,False,False,8,8,3,2,4,14,True,sparse_5_19,Limited (5-19 protective contexts),False,0.0044933228981329,extended_greedy_order,Limited direct protective support; interpret the rank with the reported uncertainty.
Skwala parallela,,Insecta,Plecoptera,Perlodidae,Arthropoda,836,False,False,1,1,0,0,1,0,False,very_sparse_1_4,Very limited (1-4 protective contexts),False,0.0032346017952514,extended_greedy_order,Very limited direct protective support; confirmatory testing is a high priority.
Sigara striata,,Insecta,Heteroptera,Corixidae,Arthropoda,837,False,False,5,2,1,1,3,0,False,sparse_5_19,Limited (5-19 protective contexts),False,0.0019559901527399,extended_greedy_order,Limited direct protective support; interpret the rank with the reported uncertainty.
Stenacron sp.,,Insecta,Ephemeroptera,Heptageniidae,Arthropoda,838,False,False,2,2,0,0,1,0,False,very_sparse_1_4,Very limited (1-4 protective contexts),False,0.003378858546489,extended_greedy_order,Very limited direct protective support; confirmatory testing is a high priority.
Cinygmula reticulata,,Insecta,Ephemeroptera,Heptageniidae,Arthropoda,839,False,False,2,1,0,0,1,1,True,very_sparse_1_4,Very limited (1-4 protective contexts),False,0.0026105497534877,extended_greedy_order,Very limited direct protective support; confirmatory testing is a high priority.
Hybognathus amarus,,Actinopterygii,Cypriniformes,Cyprinidae,Chordata,840,False,False,8,6,0,0,1,2,True,sparse_5_19,Limited (5-19 protective contexts),False,0.0034475644955441,extended_greedy_order,Limited direct protective support; interpret the rank with the reported uncertainty.
Psychoglypha sp.,,Insecta,Trichoptera,Limnephilidae,Arthropoda,841,False,False,4,2,0,0,1,0,False,very_sparse_1_4,Very limited (1-4 protective contexts),False,0.003230900537511,extended_greedy_order,Very limited direct protective support; confirmatory testing is a high priority.
Jappa kutera,,Insecta,Ephemeroptera,Leptophlebiidae,Arthropoda,842,False,False,6,4,0,0,1,0,False,sparse_5_19,Limited (5-19 protective contexts),False,0.0024380740178385,extended_greedy_order,Limited direct protective support; interpret the rank with the reported uncertainty.
Tropisternus lateralis,,Insecta,Coleoptera,Hydrophilidae,Arthropoda,843,False,False,8,5,0,0,2,45,True,sparse_5_19,Limited (5-19 protective contexts),False,0.0119341238531638,extended_greedy_order,Limited direct protective support; interpret the rank with the reported uncertainty.
Serratella micheneri,,Insecta,Ephemeroptera,Ephemerellidae,Arthropoda,844,False,False,1,1,1,1,1,1,True,very_sparse_1_4,Very limited (1-4 protective contexts),False,0.0034492832488582,extended_greedy_order,Very limited direct protective support; confirmatory testing is a high priority.
Cyprinodon macularius,,Actinopterygii,Cyprinodontiformes,Cyprinodontidae,Chordata,845,False,False,5,5,0,0,1,0,False,sparse_5_19,Limited (5-19 protective contexts),False,0.0020595012997606,extended_greedy_order,Limited direct protective support; interpret the rank with the reported uncertainty.
Hemibarbus mylodon,,Actinopterygii,Cypriniformes,Cyprinidae,Chordata,846,False,False,3,2,0,0,1,0,False,very_sparse_1_4,Very limited (1-4 protective contexts),False,0.0030690845704425,extended_greedy_order,Very limited direct protective support; confirmatory testing is a high priority.
Misgurnus anguillicaudatus,,Actinopterygii,Cypriniformes,Cobitidae,Chordata,847,False,False,42,36,0,0,2,0,False,moderate_20_49,Moderate (20-49 protective contexts),False,0.0015516883158847,extended_greedy_order,
Cinygma sp.,,Insecta,Ephemeroptera,Heptageniidae,Arthropoda,848,False,False,5,2,0,0,1,0,False,sparse_5_19,Limited (5-19 protective contexts),False,0.0033617558364541,extended_greedy_order,Limited direct protective support; interpret the rank with the reported uncertainty.
Litoria aurea,,Amphibia,Anura,Hylidae,Chordata,849,False,False,1,1,0,0,1,0,False,very_sparse_1_4,Very limited (1-4 protective contexts),False,0.0032658955211363,extended_greedy_order,Very limited direct protective support; confirmatory testing is a high priority.
Alasmidonta raveneliana,,Bivalvia,Unionoida,Unionidae,Mollusca,850,False,False,1,1,0,0,1,1,True,very_sparse_1_4,Very limited (1-4 protective contexts),False,0.0036755995842749,extended_greedy_order,Very limited direct protective support; confirmatory testing is a high priority.
Rhyacophila dorsalis,,Insecta,Trichoptera,Rhyacophilidae,Arthropoda,851,False,False,6,6,0,0,1,0,False,sparse_5_19,Limited (5-19 protective contexts),False,0.0018387787553028,extended_greedy_order,Limited direct protective support; interpret the rank with the reported uncertainty.
Labeo fimbriatus,,Actinopterygii,Cypriniformes,Cyprinidae,Chordata,852,False,False,3,3,0,0,1,0,False,very_sparse_1_4,Very limited (1-4 protective contexts),False,0.0031648861281815,extended_greedy_order,Very limited direct protective support; confirmatory testing is a high priority.
Orconectes limosus,,Malacostraca,Decapoda,Cambaridae,Arthropoda,853,False,False,24,16,0,0,1,12,True,moderate_20_49,Moderate (20-49 protective contexts),False,0.0038091112236916,extended_greedy_order,
Rhinichthys atratulus,,Actinopterygii,Cypriniformes,Cyprinidae,Chordata,854,False,False,5,4,3,3,1,17,True,sparse_5_19,Limited (5-19 protective contexts),False,0.0043741657205524,extended_greedy_order,Limited direct protective support; interpret the rank with the reported uncertainty.
Attaneuria ruralis,,Insecta,Plecoptera,Perlidae,Arthropoda,855,False,False,1,1,0,0,1,1,True,very_sparse_1_4,Very limited (1-4 protective contexts),False,0.0035279869635264,extended_greedy_order,Very limited direct protective support; confirmatory testing is a high priority.
Dinocras cephalotes,,Insecta,Plecoptera,Perlidae,Arthropoda,856,False,False,1,1,0,0,1,0,False,very_sparse_1_4,Very limited (1-4 protective contexts),False,0.0033271562983939,extended_greedy_order,Very limited direct protective support; confirmatory testing is a high priority.
Physella hendersoni,,Gastropoda,Basommatophora,Physidae,Mollusca,857,False,False,1,1,0,0,1,0,False,very_sparse_1_4,Very limited (1-4 protective contexts),False,0.0037904579116304,extended_greedy_order,Very limited direct protective support; confirmatory testing is a high priority.
Simulium damnosum,,Insecta,Diptera,Simuliidae,Arthropoda,858,False,False,4,3,0,0,1,0,False,very_sparse_1_4,Very limited (1-4 protective contexts),False,0.0035540353004204,extended_greedy_order,Very limited direct protective support; confirmatory testing is a high priority.
Litoria citropa,,Amphibia,Anura,Hylidae,Chordata,859,False,False,1,1,1,1,1,0,False,very_sparse_1_4,Very limited (1-4 protective contexts),False,0.002301191334604,extended_greedy_order,Very limited direct protective support; confirmatory testing is a high priority.
Hoplobatrachus tigerinus,,Amphibia,Anura,Ranidae,Chordata,860,False,False,13,8,2,2,2,0,False,sparse_5_19,Limited (5-19 protective contexts),False,0.0021034358840828,extended_greedy_order,Limited direct protective support; interpret the rank with the reported uncertainty.
Isoperla sp.,,Insecta,Plecoptera,Perlodidae,Arthropoda,861,False,False,2,2,0,0,1,0,False,very_sparse_1_4,Very limited (1-4 protective contexts),False,0.0032558903921232,extended_greedy_order,Very limited direct protective support; confirmatory testing is a high priority.
Anacystis sp.,,Cyanophyceae,Chroococcales,Chroococcaceae,Cyanophycota,862,False,False,3,3,1,1,1,0,False,very_sparse_1_4,Very limited (1-4 protective contexts),False,0.0041715515884022,extended_greedy_order,Very limited direct protective support; confirmatory testing is a high priority.
Lestes sponsa,,Insecta,Zygoptera,Lestidae,Arthropoda,863,False,False,2,2,0,0,1,0,False,very_sparse_1_4,Very limited (1-4 protective contexts),False,0.0018337945219316,extended_greedy_order,Very limited direct protective support; confirmatory testing is a high priority.
Litoria freycineti,,Amphibia,Anura,Hylidae,Chordata,864,False,False,2,1,1,1,1,0,False,very_sparse_1_4,Very limited (1-4 protective contexts),False,0.0023257692459741,extended_greedy_order,Very limited direct protective support; confirmatory testing is a high priority.
Niphargus rhenorhodanensis,,Malacostraca,Amphipoda,Niphargidae,Arthropoda,865,False,False,6,4,0,0,1,0,False,sparse_5_19,Limited (5-19 protective contexts),False,0.0035655252183139,extended_greedy_order,Limited direct protective support; interpret the rank with the reported uncertainty.
Isoperla longiseta,,Insecta,Plecoptera,Perlodidae,Arthropoda,866,False,False,1,1,0,0,1,0,False,very_sparse_1_4,Very limited (1-4 protective contexts),False,0.0032456203048098,extended_greedy_order,Very limited direct protective support; confirmatory testing is a high priority.
Physella sp.,,Gastropoda,Basommatophora,Physidae,Mollusca,867,False,False,1,1,0,0,1,0,False,very_sparse_1_4,Very limited (1-4 protective contexts),False,0.0026771216456891,extended_greedy_order,Very limited direct protective support; confirmatory testing is a high priority.
Physella heterostropha,,Gastropoda,Basommatophora,Physidae,Mollusca,868,False,False,1,1,0,0,1,45,True,very_sparse_1_4,Very limited (1-4 protective contexts),False,0.0139769154377576,extended_greedy_order,Very limited direct protective support; confirmatory testing is a high priority.
Cyprinion watsoni,,Actinopterygii,Cypriniformes,Cyprinidae,Chordata,869,False,False,2,1,0,0,1,0,False,very_sparse_1_4,Very limited (1-4 protective contexts),False,0.0030268101252499,extended_greedy_order,Very limited direct protective support; confirmatory testing is a high priority.
Isoperla quinquepunctata,,Insecta,Plecoptera,Perlodidae,Arthropoda,870,False,False,1,1,1,1,1,1,True,very_sparse_1_4,Very limited (1-4 protective contexts),False,0.0024372293894126,extended_greedy_order,Very limited direct protective support; confirmatory testing is a high priority.
Callibaetis sp.,,Insecta,Ephemeroptera,Baetidae,Arthropoda,871,False,False,8,7,0,0,1,0,False,sparse_5_19,Limited (5-19 protective contexts),False,0.002387058183609,extended_greedy_order,Limited direct protective support; interpret the rank with the reported uncertainty.
Simulium equinum,,Insecta,Diptera,Simuliidae,Arthropoda,872,False,False,3,3,0,0,1,0,False,very_sparse_1_4,Very limited (1-4 protective contexts),False,0.0025037757268053,extended_greedy_order,Very limited direct protective support; confirmatory testing is a high priority.
Popenaias buckleyi,,Bivalvia,Unionoida,Unionidae,Mollusca,873,False,False,2,2,0,0,1,2,True,very_sparse_1_4,Very limited (1-4 protective contexts),False,0.0038510010937294,extended_greedy_order,Very limited direct protective support; confirmatory testing is a high priority.
Isoperla transmarina,,Insecta,Plecoptera,Perlodidae,Arthropoda,874,False,False,1,1,0,0,1,2,True,very_sparse_1_4,Very limited (1-4 protective contexts),False,0.003620441204636,extended_greedy_order,Very limited direct protective support; confirmatory testing is a high priority.
Thymallus arcticus,,Actinopterygii,Salmoniformes,Salmonidae,Chordata,875,False,False,12,12,0,0,1,0,False,sparse_5_19,Limited (5-19 protective contexts),False,0.0031295459184571,extended_greedy_order,Limited direct protective support; interpret the rank with the reported uncertainty.
Barilius bendelisis,,Actinopterygii,Cypriniformes,Cyprinidae,Chordata,876,False,False,5,3,0,0,1,0,False,sparse_5_19,Limited (5-19 protective contexts),False,0.002134727917002,extended_greedy_order,Limited direct protective support; interpret the rank with the reported uncertainty.
Skistodiaptomus oregonensis,,Maxillopoda,Calanoida,Diaptomidae,Arthropoda,877,False,False,8,8,0,0,2,0,False,sparse_5_19,Limited (5-19 protective contexts),False,0.0039992984229754,extended_greedy_order,Limited direct protective support; interpret the rank with the reported uncertainty.
Isoperla slossonae,,Insecta,Plecoptera,Perlodidae,Arthropoda,878,False,False,1,1,0,0,1,1,True,very_sparse_1_4,Very limited (1-4 protective contexts),False,0.0035033735357369,extended_greedy_order,Very limited direct protective support; confirmatory testing is a high priority.
Lestes congener,,Insecta,Zygoptera,Lestidae,Arthropoda,879,False,False,7,7,0,0,1,35,True,sparse_5_19,Limited (5-19 protective contexts),False,0.0068949733911055,extended_greedy_order,Limited direct protective support; interpret the rank with the reported uncertainty.
Isoperla bilineata,,Insecta,Plecoptera,Perlodidae,Arthropoda,880,False,False,1,1,0,0,1,5,True,very_sparse_1_4,Very limited (1-4 protective contexts),False,0.0029652274335303,extended_greedy_order,Very limited direct protective support; confirmatory testing is a high priority.
Procambarus acutus,,Malacostraca,Decapoda,Cambaridae,Arthropoda,881,False,False,1,1,0,0,1,20,True,very_sparse_1_4,Very limited (1-4 protective contexts),False,0.0086552825916692,extended_greedy_order,Very limited direct protective support; confirmatory testing is a high priority.
Clistoronia magnifica,,Insecta,Trichoptera,Limnephilidae,Arthropoda,882,False,False,2,1,0,0,1,2,True,very_sparse_1_4,Very limited (1-4 protective contexts),False,0.0035446936744373,extended_greedy_order,Very limited direct protective support; confirmatory testing is a high priority.
Isoperla grammatica,,Insecta,Plecoptera,Perlodidae,Arthropoda,883,False,False,1,1,0,0,1,0,False,very_sparse_1_4,Very limited (1-4 protective contexts),False,0.0032208103946458,extended_greedy_order,Very limited direct protective support; confirmatory testing is a high priority.
Procambarus virginalis,,Malacostraca,Decapoda,Cambaridae,Arthropoda,884,False,False,1,1,1,1,2,0,False,very_sparse_1_4,Very limited (1-4 protective contexts),False,0.0039342193598496,extended_greedy_order,Very limited direct protective support; confirmatory testing is a high priority.
Hoplobatrachus rugulosus,,Amphibia,Anura,Ranidae,Chordata,885,False,False,9,3,0,0,1,0,False,sparse_5_19,Limited (5-19 protective contexts),False,0.0021420997376146,extended_greedy_order,Limited direct protective support; interpret the rank with the reported uncertainty.
Procambarus sp.,,Malacostraca,Decapoda,Cambaridae,Arthropoda,886,False,False,23,21,0,0,2,0,False,moderate_20_49,Moderate (20-49 protective contexts),False,0.0017838691961237,extended_greedy_order,
Cottus gobio,,Actinopterygii,Scorpaeniformes,Cottidae,Chordata,887,False,False,1,1,1,1,1,0,False,very_sparse_1_4,Very limited (1-4 protective contexts),False,0.0039712501900381,extended_greedy_order,Very limited direct protective support; confirmatory testing is a high priority.
Simulium virgatum,,Insecta,Diptera,Simuliidae,Arthropoda,888,False,False,4,4,0,0,1,1,True,very_sparse_1_4,Very limited (1-4 protective contexts),False,0.0021586730880265,extended_greedy_order,Very limited direct protective support; confirmatory testing is a high priority.
Physella virgata,,Gastropoda,Basommatophora,Physidae,Mollusca,889,False,False,1,1,0,0,1,45,True,very_sparse_1_4,Very limited (1-4 protective contexts),False,0.0139112358850275,extended_greedy_order,Very limited direct protective support; confirmatory testing is a high priority.
Enneacanthus gloriosus,,Actinopterygii,Perciformes,Centrarchidae,Chordata,890,False,False,1,1,0,0,1,9,True,very_sparse_1_4,Very limited (1-4 protective contexts),False,0.0051144386795261,extended_greedy_order,Very limited direct protective support; confirmatory testing is a high priority.
Physella elliptica,,Gastropoda,Basommatophora,Physidae,Mollusca,891,False,False,1,1,0,0,1,17,True,very_sparse_1_4,Very limited (1-4 protective contexts),False,0.0075865170693165,extended_greedy_order,Very limited direct protective support; confirmatory testing is a high priority.
Ephemerella catawba,,Insecta,Ephemeroptera,Ephemerellidae,Arthropoda,892,False,False,1,1,0,0,1,0,False,very_sparse_1_4,Very limited (1-4 protective contexts),False,0.0032277436587719,extended_greedy_order,Very limited direct protective support; confirmatory testing is a high priority.
Lepomis megalotis,,Actinopterygii,Perciformes,Centrarchidae,Chordata,893,False,False,1,1,0,0,1,10,True,very_sparse_1_4,Very limited (1-4 protective contexts),False,0.0054829812604601,extended_greedy_order,Very limited direct protective support; confirmatory testing is a high priority.
Scinax nasicus,,Amphibia,Anura,Hylidae,Chordata,894,False,False,2,1,0,0,1,0,False,very_sparse_1_4,Very limited (1-4 protective contexts),False,0.0031048281623726,extended_greedy_order,Very limited direct protective support; confirmatory testing is a high priority.
Lythrurus umbratilis,,Actinopterygii,Cypriniformes,Cyprinidae,Chordata,895,False,False,3,2,0,0,1,15,True,very_sparse_1_4,Very limited (1-4 protective contexts),False,0.0056557329562687,extended_greedy_order,Very limited direct protective support; confirmatory testing is a high priority.
Oryzias sinensis,,Actinopterygii,Beloniformes,Adrianichthyidae,Chordata,896,False,False,2,2,0,0,1,0,False,very_sparse_1_4,Very limited (1-4 protective contexts),False,0.0033180553941656,extended_greedy_order,Very limited direct protective support; confirmatory testing is a high priority.
Oreochromis sp.,,Actinopterygii,Perciformes,Cichlidae,Chordata,897,False,False,2,2,0,0,1,0,False,very_sparse_1_4,Very limited (1-4 protective contexts),False,0.0030977520235886,extended_greedy_order,Very limited direct protective support; confirmatory testing is a high priority.
Hybognathus placitus,,Actinopterygii,Cypriniformes,Cyprinidae,Chordata,898,False,False,1,1,0,0,1,6,True,very_sparse_1_4,Very limited (1-4 protective contexts),False,0.00404109235893,extended_greedy_order,Very limited direct protective support; confirmatory testing is a high priority.
Ephemerella lata,,Insecta,Ephemeroptera,Ephemerellidae,Arthropoda,899,False,False,1,1,0,0,1,2,True,very_sparse_1_4,Very limited (1-4 protective contexts),False,0.0025528339194078,extended_greedy_order,Very limited direct protective support; confirmatory testing is a high priority.
Ephemerella doddsi,,Insecta,Ephemeroptera,Ephemerellidae,Arthropoda,900,False,False,1,1,0,0,1,7,True,very_sparse_1_4,Very limited (1-4 protective contexts),False,0.0045675601648814,extended_greedy_order,Very limited direct protective support; confirmatory testing is a high priority.
Barilius vagra,,Actinopterygii,Cypriniformes,Cyprinidae,Chordata,901,False,False,2,2,0,0,1,0,False,very_sparse_1_4,Very limited (1-4 protective contexts),False,0.0029685278070291,extended_greedy_order,Very limited direct protective support; confirmatory testing is a high priority.
Scinax fuscovarius,,Amphibia,Anura,Hylidae,Chordata,902,False,False,2,1,0,0,1,0,False,very_sparse_1_4,Very limited (1-4 protective contexts),False,0.0031502821112602,extended_greedy_order,Very limited direct protective support; confirmatory testing is a high priority.
Coregonus peled,,Actinopterygii,Salmoniformes,Salmonidae,Chordata,903,False,False,1,1,0,0,2,0,False,very_sparse_1_4,Very limited (1-4 protective contexts),False,0.0031591778823753,extended_greedy_order,Very limited direct protective support; confirmatory testing is a high priority.
Unio tumidus,,Bivalvia,Unionoida,Unionidae,Mollusca,904,False,False,1,1,0,0,1,0,False,very_sparse_1_4,Very limited (1-4 protective contexts),False,0.0033999512951885,extended_greedy_order,Very limited direct protective support; confirmatory testing is a high priority.
Gila elegans,,Actinopterygii,Cypriniformes,Cyprinidae,Chordata,905,False,False,37,17,0,0,2,5,True,moderate_20_49,Moderate (20-49 protective contexts),False,0.0029761048208391,extended_greedy_order,
Rutilus caspicus,,Actinopterygii,Cypriniformes,Cyprinidae,Chordata,906,False,False,2,1,1,1,1,0,False,very_sparse_1_4,Very limited (1-4 protective contexts),False,0.0035002387830837,extended_greedy_order,Very limited direct protective support; confirmatory testing is a high priority.
Scinax nasica,,Amphibia,Anura,Hylidae,Chordata,907,False,False,2,1,0,0,1,0,False,very_sparse_1_4,Very limited (1-4 protective contexts),False,0.0030883688477249,extended_greedy_order,Very limited direct protective support; confirmatory testing is a high priority.
Physella gyrina,,Gastropoda,Basommatophora,Physidae,Mollusca,908,False,False,2,1,0,0,1,17,True,very_sparse_1_4,Very limited (1-4 protective contexts),False,0.0076275566001629,extended_greedy_order,Very limited direct protective support; confirmatory testing is a high priority.
Litoria raniformis,,Amphibia,Anura,Hylidae,Chordata,909,False,False,3,1,0,0,1,0,False,very_sparse_1_4,Very limited (1-4 protective contexts),False,0.0032646776836097,extended_greedy_order,Very limited direct protective support; confirmatory testing is a high priority.
Coregonus hoyi,,Actinopterygii,Salmoniformes,Salmonidae,Chordata,910,False,False,1,1,0,0,1,2,True,very_sparse_1_4,Very limited (1-4 protective contexts),False,0.0034976415837168,extended_greedy_order,Very limited direct protective support; confirmatory testing is a high priority.
Ephemerella ignita,,Insecta,Ephemeroptera,Ephemerellidae,Arthropoda,911,False,False,3,3,0,0,1,0,False,very_sparse_1_4,Very limited (1-4 protective contexts),False,0.0022736413083083,extended_greedy_order,Very limited direct protective support; confirmatory testing is a high priority.
Acroneuria abnormis,,Insecta,Plecoptera,Perlidae,Arthropoda,912,False,False,6,6,0,0,1,25,True,sparse_5_19,Limited (5-19 protective contexts),False,0.0047033263367096,extended_greedy_order,Limited direct protective support; interpret the rank with the reported uncertainty.
Phoxinus phoxinus,,Actinopterygii,Cypriniformes,Cyprinidae,Chordata,913,False,False,16,14,7,7,2,0,False,sparse_5_19,Limited (5-19 protective contexts),False,0.0025029111390674,extended_greedy_order,Limited direct protective support; interpret the rank with the reported uncertainty.
Pomacea lineata,,Gastropoda,Architaenioglossa,Ampullariidae,Mollusca,914,False,False,6,3,0,0,1,0,False,sparse_5_19,Limited (5-19 protective contexts),False,0.0039370995695045,extended_greedy_order,Limited direct protective support; interpret the rank with the reported uncertainty.
Gila cypha,,Actinopterygii,Cypriniformes,Cyprinidae,Chordata,915,False,False,3,3,0,0,1,1,True,very_sparse_1_4,Very limited (1-4 protective contexts),False,0.003255520050059,extended_greedy_order,Very limited direct protective support; confirmatory testing is a high priority.
Procambarus hayi,,Malacostraca,Decapoda,Cambaridae,Arthropoda,916,False,False,1,1,0,0,1,0,False,very_sparse_1_4,Very limited (1-4 protective contexts),False,0.0027746057845814,extended_greedy_order,Very limited direct protective support; confirmatory testing is a high priority.
Simulium venustum,,Insecta,Diptera,Simuliidae,Arthropoda,917,False,False,4,4,0,0,1,0,False,very_sparse_1_4,Very limited (1-4 protective contexts),False,0.0020165296588674,extended_greedy_order,Very limited direct protective support; confirmatory testing is a high priority.
Simulium ornatum,,Insecta,Diptera,Simuliidae,Arthropoda,918,False,False,15,14,0,0,2,0,False,sparse_5_19,Limited (5-19 protective contexts),False,0.0020178313325776,extended_greedy_order,Limited direct protective support; interpret the rank with the reported uncertainty.
Mogurnda mogurnda,,Actinopterygii,Perciformes,Eleotridae,Chordata,919,False,False,8,4,0,0,2,0,False,sparse_5_19,Limited (5-19 protective contexts),False,0.002508186901545,extended_greedy_order,Limited direct protective support; interpret the rank with the reported uncertainty.
Coregonus lavaretus,,Actinopterygii,Salmoniformes,Salmonidae,Chordata,920,False,False,4,3,2,2,2,0,False,very_sparse_1_4,Very limited (1-4 protective contexts),False,0.0030954649593179,extended_greedy_order,Very limited direct protective support; confirmatory testing is a high priority.
Litoria caerulea,,Amphibia,Anura,Hylidae,Chordata,921,False,False,3,1,0,0,1,2,True,very_sparse_1_4,Very limited (1-4 protective contexts),False,0.0036393831610196,extended_greedy_order,Very limited direct protective support; confirmatory testing is a high priority.
Paragnetina sp.,,Insecta,Plecoptera,Perlidae,Arthropoda,922,False,False,1,1,0,0,1,0,False,very_sparse_1_4,Very limited (1-4 protective contexts),False,0.0032913797275464,extended_greedy_order,Very limited direct protective support; confirmatory testing is a high priority.
Candidia barbatus,,Actinopterygii,Cypriniformes,Cyprinidae,Chordata,923,False,False,5,3,0,0,1,0,False,sparse_5_19,Limited (5-19 protective contexts),False,0.0029246490133158,extended_greedy_order,Limited direct protective support; interpret the rank with the reported uncertainty.
Unio crassus,,Bivalvia,Unionoida,Unionidae,Mollusca,924,False,False,2,1,0,0,1,0,False,very_sparse_1_4,Very limited (1-4 protective contexts),False,0.003368082099138,extended_greedy_order,Very limited direct protective support; confirmatory testing is a high priority.
Anacystis nidulans,,Cyanophyceae,Chroococcales,Chroococcaceae,Cyanophycota,925,False,False,13,12,6,6,2,0,False,sparse_5_19,Limited (5-19 protective contexts),False,0.0024011984360355,extended_greedy_order,Limited direct protective support; interpret the rank with the reported uncertainty.
Micronecta sp.,,Insecta,Heteroptera,Corixidae,Arthropoda,926,False,False,4,1,0,0,1,0,False,very_sparse_1_4,Very limited (1-4 protective contexts),False,0.0023618520788593,extended_greedy_order,Very limited direct protective support; confirmatory testing is a high priority.
Esox masquinongy,,Actinopterygii,Esociformes,Esocidae,Chordata,927,False,False,7,5,1,1,1,1,True,sparse_5_19,Limited (5-19 protective contexts),False,0.0041988383456645,extended_greedy_order,Limited direct protective support; interpret the rank with the reported uncertainty.
Pogonichthys macrolepidotus,,Actinopterygii,Cypriniformes,Cyprinidae,Chordata,928,False,False,3,2,0,0,2,1,True,very_sparse_1_4,Very limited (1-4 protective contexts),False,0.0022676268039742,extended_greedy_order,Very limited direct protective support; confirmatory testing is a high priority.
Corbicula australis,,Bivalvia,Veneroida,Corbiculidae,Mollusca,929,False,False,1,1,0,0,1,0,False,very_sparse_1_4,Very limited (1-4 protective contexts),False,0.0040619244275094,extended_greedy_order,Very limited direct protective support; confirmatory testing is a high priority.
Rhithrogena sp.,,Insecta,Ephemeroptera,Heptageniidae,Arthropoda,930,False,False,8,4,0,0,1,0,False,sparse_5_19,Limited (5-19 protective contexts),False,0.0032329198518335,extended_greedy_order,Limited direct protective support; interpret the rank with the reported uncertainty.
Physella pomilia,,Gastropoda,Basommatophora,Physidae,Mollusca,931,False,False,9,4,0,0,1,2,True,sparse_5_19,Limited (5-19 protective contexts),False,0.0024902794535846,extended_greedy_order,Limited direct protective support; interpret the rank with the reported uncertainty.
Peltodytes sp.,,Insecta,Coleoptera,Haliplidae,Arthropoda,932,False,False,11,11,0,0,1,0,False,sparse_5_19,Limited (5-19 protective contexts),False,0.0017603244215758,extended_greedy_order,Limited direct protective support; interpret the rank with the reported uncertainty.
Luxilus chrysocephalus,,Actinopterygii,Cypriniformes,Cyprinidae,Chordata,933,False,False,2,2,0,0,1,17,True,very_sparse_1_4,Very limited (1-4 protective contexts),False,0.0059808910573404,extended_greedy_order,Very limited direct protective support; confirmatory testing is a high priority.
Pontastacus leptodactylus,,Malacostraca,Decapoda,Astacidae,Arthropoda,934,False,False,8,5,1,1,1,0,False,sparse_5_19,Limited (5-19 protective contexts),False,0.0024863986265107,extended_greedy_order,Limited direct protective support; interpret the rank with the reported uncertainty.
Pachydiplax longipennis,,Insecta,Odonata,Libellulidae,Arthropoda,935,False,False,3,3,0,0,1,46,True,very_sparse_1_4,Very limited (1-4 protective contexts),False,0.0116415796888091,extended_greedy_order,Very limited direct protective support; confirmatory testing is a high priority.
Aplocheilichthys johnstonii,,Actinopterygii,Cyprinodontiformes,Cyprinodontidae,Chordata,936,False,False,1,1,0,0,1,0,False,very_sparse_1_4,Very limited (1-4 protective contexts),False,0.0024252222853297,extended_greedy_order,Very limited direct protective support; confirmatory testing is a high priority.
Rhithrogena hageni,,Insecta,Ephemeroptera,Heptageniidae,Arthropoda,937,False,False,6,2,0,0,1,0,False,sparse_5_19,Limited (5-19 protective contexts),False,0.0032232888568024,extended_greedy_order,Limited direct protective support; interpret the rank with the reported uncertainty.
Litoria moorei,,Amphibia,Anura,Hylidae,Chordata,938,False,False,4,2,0,0,1,0,False,very_sparse_1_4,Very limited (1-4 protective contexts),False,0.002212817841286,extended_greedy_order,Very limited direct protective support; confirmatory testing is a high priority.
Lepidostoma unicolor,,Insecta,Trichoptera,Lepidostomatidae,Arthropoda,939,False,False,4,2,0,0,1,1,True,very_sparse_1_4,Very limited (1-4 protective contexts),False,0.0033072447799798,extended_greedy_order,Very limited direct protective support; confirmatory testing is a high priority.
Dugesia sp.,,Turbellaria,Tricladida,Planariidae,Platyhelminthes,940,False,False,10,9,1,1,1,0,False,sparse_5_19,Limited (5-19 protective contexts),False,0.0031859695310981,extended_greedy_order,Limited direct protective support; interpret the rank with the reported uncertainty.
Tanichthys albonubes,,Actinopterygii,Cypriniformes,Cyprinidae,Chordata,941,False,False,5,3,3,3,1,0,False,sparse_5_19,Limited (5-19 protective contexts),False,0.0028873925762035,extended_greedy_order,Limited direct protective support; interpret the rank with the reported uncertainty.
Unio ravoisieri,,Bivalvia,Unionoida,Unionidae,Mollusca,942,False,False,2,1,0,0,1,0,False,very_sparse_1_4,Very limited (1-4 protective contexts),False,0.0033398043452009,extended_greedy_order,Very limited direct protective support; confirmatory testing is a high priority.
Coregonus albula,,Actinopterygii,Salmoniformes,Salmonidae,Chordata,943,False,False,1,1,0,0,1,0,False,very_sparse_1_4,Very limited (1-4 protective contexts),False,0.0031092069760946,extended_greedy_order,Very limited direct protective support; confirmatory testing is a high priority.
Abramis ballerus,,Actinopterygii,Cypriniformes,Cyprinidae,Chordata,944,False,False,1,1,0,0,2,0,False,very_sparse_1_4,Very limited (1-4 protective contexts),False,0.0020826203697706,extended_greedy_order,Very limited direct protective support; confirmatory testing is a high priority.
Esomus danricus,,Actinopterygii,Cypriniformes,Cyprinidae,Chordata,945,False,False,7,5,4,3,2,0,False,sparse_5_19,Limited (5-19 protective contexts),False,0.002048995372625,extended_greedy_order,Limited direct protective support; interpret the rank with the reported uncertainty.
Acroneuria sp.,,Insecta,Plecoptera,Perlidae,Arthropoda,946,False,False,2,2,0,0,1,0,False,very_sparse_1_4,Very limited (1-4 protective contexts),False,0.0031830903143197,extended_greedy_order,Very limited direct protective support; confirmatory testing is a high priority.
Onychostoma barbata,,Actinopterygii,Cypriniformes,Cyprinidae,Chordata,947,False,False,4,3,0,0,1,0,False,very_sparse_1_4,Very limited (1-4 protective contexts),False,0.0028785688735558,extended_greedy_order,Very limited direct protective support; confirmatory testing is a high priority.
Scenedesmus acuminatus,,Chlorophyceae,Chlorococcales,Scenedesmaceae,Chlorophyta,948,False,False,3,3,0,0,2,12,True,very_sparse_1_4,Very limited (1-4 protective contexts),False,0.0057907569298168,extended_greedy_order,Very limited direct protective support; confirmatory testing is a high priority.
Procambarus simulans,,Malacostraca,Decapoda,Cambaridae,Arthropoda,949,False,False,2,2,0,0,1,4,True,very_sparse_1_4,Very limited (1-4 protective contexts),False,0.0048027792167786,extended_greedy_order,Very limited direct protective support; confirmatory testing is a high priority.
Rhyacophila sp.,,Insecta,Trichoptera,Rhyacophilidae,Arthropoda,950,False,False,1,1,0,0,1,0,False,very_sparse_1_4,Very limited (1-4 protective contexts),False,0.0029912885605392,extended_greedy_order,Very limited direct protective support; confirmatory testing is a high priority.
Coregonus clupeaformis,,Actinopterygii,Salmoniformes,Salmonidae,Chordata,951,False,False,7,4,9,8,2,4,True,sparse_5_19,Limited (5-19 protective contexts),False,0.0037520379141501,extended_greedy_order,Limited direct protective support; interpret the rank with the reported uncertainty.
Simulium sp.,,Insecta,Diptera,Simuliidae,Arthropoda,952,False,False,27,22,0,0,1,0,False,moderate_20_49,Moderate (20-49 protective contexts),False,0.0015461878037067,extended_greedy_order,
Neocaridina denticulata,,Malacostraca,Decapoda,Atyidae,Arthropoda,953,False,False,4,2,0,0,1,0,False,very_sparse_1_4,Very limited (1-4 protective contexts),False,0.0036747607416809,extended_greedy_order,Very limited direct protective support; confirmatory testing is a high priority.
Anabolia nervosa,,Insecta,Trichoptera,Limnephilidae,Arthropoda,954,False,False,5,5,0,0,1,0,False,sparse_5_19,Limited (5-19 protective contexts),False,0.0015313282093036,extended_greedy_order,Limited direct protective support; interpret the rank with the reported uncertainty.
Xiphophorus helleri,,Actinopterygii,Cyprinodontiformes,Poeciliidae,Chordata,955,False,False,18,9,2,1,2,4,True,sparse_5_19,Limited (5-19 protective contexts),False,0.0021064961436456,extended_greedy_order,Limited direct protective support; interpret the rank with the reported uncertainty.
Diporeia sp.,,Malacostraca,Amphipoda,Haustoriidae,Arthropoda,956,False,False,6,6,0,0,1,0,False,sparse_5_19,Limited (5-19 protective contexts),False,0.0034415162187916,extended_greedy_order,Limited direct protective support; interpret the rank with the reported uncertainty.
Gambusia holbrooki,,Actinopterygii,Cyprinodontiformes,Poeciliidae,Chordata,957,False,False,34,23,5,4,2,7,True,moderate_20_49,Moderate (20-49 protective contexts),False,0.0022300984384943,extended_greedy_order,
Cirrhinus molitorella,,Actinopterygii,Cypriniformes,Cyprinidae,Chordata,958,False,False,1,1,2,2,1,0,False,very_sparse_1_4,Very limited (1-4 protective contexts),False,0.0034684182811015,extended_greedy_order,Very limited direct protective support; confirmatory testing is a high priority.
Carassius gibelio,,Actinopterygii,Cypriniformes,Cyprinidae,Chordata,959,False,False,2,2,0,0,2,0,False,very_sparse_1_4,Very limited (1-4 protective contexts),False,0.0034505628514972,extended_greedy_order,Very limited direct protective support; confirmatory testing is a high priority.
Paratelphusa masoniana,,Malacostraca,Decapoda,Parathelphusidae,Arthropoda,960,False,False,5,3,0,0,1,0,False,sparse_5_19,Limited (5-19 protective contexts),False,0.0034325941374961,extended_greedy_order,Limited direct protective support; interpret the rank with the reported uncertainty.
Chauliodes sp.,,Insecta,Megaloptera,Corydalidae,Arthropoda,961,False,False,4,4,0,0,1,0,False,very_sparse_1_4,Very limited (1-4 protective contexts),False,0.0029672151353321,extended_greedy_order,Very limited direct protective support; confirmatory testing is a high priority.
Elassoma gilberti,,Actinopterygii,Perciformes,Centrarchidae,Chordata,962,False,False,2,2,0,0,1,1,True,very_sparse_1_4,Very limited (1-4 protective contexts),False,0.00339404644111,extended_greedy_order,Very limited direct protective support; confirmatory testing is a high priority.
Crocothemis erythraea,,Insecta,Odonata,Libellulidae,Arthropoda,963,False,False,4,4,1,1,1,0,False,very_sparse_1_4,Very limited (1-4 protective contexts),False,0.0017636067169287,extended_greedy_order,Very limited direct protective support; confirmatory testing is a high priority.
Erpobdella octoculata,,Clitellata,Arhynchobdellida,Erpobdellidae,Annelida,964,False,False,18,15,3,3,2,0,False,sparse_5_19,Limited (5-19 protective contexts),False,0.0025228954464127,extended_greedy_order,Limited direct protective support; interpret the rank with the reported uncertainty.
Ephemerella sp.,,Insecta,Ephemeroptera,Ephemerellidae,Arthropoda,965,False,False,7,6,1,1,1,0,False,sparse_5_19,Limited (5-19 protective contexts),False,0.0031759361760035,extended_greedy_order,Limited direct protective support; interpret the rank with the reported uncertainty.
Unio elongatulus,,Bivalvia,Unionoida,Unionidae,Mollusca,966,False,False,2,1,0,0,1,0,False,very_sparse_1_4,Very limited (1-4 protective contexts),False,0.0023355036921869,extended_greedy_order,Very limited direct protective support; confirmatory testing is a high priority.
Barbus sp.,,Actinopterygii,Cypriniformes,Cyprinidae,Chordata,967,False,False,1,1,0,0,1,0,False,very_sparse_1_4,Very limited (1-4 protective contexts),False,0.0024069911996673,extended_greedy_order,Very limited direct protective support; confirmatory testing is a high priority.
Somatogyrus virginicus,,Gastropoda,Neotaenioglossa,Hydrobiidae,Mollusca,968,False,False,1,1,0,0,1,0,False,very_sparse_1_4,Very limited (1-4 protective contexts),False,0.0023583455800711,extended_greedy_order,Very limited direct protective support; confirmatory testing is a high priority.
Ephemerella subvaria,,Insecta,Ephemeroptera,Ephemerellidae,Arthropoda,969,False,False,4,4,0,0,1,8,True,very_sparse_1_4,Very limited (1-4 protective contexts),False,0.0032491520654269,extended_greedy_order,Very limited direct protective support; confirmatory testing is a high priority.
Indonaia caerulea,,Bivalvia,Unionoida,Unionidae,Mollusca,970,False,False,7,6,1,1,1,0,False,sparse_5_19,Limited (5-19 protective contexts),False,0.0032922734752238,extended_greedy_order,Limited direct protective support; interpret the rank with the reported uncertainty.
Ranatra filiformis,,Insecta,Heteroptera,Nepidae,Arthropoda,971,False,False,5,3,0,0,1,0,False,sparse_5_19,Limited (5-19 protective contexts),False,0.0031659098828998,extended_greedy_order,Limited direct protective support; interpret the rank with the reported uncertainty.
Craterocephalus marjoriae,,Actinopterygii,Atheriniformes,Atherinidae,Chordata,972,False,False,4,4,0,0,1,0,False,very_sparse_1_4,Very limited (1-4 protective contexts),False,0.003486003486821,extended_greedy_order,Very limited direct protective support; confirmatory testing is a high priority.
Lymnaea acuminata,,Gastropoda,Basommatophora,Lymnaeidae,Mollusca,973,False,False,32,26,4,4,2,0,False,moderate_20_49,Moderate (20-49 protective contexts),False,0.0014664039830443,extended_greedy_order,
Procambarus zonangulus,,Malacostraca,Decapoda,Cambaridae,Arthropoda,974,False,False,1,1,0,0,1,0,False,very_sparse_1_4,Very limited (1-4 protective contexts),False,0.0038451511019155,extended_greedy_order,Very limited direct protective support; confirmatory testing is a high priority.
Corbicula sp.,,Bivalvia,Veneroida,Corbiculidae,Mollusca,975,False,False,6,4,0,0,1,0,False,sparse_5_19,Limited (5-19 protective contexts),False,0.0040945744873718,extended_greedy_order,Limited direct protective support; interpret the rank with the reported uncertainty.
Tipula abdominalis,,Insecta,Diptera,Tipulidae,Arthropoda,976,False,False,1,1,0,0,1,34,True,very_sparse_1_4,Very limited (1-4 protective contexts),False,0.0089369348361575,extended_greedy_order,Very limited direct protective support; confirmatory testing is a high priority.
Barbus barbus,,Actinopterygii,Cypriniformes,Cyprinidae,Chordata,977,False,False,1,1,1,1,1,0,False,very_sparse_1_4,Very limited (1-4 protective contexts),False,0.0023985407942636,extended_greedy_order,Very limited direct protective support; confirmatory testing is a high priority.
Macromia sp.,,Insecta,Odonata,Corduliidae,Arthropoda,978,False,False,5,4,0,0,1,0,False,sparse_5_19,Limited (5-19 protective contexts),False,0.0020820422883547,extended_greedy_order,Limited direct protective support; interpret the rank with the reported uncertainty.
Elliptio sp.,,Bivalvia,Unionoida,Unionidae,Mollusca,979,False,False,1,1,0,0,1,0,False,very_sparse_1_4,Very limited (1-4 protective contexts),False,0.0033961004135136,extended_greedy_order,Very limited direct protective support; confirmatory testing is a high priority.
Scenedesmus dimorphus,,Chlorophyceae,Chlorococcales,Scenedesmaceae,Chlorophyta,980,False,False,4,4,4,4,1,0,False,very_sparse_1_4,Very limited (1-4 protective contexts),False,0.002347201049206,extended_greedy_order,Very limited direct protective support; confirmatory testing is a high priority.
Scenedesmus abundans,,Chlorophyceae,Chlorococcales,Scenedesmaceae,Chlorophyta,981,False,False,2,2,0,0,1,1,True,very_sparse_1_4,Very limited (1-4 protective contexts),False,0.0035708564756882,extended_greedy_order,Very limited direct protective support; confirmatory testing is a high priority.
Pelophylax ridibundus,,Amphibia,Anura,Ranidae,Chordata,982,False,False,23,14,0,0,2,0,False,moderate_20_49,Moderate (20-49 protective contexts),False,0.0015423955139745,extended_greedy_order,
Procambarus alleni,,Malacostraca,Decapoda,Cambaridae,Arthropoda,983,False,False,1,1,0,0,1,4,True,very_sparse_1_4,Very limited (1-4 protective contexts),False,0.0047562462283457,extended_greedy_order,Very limited direct protective support; confirmatory testing is a high priority.
Paragnetina media,,Insecta,Plecoptera,Perlidae,Arthropoda,984,False,False,2,2,0,0,1,8,True,very_sparse_1_4,Very limited (1-4 protective contexts),False,0.0034447808982085,extended_greedy_order,Very limited direct protective support; confirmatory testing is a high priority.
Procambarus paeninsulanus,,Malacostraca,Decapoda,Cambaridae,Arthropoda,985,False,False,1,1,0,0,1,3,True,very_sparse_1_4,Very limited (1-4 protective contexts),False,0.0045261052818129,extended_greedy_order,Very limited direct protective support; confirmatory testing is a high priority.
Acris crepitans,,Amphibia,Anura,Hylidae,Chordata,986,False,False,6,3,2,2,2,18,True,sparse_5_19,Limited (5-19 protective contexts),False,0.0067388978470145,extended_greedy_order,Limited direct protective support; interpret the rank with the reported uncertainty.
Agnetina sp.,,Insecta,Plecoptera,Perlidae,Arthropoda,987,False,False,2,2,0,0,1,0,False,very_sparse_1_4,Very limited (1-4 protective contexts),False,0.0031923690262856,extended_greedy_order,Very limited direct protective support; confirmatory testing is a high priority.
Antocha sp.,,Insecta,Diptera,Tipulidae,Arthropoda,988,False,False,1,1,0,0,1,0,False,very_sparse_1_4,Very limited (1-4 protective contexts),False,0.0029194484752462,extended_greedy_order,Very limited direct protective support; confirmatory testing is a high priority.
Orconectes sp.,,Malacostraca,Decapoda,Cambaridae,Arthropoda,989,False,False,3,2,0,0,1,0,False,very_sparse_1_4,Very limited (1-4 protective contexts),False,0.0026116061389064,extended_greedy_order,Very limited direct protective support; confirmatory testing is a high priority.
Acroneuria lycorias,,Insecta,Plecoptera,Perlidae,Arthropoda,990,False,False,3,3,2,2,1,5,True,very_sparse_1_4,Very limited (1-4 protective contexts),False,0.0040385709817413,extended_greedy_order,Very limited direct protective support; confirmatory testing is a high priority.
Barbonymus gonionotus,,Actinopterygii,Cypriniformes,Cyprinidae,Chordata,991,False,False,10,6,0,0,1,0,False,sparse_5_19,Limited (5-19 protective contexts),False,0.0019902351766062,extended_greedy_order,Limited direct protective support; interpret the rank with the reported uncertainty.
Craterocephalus stercusmuscarum,,Actinopterygii,Atheriniformes,Atherinidae,Chordata,992,False,False,2,2,0,0,1,0,False,very_sparse_1_4,Very limited (1-4 protective contexts),False,0.0034664089225517,extended_greedy_order,Very limited direct protective support; confirmatory testing is a high priority.
Leptodactylus fuscus,,Amphibia,Anura,Leptodactylidae,Chordata,993,False,False,1,1,0,0,1,0,False,very_sparse_1_4,Very limited (1-4 protective contexts),False,0.0035047201414986,extended_greedy_order,Very limited direct protective support; confirmatory testing is a high priority.
Lemna gibba,,Liliopsida,Arales,Lemnaceae,Magnoliophyta,994,False,False,26,15,3,3,2,7,True,moderate_20_49,Moderate (20-49 protective contexts),False,0.0057284653916271,extended_greedy_order,
Pseudepidalea viridis,,Amphibia,Anura,Bufonidae,Chordata,995,False,False,2,2,0,0,1,0,False,very_sparse_1_4,Very limited (1-4 protective contexts),False,0.0030344031962802,extended_greedy_order,Very limited direct protective support; confirmatory testing is a high priority.
Sander canadensis,,Actinopterygii,Perciformes,Percidae,Chordata,996,False,False,2,2,0,0,1,9,True,very_sparse_1_4,Very limited (1-4 protective contexts),False,0.0057039945846865,extended_greedy_order,Very limited direct protective support; confirmatory testing is a high priority.
Danio sp.,,Actinopterygii,Cypriniformes,Cyprinidae,Chordata,997,False,False,2,2,3,3,1,0,False,very_sparse_1_4,Very limited (1-4 protective contexts),False,0.0033045810135907,extended_greedy_order,Very limited direct protective support; confirmatory testing is a high priority.
Paraleptophlebia praepedita,,Insecta,Ephemeroptera,Leptophlebiidae,Arthropoda,998,False,False,1,1,0,0,1,1,True,very_sparse_1_4,Very limited (1-4 protective contexts),False,0.0033423246403869,extended_greedy_order,Very limited direct protective support; confirmatory testing is a high priority.
Noturus flavus,,Actinopterygii,Siluriformes,Ictaluridae,Chordata,999,False,False,1,1,0,0,1,22,True,very_sparse_1_4,Very limited (1-4 protective contexts),False,0.0078969075558901,extended_greedy_order,Very limited direct protective support; confirmatory testing is a high priority.
Ranatra sp.,,Insecta,Heteroptera,Nepidae,Arthropoda,1000,False,False,2,1,0,0,1,0,False,very_sparse_1_4,Very limited (1-4 protective contexts),False,0.003068593208783,extended_greedy_order,Very limited direct protective support; confirmatory testing is a high priority.
Cinygmula sp.,,Insecta,Ephemeroptera,Heptageniidae,Arthropoda,1001,False,False,4,1,0,0,1,0,False,very_sparse_1_4,Very limited (1-4 protective contexts),False,0.0031565796233007,extended_greedy_order,Very limited direct protective support; confirmatory testing is a high priority.
Paraleptophlebia pallipes,,Insecta,Ephemeroptera,Leptophlebiidae,Arthropoda,1002,False,False,1,1,0,0,1,0,False,very_sparse_1_4,Very limited (1-4 protective contexts),False,0.0031384350347657,extended_greedy_order,Very limited direct protective support; confirmatory testing is a high priority.
Rasbora neilgherriensis,,Actinopterygii,Cypriniformes,Cyprinidae,Chordata,1003,False,False,1,1,0,0,1,0,False,very_sparse_1_4,Very limited (1-4 protective contexts),False,0.0033240899880126,extended_greedy_order,Very limited direct protective support; confirmatory testing is a high priority.
Phyllodiaptomus annae,,Maxillopoda,Calanoida,Diaptomidae,Arthropoda,1004,False,False,2,1,0,0,1,0,False,very_sparse_1_4,Very limited (1-4 protective contexts),False,0.0038160956665803,extended_greedy_order,Very limited direct protective support; confirmatory testing is a high priority.
Thymallus thymallus,,Actinopterygii,Salmoniformes,Salmonidae,Chordata,1005,False,False,5,3,2,2,1,0,False,sparse_5_19,Limited (5-19 protective contexts),False,0.0020985674033192,extended_greedy_order,Limited direct protective support; interpret the rank with the reported uncertainty.
Orconectes propinquus,,Malacostraca,Decapoda,Cambaridae,Arthropoda,1006,False,False,5,5,1,1,1,11,True,sparse_5_19,Limited (5-19 protective contexts),False,0.0035164064990369,extended_greedy_order,Limited direct protective support; interpret the rank with the reported uncertainty.
Schizopelex festiva,,Insecta,Trichoptera,Sericostomatidae,Arthropoda,1007,False,False,2,1,2,1,1,0,False,very_sparse_1_4,Very limited (1-4 protective contexts),False,0.0029831303443921,extended_greedy_order,Very limited direct protective support; confirmatory testing is a high priority.
Leptodactylus latrans,,Amphibia,Anura,Leptodactylidae,Chordata,1008,False,False,2,1,1,1,1,0,False,very_sparse_1_4,Very limited (1-4 protective contexts),False,0.0024745795242636,extended_greedy_order,Very limited direct protective support; confirmatory testing is a high priority.
Elliptio dilatata,,Bivalvia,Unionoida,Unionidae,Mollusca,1009,False,False,1,1,0,0,1,0,False,very_sparse_1_4,Very limited (1-4 protective contexts),False,0.0033278564670134,extended_greedy_order,Very limited direct protective support; confirmatory testing is a high priority.
Fluminicola sp.,,Gastropoda,Neotaenioglossa,Hydrobiidae,Mollusca,1010,False,False,6,2,0,0,1,0,False,sparse_5_19,Limited (5-19 protective contexts),False,0.003239087046087,extended_greedy_order,Limited direct protective support; interpret the rank with the reported uncertainty.
Trichogaster pectoralis,,Actinopterygii,Perciformes,Osphronemidae,Chordata,1011,False,False,11,11,0,0,1,0,False,sparse_5_19,Limited (5-19 protective contexts),False,0.002017530719204,extended_greedy_order,Limited direct protective support; interpret the rank with the reported uncertainty.
Ictalurus furcatus,,Actinopterygii,Siluriformes,Ictaluridae,Chordata,1012,False,False,3,3,0,0,2,8,True,very_sparse_1_4,Very limited (1-4 protective contexts),False,0.0036909682066106,extended_greedy_order,Very limited direct protective support; confirmatory testing is a high priority.
Ecnomus omiensis,,Insecta,Trichoptera,Ecnomidae,Arthropoda,1013,False,False,1,1,0,0,1,0,False,very_sparse_1_4,Very limited (1-4 protective contexts),False,0.0029822809795146,extended_greedy_order,Very limited direct protective support; confirmatory testing is a high priority.
Unio pictorum,,Bivalvia,Unionoida,Unionidae,Mollusca,1014,False,False,3,3,3,3,1,0,False,very_sparse_1_4,Very limited (1-4 protective contexts),False,0.0022823454003225,extended_greedy_order,Very limited direct protective support; confirmatory testing is a high priority.
Triogma sp.,,Insecta,Diptera,Tipulidae,Arthropoda,1015,False,False,1,1,0,0,1,0,False,very_sparse_1_4,Very limited (1-4 protective contexts),False,0.0020306241442382,extended_greedy_order,Very limited direct protective support; confirmatory testing is a high priority.
Craterocephalus marianae,,Actinopterygii,Atheriniformes,Atherinidae,Chordata,1016,False,False,2,1,0,0,1,0,False,very_sparse_1_4,Very limited (1-4 protective contexts),False,0.0034189623287847,extended_greedy_order,Very limited direct protective support; confirmatory testing is a high priority.
Puntius chola,,Actinopterygii,Cypriniformes,Cyprinidae,Chordata,1017,False,False,1,1,3,1,1,0,False,very_sparse_1_4,Very limited (1-4 protective contexts),False,0.0032827397831603,extended_greedy_order,Very limited direct protective support; confirmatory testing is a high priority.
Ophiogomphus sp.,,Insecta,Odonata,Gomphidae,Arthropoda,1018,False,False,7,6,1,1,1,0,False,sparse_5_19,Limited (5-19 protective contexts),False,0.0016535549199014,extended_greedy_order,Limited direct protective support; interpret the rank with the reported uncertainty.
Adenophlebia auriculata,,Insecta,Ephemeroptera,Leptophlebiidae,Arthropoda,1019,False,False,2,2,1,1,1,0,False,very_sparse_1_4,Very limited (1-4 protective contexts),False,0.002174701759794,extended_greedy_order,Very limited direct protective support; confirmatory testing is a high priority.
Erimyzon sucetta,,Actinopterygii,Cypriniformes,Catostomidae,Chordata,1020,False,False,11,11,0,0,1,17,True,sparse_5_19,Limited (5-19 protective contexts),False,0.0034762955825882,extended_greedy_order,Limited direct protective support; interpret the rank with the reported uncertainty.
Somatochlora cingulata,,Insecta,Odonata,Corduliidae,Arthropoda,1021,False,False,1,1,2,2,1,5,True,very_sparse_1_4,Very limited (1-4 protective contexts),False,0.0037080374036562,extended_greedy_order,Very limited direct protective support; confirmatory testing is a high priority.
Ptychocheilus lucius,,Actinopterygii,Cypriniformes,Cyprinidae,Chordata,1022,False,False,49,26,1,1,2,2,True,moderate_20_49,Moderate (20-49 protective contexts),False,0.0024167182501088,extended_greedy_order,
Semisulcospira libertina,,Gastropoda,Neotaenioglossa,Pleuroceridae,Mollusca,1023,False,False,24,24,0,0,1,0,False,moderate_20_49,Moderate (20-49 protective contexts),False,0.0017612784921848,extended_greedy_order,
Zacco temmincki,,Actinopterygii,Cypriniformes,Cyprinidae,Chordata,1024,False,False,3,3,0,0,1,0,False,very_sparse_1_4,Very limited (1-4 protective contexts),False,0.0027591481270748,extended_greedy_order,Very limited direct protective support; confirmatory testing is a high priority.
Scenedesmus incrassatulus,,Chlorophyceae,Chlorococcales,Scenedesmaceae,Chlorophyta,1025,False,False,2,1,1,1,2,0,False,very_sparse_1_4,Very limited (1-4 protective contexts),False,0.0033626459172888,extended_greedy_order,Very limited direct protective support; confirmatory testing is a high priority.
Corbicula leana,,Bivalvia,Veneroida,Corbiculidae,Mollusca,1026,False,False,2,2,0,0,1,0,False,very_sparse_1_4,Very limited (1-4 protective contexts),False,0.0039688274959714,extended_greedy_order,Very limited direct protective support; confirmatory testing is a high priority.
Prosimulium magnum,,Insecta,Diptera,Simuliidae,Arthropoda,1027,False,False,1,1,0,0,1,1,True,very_sparse_1_4,Very limited (1-4 protective contexts),False,0.0022979117080815,extended_greedy_order,Very limited direct protective support; confirmatory testing is a high priority.
Paraleptophlebia sp.,,Insecta,Ephemeroptera,Leptophlebiidae,Arthropoda,1028,False,False,2,2,0,0,1,0,False,very_sparse_1_4,Very limited (1-4 protective contexts),False,0.0031484624067246,extended_greedy_order,Very limited direct protective support; confirmatory testing is a high priority.
Prosimulium formosum,,Insecta,Diptera,Simuliidae,Arthropoda,1029,False,False,1,1,0,0,1,0,False,very_sparse_1_4,Very limited (1-4 protective contexts),False,0.0021745790333906,extended_greedy_order,Very limited direct protective support; confirmatory testing is a high priority.
Scenedesmus sp.,,Chlorophyceae,Chlorococcales,Scenedesmaceae,Chlorophyta,1030,False,False,2,2,3,3,2,0,False,very_sparse_1_4,Very limited (1-4 protective contexts),False,0.0033119509090008,extended_greedy_order,Very limited direct protective support; confirmatory testing is a high priority.
Paratelphusa hydrodromus,,Malacostraca,Decapoda,Parathelphusidae,Arthropoda,1031,False,False,9,5,0,0,1,0,False,sparse_5_19,Limited (5-19 protective contexts),False,0.0033299945940623,extended_greedy_order,Limited direct protective support; interpret the rank with the reported uncertainty.
Fundulus seminolis,,Actinopterygii,Cyprinodontiformes,Cyprinodontidae,Chordata,1032,False,False,2,1,0,0,1,1,True,very_sparse_1_4,Very limited (1-4 protective contexts),False,0.0036189374963166,extended_greedy_order,Very limited direct protective support; confirmatory testing is a high priority.
Procambarus blandingii,,Malacostraca,Decapoda,Cambaridae,Arthropoda,1033,False,False,2,2,0,0,2,1,True,very_sparse_1_4,Very limited (1-4 protective contexts),False,0.0028398510672297,extended_greedy_order,Very limited direct protective support; confirmatory testing is a high priority.
Laccotrephes sp.,,Insecta,Heteroptera,Nepidae,Arthropoda,1034,False,False,1,1,0,0,1,0,False,very_sparse_1_4,Very limited (1-4 protective contexts),False,0.0029188554272988,extended_greedy_order,Very limited direct protective support; confirmatory testing is a high priority.
Fontigens aldrichi,,Gastropoda,Neotaenioglossa,Hydrobiidae,Mollusca,1035,False,False,6,2,0,0,1,0,False,sparse_5_19,Limited (5-19 protective contexts),False,0.0032064559304858,extended_greedy_order,Limited direct protective support; interpret the rank with the reported uncertainty.
Corbicula manilensis,,Bivalvia,Veneroida,Corbiculidae,Mollusca,1036,False,False,18,16,0,0,2,4,True,sparse_5_19,Limited (5-19 protective contexts),False,0.0034791694859847,extended_greedy_order,Limited direct protective support; interpret the rank with the reported uncertainty.
Brachycentrus americanus,,Insecta,Trichoptera,Brachycentridae,Arthropoda,1037,False,False,13,9,2,2,1,5,True,sparse_5_19,Limited (5-19 protective contexts),False,0.002885263676018,extended_greedy_order,Limited direct protective support; interpret the rank with the reported uncertainty.
Macromia magnifica,,Insecta,Odonata,Corduliidae,Arthropoda,1038,False,False,1,1,1,1,1,7,True,very_sparse_1_4,Very limited (1-4 protective contexts),False,0.0040073635935685,extended_greedy_order,Very limited direct protective support; confirmatory testing is a high priority.
Argia fumipennis,,Insecta,Odonata,Coenagrionidae,Arthropoda,1039,False,False,1,1,1,1,1,42,True,very_sparse_1_4,Very limited (1-4 protective contexts),False,0.0112079491010352,extended_greedy_order,Very limited direct protective support; confirmatory testing is a high priority.
Microhyla pulchra,,Amphibia,Anura,Microhylidae,Chordata,1040,False,False,1,1,0,0,1,0,False,very_sparse_1_4,Very limited (1-4 protective contexts),False,0.0025125623004739,extended_greedy_order,Very limited direct protective support; confirmatory testing is a high priority.
Australorbis sp.,,Gastropoda,Basommatophora,Planorbidae,Mollusca,1041,False,False,2,2,0,0,1,0,False,very_sparse_1_4,Very limited (1-4 protective contexts),False,0.0029117080117374,extended_greedy_order,Very limited direct protective support; confirmatory testing is a high priority.
Acipenser brevirostrum,,Actinopterygii,Acipenseriformes,Acipenseridae,Chordata,1042,False,False,10,6,0,0,1,0,False,sparse_5_19,Limited (5-19 protective contexts),False,0.0027192762670833,extended_greedy_order,Limited direct protective support; interpret the rank with the reported uncertainty.
Aplocheilus lineatus,,Actinopterygii,Cyprinodontiformes,Cyprinodontidae,Chordata,1043,False,False,6,6,0,0,1,0,False,sparse_5_19,Limited (5-19 protective contexts),False,0.003255281781711,extended_greedy_order,Limited direct protective support; interpret the rank with the reported uncertainty.
Scenedesmus acutiformis,,Chlorophyceae,Chlorococcales,Scenedesmaceae,Chlorophyta,1044,False,False,4,4,0,0,1,0,False,very_sparse_1_4,Very limited (1-4 protective contexts),False,0.0032124319326159,extended_greedy_order,Very limited direct protective support; confirmatory testing is a high priority.
Scenedesmus bijuga,,Chlorophyceae,Chlorococcales,Scenedesmaceae,Chlorophyta,1045,False,False,4,4,0,0,1,0,False,very_sparse_1_4,Very limited (1-4 protective contexts),False,0.0032124319326159,extended_greedy_order,Very limited direct protective support; confirmatory testing is a high priority.
Scenedesmus longus,,Chlorophyceae,Chlorococcales,Scenedesmaceae,Chlorophyta,1046,False,False,4,4,0,0,1,1,True,very_sparse_1_4,Very limited (1-4 protective contexts),False,0.0034051778485729,extended_greedy_order,Very limited direct protective support; confirmatory testing is a high priority.
Scenedesmus serratus,,Chlorophyceae,Chlorococcales,Scenedesmaceae,Chlorophyta,1047,False,False,4,4,0,0,1,0,False,very_sparse_1_4,Very limited (1-4 protective contexts),False,0.0032124319326159,extended_greedy_order,Very limited direct protective support; confirmatory testing is a high priority.
Brachydeutera argentata,,Insecta,Diptera,Ephydridae,Arthropoda,1048,False,False,1,1,0,0,1,16,True,very_sparse_1_4,Very limited (1-4 protective contexts),False,0.0054976043899844,extended_greedy_order,Very limited direct protective support; confirmatory testing is a high priority.
Caudiverbera caudiverbera,,Amphibia,Anura,Leptodactylidae,Chordata,1049,False,False,1,1,0,0,1,0,False,very_sparse_1_4,Very limited (1-4 protective contexts),False,0.0034201450844637,extended_greedy_order,Very limited direct protective support; confirmatory testing is a high priority.
Laccophilus sp.,,Insecta,Coleoptera,Dytiscidae,Arthropoda,1050,False,False,1,1,0,0,1,0,False,very_sparse_1_4,Very limited (1-4 protective contexts),False,0.0029195182121273,extended_greedy_order,Very limited direct protective support; confirmatory testing is a high priority.
Fundulus notatus,,Actinopterygii,Cyprinodontiformes,Cyprinodontidae,Chordata,1051,False,False,2,1,0,0,1,14,True,very_sparse_1_4,Very limited (1-4 protective contexts),False,0.006237215904555,extended_greedy_order,Very limited direct protective support; confirmatory testing is a high priority.
Stenopsyche griseipennis,,Insecta,Trichoptera,Stenopsychidae,Arthropoda,1052,False,False,2,2,0,0,1,0,False,very_sparse_1_4,Very limited (1-4 protective contexts),False,0.0027976091013895,extended_greedy_order,Very limited direct protective support; confirmatory testing is a high priority.
Psychomyia sp.,,Insecta,Trichoptera,Psychomyiidae,Arthropoda,1053,False,False,1,1,0,0,1,0,False,very_sparse_1_4,Very limited (1-4 protective contexts),False,0.002796952594003,extended_greedy_order,Very limited direct protective support; confirmatory testing is a high priority.
Scenedesmus hystrix,,Chlorophyceae,Chlorococcales,Scenedesmaceae,Chlorophyta,1054,False,False,4,4,0,0,1,0,False,very_sparse_1_4,Very limited (1-4 protective contexts),False,0.0032028269894533,extended_greedy_order,Very limited direct protective support; confirmatory testing is a high priority.
Crangonyx sp.,,Malacostraca,Amphipoda,Crangonyctidae,Arthropoda,1055,False,False,3,1,0,0,1,0,False,very_sparse_1_4,Very limited (1-4 protective contexts),False,0.00342356184488,extended_greedy_order,Very limited direct protective support; confirmatory testing is a high priority.
Ranatra linearis,,Insecta,Heteroptera,Nepidae,Arthropoda,1056,False,False,3,1,0,0,1,0,False,very_sparse_1_4,Very limited (1-4 protective contexts),False,0.0030555579744086,extended_greedy_order,Very limited direct protective support; confirmatory testing is a high priority.
Etroplus maculatus,,Actinopterygii,Perciformes,Cichlidae,Chordata,1057,False,False,5,5,0,0,2,0,False,sparse_5_19,Limited (5-19 protective contexts),False,0.0022669467486261,extended_greedy_order,Limited direct protective support; interpret the rank with the reported uncertainty.
Acipenser ruthenus,,Actinopterygii,Acipenseriformes,Acipenseridae,Chordata,1058,False,False,1,1,0,0,1,0,False,very_sparse_1_4,Very limited (1-4 protective contexts),False,0.0038257853038475,extended_greedy_order,Very limited direct protective support; confirmatory testing is a high priority.
Scenedesmus quadricauda,,Chlorophyceae,Chlorococcales,Scenedesmaceae,Chlorophyta,1059,False,False,13,12,37,37,2,1,True,sparse_5_19,Limited (5-19 protective contexts),False,0.0020171556354892,extended_greedy_order,Limited direct protective support; interpret the rank with the reported uncertainty.
Isidorella newcombi,,Gastropoda,Basommatophora,Planorbidae,Mollusca,1060,False,False,1,1,0,0,1,0,False,very_sparse_1_4,Very limited (1-4 protective contexts),False,0.0028849830290169,extended_greedy_order,Very limited direct protective support; confirmatory testing is a high priority.
Alasmidonta heterodon,,Bivalvia,Unionoida,Unionidae,Mollusca,1061,False,False,4,4,0,0,1,1,True,very_sparse_1_4,Very limited (1-4 protective contexts),False,0.002369700747214,extended_greedy_order,Very limited direct protective support; confirmatory testing is a high priority.
Acipenser gueldenstaedtii,,Actinopterygii,Acipenseriformes,Acipenseridae,Chordata,1062,False,False,1,1,1,1,1,0,False,very_sparse_1_4,Very limited (1-4 protective contexts),False,0.0038775119872359,extended_greedy_order,Very limited direct protective support; confirmatory testing is a high priority.
Labeo rohita,,Actinopterygii,Cypriniformes,Cyprinidae,Chordata,1063,False,False,83,44,22,16,3,0,False,strong_50_plus,Strong (50+ protective contexts),False,0.001395420533725,extended_greedy_order,
Ranatra elongata,,Insecta,Heteroptera,Nepidae,Arthropoda,1064,False,False,5,5,0,0,1,0,False,sparse_5_19,Limited (5-19 protective contexts),False,0.0029595386141286,extended_greedy_order,Limited direct protective support; interpret the rank with the reported uncertainty.
Scenedesmus bijugatus,,Chlorophyceae,Chlorococcales,Scenedesmaceae,Chlorophyta,1065,False,False,4,2,1,1,1,0,False,very_sparse_1_4,Very limited (1-4 protective contexts),False,0.0031846690131274,extended_greedy_order,Very limited direct protective support; confirmatory testing is a high priority.
Orthotrichia sp.,,Insecta,Trichoptera,Hydroptilidae,Arthropoda,1066,False,False,1,1,0,0,1,0,False,very_sparse_1_4,Very limited (1-4 protective contexts),False,0.0028931630434197,extended_greedy_order,Very limited direct protective support; confirmatory testing is a high priority.
Taylorconcha serpenticola,,Gastropoda,Neotaenioglossa,Hydrobiidae,Mollusca,1067,False,False,5,2,0,0,1,0,False,sparse_5_19,Limited (5-19 protective contexts),False,0.0031572697474927,extended_greedy_order,Limited direct protective support; interpret the rank with the reported uncertainty.
Ameiurus nebulosus,,Actinopterygii,Siluriformes,Ictaluridae,Chordata,1068,False,False,13,11,2,2,1,23,True,sparse_5_19,Limited (5-19 protective contexts),False,0.0050994884912384,extended_greedy_order,Limited direct protective support; interpret the rank with the reported uncertainty.
Pseudorasbora parva,,Actinopterygii,Cypriniformes,Cyprinidae,Chordata,1069,False,False,19,12,1,1,1,0,False,sparse_5_19,Limited (5-19 protective contexts),False,0.0023931425020194,extended_greedy_order,Limited direct protective support; interpret the rank with the reported uncertainty.
Haliplus sp.,,Insecta,Coleoptera,Haliplidae,Arthropoda,1070,False,False,1,1,0,0,1,0,False,very_sparse_1_4,Very limited (1-4 protective contexts),False,0.0027626275760213,extended_greedy_order,Very limited direct protective support; confirmatory testing is a high priority.
Psilotreta sp.,,Insecta,Trichoptera,Odontoceridae,Arthropoda,1071,False,False,1,1,0,0,1,0,False,very_sparse_1_4,Very limited (1-4 protective contexts),False,0.002762440545161,extended_greedy_order,Very limited direct protective support; confirmatory testing is a high priority.
Ictalurus sp.,,Actinopterygii,Siluriformes,Ictaluridae,Chordata,1072,False,False,5,5,0,0,1,0,False,sparse_5_19,Limited (5-19 protective contexts),False,0.0034906446693874,extended_greedy_order,Limited direct protective support; interpret the rank with the reported uncertainty.
Pseudagrion sp.,,Insecta,Odonata,Coenagrionidae,Arthropoda,1073,False,False,3,3,0,0,1,0,False,very_sparse_1_4,Very limited (1-4 protective contexts),False,0.0018147434924812,extended_greedy_order,Very limited direct protective support; confirmatory testing is a high priority.
Nepa sp.,,Insecta,Heteroptera,Nepidae,Arthropoda,1074,False,False,9,6,0,0,1,0,False,sparse_5_19,Limited (5-19 protective contexts),False,0.0021230951794458,extended_greedy_order,Limited direct protective support; interpret the rank with the reported uncertainty.
Notemigonus crysoleucas,,Actinopterygii,Cypriniformes,Cyprinidae,Chordata,1075,False,False,43,34,10,10,2,20,True,moderate_20_49,Moderate (20-49 protective contexts),False,0.0050560341570703,extended_greedy_order,
Scenedesmus pannonicus,,Chlorophyceae,Chlorococcales,Scenedesmaceae,Chlorophyta,1076,False,False,4,4,0,0,1,0,False,very_sparse_1_4,Very limited (1-4 protective contexts),False,0.0033567051400675,extended_greedy_order,Very limited direct protective support; confirmatory testing is a high priority.
Holorusia sp.,,Insecta,Diptera,Tipulidae,Arthropoda,1077,False,False,2,2,0,0,1,0,False,very_sparse_1_4,Very limited (1-4 protective contexts),False,0.0027546157629232,extended_greedy_order,Very limited direct protective support; confirmatory testing is a high priority.
Coretus corneus,,Gastropoda,Basommatophora,Planorbidae,Mollusca,1078,False,False,8,5,3,2,1,1,True,sparse_5_19,Limited (5-19 protective contexts),False,0.0023159258326937,extended_greedy_order,Limited direct protective support; interpret the rank with the reported uncertainty.
Eretes sticticus,,Insecta,Coleoptera,Dytiscidae,Arthropoda,1079,False,False,8,8,0,0,1,2,True,sparse_5_19,Limited (5-19 protective contexts),False,0.0022749188883408,extended_greedy_order,Limited direct protective support; interpret the rank with the reported uncertainty.
Taeniopteryx nivalis,,Insecta,Plecoptera,Taeniopterygidae,Arthropoda,1080,False,False,1,1,0,0,1,1,True,very_sparse_1_4,Very limited (1-4 protective contexts),False,0.0029136627013205,extended_greedy_order,Very limited direct protective support; confirmatory testing is a high priority.
Morone americana,,Actinopterygii,Perciformes,Moronidae,Chordata,1081,False,False,1,1,2,2,2,7,True,very_sparse_1_4,Very limited (1-4 protective contexts),False,0.0036607551626461,extended_greedy_order,Very limited direct protective support; confirmatory testing is a high priority.
Baetisca obesa,,Insecta,Ephemeroptera,Baetiscidae,Arthropoda,1082,False,False,1,1,0,0,1,2,True,very_sparse_1_4,Very limited (1-4 protective contexts),False,0.0033427209760891,extended_greedy_order,Very limited direct protective support; confirmatory testing is a high priority.
Elliptio icterina,,Bivalvia,Unionoida,Unionidae,Mollusca,1083,False,False,2,1,0,0,1,1,True,very_sparse_1_4,Very limited (1-4 protective contexts),False,0.0034232119491885,extended_greedy_order,Very limited direct protective support; confirmatory testing is a high priority.
Rhinella arenarum,,Amphibia,Anura,Bufonidae,Chordata,1084,False,False,73,33,9,9,4,0,False,strong_50_plus,Strong (50+ protective contexts),False,0.001474486988219,extended_greedy_order,
Pericoma sp.,,Insecta,Diptera,Psychodidae,Arthropoda,1085,False,False,1,1,0,0,1,0,False,very_sparse_1_4,Very limited (1-4 protective contexts),False,0.0027443830522461,extended_greedy_order,Very limited direct protective support; confirmatory testing is a high priority.
Berosus styliferus,,Insecta,Coleoptera,Hydrophilidae,Arthropoda,1086,False,False,2,1,0,0,1,2,True,very_sparse_1_4,Very limited (1-4 protective contexts),False,0.0031303483957593,extended_greedy_order,Very limited direct protective support; confirmatory testing is a high priority.
Siphlonurus linnaeanus,,Insecta,Ephemeroptera,Siphlonuridae,Arthropoda,1087,False,False,1,1,0,0,2,4,True,very_sparse_1_4,Very limited (1-4 protective contexts),False,0.0024222041882529,extended_greedy_order,Very limited direct protective support; confirmatory testing is a high priority.
Cordulia aenea,,Insecta,Odonata,Corduliidae,Arthropoda,1088,False,False,2,2,0,0,1,0,False,very_sparse_1_4,Very limited (1-4 protective contexts),False,0.0015920311657824,extended_greedy_order,Very limited direct protective support; confirmatory testing is a high priority.
Glossosoma sp.,,Insecta,Trichoptera,Glossosomatidae,Arthropoda,1089,False,False,1,1,0,0,1,0,False,very_sparse_1_4,Very limited (1-4 protective contexts),False,0.0027411238391218,extended_greedy_order,Very limited direct protective support; confirmatory testing is a high priority.
Leuctra sp.,,Insecta,Plecoptera,Leuctridae,Arthropoda,1090,False,False,1,1,0,0,1,0,False,very_sparse_1_4,Very limited (1-4 protective contexts),False,0.0027410343692493,extended_greedy_order,Very limited direct protective support; confirmatory testing is a high priority.
Platycnemis pennipes,,Insecta,Odonata,Platycnemididae,Arthropoda,1091,False,False,1,1,0,0,1,0,False,very_sparse_1_4,Very limited (1-4 protective contexts),False,0.0019485490882018,extended_greedy_order,Very limited direct protective support; confirmatory testing is a high priority.
Thermonectus basillaris,,Insecta,Coleoptera,Dytiscidae,Arthropoda,1092,False,False,4,2,0,0,1,21,True,very_sparse_1_4,Very limited (1-4 protective contexts),False,0.0064561336020611,extended_greedy_order,Very limited direct protective support; confirmatory testing is a high priority.
Atalophlebia sp.,,Insecta,Ephemeroptera,Leptophlebiidae,Arthropoda,1093,False,False,2,1,0,0,1,0,False,very_sparse_1_4,Very limited (1-4 protective contexts),False,0.0021173907399219,extended_greedy_order,Very limited direct protective support; confirmatory testing is a high priority.
Xylota sp.,,Insecta,Diptera,Xylotina,Arthropoda,1094,False,False,1,1,0,0,1,0,False,very_sparse_1_4,Very limited (1-4 protective contexts),False,0.0027353145908602,extended_greedy_order,Very limited direct protective support; confirmatory testing is a high priority.
Lethocerus sp.,,Insecta,Heteroptera,Belostomatidae,Arthropoda,1095,False,False,1,1,0,0,1,0,False,very_sparse_1_4,Very limited (1-4 protective contexts),False,0.0028157643509057,extended_greedy_order,Very limited direct protective support; confirmatory testing is a high priority.
Austrolestes colensonis,,Insecta,Zygoptera,Lestidae,Arthropoda,1096,False,False,2,2,0,0,1,0,False,very_sparse_1_4,Very limited (1-4 protective contexts),False,0.0027332734484988,extended_greedy_order,Very limited direct protective support; confirmatory testing is a high priority.
Erythromma viridulum,,Insecta,Odonata,Coenagrionidae,Arthropoda,1097,False,False,2,1,1,1,1,0,False,very_sparse_1_4,Very limited (1-4 protective contexts),False,0.0022009395693937,extended_greedy_order,Very limited direct protective support; confirmatory testing is a high priority.
Agnetina capitata,,Insecta,Plecoptera,Perlidae,Arthropoda,1098,False,False,4,4,1,1,1,8,True,very_sparse_1_4,Very limited (1-4 protective contexts),False,0.0032582023273839,extended_greedy_order,Very limited direct protective support; confirmatory testing is a high priority.
Heliodiaptomus viduus,,Maxillopoda,Calanoida,Diaptomidae,Arthropoda,1099,False,False,2,2,0,0,1,0,False,very_sparse_1_4,Very limited (1-4 protective contexts),False,0.003716335465673,extended_greedy_order,Very limited direct protective support; confirmatory testing is a high priority.
Pomacea patula,,Gastropoda,Architaenioglossa,Ampullariidae,Mollusca,1100,False,False,2,1,0,0,1,0,False,very_sparse_1_4,Very limited (1-4 protective contexts),False,0.0037235055348904,extended_greedy_order,Very limited direct protective support; confirmatory testing is a high priority.
Helicopsyche sp.,,Insecta,Trichoptera,Helicopsychidae,Arthropoda,1101,False,False,1,1,1,1,1,0,False,very_sparse_1_4,Very limited (1-4 protective contexts),False,0.0027267700193666,extended_greedy_order,Very limited direct protective support; confirmatory testing is a high priority.
Leuctra moselyi,,Insecta,Plecoptera,Leuctridae,Arthropoda,1102,False,False,1,1,0,0,1,0,False,very_sparse_1_4,Very limited (1-4 protective contexts),False,0.0027248575362431,extended_greedy_order,Very limited direct protective support; confirmatory testing is a high priority.
Hexatoma sp.,,Insecta,Diptera,Tipulidae,Arthropoda,1103,False,False,3,3,0,0,1,0,False,very_sparse_1_4,Very limited (1-4 protective contexts),False,0.0027242760945763,extended_greedy_order,Very limited direct protective support; confirmatory testing is a high priority.
Dolophilodes distinctus,,Insecta,Trichoptera,Philopotamidae,Arthropoda,1104,False,False,1,1,0,0,1,10,True,very_sparse_1_4,Very limited (1-4 protective contexts),False,0.0044745345518624,extended_greedy_order,Very limited direct protective support; confirmatory testing is a high priority.
Limnius sp.,,Insecta,Coleoptera,Elmidae,Arthropoda,1105,False,False,1,1,0,0,1,0,False,very_sparse_1_4,Very limited (1-4 protective contexts),False,0.0027221087796236,extended_greedy_order,Very limited direct protective support; confirmatory testing is a high priority.
Helisoma sp.,,Gastropoda,Basommatophora,Planorbidae,Mollusca,1106,False,False,6,5,0,0,1,0,False,sparse_5_19,Limited (5-19 protective contexts),False,0.0029056594055519,extended_greedy_order,Limited direct protective support; interpret the rank with the reported uncertainty.
Pomacea dolioides,,Gastropoda,Architaenioglossa,Ampullariidae,Mollusca,1107,False,False,2,2,0,0,1,0,False,very_sparse_1_4,Very limited (1-4 protective contexts),False,0.0026425935295674,extended_greedy_order,Very limited direct protective support; confirmatory testing is a high priority.
Taeniopteryx burksi,,Insecta,Plecoptera,Taeniopterygidae,Arthropoda,1108,False,False,1,1,0,0,1,6,True,very_sparse_1_4,Very limited (1-4 protective contexts),False,0.0026156954737873,extended_greedy_order,Very limited direct protective support; confirmatory testing is a high priority.
Macrocyclops albidus,,Maxillopoda,Cyclopoida,Cyclopidae,Arthropoda,1109,False,False,12,7,0,0,1,6,True,sparse_5_19,Limited (5-19 protective contexts),False,0.0038293524311555,extended_greedy_order,Limited direct protective support; interpret the rank with the reported uncertainty.
Cyclops bicuspidatus,,Maxillopoda,Cyclopoida,Cyclopidae,Arthropoda,1110,False,False,1,1,1,1,1,3,True,very_sparse_1_4,Very limited (1-4 protective contexts),False,0.0046293466444291,extended_greedy_order,Very limited direct protective support; confirmatory testing is a high priority.
Nectopsyche albida,,Insecta,Trichoptera,Leptoceridae,Arthropoda,1111,False,False,1,1,0,0,1,8,True,very_sparse_1_4,Very limited (1-4 protective contexts),False,0.0040133471804179,extended_greedy_order,Very limited direct protective support; confirmatory testing is a high priority.
Scenedesmus armatus,,Chlorophyceae,Chlorococcales,Scenedesmaceae,Chlorophyta,1112,False,False,5,5,2,2,1,0,False,sparse_5_19,Limited (5-19 protective contexts),False,0.0032051365522181,extended_greedy_order,Limited direct protective support; interpret the rank with the reported uncertainty.
Cyclops vernalis,,Maxillopoda,Cyclopoida,Cyclopidae,Arthropoda,1113,False,False,3,3,0,0,1,3,True,very_sparse_1_4,Very limited (1-4 protective contexts),False,0.0046293466444291,extended_greedy_order,Very limited direct protective support; confirmatory testing is a high priority.
Gerris lacustris,,Insecta,Heteroptera,Gerridae,Arthropoda,1114,False,False,1,1,0,0,2,0,False,very_sparse_1_4,Very limited (1-4 protective contexts),False,0.0019229610166565,extended_greedy_order,Very limited direct protective support; confirmatory testing is a high priority.
Eristalis sp.,,Insecta,Diptera,Syrphidae,Arthropoda,1115,False,False,1,1,0,0,1,0,False,very_sparse_1_4,Very limited (1-4 protective contexts),False,0.0019225267463094,extended_greedy_order,Very limited direct protective support; confirmatory testing is a high priority.
Mystacides sp.,,Insecta,Trichoptera,Leptoceridae,Arthropoda,1116,False,False,2,2,0,0,1,0,False,very_sparse_1_4,Very limited (1-4 protective contexts),False,0.0027058674953316,extended_greedy_order,Very limited direct protective support; confirmatory testing is a high priority.
Cyclops strenuus,,Maxillopoda,Cyclopoida,Cyclopidae,Arthropoda,1117,False,False,4,4,0,0,1,0,False,very_sparse_1_4,Very limited (1-4 protective contexts),False,0.0027944480960104,extended_greedy_order,Very limited direct protective support; confirmatory testing is a high priority.
Pycnocentria evecta,,Insecta,Trichoptera,Conoesucidae,Arthropoda,1118,False,False,1,1,0,0,1,0,False,very_sparse_1_4,Very limited (1-4 protective contexts),False,0.0027038104547986,extended_greedy_order,Very limited direct protective support; confirmatory testing is a high priority.
Leuctra inermis,,Insecta,Plecoptera,Leuctridae,Arthropoda,1119,False,False,1,1,0,0,1,0,False,very_sparse_1_4,Very limited (1-4 protective contexts),False,0.0027010690511282,extended_greedy_order,Very limited direct protective support; confirmatory testing is a high priority.
Duttaphrynus melanostictus,,Amphibia,Anura,Bufonidae,Chordata,1120,False,False,34,21,3,3,1,0,False,moderate_20_49,Moderate (20-49 protective contexts),False,0.0013784159871953,extended_greedy_order,
Aeshna sp.,,Insecta,Odonata,Aeshnidae,Arthropoda,1121,False,False,1,1,0,0,1,0,False,very_sparse_1_4,Very limited (1-4 protective contexts),False,0.0027538058278186,extended_greedy_order,Very limited direct protective support; confirmatory testing is a high priority.
Helophorus sp.,,Insecta,Coleoptera,Hydrophilidae,Arthropoda,1122,False,False,3,3,0,0,1,0,False,very_sparse_1_4,Very limited (1-4 protective contexts),False,0.0027487702983943,extended_greedy_order,Very limited direct protective support; confirmatory testing is a high priority.
Euphlyctis cyanophlyctis,,Amphibia,Anura,Dicroglossidae,Chordata,1123,False,False,5,3,0,0,1,0,False,sparse_5_19,Limited (5-19 protective contexts),False,0.0032396570076504,extended_greedy_order,Limited direct protective support; interpret the rank with the reported uncertainty.
Paraponyx stratiotata,,Insecta,Lepidoptera,Crambidae,Arthropoda,1124,False,False,1,1,0,0,1,0,False,very_sparse_1_4,Very limited (1-4 protective contexts),False,0.0027508181029616,extended_greedy_order,Very limited direct protective support; confirmatory testing is a high priority.
Acrossocheilus paradoxus,,Actinopterygii,Cypriniformes,Cyprinidae,Chordata,1125,False,False,7,3,0,0,1,0,False,sparse_5_19,Limited (5-19 protective contexts),False,0.003156278766363,extended_greedy_order,Limited direct protective support; interpret the rank with the reported uncertainty.
Atalophlebia australis,,Insecta,Ephemeroptera,Leptophlebiidae,Arthropoda,1126,False,False,4,3,0,0,1,0,False,very_sparse_1_4,Very limited (1-4 protective contexts),False,0.0021195672189112,extended_greedy_order,Very limited direct protective support; confirmatory testing is a high priority.
Neurocordulia virginiensis,,Insecta,Odonata,Corduliidae,Arthropoda,1127,False,False,2,1,0,0,1,5,True,very_sparse_1_4,Very limited (1-4 protective contexts),False,0.0034963309031838,extended_greedy_order,Very limited direct protective support; confirmatory testing is a high priority.
Acipenser stellatus,,Actinopterygii,Acipenseriformes,Acipenseridae,Chordata,1128,False,False,2,2,1,1,2,0,False,very_sparse_1_4,Very limited (1-4 protective contexts),False,0.003805234047244,extended_greedy_order,Very limited direct protective support; confirmatory testing is a high priority.
Dytiscus sp.,,Insecta,Coleoptera,Dytiscidae,Arthropoda,1129,False,False,9,5,0,0,2,0,False,sparse_5_19,Limited (5-19 protective contexts),False,0.0030654397604025,extended_greedy_order,Limited direct protective support; interpret the rank with the reported uncertainty.
Dictya sp.,,Insecta,Diptera,Sciomyzidae,Arthropoda,1130,False,False,1,1,0,0,1,0,False,very_sparse_1_4,Very limited (1-4 protective contexts),False,0.0029822926050334,extended_greedy_order,Very limited direct protective support; confirmatory testing is a high priority.
Argia sp.,,Insecta,Odonata,Coenagrionidae,Arthropoda,1131,False,False,3,3,0,0,1,0,False,very_sparse_1_4,Very limited (1-4 protective contexts),False,0.0030630509222627,extended_greedy_order,Very limited direct protective support; confirmatory testing is a high priority.
Leptophlebia sp.,,Insecta,Ephemeroptera,Leptophlebiidae,Arthropoda,1132,False,False,3,2,0,0,1,0,False,very_sparse_1_4,Very limited (1-4 protective contexts),False,0.0021448249118522,extended_greedy_order,Very limited direct protective support; confirmatory testing is a high priority.
Chimarra marginata,,Insecta,Trichoptera,Philopotamidae,Arthropoda,1133,False,False,1,1,1,1,1,0,False,very_sparse_1_4,Very limited (1-4 protective contexts),False,0.0029332870187851,extended_greedy_order,Very limited direct protective support; confirmatory testing is a high priority.
Ilyocoris cimicoides,,Insecta,Heteroptera,Naucoridae,Arthropoda,1134,False,False,1,1,0,0,2,0,False,very_sparse_1_4,Very limited (1-4 protective contexts),False,0.0019036169084141,extended_greedy_order,Very limited direct protective support; confirmatory testing is a high priority.
Aphelocheirus aestivalis,,Insecta,Heteroptera,Naucoridae,Arthropoda,1135,False,False,1,1,0,0,1,0,False,very_sparse_1_4,Very limited (1-4 protective contexts),False,0.0026786276835764,extended_greedy_order,Very limited direct protective support; confirmatory testing is a high priority.
Nigronia serricornis,,Insecta,Megaloptera,Corydalidae,Arthropoda,1136,False,False,1,1,0,0,1,29,True,very_sparse_1_4,Very limited (1-4 protective contexts),False,0.0073381021315086,extended_greedy_order,Very limited direct protective support; confirmatory testing is a high priority.
Lirceus fontinalis,,Malacostraca,Isopoda,Asellidae,Arthropoda,1137,False,False,4,2,0,0,1,3,True,very_sparse_1_4,Very limited (1-4 protective contexts),False,0.003913834100793,extended_greedy_order,Very limited direct protective support; confirmatory testing is a high priority.
Corydalus cornutus,,Insecta,Megaloptera,Corydalidae,Arthropoda,1138,False,False,1,1,1,1,1,36,True,very_sparse_1_4,Very limited (1-4 protective contexts),False,0.0084561935575858,extended_greedy_order,Very limited direct protective support; confirmatory testing is a high priority.
Alloperla sp.,,Insecta,Plecoptera,Chloroperlidae,Arthropoda,1139,False,False,1,1,0,0,1,0,False,very_sparse_1_4,Very limited (1-4 protective contexts),False,0.0018937054853203,extended_greedy_order,Very limited direct protective support; confirmatory testing is a high priority.
Sphaerodema annulatum,,Insecta,Heteroptera,Belostomatidae,Arthropoda,1140,False,False,4,2,0,0,1,0,False,very_sparse_1_4,Very limited (1-4 protective contexts),False,0.0028851626670816,extended_greedy_order,Very limited direct protective support; confirmatory testing is a high priority.
Cyclops varicans,,Maxillopoda,Cyclopoida,Cyclopidae,Arthropoda,1141,False,False,2,2,0,0,1,0,False,very_sparse_1_4,Very limited (1-4 protective contexts),False,0.0039218440561365,extended_greedy_order,Very limited direct protective support; confirmatory testing is a high priority.
Scenedesmus acutus,,Chlorophyceae,Chlorococcales,Scenedesmaceae,Chlorophyta,1142,False,False,10,9,7,7,2,0,False,sparse_5_19,Limited (5-19 protective contexts),False,0.0030985811706279,extended_greedy_order,Limited direct protective support; interpret the rank with the reported uncertainty.
Aeshna cyanea,,Insecta,Odonata,Aeshnidae,Arthropoda,1143,False,False,1,1,0,0,1,0,False,very_sparse_1_4,Very limited (1-4 protective contexts),False,0.0019354724825399,extended_greedy_order,Very limited direct protective support; confirmatory testing is a high priority.
Elliptio complanata,,Bivalvia,Unionoida,Unionidae,Mollusca,1144,False,False,10,6,2,2,1,19,True,sparse_5_19,Limited (5-19 protective contexts),False,0.0070179588594405,extended_greedy_order,Limited direct protective support; interpret the rank with the reported uncertainty.
Helisoma duryi,,Gastropoda,Basommatophora,Planorbidae,Mollusca,1145,False,False,4,4,0,0,1,6,True,very_sparse_1_4,Very limited (1-4 protective contexts),False,0.0038141177323854,extended_greedy_order,Very limited direct protective support; confirmatory testing is a high priority.
Basiaeschna janata,,Insecta,Odonata,Aeshnidae,Arthropoda,1146,False,False,1,1,0,0,1,32,True,very_sparse_1_4,Very limited (1-4 protective contexts),False,0.0079375373101456,extended_greedy_order,Very limited direct protective support; confirmatory testing is a high priority.
Spirostomum ambiguum,,Ciliatea,Heterotrichida,Spirostomidae,Ciliophora,1147,False,False,37,37,0,0,1,2,True,moderate_20_49,Moderate (20-49 protective contexts),False,0.0028635438860406,extended_greedy_order,
Coenagrion pulchellum,,Insecta,Odonata,Coenagrionidae,Arthropoda,1148,False,False,2,1,1,1,1,0,False,very_sparse_1_4,Very limited (1-4 protective contexts),False,0.0022708562986935,extended_greedy_order,Very limited direct protective support; confirmatory testing is a high priority.
Acipenser oxyrhynchus,,Actinopterygii,Acipenseriformes,Acipenseridae,Chordata,1149,False,False,7,6,0,0,1,0,False,sparse_5_19,Limited (5-19 protective contexts),False,0.0026834177264701,extended_greedy_order,Limited direct protective support; interpret the rank with the reported uncertainty.
Phryganea sp.,,Insecta,Trichoptera,Phryganeidae,Arthropoda,1150,False,False,1,1,0,0,1,0,False,very_sparse_1_4,Very limited (1-4 protective contexts),False,0.0026555239034341,extended_greedy_order,Very limited direct protective support; confirmatory testing is a high priority.
Hydroptila angusta,,Insecta,Trichoptera,Hydroptilidae,Arthropoda,1151,False,False,2,2,0,0,1,2,True,very_sparse_1_4,Very limited (1-4 protective contexts),False,0.0030029924129069,extended_greedy_order,Very limited direct protective support; confirmatory testing is a high priority.
Oligostomis pardalis,,Insecta,Trichoptera,Phryganeidae,Arthropoda,1152,False,False,2,2,0,0,1,4,True,very_sparse_1_4,Very limited (1-4 protective contexts),False,0.0032895862215044,extended_greedy_order,Very limited direct protective support; confirmatory testing is a high priority.
Gillia altilis,,Gastropoda,Neotaenioglossa,Hydrobiidae,Mollusca,1153,False,False,2,2,0,0,1,0,False,very_sparse_1_4,Very limited (1-4 protective contexts),False,0.0030518072961458,extended_greedy_order,Very limited direct protective support; confirmatory testing is a high priority.
Chimarra sp.,,Insecta,Trichoptera,Philopotamidae,Arthropoda,1154,False,False,3,2,0,0,1,0,False,very_sparse_1_4,Very limited (1-4 protective contexts),False,0.0028430764678991,extended_greedy_order,Very limited direct protective support; confirmatory testing is a high priority.
Planorbis carinatus,,Gastropoda,Basommatophora,Planorbidae,Mollusca,1155,False,False,2,2,0,0,1,0,False,very_sparse_1_4,Very limited (1-4 protective contexts),False,0.0027551239790613,extended_greedy_order,Very limited direct protective support; confirmatory testing is a high priority.
Phryganea striata,,Insecta,Trichoptera,Phryganeidae,Arthropoda,1156,False,False,1,1,0,0,3,1,True,very_sparse_1_4,Very limited (1-4 protective contexts),False,0.0019955919339579,extended_greedy_order,Very limited direct protective support; confirmatory testing is a high priority.
Lepidostoma sp.,,Insecta,Trichoptera,Lepidostomatidae,Arthropoda,1157,False,False,2,2,0,0,1,0,False,very_sparse_1_4,Very limited (1-4 protective contexts),False,0.002873920169506,extended_greedy_order,Very limited direct protective support; confirmatory testing is a high priority.
Alburnus alburnus,,Actinopterygii,Cypriniformes,Cyprinidae,Chordata,1158,False,False,12,11,1,1,2,0,False,sparse_5_19,Limited (5-19 protective contexts),False,0.0017965264522128,extended_greedy_order,Limited direct protective support; interpret the rank with the reported uncertainty.
Stenelmis sexlineata,,Insecta,Coleoptera,Elmidae,Arthropoda,1159,False,False,2,2,0,0,1,2,True,very_sparse_1_4,Very limited (1-4 protective contexts),False,0.0029649829880167,extended_greedy_order,Very limited direct protective support; confirmatory testing is a high priority.
Planorbis planorbis,,Gastropoda,Basommatophora,Planorbidae,Mollusca,1160,False,False,3,3,0,0,1,0,False,very_sparse_1_4,Very limited (1-4 protective contexts),False,0.0027492418721695,extended_greedy_order,Very limited direct protective support; confirmatory testing is a high priority.
Lasmigona subviridis,,Bivalvia,Unionoida,Unionidae,Mollusca,1161,False,False,7,4,0,0,1,0,False,sparse_5_19,Limited (5-19 protective contexts),False,0.0030845507354866,extended_greedy_order,Limited direct protective support; interpret the rank with the reported uncertainty.
Cambarus sp.,,Malacostraca,Decapoda,Cambaridae,Arthropoda,1162,False,False,7,7,0,0,1,0,False,sparse_5_19,Limited (5-19 protective contexts),False,0.0034647873361782,extended_greedy_order,Limited direct protective support; interpret the rank with the reported uncertainty.
Dytiscus marginalis,,Insecta,Coleoptera,Dytiscidae,Arthropoda,1163,False,False,1,1,0,0,2,0,False,very_sparse_1_4,Very limited (1-4 protective contexts),False,0.0020411544061057,extended_greedy_order,Very limited direct protective support; confirmatory testing is a high priority.
Coenagrion puella,,Insecta,Odonata,Coenagrionidae,Arthropoda,1164,False,False,10,4,3,2,1,0,False,sparse_5_19,Limited (5-19 protective contexts),False,0.0018455591267438,extended_greedy_order,Limited direct protective support; interpret the rank with the reported uncertainty.
Tinca tinca,,Actinopterygii,Cypriniformes,Cyprinidae,Chordata,1165,False,False,16,13,2,2,1,1,True,sparse_5_19,Limited (5-19 protective contexts),False,0.0016418771177159,extended_greedy_order,Limited direct protective support; interpret the rank with the reported uncertainty.
Rhinella ornata,,Amphibia,Anura,Bufonidae,Chordata,1166,False,False,2,2,0,0,1,0,False,very_sparse_1_4,Very limited (1-4 protective contexts),False,0.0031674551259045,extended_greedy_order,Very limited direct protective support; confirmatory testing is a high priority.
Cambarus latimanus,,Malacostraca,Decapoda,Cambaridae,Arthropoda,1167,False,False,1,1,0,0,1,6,True,very_sparse_1_4,Very limited (1-4 protective contexts),False,0.0047053017327767,extended_greedy_order,Very limited direct protective support; confirmatory testing is a high priority.
Lumbriculus inconstans,,Clitellata,Lumbriculida,Lumbriculidae,Annelida,1168,False,False,1,1,0,0,1,0,False,very_sparse_1_4,Very limited (1-4 protective contexts),False,0.0037405792200499,extended_greedy_order,Very limited direct protective support; confirmatory testing is a high priority.
Biomphalaria glabrata,,Gastropoda,Basommatophora,Planorbidae,Mollusca,1169,False,False,45,31,10,10,4,0,False,moderate_20_49,Moderate (20-49 protective contexts),False,0.0023141847308976,extended_greedy_order,
Gyraulus parvus,,Gastropoda,Basommatophora,Planorbidae,Mollusca,1170,False,False,1,1,0,0,1,13,True,very_sparse_1_4,Very limited (1-4 protective contexts),False,0.0048682506195465,extended_greedy_order,Very limited direct protective support; confirmatory testing is a high priority.
Physastra gibbosa,,Gastropoda,Basommatophora,Physidae,Mollusca,1171,False,False,1,1,0,0,1,0,False,very_sparse_1_4,Very limited (1-4 protective contexts),False,0.0032728210983453,extended_greedy_order,Very limited direct protective support; confirmatory testing is a high priority.
Calopteryx splendens,,Insecta,Zygoptera,Calopterygidae,Arthropoda,1172,False,False,1,1,0,0,1,0,False,very_sparse_1_4,Very limited (1-4 protective contexts),False,0.0026282959358351,extended_greedy_order,Very limited direct protective support; confirmatory testing is a high priority.
Micropterus treculii,,Actinopterygii,Perciformes,Centrarchidae,Chordata,1173,False,False,3,3,0,0,1,0,False,very_sparse_1_4,Very limited (1-4 protective contexts),False,0.0034919113257855,extended_greedy_order,Very limited direct protective support; confirmatory testing is a high priority.
Hydrophilus sp.,,Insecta,Coleoptera,Hydrophilidae,Arthropoda,1174,False,False,12,8,0,0,1,0,False,sparse_5_19,Limited (5-19 protective contexts),False,0.0016717610492692,extended_greedy_order,Limited direct protective support; interpret the rank with the reported uncertainty.
Ameiurus natalis,,Actinopterygii,Siluriformes,Ictaluridae,Chordata,1175,False,False,4,4,0,0,1,33,True,very_sparse_1_4,Very limited (1-4 protective contexts),False,0.0107333524869736,extended_greedy_order,Very limited direct protective support; confirmatory testing is a high priority.
Sweltsa sp.,,Insecta,Plecoptera,Chloroperlidae,Arthropoda,1176,False,False,2,1,0,0,1,0,False,very_sparse_1_4,Very limited (1-4 protective contexts),False,0.0026220025421815,extended_greedy_order,Very limited direct protective support; confirmatory testing is a high priority.
Notropis stramineus,,Actinopterygii,Cypriniformes,Cyprinidae,Chordata,1177,False,False,3,3,0,0,1,6,True,very_sparse_1_4,Very limited (1-4 protective contexts),False,0.0042749804421841,extended_greedy_order,Very limited direct protective support; confirmatory testing is a high priority.
Platyias quadricornis,,Monogononta,Ploima,Brachionidae,Rotifera,1178,False,False,1,1,0,0,1,9,True,very_sparse_1_4,Very limited (1-4 protective contexts),False,0.0058656359211984,extended_greedy_order,Very limited direct protective support; confirmatory testing is a high priority.
Lirceus alabamae,,Malacostraca,Isopoda,Asellidae,Arthropoda,1179,False,False,2,2,0,0,1,1,True,very_sparse_1_4,Very limited (1-4 protective contexts),False,0.0034596674932703,extended_greedy_order,Very limited direct protective support; confirmatory testing is a high priority.
Calopteryx sp.,,Insecta,Zygoptera,Calopterygidae,Arthropoda,1180,False,False,2,2,0,0,1,0,False,very_sparse_1_4,Very limited (1-4 protective contexts),False,0.0018488771386862,extended_greedy_order,Very limited direct protective support; confirmatory testing is a high priority.
Cybister sp.,,Insecta,Coleoptera,Dytiscidae,Arthropoda,1181,False,False,4,2,0,0,1,0,False,very_sparse_1_4,Very limited (1-4 protective contexts),False,0.0028979458751694,extended_greedy_order,Very limited direct protective support; confirmatory testing is a high priority.
Psephenus herricki,,Insecta,Coleoptera,Psephenidae,Arthropoda,1182,False,False,5,4,0,0,1,25,True,sparse_5_19,Limited (5-19 protective contexts),False,0.0037866961361396,extended_greedy_order,Limited direct protective support; interpret the rank with the reported uncertainty.
Palustra laboulbeni,,Insecta,Lepidoptera,Arctiidae,Arthropoda,1183,False,False,2,2,0,0,1,0,False,very_sparse_1_4,Very limited (1-4 protective contexts),False,0.0018665723475392,extended_greedy_order,Very limited direct protective support; confirmatory testing is a high priority.
Gymnocephalus cernuus,,Actinopterygii,Perciformes,Percidae,Chordata,1184,False,False,4,4,1,1,1,3,True,very_sparse_1_4,Very limited (1-4 protective contexts),False,0.0026145743288405,extended_greedy_order,Very limited direct protective support; confirmatory testing is a high priority.
Rasbora daniconius,,Actinopterygii,Cypriniformes,Cyprinidae,Chordata,1185,False,False,10,6,1,1,1,0,False,sparse_5_19,Limited (5-19 protective contexts),False,0.0030624204622622,extended_greedy_order,Limited direct protective support; interpret the rank with the reported uncertainty.
Barbus sharpeyi,,Actinopterygii,Cypriniformes,Cyprinidae,Chordata,1186,False,False,5,5,0,0,1,0,False,sparse_5_19,Limited (5-19 protective contexts),False,0.0032245789556457,extended_greedy_order,Limited direct protective support; interpret the rank with the reported uncertainty.
Gymnocorymbus ternetzi,,Actinopterygii,Characiformes,Characidae,Chordata,1187,False,False,3,2,0,0,1,0,False,very_sparse_1_4,Very limited (1-4 protective contexts),False,0.0022999982210734,extended_greedy_order,Very limited direct protective support; confirmatory testing is a high priority.
Notropis anogenus,,Actinopterygii,Cypriniformes,Cyprinidae,Chordata,1188,False,False,2,2,0,0,1,4,True,very_sparse_1_4,Very limited (1-4 protective contexts),False,0.0038773194530381,extended_greedy_order,Very limited direct protective support; confirmatory testing is a high priority.
Mesocyclops longisetus,,Maxillopoda,Cyclopoida,Cyclopidae,Arthropoda,1189,False,False,2,1,0,0,2,0,False,very_sparse_1_4,Very limited (1-4 protective contexts),False,0.0039221821065894,extended_greedy_order,Very limited direct protective support; confirmatory testing is a high priority.
Tricorythodes sp.,,Insecta,Ephemeroptera,Leptohyphidae,Arthropoda,1190,False,False,1,1,0,0,1,0,False,very_sparse_1_4,Very limited (1-4 protective contexts),False,0.0028395346745228,extended_greedy_order,Very limited direct protective support; confirmatory testing is a high priority.
Tricorythodes minutus,,Insecta,Ephemeroptera,Leptohyphidae,Arthropoda,1191,False,False,1,1,0,0,1,1,True,very_sparse_1_4,Very limited (1-4 protective contexts),False,0.0028944312198037,extended_greedy_order,Very limited direct protective support; confirmatory testing is a high priority.
Allocapnia sp.,,Insecta,Plecoptera,Capniidae,Arthropoda,1192,False,False,2,2,0,0,1,0,False,very_sparse_1_4,Very limited (1-4 protective contexts),False,0.0027824762049083,extended_greedy_order,Very limited direct protective support; confirmatory testing is a high priority.
Radix natalensis,,Gastropoda,Basommatophora,Lymnaeidae,Mollusca,1193,False,False,17,13,0,0,2,0,False,sparse_5_19,Limited (5-19 protective contexts),False,0.0024959162358626,extended_greedy_order,Limited direct protective support; interpret the rank with the reported uncertainty.
Allocapnia vivipara,,Insecta,Plecoptera,Capniidae,Arthropoda,1194,False,False,2,2,0,0,1,7,True,very_sparse_1_4,Very limited (1-4 protective contexts),False,0.0038512850930145,extended_greedy_order,Very limited direct protective support; confirmatory testing is a high priority.
Hygrotus novemlineatus,,Insecta,Coleoptera,Dytiscidae,Arthropoda,1195,False,False,2,1,0,0,1,0,False,very_sparse_1_4,Very limited (1-4 protective contexts),False,0.0019246088925963,extended_greedy_order,Very limited direct protective support; confirmatory testing is a high priority.
Mesocyclops thermocyclopoides,,Maxillopoda,Cyclopoida,Cyclopidae,Arthropoda,1196,False,False,1,1,0,0,2,0,False,very_sparse_1_4,Very limited (1-4 protective contexts),False,0.0027844557076727,extended_greedy_order,Very limited direct protective support; confirmatory testing is a high priority.
Sepedon fuscipennis,,Insecta,Diptera,Sciomyzidae,Arthropoda,1197,False,False,2,2,0,0,1,3,True,very_sparse_1_4,Very limited (1-4 protective contexts),False,0.0035149349655534,extended_greedy_order,Very limited direct protective support; confirmatory testing is a high priority.
Cambarus diogenes,,Malacostraca,Decapoda,Cambaridae,Arthropoda,1198,False,False,1,1,1,1,2,16,True,very_sparse_1_4,Very limited (1-4 protective contexts),False,0.0067038094901751,extended_greedy_order,Very limited direct protective support; confirmatory testing is a high priority.
Cichlasoma nigrofasciatum,,Actinopterygii,Perciformes,Cichlidae,Chordata,1199,False,False,3,3,0,0,2,7,True,very_sparse_1_4,Very limited (1-4 protective contexts),False,0.0042724004680777,extended_greedy_order,Very limited direct protective support; confirmatory testing is a high priority.
Acipenser persicus,,Actinopterygii,Acipenseriformes,Acipenseridae,Chordata,1200,False,False,2,1,0,0,2,0,False,very_sparse_1_4,Very limited (1-4 protective contexts),False,0.0037427382278186,extended_greedy_order,Very limited direct protective support; confirmatory testing is a high priority.
Austropotamobius pallipes,,Malacostraca,Decapoda,Astacidae,Arthropoda,1201,False,False,4,4,0,0,1,0,False,very_sparse_1_4,Very limited (1-4 protective contexts),False,0.0031092707970888,extended_greedy_order,Very limited direct protective support; confirmatory testing is a high priority.
Barbus dorsalis,,Actinopterygii,Cypriniformes,Cyprinidae,Chordata,1202,False,False,5,5,0,0,1,0,False,sparse_5_19,Limited (5-19 protective contexts),False,0.0031170580908216,extended_greedy_order,Limited direct protective support; interpret the rank with the reported uncertainty.
Planorbis corneus,,Gastropoda,Basommatophora,Planorbidae,Mollusca,1203,False,False,5,5,1,1,1,0,False,sparse_5_19,Limited (5-19 protective contexts),False,0.002679947401415,extended_greedy_order,Limited direct protective support; interpret the rank with the reported uncertainty.
Rhinella marina,,Amphibia,Anura,Bufonidae,Chordata,1204,False,False,12,7,2,2,1,0,False,sparse_5_19,Limited (5-19 protective contexts),False,0.0031771492237085,extended_greedy_order,Limited direct protective support; interpret the rank with the reported uncertainty.
Pyrgulopsis idahoensis,,Gastropoda,Neotaenioglossa,Hydrobiidae,Mollusca,1205,False,False,8,3,0,0,2,1,True,sparse_5_19,Limited (5-19 protective contexts),False,0.0031855845030733,extended_greedy_order,Limited direct protective support; interpret the rank with the reported uncertainty.
Leptophlebia marginata,,Insecta,Ephemeroptera,Leptophlebiidae,Arthropoda,1206,False,False,4,4,3,3,1,0,False,very_sparse_1_4,Very limited (1-4 protective contexts),False,0.0028495846266438,extended_greedy_order,Very limited direct protective support; confirmatory testing is a high priority.
Bryocamptus zschokkei,,Maxillopoda,Harpacticoida,Canthocamptidae,Arthropoda,1207,False,False,9,5,0,0,2,0,False,sparse_5_19,Limited (5-19 protective contexts),False,0.0027062032037624,extended_greedy_order,Limited direct protective support; interpret the rank with the reported uncertainty.
Gyraulus circumstriatus,,Gastropoda,Basommatophora,Planorbidae,Mollusca,1208,False,False,2,2,0,0,1,4,True,very_sparse_1_4,Very limited (1-4 protective contexts),False,0.0033162303721032,extended_greedy_order,Very limited direct protective support; confirmatory testing is a high priority.
Brachycentrus subnulis,,Insecta,Trichoptera,Brachycentridae,Arthropoda,1209,False,False,3,3,0,0,1,0,False,very_sparse_1_4,Very limited (1-4 protective contexts),False,0.0020312660707596,extended_greedy_order,Very limited direct protective support; confirmatory testing is a high priority.
Chimarra obscura,,Insecta,Trichoptera,Philopotamidae,Arthropoda,1210,False,False,3,2,0,0,1,4,True,very_sparse_1_4,Very limited (1-4 protective contexts),False,0.0035293588464617,extended_greedy_order,Very limited direct protective support; confirmatory testing is a high priority.
Cambarus robustus,,Malacostraca,Decapoda,Cambaridae,Arthropoda,1211,False,False,1,1,1,1,1,9,True,very_sparse_1_4,Very limited (1-4 protective contexts),False,0.0052353093653649,extended_greedy_order,Very limited direct protective support; confirmatory testing is a high priority.
Notropis hudsonius,,Actinopterygii,Cypriniformes,Cyprinidae,Chordata,1212,False,False,6,5,0,0,1,5,True,sparse_5_19,Limited (5-19 protective contexts),False,0.0040131350384234,extended_greedy_order,Limited direct protective support; interpret the rank with the reported uncertainty.
Bryocamptus echinatus,,Maxillopoda,Harpacticoida,Canthocamptidae,Arthropoda,1213,False,False,5,4,0,0,1,0,False,sparse_5_19,Limited (5-19 protective contexts),False,0.0026973432143443,extended_greedy_order,Limited direct protective support; interpret the rank with the reported uncertainty.
Capnia sp.,,Insecta,Plecoptera,Capniidae,Arthropoda,1214,False,False,2,1,0,0,1,0,False,very_sparse_1_4,Very limited (1-4 protective contexts),False,0.002606777417298,extended_greedy_order,Very limited direct protective support; confirmatory testing is a high priority.
Brachycentrus numerosus,,Insecta,Trichoptera,Brachycentridae,Arthropoda,1215,False,False,3,2,1,1,1,3,True,very_sparse_1_4,Very limited (1-4 protective contexts),False,0.0033693135405147,extended_greedy_order,Very limited direct protective support; confirmatory testing is a high priority.
Cichlasoma bimaculatum,,Actinopterygii,Perciformes,Cichlidae,Chordata,1216,False,False,4,2,3,2,1,0,False,very_sparse_1_4,Very limited (1-4 protective contexts),False,0.0029814116319302,extended_greedy_order,Very limited direct protective support; confirmatory testing is a high priority.
Alitropus typus,,Malacostraca,Isopoda,Aegidae,Arthropoda,1217,False,False,3,3,0,0,1,0,False,very_sparse_1_4,Very limited (1-4 protective contexts),False,0.0030855023973717,extended_greedy_order,Very limited direct protective support; confirmatory testing is a high priority.
Proasellus sp.,,Malacostraca,Isopoda,Asellidae,Arthropoda,1218,False,False,1,1,0,0,1,0,False,very_sparse_1_4,Very limited (1-4 protective contexts),False,0.0032389256724718,extended_greedy_order,Very limited direct protective support; confirmatory testing is a high priority.
Brachycentrus sp.,,Insecta,Trichoptera,Brachycentridae,Arthropoda,1219,False,False,4,4,0,0,1,0,False,very_sparse_1_4,Very limited (1-4 protective contexts),False,0.0020190910125722,extended_greedy_order,Very limited direct protective support; confirmatory testing is a high priority.
Acipenser fulvescens,,Actinopterygii,Acipenseriformes,Acipenseridae,Chordata,1220,False,False,7,4,0,0,1,1,True,sparse_5_19,Limited (5-19 protective contexts),False,0.002792431744851,extended_greedy_order,Limited direct protective support; interpret the rank with the reported uncertainty.
Proasellus coxalis,,Malacostraca,Isopoda,Asellidae,Arthropoda,1221,False,False,8,4,2,2,3,0,False,sparse_5_19,Limited (5-19 protective contexts),False,0.0019038048209155,extended_greedy_order,Limited direct protective support; interpret the rank with the reported uncertainty.
Belostoma sp.,,Insecta,Heteroptera,Belostomatidae,Arthropoda,1222,False,False,4,2,0,0,1,0,False,very_sparse_1_4,Very limited (1-4 protective contexts),False,0.002701520363023,extended_greedy_order,Very limited direct protective support; confirmatory testing is a high priority.
Anax junius,,Insecta,Odonata,Aeshnidae,Arthropoda,1223,False,False,1,1,1,1,1,50,True,very_sparse_1_4,Very limited (1-4 protective contexts),False,0.0107402220396065,extended_greedy_order,Very limited direct protective support; confirmatory testing is a high priority.
Vallisneria natans,,Liliopsida,Hydrocharitales,Hydrocharitaceae,Magnoliophyta,1224,False,False,3,3,0,0,2,0,False,very_sparse_1_4,Very limited (1-4 protective contexts),False,0.0028870204227811,extended_greedy_order,Very limited direct protective support; confirmatory testing is a high priority.
Cyprinella spiloptera,,Actinopterygii,Cypriniformes,Cyprinidae,Chordata,1225,False,False,4,3,1,1,1,16,True,very_sparse_1_4,Very limited (1-4 protective contexts),False,0.0059364368025661,extended_greedy_order,Very limited direct protective support; confirmatory testing is a high priority.
Anax sp.,,Insecta,Odonata,Aeshnidae,Arthropoda,1226,False,False,1,1,0,0,1,0,False,very_sparse_1_4,Very limited (1-4 protective contexts),False,0.0026777928879366,extended_greedy_order,Very limited direct protective support; confirmatory testing is a high priority.
Acipenser baerii,,Actinopterygii,Acipenseriformes,Acipenseridae,Chordata,1227,False,False,3,3,0,0,1,0,False,very_sparse_1_4,Very limited (1-4 protective contexts),False,0.0036977292525297,extended_greedy_order,Very limited direct protective support; confirmatory testing is a high priority.
Hydrophilus triangularis,,Insecta,Coleoptera,Hydrophilidae,Arthropoda,1228,False,False,6,3,0,0,2,45,True,sparse_5_19,Limited (5-19 protective contexts),False,0.0098555960819608,extended_greedy_order,Limited direct protective support; interpret the rank with the reported uncertainty.
Anguilla anguilla,,Actinopterygii,Anguilliformes,Anguillidae,Chordata,1229,False,False,38,23,9,8,3,0,False,moderate_20_49,Moderate (20-49 protective contexts),False,0.001798533357274,extended_greedy_order,
Hygrotus sp.,,Insecta,Coleoptera,Dytiscidae,Arthropoda,1230,False,False,4,2,0,0,1,0,False,very_sparse_1_4,Very limited (1-4 protective contexts),False,0.0026543402979356,extended_greedy_order,Very limited direct protective support; confirmatory testing is a high priority.
Amnicola limosa,,Gastropoda,Neotaenioglossa,Hydrobiidae,Mollusca,1231,False,False,3,3,0,0,1,0,False,very_sparse_1_4,Very limited (1-4 protective contexts),False,0.0029382021515302,extended_greedy_order,Very limited direct protective support; confirmatory testing is a high priority.
Acipenser sinensis,,Actinopterygii,Acipenseriformes,Acipenseridae,Chordata,1232,False,False,4,3,0,0,1,0,False,very_sparse_1_4,Very limited (1-4 protective contexts),False,0.0037172712647893,extended_greedy_order,Very limited direct protective support; confirmatory testing is a high priority.
Cichlasoma urophthalmus,,Actinopterygii,Perciformes,Cichlidae,Chordata,1233,False,False,1,1,0,0,1,1,True,very_sparse_1_4,Very limited (1-4 protective contexts),False,0.0022181497618268,extended_greedy_order,Very limited direct protective support; confirmatory testing is a high priority.
Gyrinus sp.,,Insecta,Coleoptera,Gyrinidae,Arthropoda,1234,False,False,3,2,0,0,1,0,False,very_sparse_1_4,Very limited (1-4 protective contexts),False,0.0018844002508868,extended_greedy_order,Very limited direct protective support; confirmatory testing is a high priority.
Lepadella sp.,,Monogononta,Ploima,Brachionidae,Rotifera,1235,False,False,1,1,0,0,1,0,False,very_sparse_1_4,Very limited (1-4 protective contexts),False,0.0037523069263088,extended_greedy_order,Very limited direct protective support; confirmatory testing is a high priority.
Culicoides furens,,Insecta,Diptera,Ceratopogonidae,Arthropoda,1236,False,False,7,7,0,0,1,1,True,sparse_5_19,Limited (5-19 protective contexts),False,0.0026693761388002,extended_greedy_order,Limited direct protective support; interpret the rank with the reported uncertainty.
Leuciscus leuciscus,,Actinopterygii,Cypriniformes,Cyprinidae,Chordata,1237,False,False,2,2,0,0,1,0,False,very_sparse_1_4,Very limited (1-4 protective contexts),False,0.0031378159794153,extended_greedy_order,Very limited direct protective support; confirmatory testing is a high priority.
Potamogeton diversifolius,,Liliopsida,Najadales,Potamogetonaceae,Magnoliophyta,1238,False,False,4,4,0,0,1,24,True,very_sparse_1_4,Very limited (1-4 protective contexts),False,0.0083158316058712,extended_greedy_order,Very limited direct protective support; confirmatory testing is a high priority.
Bryocamptus pygmaeus,,Maxillopoda,Harpacticoida,Canthocamptidae,Arthropoda,1239,False,False,5,4,0,0,1,0,False,sparse_5_19,Limited (5-19 protective contexts),False,0.0026792730106988,extended_greedy_order,Limited direct protective support; interpret the rank with the reported uncertainty.
Hyphessobrycon herbertaxelrodi,,Actinopterygii,Characiformes,Characidae,Chordata,1240,False,False,1,1,0,0,1,0,False,very_sparse_1_4,Very limited (1-4 protective contexts),False,0.0031670201442854,extended_greedy_order,Very limited direct protective support; confirmatory testing is a high priority.
Molanna angustata,,Insecta,Trichoptera,Molannidae,Arthropoda,1241,False,False,2,1,0,0,1,0,False,very_sparse_1_4,Very limited (1-4 protective contexts),False,0.002759619739945,extended_greedy_order,Very limited direct protective support; confirmatory testing is a high priority.
Calamoceras marsupus,,Insecta,Trichoptera,Calamoceratidae,Arthropoda,1242,False,False,4,2,2,2,1,0,False,very_sparse_1_4,Very limited (1-4 protective contexts),False,0.0027339498530145,extended_greedy_order,Very limited direct protective support; confirmatory testing is a high priority.
Bryocamptus minutus,,Maxillopoda,Harpacticoida,Canthocamptidae,Arthropoda,1243,False,False,5,4,0,0,1,0,False,sparse_5_19,Limited (5-19 protective contexts),False,0.002678674995371,extended_greedy_order,Limited direct protective support; interpret the rank with the reported uncertainty.
Neomysis integer,,Malacostraca,Mysida,Mysidae,Arthropoda,1244,False,False,1,1,0,0,1,0,False,very_sparse_1_4,Very limited (1-4 protective contexts),False,0.0031202521853227,extended_greedy_order,Very limited direct protective support; confirmatory testing is a high priority.
Vallisneria sp.,,Liliopsida,Hydrocharitales,Hydrocharitaceae,Magnoliophyta,1245,False,False,1,1,0,0,1,0,False,very_sparse_1_4,Very limited (1-4 protective contexts),False,0.0028617562323743,extended_greedy_order,Very limited direct protective support; confirmatory testing is a high priority.
Hyphessobrycon bifasciatus,,Actinopterygii,Characiformes,Characidae,Chordata,1246,False,False,1,1,0,0,1,0,False,very_sparse_1_4,Very limited (1-4 protective contexts),False,0.0022407835636039,extended_greedy_order,Very limited direct protective support; confirmatory testing is a high priority.
Belostoma indicum,,Insecta,Heteroptera,Belostomatidae,Arthropoda,1247,False,False,3,2,0,0,1,0,False,very_sparse_1_4,Very limited (1-4 protective contexts),False,0.0027733108451647,extended_greedy_order,Very limited direct protective support; confirmatory testing is a high priority.
Gyrinus punctellus,,Insecta,Coleoptera,Gyrinidae,Arthropoda,1248,False,False,1,1,0,0,1,2,True,very_sparse_1_4,Very limited (1-4 protective contexts),False,0.0029273756392686,extended_greedy_order,Very limited direct protective support; confirmatory testing is a high priority.
Pseudosuccinea columella,,Gastropoda,Basommatophora,Lymnaeidae,Mollusca,1249,False,False,1,1,1,1,1,21,True,very_sparse_1_4,Very limited (1-4 protective contexts),False,0.0073737268574298,extended_greedy_order,Very limited direct protective support; confirmatory testing is a high priority.
Hemigrammus erythrozonus,,Actinopterygii,Characiformes,Characidae,Chordata,1250,False,False,3,1,0,0,1,0,False,very_sparse_1_4,Very limited (1-4 protective contexts),False,0.0022351671203051,extended_greedy_order,Very limited direct protective support; confirmatory testing is a high priority.
Plationus patulus,,Monogononta,Ploima,Brachionidae,Rotifera,1251,False,False,1,1,1,1,1,12,True,very_sparse_1_4,Very limited (1-4 protective contexts),False,0.0063003386071029,extended_greedy_order,Very limited direct protective support; confirmatory testing is a high priority.
Chela cachius,,Actinopterygii,Cypriniformes,Cyprinidae,Chordata,1252,False,False,1,1,1,1,1,0,False,very_sparse_1_4,Very limited (1-4 protective contexts),False,0.0020668380618585,extended_greedy_order,Very limited direct protective support; confirmatory testing is a high priority.
Cypria sp.,,Ostracoda,Podocopida,Cyprididae,Arthropoda,1253,False,False,8,8,0,0,1,0,False,sparse_5_19,Limited (5-19 protective contexts),False,0.0019634476311346,extended_greedy_order,Limited direct protective support; interpret the rank with the reported uncertainty.
Hyphessobrycon eques,,Actinopterygii,Characiformes,Characidae,Chordata,1254,False,False,1,1,2,2,1,0,False,very_sparse_1_4,Very limited (1-4 protective contexts),False,0.0031445397955765,extended_greedy_order,Very limited direct protective support; confirmatory testing is a high priority.
Gyraulus sp.,,Gastropoda,Basommatophora,Planorbidae,Mollusca,1255,False,False,8,3,0,0,1,0,False,sparse_5_19,Limited (5-19 protective contexts),False,0.0025882139309526,extended_greedy_order,Limited direct protective support; interpret the rank with the reported uncertainty.
Culicoides variipennis,,Insecta,Diptera,Ceratopogonidae,Arthropoda,1256,False,False,3,3,0,0,1,0,False,very_sparse_1_4,Very limited (1-4 protective contexts),False,0.0024782667734199,extended_greedy_order,Very limited direct protective support; confirmatory testing is a high priority.
Notopterus notopterus,,Actinopterygii,Osteoglossiformes,Notopteridae,Chordata,1257,False,False,25,16,2,2,1,0,False,moderate_20_49,Moderate (20-49 protective contexts),False,0.0019992269154515,extended_greedy_order,
Mesocyclops edax,,Maxillopoda,Cyclopoida,Cyclopidae,Arthropoda,1258,False,False,1,1,0,0,1,0,False,very_sparse_1_4,Very limited (1-4 protective contexts),False,0.003841497802597,extended_greedy_order,Very limited direct protective support; confirmatory testing is a high priority.
Trichogaster trichopterus,,Actinopterygii,Perciformes,Osphronemidae,Chordata,1259,False,False,10,5,0,0,2,0,False,sparse_5_19,Limited (5-19 protective contexts),False,0.0022313456131904,extended_greedy_order,Limited direct protective support; interpret the rank with the reported uncertainty.
Gyrinus natator,,Insecta,Coleoptera,Gyrinidae,Arthropoda,1260,False,False,1,1,1,1,1,0,False,very_sparse_1_4,Very limited (1-4 protective contexts),False,0.0026683821073192,extended_greedy_order,Very limited direct protective support; confirmatory testing is a high priority.
Enallagma aspersum,,Insecta,Odonata,Coenagrionidae,Arthropoda,1261,False,False,1,1,0,0,1,34,True,very_sparse_1_4,Very limited (1-4 protective contexts),False,0.0093156451819702,extended_greedy_order,Very limited direct protective support; confirmatory testing is a high priority.
Pomacea canaliculata,,Gastropoda,Architaenioglossa,Ampullariidae,Mollusca,1262,False,False,12,8,2,2,2,2,True,sparse_5_19,Limited (5-19 protective contexts),False,0.0023169660382928,extended_greedy_order,Limited direct protective support; interpret the rank with the reported uncertainty.
Spiralothelphusa hydrodroma,,Malacostraca,Decapoda,Parathelphusidae,Arthropoda,1263,False,False,2,2,0,0,1,0,False,very_sparse_1_4,Very limited (1-4 protective contexts),False,0.0030069617610869,extended_greedy_order,Very limited direct protective support; confirmatory testing is a high priority.
Atherix variegata,,Insecta,Diptera,Athericidae,Arthropoda,1264,False,False,4,4,0,0,1,0,False,very_sparse_1_4,Very limited (1-4 protective contexts),False,0.0025726655445534,extended_greedy_order,Very limited direct protective support; confirmatory testing is a high priority.
Macropsobrycon uruguayanae,,Actinopterygii,Characiformes,Characidae,Chordata,1265,False,False,2,1,0,0,1,0,False,very_sparse_1_4,Very limited (1-4 protective contexts),False,0.0032396025274655,extended_greedy_order,Very limited direct protective support; confirmatory testing is a high priority.
Keratella cochlearis,,Monogononta,Ploima,Brachionidae,Rotifera,1266,False,False,5,4,1,1,1,7,True,sparse_5_19,Limited (5-19 protective contexts),False,0.0051608749630109,extended_greedy_order,Limited direct protective support; interpret the rank with the reported uncertainty.
Corydoras melanistius,,Actinopterygii,Siluriformes,Callichthyidae,Chordata,1267,False,False,3,1,0,0,1,0,False,very_sparse_1_4,Very limited (1-4 protective contexts),False,0.0030438699472984,extended_greedy_order,Very limited direct protective support; confirmatory testing is a high priority.
Sialis lutaria,,Insecta,Megaloptera,Sialidae,Arthropoda,1268,False,False,11,4,1,1,1,0,False,sparse_5_19,Limited (5-19 protective contexts),False,0.0015724790096336,extended_greedy_order,Limited direct protective support; interpret the rank with the reported uncertainty.
Cambarus bartonii,,Malacostraca,Decapoda,Cambaridae,Arthropoda,1269,False,False,2,1,0,0,1,18,True,very_sparse_1_4,Very limited (1-4 protective contexts),False,0.0068969188009495,extended_greedy_order,Very limited direct protective support; confirmatory testing is a high priority.
Culicoides schultzei,,Insecta,Diptera,Ceratopogonidae,Arthropoda,1270,False,False,4,4,0,0,1,0,False,very_sparse_1_4,Very limited (1-4 protective contexts),False,0.0024499612460281,extended_greedy_order,Very limited direct protective support; confirmatory testing is a high priority.
Melanotaenia fluviatilis,,Actinopterygii,Atheriniformes,Melanotaeniidae,Chordata,1271,False,False,33,14,0,0,3,0,False,moderate_20_49,Moderate (20-49 protective contexts),False,0.0015154059688443,extended_greedy_order,
Notropis topeka,,Actinopterygii,Cypriniformes,Cyprinidae,Chordata,1272,False,False,8,3,0,0,2,0,False,sparse_5_19,Limited (5-19 protective contexts),False,0.0030426894814234,extended_greedy_order,Limited direct protective support; interpret the rank with the reported uncertainty.
Morone chrysops,,Actinopterygii,Perciformes,Moronidae,Chordata,1273,False,False,3,3,0,0,1,5,True,very_sparse_1_4,Very limited (1-4 protective contexts),False,0.0044682612372923,extended_greedy_order,Very limited direct protective support; confirmatory testing is a high priority.
Moxostoma hubbsi,,Actinopterygii,Cypriniformes,Catostomidae,Chordata,1274,False,False,2,1,0,0,1,0,False,very_sparse_1_4,Very limited (1-4 protective contexts),False,0.0022236758034411,extended_greedy_order,Very limited direct protective support; confirmatory testing is a high priority.
Hyphessobrycon erythrostigma,,Actinopterygii,Characiformes,Characidae,Chordata,1275,False,False,2,2,0,0,1,0,False,very_sparse_1_4,Very limited (1-4 protective contexts),False,0.0022236517222663,extended_greedy_order,Very limited direct protective support; confirmatory testing is a high priority.
Biomphalaria straminea,,Gastropoda,Basommatophora,Planorbidae,Mollusca,1276,False,False,1,1,0,0,1,0,False,very_sparse_1_4,Very limited (1-4 protective contexts),False,0.0029622776934957,extended_greedy_order,Very limited direct protective support; confirmatory testing is a high priority.
Parreysia sp.,,Bivalvia,Unionoida,Unionidae,Mollusca,1277,False,False,1,1,0,0,1,0,False,very_sparse_1_4,Very limited (1-4 protective contexts),False,0.003015545795659,extended_greedy_order,Very limited direct protective support; confirmatory testing is a high priority.
Cyclops sp.,,Maxillopoda,Cyclopoida,Cyclopidae,Arthropoda,1278,False,False,10,10,0,0,2,0,False,sparse_5_19,Limited (5-19 protective contexts),False,0.0021613579750404,extended_greedy_order,Limited direct protective support; interpret the rank with the reported uncertainty.
Atherix sp.,,Insecta,Diptera,Athericidae,Arthropoda,1279,False,False,2,2,0,0,1,0,False,very_sparse_1_4,Very limited (1-4 protective contexts),False,0.002636285663041,extended_greedy_order,Very limited direct protective support; confirmatory testing is a high priority.
Anguilla rostrata,,Actinopterygii,Anguilliformes,Anguillidae,Chordata,1280,False,False,12,8,1,1,1,23,True,sparse_5_19,Limited (5-19 protective contexts),False,0.0058025691388948,extended_greedy_order,Limited direct protective support; interpret the rank with the reported uncertainty.
Noemacheilus denisonii,,Actinopterygii,Cypriniformes,Balitoridae,Chordata,1281,False,False,2,2,0,0,1,0,False,very_sparse_1_4,Very limited (1-4 protective contexts),False,0.0030861740431234,extended_greedy_order,Very limited direct protective support; confirmatory testing is a high priority.
Catostomus catostomus,,Actinopterygii,Cypriniformes,Catostomidae,Chordata,1282,False,False,2,2,0,0,1,9,True,very_sparse_1_4,Very limited (1-4 protective contexts),False,0.0051418228606959,extended_greedy_order,Very limited direct protective support; confirmatory testing is a high priority.
Elodea sp.,,Liliopsida,Hydrocharitales,Hydrocharitaceae,Magnoliophyta,1283,False,False,2,2,0,0,1,0,False,very_sparse_1_4,Very limited (1-4 protective contexts),False,0.0040437778417328,extended_greedy_order,Very limited direct protective support; confirmatory testing is a high priority.
Parapoynx stratiotata,,Insecta,Lepidoptera,Crambidae,Arthropoda,1284,False,False,2,1,0,0,1,0,False,very_sparse_1_4,Very limited (1-4 protective contexts),False,0.0026854931875706,extended_greedy_order,Very limited direct protective support; confirmatory testing is a high priority.
Pseudambassis ranga,,Actinopterygii,Perciformes,Chandidae,Chordata,1285,False,False,3,3,0,0,1,0,False,very_sparse_1_4,Very limited (1-4 protective contexts),False,0.0030073599804505,extended_greedy_order,Very limited direct protective support; confirmatory testing is a high priority.
Catostomus platyrhynchus,,Actinopterygii,Cypriniformes,Catostomidae,Chordata,1286,False,False,1,1,0,0,1,6,True,very_sparse_1_4,Very limited (1-4 protective contexts),False,0.0045286379027176,extended_greedy_order,Very limited direct protective support; confirmatory testing is a high priority.
Lepadella patella,,Monogononta,Ploima,Brachionidae,Rotifera,1287,False,False,2,2,1,1,1,0,False,very_sparse_1_4,Very limited (1-4 protective contexts),False,0.0036596427322646,extended_greedy_order,Very limited direct protective support; confirmatory testing is a high priority.
Mesocyclops pehpeiensis,,Maxillopoda,Cyclopoida,Cyclopidae,Arthropoda,1288,False,False,6,5,1,1,1,0,False,sparse_5_19,Limited (5-19 protective contexts),False,0.002697444200936,extended_greedy_order,Limited direct protective support; interpret the rank with the reported uncertainty.
Pseudocrenilabrus philander,,Actinopterygii,Perciformes,Cichlidae,Chordata,1289,False,False,2,1,0,0,2,0,False,very_sparse_1_4,Very limited (1-4 protective contexts),False,0.0028539587295525,extended_greedy_order,Very limited direct protective support; confirmatory testing is a high priority.
Leptoxis ampla,,Gastropoda,Neotaenioglossa,Pleuroceridae,Mollusca,1290,False,False,1,1,3,3,1,1,True,very_sparse_1_4,Very limited (1-4 protective contexts),False,0.0033185702976744,extended_greedy_order,Very limited direct protective support; confirmatory testing is a high priority.
Coloburiscus humeralis,,Insecta,Ephemeroptera,Coloburiscidae,Arthropoda,1291,False,False,4,2,0,0,1,0,False,very_sparse_1_4,Very limited (1-4 protective contexts),False,0.0018876636687303,extended_greedy_order,Very limited direct protective support; confirmatory testing is a high priority.
Biomphalaria havanensis,,Gastropoda,Basommatophora,Planorbidae,Mollusca,1292,False,False,2,2,0,0,3,1,True,very_sparse_1_4,Very limited (1-4 protective contexts),False,0.0031036751535027,extended_greedy_order,Very limited direct protective support; confirmatory testing is a high priority.
Keratella quadrata,,Monogononta,Ploima,Brachionidae,Rotifera,1293,False,False,1,1,0,0,1,0,False,very_sparse_1_4,Very limited (1-4 protective contexts),False,0.0025455513873915,extended_greedy_order,Very limited direct protective support; confirmatory testing is a high priority.
Scardinius erythrophthalmus,,Actinopterygii,Cypriniformes,Cyprinidae,Chordata,1294,False,False,6,6,1,1,1,0,False,sparse_5_19,Limited (5-19 protective contexts),False,0.0029471378836599,extended_greedy_order,Limited direct protective support; interpret the rank with the reported uncertainty.
Potamogeton nodosus,,Liliopsida,Najadales,Potamogetonaceae,Magnoliophyta,1295,False,False,4,4,0,0,1,44,True,very_sparse_1_4,Very limited (1-4 protective contexts),False,0.0085574149513339,extended_greedy_order,Very limited direct protective support; confirmatory testing is a high priority.
Trypaea australiensis,,Malacostraca,Decapoda,Callianassidae,Arthropoda,1296,False,False,1,1,0,0,2,0,False,very_sparse_1_4,Very limited (1-4 protective contexts),False,0.0029503370466136,extended_greedy_order,Very limited direct protective support; confirmatory testing is a high priority.
Astacus astacus,,Malacostraca,Decapoda,Astacidae,Arthropoda,1297,False,False,7,4,1,1,1,0,False,sparse_5_19,Limited (5-19 protective contexts),False,0.0020882168070236,extended_greedy_order,Limited direct protective support; interpret the rank with the reported uncertainty.
Ceratophyllum submersum,,Magnoliopsida,Nymphaeales,Ceratophyllaceae,Magnoliophyta,1298,False,False,1,1,0,0,1,0,False,very_sparse_1_4,Very limited (1-4 protective contexts),False,0.0021433012279016,extended_greedy_order,Very limited direct protective support; confirmatory testing is a high priority.
Neoplea striola,,Insecta,Heteroptera,Pleidae,Arthropoda,1299,False,False,1,1,0,0,1,14,True,very_sparse_1_4,Very limited (1-4 protective contexts),False,0.0047881109395256,extended_greedy_order,Very limited direct protective support; confirmatory testing is a high priority.
Biomphalaria sp.,,Gastropoda,Basommatophora,Planorbidae,Mollusca,1300,False,False,1,1,0,0,2,0,False,very_sparse_1_4,Very limited (1-4 protective contexts),False,0.0029208192852602,extended_greedy_order,Very limited direct protective support; confirmatory testing is a high priority.
Microhyla ornata,,Amphibia,Anura,Microhylidae,Chordata,1301,False,False,16,11,0,0,2,0,False,sparse_5_19,Limited (5-19 protective contexts),False,0.0023470764706636,extended_greedy_order,Limited direct protective support; interpret the rank with the reported uncertainty.
Amniataba percoides,,Actinopterygii,Perciformes,Teraponidae,Chordata,1302,False,False,2,2,0,0,1,0,False,very_sparse_1_4,Very limited (1-4 protective contexts),False,0.0030264421187117,extended_greedy_order,Very limited direct protective support; confirmatory testing is a high priority.
Geophagus brasiliensis,,Actinopterygii,Perciformes,Cichlidae,Chordata,1303,False,False,1,1,0,0,1,0,False,very_sparse_1_4,Very limited (1-4 protective contexts),False,0.0020114336029709,extended_greedy_order,Very limited direct protective support; confirmatory testing is a high priority.
Morone sp.,,Actinopterygii,Perciformes,Moronidae,Chordata,1304,False,False,7,4,1,1,1,0,False,sparse_5_19,Limited (5-19 protective contexts),False,0.0034487486123494,extended_greedy_order,Limited direct protective support; interpret the rank with the reported uncertainty.
Faxonius virilis,,Malacostraca,Decapoda,Cambaridae,Arthropoda,1305,False,False,9,6,1,1,1,0,False,sparse_5_19,Limited (5-19 protective contexts),False,0.0024002768136753,extended_greedy_order,Limited direct protective support; interpret the rank with the reported uncertainty.
Radix plicatula,,Gastropoda,Basommatophora,Lymnaeidae,Mollusca,1306,False,False,1,1,0,0,1,0,False,very_sparse_1_4,Very limited (1-4 protective contexts),False,0.0033498080849793,extended_greedy_order,Very limited direct protective support; confirmatory testing is a high priority.
Potamogeton illinoensis,,Liliopsida,Najadales,Potamogetonaceae,Magnoliophyta,1307,False,False,5,4,0,0,2,22,True,sparse_5_19,Limited (5-19 protective contexts),False,0.005453018051764,extended_greedy_order,Limited direct protective support; interpret the rank with the reported uncertainty.
Rocio octofasciata,,Actinopterygii,Perciformes,Cichlidae,Chordata,1308,False,False,1,1,0,0,1,3,True,very_sparse_1_4,Very limited (1-4 protective contexts),False,0.0033364664334771,extended_greedy_order,Very limited direct protective support; confirmatory testing is a high priority.
Astacopsis gouldi,,Malacostraca,Decapoda,Parastacidae,Arthropoda,1309,False,False,2,2,0,0,1,0,False,very_sparse_1_4,Very limited (1-4 protective contexts),False,0.0021455277582143,extended_greedy_order,Very limited direct protective support; confirmatory testing is a high priority.
Anax imperator,,Insecta,Odonata,Aeshnidae,Arthropoda,1310,False,False,3,1,0,0,1,0,False,very_sparse_1_4,Very limited (1-4 protective contexts),False,0.0026466614844636,extended_greedy_order,Very limited direct protective support; confirmatory testing is a high priority.
Radix ovata,,Gastropoda,Basommatophora,Lymnaeidae,Mollusca,1311,False,False,1,1,0,0,1,0,False,very_sparse_1_4,Very limited (1-4 protective contexts),False,0.0023704797517433,extended_greedy_order,Very limited direct protective support; confirmatory testing is a high priority.
Leptoxis praerosa,,Gastropoda,Neotaenioglossa,Pleuroceridae,Mollusca,1312,False,False,1,1,0,0,1,3,True,very_sparse_1_4,Very limited (1-4 protective contexts),False,0.003661987240371,extended_greedy_order,Very limited direct protective support; confirmatory testing is a high priority.
Xyrauchen texanus,,Actinopterygii,Cypriniformes,Catostomidae,Chordata,1313,False,False,31,19,0,0,2,6,True,moderate_20_49,Moderate (20-49 protective contexts),False,0.0030351972036992,extended_greedy_order,
Basilichthys australis,,Actinopterygii,Atheriniformes,Atherinidae,Chordata,1314,False,False,1,1,0,0,1,0,False,very_sparse_1_4,Very limited (1-4 protective contexts),False,0.0021334013362447,extended_greedy_order,Very limited direct protective support; confirmatory testing is a high priority.
Elimia virginica,,Gastropoda,Neotaenioglossa,Pleuroceridae,Mollusca,1315,False,False,2,2,0,0,1,7,True,very_sparse_1_4,Very limited (1-4 protective contexts),False,0.0026022829880164,extended_greedy_order,Very limited direct protective support; confirmatory testing is a high priority.
Pontoporeia affinis,,Malacostraca,Amphipoda,Haustoriidae,Arthropoda,1316,False,False,1,1,0,0,1,0,False,very_sparse_1_4,Very limited (1-4 protective contexts),False,0.0029273557364726,extended_greedy_order,Very limited direct protective support; confirmatory testing is a high priority.
Eudiaptomus gracilis,,Maxillopoda,Calanoida,Diaptomidae,Arthropoda,1317,False,False,3,3,0,0,1,0,False,very_sparse_1_4,Very limited (1-4 protective contexts),False,0.0024490224470996,extended_greedy_order,Very limited direct protective support; confirmatory testing is a high priority.
Galba truncatula,,Gastropoda,Basommatophora,Lymnaeidae,Mollusca,1318,False,False,1,1,0,0,1,1,True,very_sparse_1_4,Very limited (1-4 protective contexts),False,0.0033405014663435,extended_greedy_order,Very limited direct protective support; confirmatory testing is a high priority.
Caquetaia kraussii,,Actinopterygii,Perciformes,Cichlidae,Chordata,1319,False,False,1,1,0,0,1,0,False,very_sparse_1_4,Very limited (1-4 protective contexts),False,0.0028124317075125,extended_greedy_order,Very limited direct protective support; confirmatory testing is a high priority.
Keratella americana,,Monogononta,Ploima,Brachionidae,Rotifera,1320,False,False,2,2,0,0,1,2,True,very_sparse_1_4,Very limited (1-4 protective contexts),False,0.0039959590774717,extended_greedy_order,Very limited direct protective support; confirmatory testing is a high priority.
Leuciscus cephalus,,Actinopterygii,Cypriniformes,Cyprinidae,Chordata,1321,False,False,21,15,3,3,1,0,False,moderate_20_49,Moderate (20-49 protective contexts),False,0.0015119441840943,extended_greedy_order,
Indoplanorbis exustus,,Gastropoda,Cephalaspidea,Bullinidae,Mollusca,1322,False,False,33,30,0,0,2,0,False,moderate_20_49,Moderate (20-49 protective contexts),False,0.0013733662754458,extended_greedy_order,
Plea minutissima,,Insecta,Heteroptera,Pleidae,Arthropoda,1323,False,False,11,2,0,0,2,0,False,sparse_5_19,Limited (5-19 protective contexts),False,0.0019013338544051,extended_greedy_order,Limited direct protective support; interpret the rank with the reported uncertainty.
Rhinella fernandezae,,Amphibia,Anura,Bufonidae,Chordata,1324,False,False,7,1,1,1,1,0,False,sparse_5_19,Limited (5-19 protective contexts),False,0.0030576823524814,extended_greedy_order,Limited direct protective support; interpret the rank with the reported uncertainty.
Mylopharyngodon piceus,,Actinopterygii,Cypriniformes,Cyprinidae,Chordata,1325,False,False,4,2,0,0,1,0,False,very_sparse_1_4,Very limited (1-4 protective contexts),False,0.0028815564023502,extended_greedy_order,Very limited direct protective support; confirmatory testing is a high priority.
Xiphophorus maculatus,,Actinopterygii,Cyprinodontiformes,Poeciliidae,Chordata,1326,False,False,18,6,3,2,1,1,True,sparse_5_19,Limited (5-19 protective contexts),False,0.0018071844054791,extended_greedy_order,Limited direct protective support; interpret the rank with the reported uncertainty.
Leptoxis dilatata,,Gastropoda,Neotaenioglossa,Pleuroceridae,Mollusca,1327,False,False,1,1,0,0,1,3,True,very_sparse_1_4,Very limited (1-4 protective contexts),False,0.003618686687134,extended_greedy_order,Very limited direct protective support; confirmatory testing is a high priority.
Mesocyclops ruttneri,,Maxillopoda,Cyclopoida,Cyclopidae,Arthropoda,1328,False,False,2,1,0,0,1,0,False,very_sparse_1_4,Very limited (1-4 protective contexts),False,0.0037423056695234,extended_greedy_order,Very limited direct protective support; confirmatory testing is a high priority.
Quasipaa spinosa,,Amphibia,Anura,Dicroglossidae,Chordata,1329,False,False,1,1,0,0,1,0,False,very_sparse_1_4,Very limited (1-4 protective contexts),False,0.0029202044999101,extended_greedy_order,Very limited direct protective support; confirmatory testing is a high priority.
Parreysia corrugata,,Bivalvia,Unionoida,Unionidae,Mollusca,1330,False,False,5,5,0,0,1,0,False,sparse_5_19,Limited (5-19 protective contexts),False,0.0030549487100454,extended_greedy_order,Limited direct protective support; interpret the rank with the reported uncertainty.
Plagiognathops microlepis,,Actinopterygii,Cypriniformes,Cyprinidae,Chordata,1331,False,False,4,2,0,0,1,0,False,very_sparse_1_4,Very limited (1-4 protective contexts),False,0.002880877819682,extended_greedy_order,Very limited direct protective support; confirmatory testing is a high priority.
Radix peregra,,Gastropoda,Basommatophora,Lymnaeidae,Mollusca,1332,False,False,1,1,0,0,1,0,False,very_sparse_1_4,Very limited (1-4 protective contexts),False,0.0023815195814956,extended_greedy_order,Very limited direct protective support; confirmatory testing is a high priority.
Galaxias truttaceus,,Actinopterygii,Osmeriformes,Galaxiidae,Chordata,1333,False,False,2,1,0,0,1,0,False,very_sparse_1_4,Very limited (1-4 protective contexts),False,0.0020845938692969,extended_greedy_order,Very limited direct protective support; confirmatory testing is a high priority.
Abramis brama,,Actinopterygii,Cypriniformes,Cyprinidae,Chordata,1334,False,False,10,8,3,3,2,0,False,sparse_5_19,Limited (5-19 protective contexts),False,0.0012622462591093,extended_greedy_order,Limited direct protective support; interpret the rank with the reported uncertainty.
Ceratophyllum sp.,,Magnoliopsida,Nymphaeales,Ceratophyllaceae,Magnoliophyta,1335,False,False,1,1,0,0,1,0,False,very_sparse_1_4,Very limited (1-4 protective contexts),False,0.0030245063991095,extended_greedy_order,Very limited direct protective support; confirmatory testing is a high priority.
Sialis velata,,Insecta,Megaloptera,Sialidae,Arthropoda,1336,False,False,1,1,0,0,1,3,True,very_sparse_1_4,Very limited (1-4 protective contexts),False,0.0031727980366874,extended_greedy_order,Very limited direct protective support; confirmatory testing is a high priority.
Spea multiplicata,,Amphibia,Anura,Scaphiopodidae,Chordata,1337,False,False,5,2,0,0,1,6,True,sparse_5_19,Limited (5-19 protective contexts),False,0.0030222029936534,extended_greedy_order,Limited direct protective support; interpret the rank with the reported uncertainty.
Clibanarius africanus,,Malacostraca,Decapoda,Diogenidae,Arthropoda,1338,False,False,5,5,0,0,1,0,False,sparse_5_19,Limited (5-19 protective contexts),False,0.0028819283486844,extended_greedy_order,Limited direct protective support; interpret the rank with the reported uncertainty.
Leptoxis carinata,,Gastropoda,Neotaenioglossa,Pleuroceridae,Mollusca,1339,False,False,2,2,0,0,1,5,True,very_sparse_1_4,Very limited (1-4 protective contexts),False,0.002309416306674,extended_greedy_order,Very limited direct protective support; confirmatory testing is a high priority.
Prochilodus lineatus,,Actinopterygii,Characiformes,Curimatidae,Chordata,1340,False,False,8,6,4,4,2,0,False,sparse_5_19,Limited (5-19 protective contexts),False,0.0024041832284082,extended_greedy_order,Limited direct protective support; interpret the rank with the reported uncertainty.
Paramelita nigroculus,,Malacostraca,Amphipoda,Paramelitidae,Arthropoda,1341,False,False,3,3,0,0,1,0,False,very_sparse_1_4,Very limited (1-4 protective contexts),False,0.0020400380766741,extended_greedy_order,Very limited direct protective support; confirmatory testing is a high priority.
Paracalliope fluviatilis,,Malacostraca,Amphipoda,Eusiridae,Arthropoda,1342,False,False,2,2,0,0,1,0,False,very_sparse_1_4,Very limited (1-4 protective contexts),False,0.0028778953789414,extended_greedy_order,Very limited direct protective support; confirmatory testing is a high priority.
Alburnus albidus,,Actinopterygii,Cypriniformes,Cyprinidae,Chordata,1343,False,False,2,1,0,0,1,0,False,very_sparse_1_4,Very limited (1-4 protective contexts),False,0.0028588336679538,extended_greedy_order,Very limited direct protective support; confirmatory testing is a high priority.
Mysis relicta,,Malacostraca,Mysida,Mysidae,Arthropoda,1344,False,False,2,2,0,0,1,0,False,very_sparse_1_4,Very limited (1-4 protective contexts),False,0.0029461826744696,extended_greedy_order,Very limited direct protective support; confirmatory testing is a high priority.
Chanodichthys erythropterus,,Actinopterygii,Cypriniformes,Cyprinidae,Chordata,1345,False,False,4,2,0,0,1,0,False,very_sparse_1_4,Very limited (1-4 protective contexts),False,0.0028565446766522,extended_greedy_order,Very limited direct protective support; confirmatory testing is a high priority.
Nostoc fritschii,,Cyanophyceae,Nostocales,Nostocaceae,Cyanophycota,1346,False,False,6,6,0,0,1,0,False,sparse_5_19,Limited (5-19 protective contexts),False,0.0021691567248637,extended_greedy_order,Limited direct protective support; interpret the rank with the reported uncertainty.
Elodea nuttallii,,Liliopsida,Hydrocharitales,Hydrocharitaceae,Magnoliophyta,1347,False,False,5,4,2,2,2,21,True,sparse_5_19,Limited (5-19 protective contexts),False,0.0064246316314032,extended_greedy_order,Limited direct protective support; interpret the rank with the reported uncertainty.
Pontoporeia sp.,,Malacostraca,Amphipoda,Haustoriidae,Arthropoda,1348,False,False,1,1,0,0,1,0,False,very_sparse_1_4,Very limited (1-4 protective contexts),False,0.0028643800819465,extended_greedy_order,Very limited direct protective support; confirmatory testing is a high priority.
Campostoma anomalum,,Actinopterygii,Cypriniformes,Cyprinidae,Chordata,1349,False,False,9,8,2,1,1,23,True,sparse_5_19,Limited (5-19 protective contexts),False,0.0048476202058974,extended_greedy_order,Limited direct protective support; interpret the rank with the reported uncertainty.
Biomphalaria boissyi,,Gastropoda,Basommatophora,Planorbidae,Mollusca,1350,False,False,5,1,0,0,1,0,False,sparse_5_19,Limited (5-19 protective contexts),False,0.0028361258108296,extended_greedy_order,Limited direct protective support; interpret the rank with the reported uncertainty.
Mesocyclops leuckarti,,Maxillopoda,Cyclopoida,Cyclopidae,Arthropoda,1351,False,False,9,7,0,0,2,0,False,sparse_5_19,Limited (5-19 protective contexts),False,0.0026358344382805,extended_greedy_order,Limited direct protective support; interpret the rank with the reported uncertainty.
Elimia catenaria,,Gastropoda,Neotaenioglossa,Pleuroceridae,Mollusca,1352,False,False,9,7,0,0,1,1,True,sparse_5_19,Limited (5-19 protective contexts),False,0.0023168585026439,extended_greedy_order,Limited direct protective support; interpret the rank with the reported uncertainty.
Semotilus atromaculatus,,Actinopterygii,Cypriniformes,Cyprinidae,Chordata,1353,False,False,5,3,0,0,1,27,True,sparse_5_19,Limited (5-19 protective contexts),False,0.0073042959440391,extended_greedy_order,Limited direct protective support; interpret the rank with the reported uncertainty.
Capoeta fusca,,Actinopterygii,Cypriniformes,Cyprinidae,Chordata,1354,False,False,6,4,0,0,1,0,False,sparse_5_19,Limited (5-19 protective contexts),False,0.0027252364049521,extended_greedy_order,Limited direct protective support; interpret the rank with the reported uncertainty.
Parastenocaris germanica,,Maxillopoda,Harpacticoida,Parastenocarididae,Arthropoda,1355,False,False,14,6,0,0,2,0,False,sparse_5_19,Limited (5-19 protective contexts),False,0.0026553781057408,extended_greedy_order,Limited direct protective support; interpret the rank with the reported uncertainty.
Spea intermontana,,Amphibia,Anura,Scaphiopodidae,Chordata,1356,False,False,4,3,1,1,2,9,True,very_sparse_1_4,Very limited (1-4 protective contexts),False,0.0032668589673899,extended_greedy_order,Very limited direct protective support; confirmatory testing is a high priority.
Elimia clavaeformis,,Gastropoda,Neotaenioglossa,Pleuroceridae,Mollusca,1357,False,False,2,1,0,0,1,1,True,very_sparse_1_4,Very limited (1-4 protective contexts),False,0.0033198048694892,extended_greedy_order,Very limited direct protective support; confirmatory testing is a high priority.
Platygobio gracilis,,Actinopterygii,Cypriniformes,Cyprinidae,Chordata,1358,False,False,5,2,0,0,2,4,True,sparse_5_19,Limited (5-19 protective contexts),False,0.0034815348352159,extended_greedy_order,Limited direct protective support; interpret the rank with the reported uncertainty.
Nostoc calcicola,,Cyanophyceae,Nostocales,Nostocaceae,Cyanophycota,1359,False,False,8,8,2,2,1,0,False,sparse_5_19,Limited (5-19 protective contexts),False,0.0026154145134412,extended_greedy_order,Limited direct protective support; interpret the rank with the reported uncertainty.
Pandalus montagui,,Malacostraca,Decapoda,Pandalidae,Arthropoda,1360,False,False,1,1,0,0,1,0,False,very_sparse_1_4,Very limited (1-4 protective contexts),False,0.0028319050118708,extended_greedy_order,Very limited direct protective support; confirmatory testing is a high priority.
Potamogeton sp.,,Liliopsida,Najadales,Potamogetonaceae,Magnoliophyta,1361,False,False,2,2,0,0,1,0,False,very_sparse_1_4,Very limited (1-4 protective contexts),False,0.0033139839094064,extended_greedy_order,Very limited direct protective support; confirmatory testing is a high priority.
Xanthocnemis zealandica,,Insecta,Odonata,Coenagrionidae,Arthropoda,1362,False,False,7,3,0,0,2,0,False,sparse_5_19,Limited (5-19 protective contexts),False,0.0029662650352983,extended_greedy_order,Limited direct protective support; interpret the rank with the reported uncertainty.
Mystus vittatus,,Actinopterygii,Siluriformes,Bagridae,Chordata,1363,False,False,49,32,14,8,3,0,False,moderate_20_49,Moderate (20-49 protective contexts),False,0.001311180250447,extended_greedy_order,
Afrochiltonia subtenuis,,Malacostraca,Amphipoda,Ceinidae,Arthropoda,1364,False,False,1,1,1,1,2,0,False,very_sparse_1_4,Very limited (1-4 protective contexts),False,0.0028281247101914,extended_greedy_order,Very limited direct protective support; confirmatory testing is a high priority.
Mystus bleekeri,,Actinopterygii,Siluriformes,Bagridae,Chordata,1365,False,False,1,1,0,0,1,0,False,very_sparse_1_4,Very limited (1-4 protective contexts),False,0.0028792550673557,extended_greedy_order,Very limited direct protective support; confirmatory testing is a high priority.
Pontogammarus maeoticus,,Malacostraca,Amphipoda,Pontogammaridae,Arthropoda,1366,False,False,1,1,1,1,1,0,False,very_sparse_1_4,Very limited (1-4 protective contexts),False,0.0028251053134331,extended_greedy_order,Very limited direct protective support; confirmatory testing is a high priority.
Skiffia multipunctata,,Actinopterygii,Cyprinodontiformes,Goodeidae,Chordata,1367,False,False,1,1,0,0,1,0,False,very_sparse_1_4,Very limited (1-4 protective contexts),False,0.0028661504462627,extended_greedy_order,Very limited direct protective support; confirmatory testing is a high priority.
Lamellidens corrianus,,Bivalvia,Unionoida,Unionidae,Mollusca,1368,False,False,5,4,2,2,2,0,False,sparse_5_19,Limited (5-19 protective contexts),False,0.0020266106339888,extended_greedy_order,Limited direct protective support; interpret the rank with the reported uncertainty.
Alburnus tarichi,,Actinopterygii,Cypriniformes,Cyprinidae,Chordata,1369,False,False,2,1,0,0,1,0,False,very_sparse_1_4,Very limited (1-4 protective contexts),False,0.0020511464021836,extended_greedy_order,Very limited direct protective support; confirmatory testing is a high priority.
Enallagma sp.,,Insecta,Odonata,Coenagrionidae,Arthropoda,1370,False,False,5,5,1,1,1,0,False,sparse_5_19,Limited (5-19 protective contexts),False,0.0014978487709288,extended_greedy_order,Limited direct protective support; interpret the rank with the reported uncertainty.
Mictyris longicarpus,,Malacostraca,Decapoda,Mictyridae,Arthropoda,1371,False,False,1,1,0,0,1,0,False,very_sparse_1_4,Very limited (1-4 protective contexts),False,0.0028140371724107,extended_greedy_order,Very limited direct protective support; confirmatory testing is a high priority.
Potamonautes sp.,,Malacostraca,Decapoda,Potamonautidae,Arthropoda,1372,False,False,1,1,0,0,1,0,False,very_sparse_1_4,Very limited (1-4 protective contexts),False,0.0019934875537071,extended_greedy_order,Very limited direct protective support; confirmatory testing is a high priority.
Anuraeopsis fissa,,Monogononta,Ploima,Brachionidae,Rotifera,1373,False,False,2,1,0,0,1,0,False,very_sparse_1_4,Very limited (1-4 protective contexts),False,0.0035550593906548,extended_greedy_order,Very limited direct protective support; confirmatory testing is a high priority.
Metynnis orinocensis,,Actinopterygii,Characiformes,Characidae,Chordata,1374,False,False,4,1,1,1,2,0,False,very_sparse_1_4,Very limited (1-4 protective contexts),False,0.0030515244487745,extended_greedy_order,Very limited direct protective support; confirmatory testing is a high priority.
Biomphalaria tenagophila,,Gastropoda,Basommatophora,Planorbidae,Mollusca,1375,False,False,6,2,0,0,3,0,False,sparse_5_19,Limited (5-19 protective contexts),False,0.0020017101080997,extended_greedy_order,Limited direct protective support; interpret the rank with the reported uncertainty.
Ilyoplax gangetica,,Malacostraca,Decapoda,Ocypodidae,Arthropoda,1376,False,False,1,1,0,0,1,0,False,very_sparse_1_4,Very limited (1-4 protective contexts),False,0.0027997299004127,extended_greedy_order,Very limited direct protective support; confirmatory testing is a high priority.
Heloecius cordiformis,,Malacostraca,Decapoda,Ocypodidae,Arthropoda,1377,False,False,1,1,0,0,2,0,False,very_sparse_1_4,Very limited (1-4 protective contexts),False,0.0027847091977269,extended_greedy_order,Very limited direct protective support; confirmatory testing is a high priority.
Leucaspius delineatus,,Actinopterygii,Cypriniformes,Cyprinidae,Chordata,1378,False,False,7,7,2,1,1,0,False,sparse_5_19,Limited (5-19 protective contexts),False,0.0016042048866195,extended_greedy_order,Limited direct protective support; interpret the rank with the reported uncertainty.
Melanotaenia duboulayi,,Actinopterygii,Atheriniformes,Melanotaeniidae,Chordata,1379,False,False,6,4,5,5,2,0,False,sparse_5_19,Limited (5-19 protective contexts),False,0.0018230901506789,extended_greedy_order,Limited direct protective support; interpret the rank with the reported uncertainty.
Melanotaenia nigrans,,Actinopterygii,Atheriniformes,Melanotaeniidae,Chordata,1380,False,False,5,3,0,0,1,0,False,sparse_5_19,Limited (5-19 protective contexts),False,0.0031970298515027,extended_greedy_order,Limited direct protective support; interpret the rank with the reported uncertainty.
Bidyanus bidyanus,,Actinopterygii,Perciformes,Teraponidae,Chordata,1381,False,False,11,7,5,4,2,0,False,sparse_5_19,Limited (5-19 protective contexts),False,0.0019792394828436,extended_greedy_order,Limited direct protective support; interpret the rank with the reported uncertainty.
Potamogeton crispus,,Liliopsida,Najadales,Potamogetonaceae,Magnoliophyta,1382,False,False,8,6,1,1,3,1,True,sparse_5_19,Limited (5-19 protective contexts),False,0.0020271306085854,extended_greedy_order,Limited direct protective support; interpret the rank with the reported uncertainty.
Cipangopaludina cathayensis,,Gastropoda,Architaenioglossa,Viviparidae,Mollusca,1383,False,False,7,6,0,0,1,0,False,sparse_5_19,Limited (5-19 protective contexts),False,0.0021404414660012,extended_greedy_order,Limited direct protective support; interpret the rank with the reported uncertainty.
Noemacheilus montanus,,Actinopterygii,Cypriniformes,Balitoridae,Chordata,1384,False,False,4,2,0,0,1,0,False,very_sparse_1_4,Very limited (1-4 protective contexts),False,0.0028858369841808,extended_greedy_order,Very limited direct protective support; confirmatory testing is a high priority.
Radix balthica,,Gastropoda,Basommatophora,Lymnaeidae,Mollusca,1385,False,False,3,1,0,0,1,0,False,very_sparse_1_4,Very limited (1-4 protective contexts),False,0.0023339755998169,extended_greedy_order,Very limited direct protective support; confirmatory testing is a high priority.
Nostoc muscorum,,Cyanophyceae,Nostocales,Nostocaceae,Cyanophycota,1386,False,False,17,15,22,21,2,0,False,sparse_5_19,Limited (5-19 protective contexts),False,0.0021067167245501,extended_greedy_order,Limited direct protective support; interpret the rank with the reported uncertainty.
Cyclops viridis,,Maxillopoda,Cyclopoida,Cyclopidae,Arthropoda,1387,False,False,6,5,0,0,2,0,False,sparse_5_19,Limited (5-19 protective contexts),False,0.0035442539866738,extended_greedy_order,Limited direct protective support; interpret the rank with the reported uncertainty.
Pontoporeia hoyi,,Malacostraca,Amphipoda,Haustoriidae,Arthropoda,1388,False,False,2,2,0,0,1,0,False,very_sparse_1_4,Very limited (1-4 protective contexts),False,0.002766194977023,extended_greedy_order,Very limited direct protective support; confirmatory testing is a high priority.
Rhamdia sapo,,Actinopterygii,Siluriformes,Heptapteridae,Chordata,1389,False,False,1,1,0,0,1,1,True,very_sparse_1_4,Very limited (1-4 protective contexts),False,0.0034966870745521,extended_greedy_order,Very limited direct protective support; confirmatory testing is a high priority.
Vimba vimba,,Actinopterygii,Cypriniformes,Cyprinidae,Chordata,1390,False,False,4,3,6,4,2,0,False,very_sparse_1_4,Very limited (1-4 protective contexts),False,0.0015909650021439,extended_greedy_order,Very limited direct protective support; confirmatory testing is a high priority.
Ambassis gymnocephalus,,Actinopterygii,Perciformes,Ambassidae,Chordata,1391,False,False,1,1,1,1,1,0,False,very_sparse_1_4,Very limited (1-4 protective contexts),False,0.0020034972834912,extended_greedy_order,Very limited direct protective support; confirmatory testing is a high priority.
Enallagma cyathigerum,,Insecta,Odonata,Coenagrionidae,Arthropoda,1392,False,False,8,3,5,2,2,2,True,sparse_5_19,Limited (5-19 protective contexts),False,0.0033262416648247,extended_greedy_order,Limited direct protective support; interpret the rank with the reported uncertainty.
Menidia beryllina,,Actinopterygii,Atheriniformes,Atherinidae,Chordata,1393,False,False,3,3,0,0,1,16,True,very_sparse_1_4,Very limited (1-4 protective contexts),False,0.0041387564821011,extended_greedy_order,Very limited direct protective support; confirmatory testing is a high priority.
Sinotaia aeruginosa,,Gastropoda,Architaenioglossa,Viviparidae,Mollusca,1394,False,False,1,1,0,0,1,0,False,very_sparse_1_4,Very limited (1-4 protective contexts),False,0.0029916373459482,extended_greedy_order,Very limited direct protective support; confirmatory testing is a high priority.
Anabaena circinalis,,Cyanophyceae,Nostocales,Nostocaceae,Cyanophycota,1395,False,False,2,2,0,0,1,0,False,very_sparse_1_4,Very limited (1-4 protective contexts),False,0.0035890153454065,extended_greedy_order,Very limited direct protective support; confirmatory testing is a high priority.
Notodiaptomus conifer,,Maxillopoda,Calanoida,Diaptomidae,Arthropoda,1396,False,False,6,2,0,0,2,0,False,sparse_5_19,Limited (5-19 protective contexts),False,0.003371241406316,extended_greedy_order,Limited direct protective support; interpret the rank with the reported uncertainty.
Misgurnus fossilis,,Actinopterygii,Cypriniformes,Cobitidae,Chordata,1397,False,False,4,4,1,1,1,0,False,very_sparse_1_4,Very limited (1-4 protective contexts),False,0.0033623424521513,extended_greedy_order,Very limited direct protective support; confirmatory testing is a high priority.
Metapenaeus monoceros,,Malacostraca,Decapoda,Penaeidae,Arthropoda,1398,False,False,1,1,1,1,2,0,False,very_sparse_1_4,Very limited (1-4 protective contexts),False,0.0027409170714629,extended_greedy_order,Very limited direct protective support; confirmatory testing is a high priority.
Corophium sp.,,Malacostraca,Amphipoda,Corophiidae,Arthropoda,1399,False,False,3,2,0,0,1,0,False,very_sparse_1_4,Very limited (1-4 protective contexts),False,0.0027406643741658,extended_greedy_order,Very limited direct protective support; confirmatory testing is a high priority.
Goodea atripinnis,,Actinopterygii,Cyprinodontiformes,Goodeidae,Chordata,1400,False,False,2,2,0,0,1,0,False,very_sparse_1_4,Very limited (1-4 protective contexts),False,0.0027841557133848,extended_greedy_order,Very limited direct protective support; confirmatory testing is a high priority.
Callinectes sapidus,,Malacostraca,Decapoda,Portunidae,Arthropoda,1401,False,False,5,3,1,1,1,21,True,sparse_5_19,Limited (5-19 protective contexts),False,0.0064633223927641,extended_greedy_order,Limited direct protective support; interpret the rank with the reported uncertainty.
Anguilla australis,,Actinopterygii,Anguilliformes,Anguillidae,Chordata,1402,False,False,1,1,0,0,1,0,False,very_sparse_1_4,Very limited (1-4 protective contexts),False,0.0032802359548563,extended_greedy_order,Very limited direct protective support; confirmatory testing is a high priority.
Nyctibatrachus major,,Amphibia,Anura,Nyctibatrachidae,Chordata,1403,False,False,4,1,2,1,1,0,False,very_sparse_1_4,Very limited (1-4 protective contexts),False,0.0028950664134092,extended_greedy_order,Very limited direct protective support; confirmatory testing is a high priority.
Pseudomugil tenellus,,Actinopterygii,Atheriniformes,Melanotaeniidae,Chordata,1404,False,False,2,1,0,0,1,0,False,very_sparse_1_4,Very limited (1-4 protective contexts),False,0.0030392434070454,extended_greedy_order,Very limited direct protective support; confirmatory testing is a high priority.
Luxilus cornutus,,Actinopterygii,Cypriniformes,Cyprinidae,Chordata,1405,False,False,7,6,1,1,1,23,True,sparse_5_19,Limited (5-19 protective contexts),False,0.0065641617625374,extended_greedy_order,Limited direct protective support; interpret the rank with the reported uncertainty.
Zacco platypus,,Actinopterygii,Cypriniformes,Cyprinidae,Chordata,1406,False,False,19,16,0,0,3,0,False,sparse_5_19,Limited (5-19 protective contexts),False,0.0019371531224529,extended_greedy_order,Limited direct protective support; interpret the rank with the reported uncertainty.
Potamogeton perfoliatus,,Liliopsida,Najadales,Potamogetonaceae,Magnoliophyta,1407,False,False,4,1,0,0,1,11,True,very_sparse_1_4,Very limited (1-4 protective contexts),False,0.0053382902856936,extended_greedy_order,Very limited direct protective support; confirmatory testing is a high priority.
Oreochromis mossambicus,,Actinopterygii,Perciformes,Cichlidae,Chordata,1408,False,False,142,84,61,42,4,0,False,strong_50_plus,Strong (50+ protective contexts),False,0.0008770043855625,extended_greedy_order,
Acanthocyclops venustus,,Maxillopoda,Cyclopoida,Cyclopidae,Arthropoda,1409,False,False,3,2,1,1,1,0,False,very_sparse_1_4,Very limited (1-4 protective contexts),False,0.0020651561979654,extended_greedy_order,Very limited direct protective support; confirmatory testing is a high priority.
Mystus tengara,,Actinopterygii,Siluriformes,Bagridae,Chordata,1410,False,False,4,2,0,0,1,0,False,very_sparse_1_4,Very limited (1-4 protective contexts),False,0.0027621895742887,extended_greedy_order,Very limited direct protective support; confirmatory testing is a high priority.
Anabaena inaequalis,,Cyanophyceae,Nostocales,Nostocaceae,Cyanophycota,1411,False,False,2,2,8,8,1,0,False,very_sparse_1_4,Very limited (1-4 protective contexts),False,0.0036089944604127,extended_greedy_order,Very limited direct protective support; confirmatory testing is a high priority.
Nematalosa erebi,,Actinopterygii,Clupeiformes,Clupeidae,Chordata,1412,False,False,1,1,0,0,1,0,False,very_sparse_1_4,Very limited (1-4 protective contexts),False,0.0019746801902859,extended_greedy_order,Very limited direct protective support; confirmatory testing is a high priority.
Litopenaeus vannamei,,Malacostraca,Decapoda,Penaeidae,Arthropoda,1413,False,False,2,2,0,0,1,0,False,very_sparse_1_4,Very limited (1-4 protective contexts),False,0.0027067664146424,extended_greedy_order,Very limited direct protective support; confirmatory testing is a high priority.
Farfantepenaeus duorarum,,Malacostraca,Decapoda,Penaeidae,Arthropoda,1414,False,False,1,1,0,0,1,3,True,very_sparse_1_4,Very limited (1-4 protective contexts),False,0.0031937537886429,extended_greedy_order,Very limited direct protective support; confirmatory testing is a high priority.
Fundulus heteroclitus,,Actinopterygii,Cyprinodontiformes,Cyprinodontidae,Chordata,1415,False,False,23,16,4,4,1,12,True,moderate_20_49,Moderate (20-49 protective contexts),False,0.0039264955082554,extended_greedy_order,
Catostomus latipinnis,,Actinopterygii,Cypriniformes,Catostomidae,Chordata,1416,False,False,6,5,0,0,1,5,True,sparse_5_19,Limited (5-19 protective contexts),False,0.0040941970998966,extended_greedy_order,Limited direct protective support; interpret the rank with the reported uncertainty.
Chapalichthys pardalis,,Actinopterygii,Cyprinodontiformes,Goodeidae,Chordata,1417,False,False,2,1,0,0,1,0,False,very_sparse_1_4,Very limited (1-4 protective contexts),False,0.002750461166957,extended_greedy_order,Very limited direct protective support; confirmatory testing is a high priority.
Rhithropanopeus harrisii,,Malacostraca,Decapoda,Panopeidae,Arthropoda,1418,False,False,4,1,0,0,1,15,True,very_sparse_1_4,Very limited (1-4 protective contexts),False,0.0053259158678686,extended_greedy_order,Very limited direct protective support; confirmatory testing is a high priority.
Tilapia rendalli,,Actinopterygii,Perciformes,Cichlidae,Chordata,1419,False,False,1,1,1,1,1,0,False,very_sparse_1_4,Very limited (1-4 protective contexts),False,0.002790391203751,extended_greedy_order,Very limited direct protective support; confirmatory testing is a high priority.
Tilapia melanopleura,,Actinopterygii,Perciformes,Cichlidae,Chordata,1420,False,False,4,2,0,0,1,5,True,very_sparse_1_4,Very limited (1-4 protective contexts),False,0.0036246786267659,extended_greedy_order,Very limited direct protective support; confirmatory testing is a high priority.
Anabaena cylindrica,,Cyanophyceae,Nostocales,Nostocaceae,Cyanophycota,1421,False,False,12,12,15,15,1,0,False,sparse_5_19,Limited (5-19 protective contexts),False,0.0021181664854775,extended_greedy_order,Limited direct protective support; interpret the rank with the reported uncertainty.
Chirostoma jordani,,Actinopterygii,Atheriniformes,Atherinopsidae,Chordata,1422,False,False,4,2,0,0,1,0,False,very_sparse_1_4,Very limited (1-4 protective contexts),False,0.0032191941157225,extended_greedy_order,Very limited direct protective support; confirmatory testing is a high priority.
Leptoxis sp.,,Gastropoda,Neotaenioglossa,Pleuroceridae,Mollusca,1423,False,False,5,5,0,0,1,0,False,sparse_5_19,Limited (5-19 protective contexts),False,0.0020382059030459,extended_greedy_order,Limited direct protective support; interpret the rank with the reported uncertainty.
Mesochra parva,,Maxillopoda,Harpacticoida,Canthocamptidae,Arthropoda,1424,False,False,1,1,0,0,1,0,False,very_sparse_1_4,Very limited (1-4 protective contexts),False,0.0034694707383597,extended_greedy_order,Very limited direct protective support; confirmatory testing is a high priority.
Egeria densa,,Liliopsida,Hydrocharitales,Hydrocharitaceae,Magnoliophyta,1425,False,False,7,6,0,0,2,1,True,sparse_5_19,Limited (5-19 protective contexts),False,0.0039779857722806,extended_greedy_order,Limited direct protective support; interpret the rank with the reported uncertainty.
Parreysia favidens,,Bivalvia,Unionoida,Unionidae,Mollusca,1426,False,False,9,4,0,0,1,0,False,sparse_5_19,Limited (5-19 protective contexts),False,0.0027118839563833,extended_greedy_order,Limited direct protective support; interpret the rank with the reported uncertainty.
Gobiomorphus huttoni,,Actinopterygii,Perciformes,Eleotridae,Chordata,1427,False,False,1,1,0,0,1,0,False,very_sparse_1_4,Very limited (1-4 protective contexts),False,0.0027248537355688,extended_greedy_order,Very limited direct protective support; confirmatory testing is a high priority.
Bellamya bengalensis,,Gastropoda,Architaenioglossa,Viviparidae,Mollusca,1428,False,False,9,7,2,2,3,0,False,sparse_5_19,Limited (5-19 protective contexts),False,0.0029182480712357,extended_greedy_order,Limited direct protective support; interpret the rank with the reported uncertainty.
Penaeus indicus,,Malacostraca,Decapoda,Penaeidae,Arthropoda,1429,False,False,1,1,0,0,1,0,False,very_sparse_1_4,Very limited (1-4 protective contexts),False,0.0026769170700503,extended_greedy_order,Very limited direct protective support; confirmatory testing is a high priority.
Elimia livescens,,Gastropoda,Neotaenioglossa,Pleuroceridae,Mollusca,1430,False,False,8,8,0,0,1,4,True,sparse_5_19,Limited (5-19 protective contexts),False,0.0025605519065553,extended_greedy_order,Limited direct protective support; interpret the rank with the reported uncertainty.
Hemibagrus nemurus,,Actinopterygii,Siluriformes,Bagridae,Chordata,1431,False,False,1,1,0,0,1,0,False,very_sparse_1_4,Very limited (1-4 protective contexts),False,0.0027906714768337,extended_greedy_order,Very limited direct protective support; confirmatory testing is a high priority.
Attheyella crassa,,Maxillopoda,Harpacticoida,Canthocamptidae,Arthropoda,1432,False,False,8,6,0,0,1,0,False,sparse_5_19,Limited (5-19 protective contexts),False,0.0020014395131673,extended_greedy_order,Limited direct protective support; interpret the rank with the reported uncertainty.
Paracyclops fimbriatus,,Maxillopoda,Cyclopoida,Cyclopidae,Arthropoda,1433,False,False,1,1,0,0,1,0,False,very_sparse_1_4,Very limited (1-4 protective contexts),False,0.0035157303815509,extended_greedy_order,Very limited direct protective support; confirmatory testing is a high priority.
Syngnathus scovelli,,Actinopterygii,Gasterosteiformes,Syngnathidae,Chordata,1434,False,False,1,1,1,1,1,6,True,very_sparse_1_4,Very limited (1-4 protective contexts),False,0.0027183856630411,extended_greedy_order,Very limited direct protective support; confirmatory testing is a high priority.
Thiara scabra,,Gastropoda,Neotaenioglossa,Thiaridae,Mollusca,1435,False,False,3,3,0,0,1,2,True,very_sparse_1_4,Very limited (1-4 protective contexts),False,0.0031643410046629,extended_greedy_order,Very limited direct protective support; confirmatory testing is a high priority.
Drepanomonas revoluta,,Ciliatea,nan,Microthoracidae,Ciliophora,1436,False,False,6,6,0,0,1,0,False,sparse_5_19,Limited (5-19 protective contexts),False,0.0040477525222357,extended_greedy_order,Limited direct protective support; interpret the rank with the reported uncertainty.
Odontophrynus americanus,,Amphibia,Anura,Cycloramphidae,Chordata,1437,False,False,1,1,0,0,1,0,False,very_sparse_1_4,Very limited (1-4 protective contexts),False,0.002685764621585,extended_greedy_order,Very limited direct protective support; confirmatory testing is a high priority.
Lepidocephalichthys guntea,,Actinopterygii,Cypriniformes,Cobitidae,Chordata,1438,False,False,8,8,6,6,1,0,False,sparse_5_19,Limited (5-19 protective contexts),False,0.0029322736158898,extended_greedy_order,Limited direct protective support; interpret the rank with the reported uncertainty.
Egeria sp.,,Liliopsida,Hydrocharitales,Hydrocharitaceae,Magnoliophyta,1439,False,False,1,1,0,0,1,0,False,very_sparse_1_4,Very limited (1-4 protective contexts),False,0.0037497507769804,extended_greedy_order,Very limited direct protective support; confirmatory testing is a high priority.
Pelodytes ibericus,,Amphibia,Anura,Pelodytidae,Chordata,1440,False,False,1,1,2,2,1,0,False,very_sparse_1_4,Very limited (1-4 protective contexts),False,0.002676467658058,extended_greedy_order,Very limited direct protective support; confirmatory testing is a high priority.
Thiara lineata,,Gastropoda,Neotaenioglossa,Thiaridae,Mollusca,1441,False,False,4,4,0,0,1,0,False,very_sparse_1_4,Very limited (1-4 protective contexts),False,0.0028094938500203,extended_greedy_order,Very limited direct protective support; confirmatory testing is a high priority.
Filopaludina sp.,,Gastropoda,Architaenioglossa,Viviparidae,Mollusca,1442,False,False,1,1,0,0,1,0,False,very_sparse_1_4,Very limited (1-4 protective contexts),False,0.0028861350844137,extended_greedy_order,Very limited direct protective support; confirmatory testing is a high priority.
Viviparus bengalensis,,Gastropoda,Architaenioglossa,Viviparidae,Mollusca,1443,False,False,23,20,2,2,2,0,False,moderate_20_49,Moderate (20-49 protective contexts),False,0.0022188220135187,extended_greedy_order,
Eupomatis gibbosus,,Actinopterygii,Perciformes,Percidae,Chordata,1444,False,False,1,1,0,0,1,0,False,very_sparse_1_4,Very limited (1-4 protective contexts),False,0.0030743182535212,extended_greedy_order,Very limited direct protective support; confirmatory testing is a high priority.
Anabaena flosaquae,,Cyanophyceae,Nostocales,Nostocaceae,Cyanophycota,1445,False,False,3,3,11,11,2,12,True,very_sparse_1_4,Very limited (1-4 protective contexts),False,0.0061263381620689,extended_greedy_order,Very limited direct protective support; confirmatory testing is a high priority.
Acanthocyclops robustus,,Maxillopoda,Cyclopoida,Cyclopidae,Arthropoda,1446,False,False,1,1,0,0,1,0,False,very_sparse_1_4,Very limited (1-4 protective contexts),False,0.0034958060180749,extended_greedy_order,Very limited direct protective support; confirmatory testing is a high priority.
Cypridopsis vidua,,Ostracoda,Podocopa,Cypridopsidae,Arthropoda,1447,False,False,18,14,0,0,1,5,True,sparse_5_19,Limited (5-19 protective contexts),False,0.0024609486083861,extended_greedy_order,Limited direct protective support; interpret the rank with the reported uncertainty.
Campeloma decisum,,Gastropoda,Architaenioglossa,Viviparidae,Mollusca,1448,False,False,2,1,0,0,1,28,True,very_sparse_1_4,Very limited (1-4 protective contexts),False,0.0080545761238605,extended_greedy_order,Very limited direct protective support; confirmatory testing is a high priority.
Hepsetus odoe,,Actinopterygii,Characiformes,Hepsetidae,Chordata,1449,False,False,1,1,0,0,1,0,False,very_sparse_1_4,Very limited (1-4 protective contexts),False,0.0026819374540158,extended_greedy_order,Very limited direct protective support; confirmatory testing is a high priority.
Paramecium caudatum,,Ciliatea,Hymenostomatida,Parameciidae,Ciliophora,1450,False,False,37,34,3,3,2,2,True,moderate_20_49,Moderate (20-49 protective contexts),False,0.0017493376900871,extended_greedy_order,
Sesarma huzardi,,Malacostraca,Decapoda,Sesarmidae,Arthropoda,1451,False,False,3,3,0,0,1,0,False,very_sparse_1_4,Very limited (1-4 protective contexts),False,0.002632138134975,extended_greedy_order,Very limited direct protective support; confirmatory testing is a high priority.
Cipangopaludina chinensis,,Gastropoda,Architaenioglossa,Viviparidae,Mollusca,1452,False,False,2,2,0,0,1,0,False,very_sparse_1_4,Very limited (1-4 protective contexts),False,0.0020352625497037,extended_greedy_order,Very limited direct protective support; confirmatory testing is a high priority.
Pomoxis nigromaculatus,,Actinopterygii,Perciformes,Centrarchidae,Chordata,1453,False,False,6,5,0,0,1,13,True,sparse_5_19,Limited (5-19 protective contexts),False,0.0052359682320829,extended_greedy_order,Limited direct protective support; interpret the rank with the reported uncertainty.
Adelotus brevis,,Amphibia,Anura,Myobatrachidae,Chordata,1454,False,False,5,5,0,0,1,0,False,sparse_5_19,Limited (5-19 protective contexts),False,0.0026569607684989,extended_greedy_order,Limited direct protective support; interpret the rank with the reported uncertainty.
Cherax tenuimanus,,Malacostraca,Decapoda,Parastacidae,Arthropoda,1455,False,False,1,1,0,0,1,0,False,very_sparse_1_4,Very limited (1-4 protective contexts),False,0.0027991351044242,extended_greedy_order,Very limited direct protective support; confirmatory testing is a high priority.
Eurycea bislineata,,Amphibia,Caudata,Plethodontidae,Chordata,1456,False,False,1,1,0,0,1,15,True,very_sparse_1_4,Very limited (1-4 protective contexts),False,0.0035750969538338,extended_greedy_order,Very limited direct protective support; confirmatory testing is a high priority.
Pomoxis annularis,,Actinopterygii,Perciformes,Centrarchidae,Chordata,1457,False,False,1,1,1,1,1,9,True,very_sparse_1_4,Very limited (1-4 protective contexts),False,0.0044750009953943,extended_greedy_order,Very limited direct protective support; confirmatory testing is a high priority.
Bulinus truncatus,,Gastropoda,Cephalaspidea,Bullinidae,Mollusca,1458,False,False,28,21,0,0,3,0,False,moderate_20_49,Moderate (20-49 protective contexts),False,0.0020910406772388,extended_greedy_order,
Penaeus chinensis,,Malacostraca,Decapoda,Penaeidae,Arthropoda,1459,False,False,4,4,0,0,1,0,False,very_sparse_1_4,Very limited (1-4 protective contexts),False,0.0026220772210969,extended_greedy_order,Very limited direct protective support; confirmatory testing is a high priority.
Fundulus diaphanus,,Actinopterygii,Cyprinodontiformes,Cyprinodontidae,Chordata,1460,False,False,1,1,0,0,1,19,True,very_sparse_1_4,Very limited (1-4 protective contexts),False,0.0067042806767635,extended_greedy_order,Very limited direct protective support; confirmatory testing is a high priority.
Limnodynastes peronii,,Amphibia,Anura,Limnodynastidae,Chordata,1461,False,False,11,9,2,2,1,0,False,sparse_5_19,Limited (5-19 protective contexts),False,0.0019746017064192,extended_greedy_order,Limited direct protective support; interpret the rank with the reported uncertainty.
Diacyclops sp.,,Maxillopoda,Cyclopoida,Cyclopidae,Arthropoda,1462,False,False,1,1,0,0,1,0,False,very_sparse_1_4,Very limited (1-4 protective contexts),False,0.0035097391369609,extended_greedy_order,Very limited direct protective support; confirmatory testing is a high priority.
Diacyclops disjunctus,,Maxillopoda,Cyclopoida,Cyclopidae,Arthropoda,1463,False,False,1,1,0,0,1,0,False,very_sparse_1_4,Very limited (1-4 protective contexts),False,0.0035076170632,extended_greedy_order,Very limited direct protective support; confirmatory testing is a high priority.
Diacyclops bicuspidatus,,Maxillopoda,Cyclopoida,Cyclopidae,Arthropoda,1464,False,False,1,1,0,0,1,3,True,very_sparse_1_4,Very limited (1-4 protective contexts),False,0.0041343541322511,extended_greedy_order,Very limited direct protective support; confirmatory testing is a high priority.
Clarias gariepinus,,Actinopterygii,Siluriformes,Clariidae,Chordata,1465,False,False,114,38,16,11,2,0,False,strong_50_plus,Strong (50+ protective contexts),False,0.0011622770250327,extended_greedy_order,
Aphanocapsa sp.,,Cyanophyceae,Chroococcales,Chroococcaceae,Cyanophycota,1466,False,False,1,1,0,0,1,0,False,very_sparse_1_4,Very limited (1-4 protective contexts),False,0.003529910164339,extended_greedy_order,Very limited direct protective support; confirmatory testing is a high priority.
Gloeocapsa sp.,,Cyanophyceae,Chroococcales,Chroococcaceae,Cyanophycota,1467,False,False,1,1,1,1,1,0,False,very_sparse_1_4,Very limited (1-4 protective contexts),False,0.003529910164339,extended_greedy_order,Very limited direct protective support; confirmatory testing is a high priority.
Colisa lalia,,Actinopterygii,Perciformes,Osphronemidae,Chordata,1468,False,False,2,2,1,1,1,0,False,very_sparse_1_4,Very limited (1-4 protective contexts),False,0.0028331503462915,extended_greedy_order,Very limited direct protective support; confirmatory testing is a high priority.
Schistosoma mansoni,,Trematoda,Strigeatida,Schistosomatidae,Platyhelminthes,1469,False,False,19,12,1,1,1,0,False,sparse_5_19,Limited (5-19 protective contexts),False,0.0040239748150611,extended_greedy_order,Limited direct protective support; interpret the rank with the reported uncertainty.
Pleurocera sp.,,Gastropoda,Neotaenioglossa,Pleuroceridae,Mollusca,1470,False,False,4,4,0,0,1,0,False,very_sparse_1_4,Very limited (1-4 protective contexts),False,0.002896671403619,extended_greedy_order,Very limited direct protective support; confirmatory testing is a high priority.
Diacyclops thomasi,,Maxillopoda,Cyclopoida,Cyclopidae,Arthropoda,1471,False,False,4,3,1,1,1,0,False,very_sparse_1_4,Very limited (1-4 protective contexts),False,0.0035306130607181,extended_greedy_order,Very limited direct protective support; confirmatory testing is a high priority.
Anabaena aphanizomendoides,,Cyanophyceae,Nostocales,Nostocaceae,Cyanophycota,1472,False,False,2,2,0,0,1,0,False,very_sparse_1_4,Very limited (1-4 protective contexts),False,0.0034543466256161,extended_greedy_order,Very limited direct protective support; confirmatory testing is a high priority.
Hypostomus plecostomus,,Actinopterygii,Siluriformes,Loricariidae,Chordata,1473,False,False,3,2,0,0,1,0,False,very_sparse_1_4,Very limited (1-4 protective contexts),False,0.0027331266507524,extended_greedy_order,Very limited direct protective support; confirmatory testing is a high priority.
Monoporeia affinis,,Malacostraca,Amphipoda,Pontoporeiidae,Arthropoda,1474,False,False,6,1,0,0,2,0,False,sparse_5_19,Limited (5-19 protective contexts),False,0.0028091269912568,extended_greedy_order,Limited direct protective support; interpret the rank with the reported uncertainty.
Parreysia cylindrica,,Bivalvia,Unionoida,Unionidae,Mollusca,1475,False,False,11,8,0,0,1,0,False,sparse_5_19,Limited (5-19 protective contexts),False,0.0027558415410157,extended_greedy_order,Limited direct protective support; interpret the rank with the reported uncertainty.
Biomphalaria alexandrina,,Gastropoda,Basommatophora,Planorbidae,Mollusca,1476,False,False,59,35,0,0,3,0,False,strong_50_plus,Strong (50+ protective contexts),False,0.0020088959983731,extended_greedy_order,
Synodontis sp.,,Actinopterygii,Siluriformes,Mochokidae,Chordata,1477,False,False,1,1,0,0,1,0,False,very_sparse_1_4,Very limited (1-4 protective contexts),False,0.0018608946453779,extended_greedy_order,Very limited direct protective support; confirmatory testing is a high priority.
Chlamydomonas geitleri,,Chlorophyceae,Volvocales,Chlamydomonadaceae,Chlorophyta,1478,False,False,1,1,2,2,1,0,False,very_sparse_1_4,Very limited (1-4 protective contexts),False,0.0031413382210591,extended_greedy_order,Very limited direct protective support; confirmatory testing is a high priority.
Neosilurus sp.,,Actinopterygii,Siluriformes,Plotosidae,Chordata,1479,False,False,1,1,0,0,1,0,False,very_sparse_1_4,Very limited (1-4 protective contexts),False,0.0026204815951714,extended_greedy_order,Very limited direct protective support; confirmatory testing is a high priority.
Viviparus contectus,,Gastropoda,Architaenioglossa,Viviparidae,Mollusca,1480,False,False,1,1,0,0,1,0,False,very_sparse_1_4,Very limited (1-4 protective contexts),False,0.0029869418373539,extended_greedy_order,Very limited direct protective support; confirmatory testing is a high priority.
Scylla serrata,,Malacostraca,Decapoda,Portunidae,Arthropoda,1481,False,False,3,1,0,0,1,1,True,very_sparse_1_4,Very limited (1-4 protective contexts),False,0.0028609600966734,extended_greedy_order,Very limited direct protective support; confirmatory testing is a high priority.
Rhacophorus arboreus,,Amphibia,Anura,Rhacophoridae,Chordata,1482,False,False,1,1,0,0,1,0,False,very_sparse_1_4,Very limited (1-4 protective contexts),False,0.0027389229669293,extended_greedy_order,Very limited direct protective support; confirmatory testing is a high priority.
Barytelphusa guerini,,Malacostraca,Decapoda,Potamidae,Arthropoda,1483,False,False,1,1,5,5,2,0,False,very_sparse_1_4,Very limited (1-4 protective contexts),False,0.0026296880218618,extended_greedy_order,Very limited direct protective support; confirmatory testing is a high priority.
Stagnicola elodes,,Gastropoda,Basommatophora,Lymnaeidae,Mollusca,1484,False,False,5,2,0,0,1,18,True,sparse_5_19,Limited (5-19 protective contexts),False,0.0062559498002879,extended_greedy_order,Limited direct protective support; interpret the rank with the reported uncertainty.
Wallago attu,,Actinopterygii,Siluriformes,Siluridae,Chordata,1485,False,False,3,2,0,0,1,0,False,very_sparse_1_4,Very limited (1-4 protective contexts),False,0.0026102435423023,extended_greedy_order,Very limited direct protective support; confirmatory testing is a high priority.
Aphanothece stagnina,,Cyanophyceae,Chroococcales,Chroococcaceae,Cyanophycota,1486,False,False,1,1,0,0,1,2,True,very_sparse_1_4,Very limited (1-4 protective contexts),False,0.0039244747257121,extended_greedy_order,Very limited direct protective support; confirmatory testing is a high priority.
Clarias batrachus,,Actinopterygii,Siluriformes,Clariidae,Chordata,1487,False,False,79,48,17,16,3,0,False,strong_50_plus,Strong (50+ protective contexts),False,0.0014264850112834,extended_greedy_order,
Tilapia guineensis,,Actinopterygii,Perciformes,Cichlidae,Chordata,1488,False,False,6,3,0,0,1,0,False,sparse_5_19,Limited (5-19 protective contexts),False,0.0026803446667568,extended_greedy_order,Limited direct protective support; interpret the rank with the reported uncertainty.
Eriocheir sinensis,,Malacostraca,Decapoda,Grapsidae,Arthropoda,1489,False,False,15,7,5,4,3,0,False,sparse_5_19,Limited (5-19 protective contexts),False,0.0015798642132364,extended_greedy_order,Limited direct protective support; interpret the rank with the reported uncertainty.
Umbra pygmaea,,Actinopterygii,Esociformes,Umbridae,Chordata,1490,False,False,1,1,0,0,1,10,True,very_sparse_1_4,Very limited (1-4 protective contexts),False,0.0041676133366382,extended_greedy_order,Very limited direct protective support; confirmatory testing is a high priority.
Pseudoplatystoma sp.,,Actinopterygii,Siluriformes,Pimelodidae,Chordata,1491,False,False,2,1,2,1,1,0,False,very_sparse_1_4,Very limited (1-4 protective contexts),False,0.0026038027720786,extended_greedy_order,Very limited direct protective support; confirmatory testing is a high priority.
Nandus nandus,,Actinopterygii,Perciformes,Nandidae,Chordata,1492,False,False,4,2,0,0,1,0,False,very_sparse_1_4,Very limited (1-4 protective contexts),False,0.002601947667672,extended_greedy_order,Very limited direct protective support; confirmatory testing is a high priority.
Nemapteryx nenga,,Actinopterygii,Siluriformes,Ariidae,Chordata,1493,False,False,1,1,1,1,1,0,False,very_sparse_1_4,Very limited (1-4 protective contexts),False,0.0025989735282362,extended_greedy_order,Very limited direct protective support; confirmatory testing is a high priority.
Leporinus obtusidens,,Actinopterygii,Characiformes,Anostomidae,Chordata,1494,False,False,6,3,1,1,1,0,False,sparse_5_19,Limited (5-19 protective contexts),False,0.0027939372149851,extended_greedy_order,Limited direct protective support; interpret the rank with the reported uncertainty.
Rivulus marmoratus,,Actinopterygii,Cyprinodontiformes,Aplocheilidae,Chordata,1495,False,False,1,1,0,0,1,1,True,very_sparse_1_4,Very limited (1-4 protective contexts),False,0.0027535744742025,extended_greedy_order,Very limited direct protective support; confirmatory testing is a high priority.
Dilocarcinus pagei,,Malacostraca,Decapoda,Trichodactylidae,Arthropoda,1496,False,False,1,1,1,1,1,0,False,very_sparse_1_4,Very limited (1-4 protective contexts),False,0.002815409865865,extended_greedy_order,Very limited direct protective support; confirmatory testing is a high priority.
Sulcospira hainanensis,,Gastropoda,nan,Pachychilidae,Mollusca,1497,False,False,1,1,0,0,1,0,False,very_sparse_1_4,Very limited (1-4 protective contexts),False,0.0026152912755688,extended_greedy_order,Very limited direct protective support; confirmatory testing is a high priority.
Scaphiopus holbrookii,,Amphibia,Anura,Pelobatidae,Chordata,1498,False,False,1,1,0,0,1,22,True,very_sparse_1_4,Very limited (1-4 protective contexts),False,0.0061338670680563,extended_greedy_order,Very limited direct protective support; confirmatory testing is a high priority.
Rhinomugil corsula,,Actinopterygii,Mugiliformes,Mugilidae,Chordata,1499,False,False,1,1,1,1,1,0,False,very_sparse_1_4,Very limited (1-4 protective contexts),False,0.002591673150047,extended_greedy_order,Very limited direct protective support; confirmatory testing is a high priority.
Anguilla sp.,,Actinopterygii,Anguilliformes,Anguillidae,Chordata,1500,False,False,3,1,0,0,1,0,False,very_sparse_1_4,Very limited (1-4 protective contexts),False,0.0022158147739815,extended_greedy_order,Very limited direct protective support; confirmatory testing is a high priority.
Crinia signifera,,Amphibia,Anura,Myobatrachidae,Chordata,1501,False,False,1,1,0,0,1,0,False,very_sparse_1_4,Very limited (1-4 protective contexts),False,0.002571345070661,extended_greedy_order,Very limited direct protective support; confirmatory testing is a high priority.
Nemacheilus botia,,Actinopterygii,Cypriniformes,Balitoridae,Chordata,1502,False,False,2,1,0,0,1,0,False,very_sparse_1_4,Very limited (1-4 protective contexts),False,0.0027496961793139,extended_greedy_order,Very limited direct protective support; confirmatory testing is a high priority.
Ambloplites rupestris,,Actinopterygii,Perciformes,Centrarchidae,Chordata,1503,False,False,4,4,0,0,1,4,True,very_sparse_1_4,Very limited (1-4 protective contexts),False,0.0035274341569073,extended_greedy_order,Very limited direct protective support; confirmatory testing is a high priority.
Chlamydomonas reinhardtii,,Chlorophyceae,Volvocales,Chlamydomonadaceae,Chlorophyta,1504,False,False,11,9,48,37,2,0,False,sparse_5_19,Limited (5-19 protective contexts),False,0.0020767343046291,extended_greedy_order,Limited direct protective support; interpret the rank with the reported uncertainty.
Nannostomus unifasciatus,,Actinopterygii,Characiformes,Lebiasinidae,Chordata,1505,False,False,2,2,0,0,1,0,False,very_sparse_1_4,Very limited (1-4 protective contexts),False,0.0018542517371073,extended_greedy_order,Very limited direct protective support; confirmatory testing is a high priority.
Piaractus mesopotamicus,,Actinopterygii,Characiformes,Characidae,Chordata,1506,False,False,8,4,2,2,2,0,False,sparse_5_19,Limited (5-19 protective contexts),False,0.0021716577241646,extended_greedy_order,Limited direct protective support; interpret the rank with the reported uncertainty.
Cherax quadricarinatus,,Malacostraca,Decapoda,Parastacidae,Arthropoda,1507,False,False,13,5,3,3,2,1,True,sparse_5_19,Limited (5-19 protective contexts),False,0.0020811124490881,extended_greedy_order,Limited direct protective support; interpret the rank with the reported uncertainty.
Thiara sp.,,Gastropoda,Neotaenioglossa,Thiaridae,Mollusca,1508,False,False,3,3,0,0,1,0,False,very_sparse_1_4,Very limited (1-4 protective contexts),False,0.0026976810474306,extended_greedy_order,Very limited direct protective support; confirmatory testing is a high priority.
Prochilodus scrofa,,Actinopterygii,Characiformes,Curimatidae,Chordata,1509,False,False,3,1,0,0,2,0,False,very_sparse_1_4,Very limited (1-4 protective contexts),False,0.0030322917679203,extended_greedy_order,Very limited direct protective support; confirmatory testing is a high priority.
Alytes obstetricans,,Amphibia,Anura,Alytidae,Chordata,1510,False,False,1,1,0,0,1,0,False,very_sparse_1_4,Very limited (1-4 protective contexts),False,0.0026441676430228,extended_greedy_order,Very limited direct protective support; confirmatory testing is a high priority.
Chlamydomonas angulosa,,Chlorophyceae,Volvocales,Chlamydomonadaceae,Chlorophyta,1511,False,False,1,1,13,13,1,0,False,very_sparse_1_4,Very limited (1-4 protective contexts),False,0.0030904589278668,extended_greedy_order,Very limited direct protective support; confirmatory testing is a high priority.
Colisa fasciata,,Actinopterygii,Perciformes,Osphronemidae,Chordata,1512,False,False,39,25,2,2,2,0,False,moderate_20_49,Moderate (20-49 protective contexts),False,0.001671666193589,extended_greedy_order,
Bulinus globosus,,Gastropoda,Cephalaspidea,Bullinidae,Mollusca,1513,False,False,1,1,0,0,1,0,False,very_sparse_1_4,Very limited (1-4 protective contexts),False,0.0027242641516927,extended_greedy_order,Very limited direct protective support; confirmatory testing is a high priority.
Callinectes amnicola,,Malacostraca,Decapoda,Portunidae,Arthropoda,1514,False,False,4,2,0,0,1,0,False,very_sparse_1_4,Very limited (1-4 protective contexts),False,0.0027056068307445,extended_greedy_order,Very limited direct protective support; confirmatory testing is a high priority.
Odontesthes bonariensis,,Actinopterygii,Atheriniformes,Atherinopsidae,Chordata,1515,False,False,13,5,3,3,1,0,False,sparse_5_19,Limited (5-19 protective contexts),False,0.0031209506085524,extended_greedy_order,Limited direct protective support; interpret the rank with the reported uncertainty.
Theodoxus fluviatilis,,Gastropoda,Neritopsina,Neritidae,Mollusca,1516,False,False,1,1,1,1,1,0,False,very_sparse_1_4,Very limited (1-4 protective contexts),False,0.0025800994086463,extended_greedy_order,Very limited direct protective support; confirmatory testing is a high priority.
Carcinus maenas,,Malacostraca,Decapoda,Portunidae,Arthropoda,1517,False,False,4,2,0,0,1,2,True,very_sparse_1_4,Very limited (1-4 protective contexts),False,0.0020475399548284,extended_greedy_order,Very limited direct protective support; confirmatory testing is a high priority.
Macquaria novemaculeata,,Actinopterygii,Perciformes,Percichthyidae,Chordata,1518,False,False,1,1,0,0,1,0,False,very_sparse_1_4,Very limited (1-4 protective contexts),False,0.0025602215074599,extended_greedy_order,Very limited direct protective support; confirmatory testing is a high priority.
Nostoc commune,,Cyanophyceae,Nostocales,Nostocaceae,Cyanophycota,1519,False,False,7,7,13,13,2,48,True,sparse_5_19,Limited (5-19 protective contexts),False,0.0095714403918675,extended_greedy_order,Limited direct protective support; interpret the rank with the reported uncertainty.
Amphimelania holandri,,Gastropoda,Neotaenioglossa,Thiaridae,Mollusca,1520,False,False,1,1,0,0,1,0,False,very_sparse_1_4,Very limited (1-4 protective contexts),False,0.0019027830564723,extended_greedy_order,Very limited direct protective support; confirmatory testing is a high priority.
Monopterus albus,,Actinopterygii,Synbranchiformes,Synbranchidae,Chordata,1521,False,False,2,1,0,0,1,0,False,very_sparse_1_4,Very limited (1-4 protective contexts),False,0.0018126587145949,extended_greedy_order,Very limited direct protective support; confirmatory testing is a high priority.
Otocinclus affinis,,Actinopterygii,Siluriformes,Loricariidae,Chordata,1522,False,False,2,2,0,0,1,0,False,very_sparse_1_4,Very limited (1-4 protective contexts),False,0.001849066077981,extended_greedy_order,Very limited direct protective support; confirmatory testing is a high priority.
Chlorohydra viridissima,,Hydrozoa,Hydroida,Hydridae,Cnidaria,1523,False,False,4,3,2,2,1,27,True,very_sparse_1_4,Very limited (1-4 protective contexts),False,0.0093827591702418,extended_greedy_order,Very limited direct protective support; confirmatory testing is a high priority.
Chlamydomonas eugametos,,Chlorophyceae,Volvocales,Chlamydomonadaceae,Chlorophyta,1524,False,False,1,1,0,0,2,0,False,very_sparse_1_4,Very limited (1-4 protective contexts),False,0.003074915997054,extended_greedy_order,Very limited direct protective support; confirmatory testing is a high priority.
Macrognathus aculeatus,,Actinopterygii,Synbranchiformes,Mastacembelidae,Chordata,1525,False,False,4,2,1,1,1,0,False,very_sparse_1_4,Very limited (1-4 protective contexts),False,0.0018086249765516,extended_greedy_order,Very limited direct protective support; confirmatory testing is a high priority.
Colossoma macropomum,,Actinopterygii,Characiformes,Characidae,Chordata,1526,False,False,7,6,2,2,1,0,False,sparse_5_19,Limited (5-19 protective contexts),False,0.0022058492827979,extended_greedy_order,Limited direct protective support; interpret the rank with the reported uncertainty.
Rita rita,,Actinopterygii,Siluriformes,Bagridae,Chordata,1527,False,False,3,1,0,0,1,0,False,very_sparse_1_4,Very limited (1-4 protective contexts),False,0.0025849889059288,extended_greedy_order,Very limited direct protective support; confirmatory testing is a high priority.
Selenastrum minutum,,Chlorophyceae,Sphaeropleales,Selenastraceae,Chlorophyta,1528,False,False,4,4,0,0,1,0,False,very_sparse_1_4,Very limited (1-4 protective contexts),False,0.0025850636823891,extended_greedy_order,Very limited direct protective support; confirmatory testing is a high priority.
Anguilla japonica,,Actinopterygii,Anguilliformes,Anguillidae,Chordata,1529,False,False,12,7,6,3,2,0,False,sparse_5_19,Limited (5-19 protective contexts),False,0.0022298283995537,extended_greedy_order,Limited direct protective support; interpret the rank with the reported uncertainty.
Aplocheilus panchax,,Actinopterygii,Cyprinodontiformes,Cyprinodontidae,Chordata,1530,False,False,1,1,1,1,1,0,False,very_sparse_1_4,Very limited (1-4 protective contexts),False,0.002071868237616,extended_greedy_order,Very limited direct protective support; confirmatory testing is a high priority.
Stenotomus versicolor,,Actinopterygii,Perciformes,Sparidae,Chordata,1531,False,False,2,2,2,2,1,9,True,very_sparse_1_4,Very limited (1-4 protective contexts),False,0.0039091208186564,extended_greedy_order,Very limited direct protective support; confirmatory testing is a high priority.
Barytelphusa cunicularis,,Malacostraca,Decapoda,Potamidae,Arthropoda,1532,False,False,4,4,1,1,1,0,False,very_sparse_1_4,Very limited (1-4 protective contexts),False,0.0018104220832596,extended_greedy_order,Very limited direct protective support; confirmatory testing is a high priority.
Bombina orientalis,,Amphibia,Anura,Bombinatoridae,Chordata,1533,False,False,4,2,0,0,1,0,False,very_sparse_1_4,Very limited (1-4 protective contexts),False,0.0027151296593371,extended_greedy_order,Very limited direct protective support; confirmatory testing is a high priority.
Anabaena variabilis,,Cyanophyceae,Nostocales,Nostocaceae,Cyanophycota,1534,False,False,11,11,10,10,2,0,False,sparse_5_19,Limited (5-19 protective contexts),False,0.0020028283848694,extended_greedy_order,Limited direct protective support; interpret the rank with the reported uncertainty.
Crinia insignifera,,Amphibia,Anura,Myobatrachidae,Chordata,1535,False,False,2,2,0,0,1,0,False,very_sparse_1_4,Very limited (1-4 protective contexts),False,0.0017930762346595,extended_greedy_order,Very limited direct protective support; confirmatory testing is a high priority.
Bombina variegata,,Amphibia,Anura,Bombinatoridae,Chordata,1536,False,False,2,1,0,0,2,0,False,very_sparse_1_4,Very limited (1-4 protective contexts),False,0.0026265368971765,extended_greedy_order,Very limited direct protective support; confirmatory testing is a high priority.
Pterophyllum scalare,,Actinopterygii,Perciformes,Cichlidae,Chordata,1537,False,False,4,3,0,0,1,0,False,very_sparse_1_4,Very limited (1-4 protective contexts),False,0.002801480570032,extended_greedy_order,Very limited direct protective support; confirmatory testing is a high priority.
Mesocyclops sp.,,Maxillopoda,Cyclopoida,Cyclopidae,Arthropoda,1538,False,False,10,10,0,0,1,0,False,sparse_5_19,Limited (5-19 protective contexts),False,0.0019817117634747,extended_greedy_order,Limited direct protective support; interpret the rank with the reported uncertainty.
Hynobius retardatus,,Amphibia,Caudata,Hynobiidae,Chordata,1539,False,False,2,1,0,0,2,0,False,very_sparse_1_4,Very limited (1-4 protective contexts),False,0.0025134289110742,extended_greedy_order,Very limited direct protective support; confirmatory testing is a high priority.
Limnodynastes tasmaniensis,,Amphibia,Anura,Limnodynastidae,Chordata,1540,False,False,2,1,0,0,1,0,False,very_sparse_1_4,Very limited (1-4 protective contexts),False,0.0027213438223647,extended_greedy_order,Very limited direct protective support; confirmatory testing is a high priority.
Bulinus tropicus,,Gastropoda,Cephalaspidea,Bullinidae,Mollusca,1541,False,False,2,2,1,1,1,0,False,very_sparse_1_4,Very limited (1-4 protective contexts),False,0.0026805439193762,extended_greedy_order,Very limited direct protective support; confirmatory testing is a high priority.
Texadina sp.,,Gastropoda,Littorinimorpha,Cochliopidae,Mollusca,1542,False,False,2,1,0,0,1,0,False,very_sparse_1_4,Very limited (1-4 protective contexts),False,0.0025383434783074,extended_greedy_order,Very limited direct protective support; confirmatory testing is a high priority.
Nothobranchius guentheri,,Actinopterygii,Cyprinodontiformes,Nothobranchiidae,Chordata,1543,False,False,11,11,0,0,1,0,False,sparse_5_19,Limited (5-19 protective contexts),False,0.0017400146335082,extended_greedy_order,Limited direct protective support; interpret the rank with the reported uncertainty.
Brotia sp.,,Gastropoda,Neotaenioglossa,Pleuroceridae,Mollusca,1544,False,False,6,2,4,2,2,0,False,sparse_5_19,Limited (5-19 protective contexts),False,0.0028299757954357,extended_greedy_order,Limited direct protective support; interpret the rank with the reported uncertainty.
Monopterus cuchia,,Actinopterygii,Synbranchiformes,Synbranchidae,Chordata,1545,False,False,4,2,0,0,1,1,True,very_sparse_1_4,Very limited (1-4 protective contexts),False,0.0026572403782801,extended_greedy_order,Very limited direct protective support; confirmatory testing is a high priority.
Chilina gibbosa,,Gastropoda,Basommatophora,Chilinidae,Mollusca,1546,False,False,2,2,1,1,1,0,False,very_sparse_1_4,Very limited (1-4 protective contexts),False,0.0025207325769041,extended_greedy_order,Very limited direct protective support; confirmatory testing is a high priority.
Discoglossus pictus,,Amphibia,Anura,Alytidae,Chordata,1547,False,False,1,1,0,0,2,0,False,very_sparse_1_4,Very limited (1-4 protective contexts),False,0.0026734381738931,extended_greedy_order,Very limited direct protective support; confirmatory testing is a high priority.
Coccochloris peniocystis,,Cyanophyceae,Chroococcales,Chroococcaceae,Cyanophycota,1548,False,False,2,2,0,0,1,0,False,very_sparse_1_4,Very limited (1-4 protective contexts),False,0.0033920217924076,extended_greedy_order,Very limited direct protective support; confirmatory testing is a high priority.
Macropodus opercularis,,Actinopterygii,Perciformes,Anabantidae,Chordata,1549,False,False,1,1,0,0,1,0,False,very_sparse_1_4,Very limited (1-4 protective contexts),False,0.0026096021218258,extended_greedy_order,Very limited direct protective support; confirmatory testing is a high priority.
Viviparus georgianus,,Gastropoda,Architaenioglossa,Viviparidae,Mollusca,1550,False,False,4,2,0,0,1,24,True,very_sparse_1_4,Very limited (1-4 protective contexts),False,0.0072577660888435,extended_greedy_order,Very limited direct protective support; confirmatory testing is a high priority.
Tilapia aurea,,Actinopterygii,Perciformes,Cichlidae,Chordata,1551,False,False,12,10,1,1,3,9,True,sparse_5_19,Limited (5-19 protective contexts),False,0.0028784143737649,extended_greedy_order,Limited direct protective support; interpret the rank with the reported uncertainty.
Paralichthys orbignyanus,,Actinopterygii,Pleuronectiformes,Bothidae,Chordata,1552,False,False,2,2,0,0,1,0,False,very_sparse_1_4,Very limited (1-4 protective contexts),False,0.0024851629549969,extended_greedy_order,Very limited direct protective support; confirmatory testing is a high priority.
Chlamydomonas applanata,,Chlorophyceae,Volvocales,Chlamydomonadaceae,Chlorophyta,1553,False,False,3,3,0,0,1,0,False,very_sparse_1_4,Very limited (1-4 protective contexts),False,0.0030089585465189,extended_greedy_order,Very limited direct protective support; confirmatory testing is a high priority.
Bulinus abyssinicus,,Gastropoda,Cephalaspidea,Bullinidae,Mollusca,1554,False,False,3,3,0,0,1,0,False,very_sparse_1_4,Very limited (1-4 protective contexts),False,0.0026408764810661,extended_greedy_order,Very limited direct protective support; confirmatory testing is a high priority.
Synechococcus elongatus,,Cyanophyceae,Chroococcales,Chroococcaceae,Cyanophycota,1555,False,False,2,2,2,2,2,0,False,very_sparse_1_4,Very limited (1-4 protective contexts),False,0.0033841872074899,extended_greedy_order,Very limited direct protective support; confirmatory testing is a high priority.
Tubifex tubifex,,Oligochaeta,Haplotaxida,Naididae,Annelida,1556,False,False,95,57,5,5,3,8,True,strong_50_plus,Strong (50+ protective contexts),False,0.0018923949550841,extended_greedy_order,
Polypedates megacephalus,,Amphibia,Anura,Rhacophoridae,Chordata,1557,False,False,6,4,1,1,1,0,False,sparse_5_19,Limited (5-19 protective contexts),False,0.0016073280713792,extended_greedy_order,Limited direct protective support; interpret the rank with the reported uncertainty.
Najas guadalupensis,,Liliopsida,Najadales,Najadaceae,Magnoliophyta,1558,False,False,8,8,0,0,1,23,True,sparse_5_19,Limited (5-19 protective contexts),False,0.0061422036960522,extended_greedy_order,Limited direct protective support; interpret the rank with the reported uncertainty.
Chlamydomonas altera,,Chlorophyceae,Volvocales,Chlamydomonadaceae,Chlorophyta,1559,False,False,4,4,0,0,1,0,False,very_sparse_1_4,Very limited (1-4 protective contexts),False,0.0029790804829806,extended_greedy_order,Very limited direct protective support; confirmatory testing is a high priority.
Chlamydomonas asymmetrica,,Chlorophyceae,Volvocales,Chlamydomonadaceae,Chlorophyta,1560,False,False,4,4,0,0,1,0,False,very_sparse_1_4,Very limited (1-4 protective contexts),False,0.0029790804829806,extended_greedy_order,Very limited direct protective support; confirmatory testing is a high priority.
Chlamydomonas botryopara,,Chlorophyceae,Volvocales,Chlamydomonadaceae,Chlorophyta,1561,False,False,4,4,0,0,1,0,False,very_sparse_1_4,Very limited (1-4 protective contexts),False,0.0029790804829806,extended_greedy_order,Very limited direct protective support; confirmatory testing is a high priority.
Chlamydomonas britannica,,Chlorophyceae,Volvocales,Chlamydomonadaceae,Chlorophyta,1562,False,False,4,4,0,0,1,0,False,very_sparse_1_4,Very limited (1-4 protective contexts),False,0.0029790804829806,extended_greedy_order,Very limited direct protective support; confirmatory testing is a high priority.
Chlamydomonas debaryana,,Chlorophyceae,Volvocales,Chlamydomonadaceae,Chlorophyta,1563,False,False,4,4,0,0,1,0,False,very_sparse_1_4,Very limited (1-4 protective contexts),False,0.0029790804829806,extended_greedy_order,Very limited direct protective support; confirmatory testing is a high priority.
Chlamydomonas globosa,,Chlorophyceae,Volvocales,Chlamydomonadaceae,Chlorophyta,1564,False,False,4,4,0,0,1,0,False,very_sparse_1_4,Very limited (1-4 protective contexts),False,0.0029790804829806,extended_greedy_order,Very limited direct protective support; confirmatory testing is a high priority.
Cherax destructor,,Malacostraca,Decapoda,Parastacidae,Arthropoda,1565,False,False,10,5,2,1,2,0,False,sparse_5_19,Limited (5-19 protective contexts),False,0.0018686439192759,extended_greedy_order,Limited direct protective support; interpret the rank with the reported uncertainty.
Chlamydomonas gloeopara,,Chlorophyceae,Volvocales,Chlamydomonadaceae,Chlorophyta,1566,False,False,4,4,0,0,1,0,False,very_sparse_1_4,Very limited (1-4 protective contexts),False,0.0029790804829806,extended_greedy_order,Very limited direct protective support; confirmatory testing is a high priority.
Chlamydomonas hebes,,Chlorophyceae,Volvocales,Chlamydomonadaceae,Chlorophyta,1567,False,False,4,4,0,0,1,0,False,very_sparse_1_4,Very limited (1-4 protective contexts),False,0.0029790804829806,extended_greedy_order,Very limited direct protective support; confirmatory testing is a high priority.
Chlamydomonas heterogama,,Chlorophyceae,Volvocales,Chlamydomonadaceae,Chlorophyta,1568,False,False,4,4,0,0,1,0,False,very_sparse_1_4,Very limited (1-4 protective contexts),False,0.0029790804829806,extended_greedy_order,Very limited direct protective support; confirmatory testing is a high priority.
Chlamydomonas kniepii,,Chlorophyceae,Volvocales,Chlamydomonadaceae,Chlorophyta,1569,False,False,4,4,0,0,1,0,False,very_sparse_1_4,Very limited (1-4 protective contexts),False,0.0029790804829806,extended_greedy_order,Very limited direct protective support; confirmatory testing is a high priority.
Chlamydomonas latifrons,,Chlorophyceae,Volvocales,Chlamydomonadaceae,Chlorophyta,1570,False,False,4,4,0,0,1,0,False,very_sparse_1_4,Very limited (1-4 protective contexts),False,0.0029790804829806,extended_greedy_order,Very limited direct protective support; confirmatory testing is a high priority.
Chlamydomonas micropapillata,,Chlorophyceae,Volvocales,Chlamydomonadaceae,Chlorophyta,1571,False,False,4,4,0,0,1,0,False,very_sparse_1_4,Very limited (1-4 protective contexts),False,0.0029790804829806,extended_greedy_order,Very limited direct protective support; confirmatory testing is a high priority.
Chlamydomonas mutabilis,,Chlorophyceae,Volvocales,Chlamydomonadaceae,Chlorophyta,1572,False,False,4,4,0,0,1,0,False,very_sparse_1_4,Very limited (1-4 protective contexts),False,0.0029790804829806,extended_greedy_order,Very limited direct protective support; confirmatory testing is a high priority.
Chlamydomonas peterfi,,Chlorophyceae,Volvocales,Chlamydomonadaceae,Chlorophyta,1573,False,False,4,4,0,0,1,0,False,very_sparse_1_4,Very limited (1-4 protective contexts),False,0.0029790804829806,extended_greedy_order,Very limited direct protective support; confirmatory testing is a high priority.
Chlamydomonas planctogloea,,Chlorophyceae,Volvocales,Chlamydomonadaceae,Chlorophyta,1574,False,False,4,4,0,0,1,0,False,very_sparse_1_4,Very limited (1-4 protective contexts),False,0.0029790804829806,extended_greedy_order,Very limited direct protective support; confirmatory testing is a high priority.
Chlamydomonas pseudoelegans,,Chlorophyceae,Volvocales,Chlamydomonadaceae,Chlorophyta,1575,False,False,4,4,0,0,1,0,False,very_sparse_1_4,Very limited (1-4 protective contexts),False,0.0029790804829806,extended_greedy_order,Very limited direct protective support; confirmatory testing is a high priority.
Chlamydomonas quiescens,,Chlorophyceae,Volvocales,Chlamydomonadaceae,Chlorophyta,1576,False,False,4,4,0,0,1,0,False,very_sparse_1_4,Very limited (1-4 protective contexts),False,0.0029790804829806,extended_greedy_order,Very limited direct protective support; confirmatory testing is a high priority.
Chlamydomonas snowiae,,Chlorophyceae,Volvocales,Chlamydomonadaceae,Chlorophyta,1577,False,False,4,4,1,1,1,0,False,very_sparse_1_4,Very limited (1-4 protective contexts),False,0.0029790804829806,extended_greedy_order,Very limited direct protective support; confirmatory testing is a high priority.
Chlamydomonas sphagnophila,,Chlorophyceae,Volvocales,Chlamydomonadaceae,Chlorophyta,1578,False,False,4,4,0,0,1,0,False,very_sparse_1_4,Very limited (1-4 protective contexts),False,0.0029790804829806,extended_greedy_order,Very limited direct protective support; confirmatory testing is a high priority.
Chlamydomonas subtilis,,Chlorophyceae,Volvocales,Chlamydomonadaceae,Chlorophyta,1579,False,False,4,4,0,0,1,0,False,very_sparse_1_4,Very limited (1-4 protective contexts),False,0.0029790804829806,extended_greedy_order,Very limited direct protective support; confirmatory testing is a high priority.
Chlamydomonas terricola,,Chlorophyceae,Volvocales,Chlamydomonadaceae,Chlorophyta,1580,False,False,4,4,0,0,1,0,False,very_sparse_1_4,Very limited (1-4 protective contexts),False,0.0029790804829806,extended_greedy_order,Very limited direct protective support; confirmatory testing is a high priority.
Chlamydomonas vulgaris,,Chlorophyceae,Volvocales,Chlamydomonadaceae,Chlorophyta,1581,False,False,4,4,0,0,1,0,False,very_sparse_1_4,Very limited (1-4 protective contexts),False,0.0029790804829806,extended_greedy_order,Very limited direct protective support; confirmatory testing is a high priority.
Chasmagnathus granulata,,Malacostraca,Decapoda,Grapsidae,Arthropoda,1582,False,False,6,3,1,1,2,0,False,sparse_5_19,Limited (5-19 protective contexts),False,0.00262218749746,extended_greedy_order,Limited direct protective support; interpret the rank with the reported uncertainty.
Chlamydomonas sp.,,Chlorophyceae,Volvocales,Chlamydomonadaceae,Chlorophyta,1583,False,False,4,4,2,2,2,0,False,very_sparse_1_4,Very limited (1-4 protective contexts),False,0.0030313235168495,extended_greedy_order,Very limited direct protective support; confirmatory testing is a high priority.
Deltistes luxatus,,Actinopterygii,Cypriniformes,Catostomidae,Chordata,1584,False,False,1,1,0,0,1,2,True,very_sparse_1_4,Very limited (1-4 protective contexts),False,0.0032312511724342,extended_greedy_order,Very limited direct protective support; confirmatory testing is a high priority.
Burnupia stenochorias,,Gastropoda,Basommatophora,Ancylidae,Mollusca,1585,False,False,1,1,0,0,1,0,False,very_sparse_1_4,Very limited (1-4 protective contexts),False,0.0018194465642477,extended_greedy_order,Very limited direct protective support; confirmatory testing is a high priority.
Sphaerium simile,,Bivalvia,Veneroida,Pisidiidae,Mollusca,1586,False,False,5,4,0,0,2,20,True,sparse_5_19,Limited (5-19 protective contexts),False,0.0070862164194658,extended_greedy_order,Limited direct protective support; interpret the rank with the reported uncertainty.
Polypedates cruciger,,Amphibia,Anura,Rhacophoridae,Chordata,1587,False,False,8,3,0,0,1,0,False,sparse_5_19,Limited (5-19 protective contexts),False,0.001995155893668,extended_greedy_order,Limited direct protective support; interpret the rank with the reported uncertainty.
Radix luteola,,Gastropoda,Basommatophora,Lymnaeidae,Mollusca,1588,False,False,21,12,2,1,2,0,False,moderate_20_49,Moderate (20-49 protective contexts),False,0.0017094034306844,extended_greedy_order,
Macoma balthica,,Bivalvia,Veneroida,Tellinidae,Mollusca,1589,False,False,1,1,0,0,1,4,True,very_sparse_1_4,Very limited (1-4 protective contexts),False,0.0038346418296091,extended_greedy_order,Very limited direct protective support; confirmatory testing is a high priority.
Eupera singleyi,,Bivalvia,Veneroida,Pisidiidae,Mollusca,1590,False,False,1,1,0,0,1,0,False,very_sparse_1_4,Very limited (1-4 protective contexts),False,0.0030882612716318,extended_greedy_order,Very limited direct protective support; confirmatory testing is a high priority.
Piaractus brachypomus,,Actinopterygii,Characiformes,Characidae,Chordata,1591,False,False,1,1,0,0,1,1,True,very_sparse_1_4,Very limited (1-4 protective contexts),False,0.0030832252465129,extended_greedy_order,Very limited direct protective support; confirmatory testing is a high priority.
Mystus cavasius,,Actinopterygii,Siluriformes,Bagridae,Chordata,1592,False,False,5,5,0,0,1,0,False,sparse_5_19,Limited (5-19 protective contexts),False,0.0020436937932336,extended_greedy_order,Limited direct protective support; interpret the rank with the reported uncertainty.
Ictiobus cyprinellus,,Actinopterygii,Cypriniformes,Catostomidae,Chordata,1593,False,False,1,1,0,0,1,17,True,very_sparse_1_4,Very limited (1-4 protective contexts),False,0.0058451218459976,extended_greedy_order,Very limited direct protective support; confirmatory testing is a high priority.
Galaxias maculatus,,Actinopterygii,Osmeriformes,Galaxiidae,Chordata,1594,False,False,9,8,1,1,2,0,False,sparse_5_19,Limited (5-19 protective contexts),False,0.001711334041671,extended_greedy_order,Limited direct protective support; interpret the rank with the reported uncertainty.
Channa punctata,,Actinopterygii,Perciformes,Channidae,Chordata,1595,False,False,107,62,28,25,3,0,False,strong_50_plus,Strong (50+ protective contexts),False,0.0010603689126562,extended_greedy_order,
Microcystis sp.,,Cyanophyceae,Chroococcales,Chroococcaceae,Cyanophycota,1596,False,False,1,1,2,2,1,0,False,very_sparse_1_4,Very limited (1-4 protective contexts),False,0.0034756181556744,extended_greedy_order,Very limited direct protective support; confirmatory testing is a high priority.
Cichla ocellaris,,Actinopterygii,Perciformes,Cichlidae,Chordata,1597,False,False,2,1,0,0,1,1,True,very_sparse_1_4,Very limited (1-4 protective contexts),False,0.0028636287055779,extended_greedy_order,Very limited direct protective support; confirmatory testing is a high priority.
Lanistes carinatus,,Gastropoda,Architaenioglossa,Ampullariidae,Mollusca,1598,False,False,5,5,0,0,1,0,False,sparse_5_19,Limited (5-19 protective contexts),False,0.0015930939657228,extended_greedy_order,Limited direct protective support; interpret the rank with the reported uncertainty.
Polycelis nigra,,Turbellaria,Tricladida,Planariidae,Platyhelminthes,1599,False,False,20,20,0,0,1,0,False,moderate_20_49,Moderate (20-49 protective contexts),False,0.0037864228963488,extended_greedy_order,
Cynops pyrrhogaster,,Amphibia,Caudata,Salamandridae,Chordata,1600,False,False,1,1,0,0,1,0,False,very_sparse_1_4,Very limited (1-4 protective contexts),False,0.0026641375024205,extended_greedy_order,Very limited direct protective support; confirmatory testing is a high priority.
Sinopotamon honanense,,Malacostraca,Decapoda,Potamidae,Arthropoda,1601,False,False,3,1,1,1,1,0,False,very_sparse_1_4,Very limited (1-4 protective contexts),False,0.0026516788328431,extended_greedy_order,Very limited direct protective support; confirmatory testing is a high priority.
Acanthocyclops vernalis,,Maxillopoda,Cyclopoida,Cyclopidae,Arthropoda,1602,False,False,4,3,0,0,1,3,True,very_sparse_1_4,Very limited (1-4 protective contexts),False,0.0038239556463303,extended_greedy_order,Very limited direct protective support; confirmatory testing is a high priority.
Trichodactylus borellianus,,Malacostraca,Decapoda,Trichodactylidae,Arthropoda,1603,False,False,6,3,3,3,1,0,False,sparse_5_19,Limited (5-19 protective contexts),False,0.0019010315274631,extended_greedy_order,Limited direct protective support; interpret the rank with the reported uncertainty.
Clarias macrocephalus,,Actinopterygii,Siluriformes,Clariidae,Chordata,1604,False,False,1,1,0,0,1,0,False,very_sparse_1_4,Very limited (1-4 protective contexts),False,0.0030873943700243,extended_greedy_order,Very limited direct protective support; confirmatory testing is a high priority.
Melanoides tuberculata,,Gastropoda,Neotaenioglossa,Thiaridae,Mollusca,1605,False,False,22,14,0,0,2,3,True,moderate_20_49,Moderate (20-49 protective contexts),False,0.0022464976370744,extended_greedy_order,
Pleurodeles sp.,,Amphibia,Caudata,Salamandridae,Chordata,1606,False,False,1,1,0,0,1,0,False,very_sparse_1_4,Very limited (1-4 protective contexts),False,0.0026836550286397,extended_greedy_order,Very limited direct protective support; confirmatory testing is a high priority.
Musculium transversum,,Bivalvia,Veneroida,Pisidiidae,Mollusca,1607,False,False,6,3,0,0,2,18,True,sparse_5_19,Limited (5-19 protective contexts),False,0.0065796543133196,extended_greedy_order,Limited direct protective support; interpret the rank with the reported uncertainty.
Chlamydomonas gloeogama,,Chlorophyceae,Volvocales,Chlamydomonadaceae,Chlorophyta,1608,False,False,4,4,0,0,1,0,False,very_sparse_1_4,Very limited (1-4 protective contexts),False,0.0029223378097372,extended_greedy_order,Very limited direct protective support; confirmatory testing is a high priority.
Tilapia sp.,,Actinopterygii,Perciformes,Cichlidae,Chordata,1609,False,False,17,9,1,1,1,0,False,sparse_5_19,Limited (5-19 protective contexts),False,0.0014349224788932,extended_greedy_order,Limited direct protective support; interpret the rank with the reported uncertainty.
Valvata piscinalis,,Gastropoda,Heterostropha,Valvatidae,Mollusca,1610,False,False,3,2,0,0,1,0,False,very_sparse_1_4,Very limited (1-4 protective contexts),False,0.0017933054920314,extended_greedy_order,Very limited direct protective support; confirmatory testing is a high priority.
Chasmistes brevirostris,,Actinopterygii,Cypriniformes,Catostomidae,Chordata,1611,False,False,1,1,0,0,1,0,False,very_sparse_1_4,Very limited (1-4 protective contexts),False,0.0028397710916888,extended_greedy_order,Very limited direct protective support; confirmatory testing is a high priority.
Mystus keletius,,Actinopterygii,Siluriformes,Bagridae,Chordata,1612,False,False,2,2,2,2,1,0,False,very_sparse_1_4,Very limited (1-4 protective contexts),False,0.0028386535555531,extended_greedy_order,Very limited direct protective support; confirmatory testing is a high priority.
Stenocypris major,,Ostracoda,Podocopida,Cyprididae,Arthropoda,1613,False,False,14,8,0,0,1,0,False,sparse_5_19,Limited (5-19 protective contexts),False,0.0032609981046135,extended_greedy_order,Limited direct protective support; interpret the rank with the reported uncertainty.
Discoglossus galganoi,,Amphibia,Anura,Alytidae,Chordata,1614,False,False,3,1,0,0,2,0,False,very_sparse_1_4,Very limited (1-4 protective contexts),False,0.0026158425523802,extended_greedy_order,Very limited direct protective support; confirmatory testing is a high priority.
Nais variabilis,,Oligochaeta,Haplotaxida,Naididae,Annelida,1615,False,False,2,2,0,0,1,0,False,very_sparse_1_4,Very limited (1-4 protective contexts),False,0.0038128238347943,extended_greedy_order,Very limited direct protective support; confirmatory testing is a high priority.
Parachromis dovii,,Actinopterygii,Perciformes,Cichlidae,Chordata,1616,False,False,4,2,0,0,1,0,False,very_sparse_1_4,Very limited (1-4 protective contexts),False,0.0026523252381026,extended_greedy_order,Very limited direct protective support; confirmatory testing is a high priority.
Myxocyprinus asiaticus,,Actinopterygii,Cypriniformes,Catostomidae,Chordata,1617,False,False,2,2,0,0,2,0,False,very_sparse_1_4,Very limited (1-4 protective contexts),False,0.0028027171878974,extended_greedy_order,Very limited direct protective support; confirmatory testing is a high priority.
Pungitius pungitius,,Actinopterygii,Gasterosteiformes,Gasterosteidae,Chordata,1618,False,False,1,1,0,0,1,10,True,very_sparse_1_4,Very limited (1-4 protective contexts),False,0.0046944601588084,extended_greedy_order,Very limited direct protective support; confirmatory testing is a high priority.
Alosa sapidissima,,Actinopterygii,Clupeiformes,Clupeidae,Chordata,1619,False,False,4,4,0,0,1,10,True,very_sparse_1_4,Very limited (1-4 protective contexts),False,0.0045350439738589,extended_greedy_order,Very limited direct protective support; confirmatory testing is a high priority.
Tilapia zillii,,Actinopterygii,Perciformes,Cichlidae,Chordata,1620,False,False,18,13,5,4,2,0,False,sparse_5_19,Limited (5-19 protective contexts),False,0.0013132395479611,extended_greedy_order,Limited direct protective support; interpret the rank with the reported uncertainty.
Australoheros facetus,,Actinopterygii,Perciformes,Cichlidae,Chordata,1621,False,False,9,5,0,0,1,0,False,sparse_5_19,Limited (5-19 protective contexts),False,0.001919516563337,extended_greedy_order,Limited direct protective support; interpret the rank with the reported uncertainty.
Lepidocephalichthys thermalis,,Actinopterygii,Cypriniformes,Cobitidae,Chordata,1622,False,False,18,12,14,9,3,0,False,sparse_5_19,Limited (5-19 protective contexts),False,0.0021290856612429,extended_greedy_order,Limited direct protective support; interpret the rank with the reported uncertainty.
Culaea inconstans,,Actinopterygii,Gasterosteiformes,Gasterosteidae,Chordata,1623,False,False,2,2,0,0,1,10,True,very_sparse_1_4,Very limited (1-4 protective contexts),False,0.0046919259583579,extended_greedy_order,Very limited direct protective support; confirmatory testing is a high priority.
Zilchiopsis collastinensis,,Malacostraca,Decapoda,Trichodactylidae,Arthropoda,1624,False,False,6,2,0,0,2,0,False,sparse_5_19,Limited (5-19 protective contexts),False,0.0018172764085335,extended_greedy_order,Limited direct protective support; interpret the rank with the reported uncertainty.
Nais sp.,,Oligochaeta,Haplotaxida,Naididae,Annelida,1625,False,False,1,1,0,0,1,0,False,very_sparse_1_4,Very limited (1-4 protective contexts),False,0.002687185136893,extended_greedy_order,Very limited direct protective support; confirmatory testing is a high priority.
Anabaena doliolum,,Cyanophyceae,Nostocales,Nostocaceae,Cyanophycota,1626,False,False,7,6,2,2,2,0,False,sparse_5_19,Limited (5-19 protective contexts),False,0.0018445226980595,extended_greedy_order,Limited direct protective support; interpret the rank with the reported uncertainty.
Astyanax bimaculatus,,Actinopterygii,Characiformes,Characidae,Chordata,1627,False,False,1,1,1,1,1,0,False,very_sparse_1_4,Very limited (1-4 protective contexts),False,0.0028737792611051,extended_greedy_order,Very limited direct protective support; confirmatory testing is a high priority.
Microcystis aeruginosa,,Cyanophyceae,Chroococcales,Chroococcaceae,Cyanophycota,1628,False,False,4,2,27,26,2,21,True,very_sparse_1_4,Very limited (1-4 protective contexts),False,0.005574711744244,extended_greedy_order,Very limited direct protective support; confirmatory testing is a high priority.
Herotilapia multispinosa,,Actinopterygii,Perciformes,Cichlidae,Chordata,1629,False,False,1,1,0,0,1,0,False,very_sparse_1_4,Very limited (1-4 protective contexts),False,0.0026787015438689,extended_greedy_order,Very limited direct protective support; confirmatory testing is a high priority.
Astyanax fasciatus,,Actinopterygii,Characiformes,Characidae,Chordata,1630,False,False,1,1,0,0,1,0,False,very_sparse_1_4,Very limited (1-4 protective contexts),False,0.0020335620184342,extended_greedy_order,Very limited direct protective support; confirmatory testing is a high priority.
Discoglossus jeanneae,,Amphibia,Anura,Alytidae,Chordata,1631,False,False,3,1,0,0,1,0,False,very_sparse_1_4,Very limited (1-4 protective contexts),False,0.0025849924636036,extended_greedy_order,Very limited direct protective support; confirmatory testing is a high priority.
Galaxias fasciatus,,Actinopterygii,Osmeriformes,Galaxiidae,Chordata,1632,False,False,1,1,0,0,1,0,False,very_sparse_1_4,Very limited (1-4 protective contexts),False,0.0028216524042689,extended_greedy_order,Very limited direct protective support; confirmatory testing is a high priority.
Chioglossa lusitanica,,Amphibia,Caudata,Salamandridae,Chordata,1633,False,False,3,2,0,0,1,0,False,very_sparse_1_4,Very limited (1-4 protective contexts),False,0.0026652846013687,extended_greedy_order,Very limited direct protective support; confirmatory testing is a high priority.
Chlorella sorokiniana,,Chlorophyceae,Chlorococcales,Oocystaceae,Chlorophyta,1634,False,False,1,1,1,1,2,0,False,very_sparse_1_4,Very limited (1-4 protective contexts),False,0.0028986175300965,extended_greedy_order,Very limited direct protective support; confirmatory testing is a high priority.
Chlorella vulgaris,,Chlorophyceae,Chlorococcales,Oocystaceae,Chlorophyta,1635,False,False,25,19,49,49,2,0,False,moderate_20_49,Moderate (20-49 protective contexts),False,0.0022043627558332,extended_greedy_order,
Chlorella salina,,Chlorophyceae,Chlorococcales,Oocystaceae,Chlorophyta,1636,False,False,1,1,0,0,1,0,False,very_sparse_1_4,Very limited (1-4 protective contexts),False,0.0028937453348495,extended_greedy_order,Very limited direct protective support; confirmatory testing is a high priority.
Tigriopus japonicus,,Maxillopoda,Harpacticoida,Harpacticidae,Arthropoda,1637,False,False,8,3,0,0,1,0,False,sparse_5_19,Limited (5-19 protective contexts),False,0.0019932005487876,extended_greedy_order,Limited direct protective support; interpret the rank with the reported uncertainty.
Chlorella variegata,,Chlorophyceae,Chlorococcales,Oocystaceae,Chlorophyta,1638,False,False,2,2,0,0,1,0,False,very_sparse_1_4,Very limited (1-4 protective contexts),False,0.0028902796649608,extended_greedy_order,Very limited direct protective support; confirmatory testing is a high priority.
Chlorella sp.,,Chlorophyceae,Chlorococcales,Oocystaceae,Chlorophyta,1639,False,False,1,1,4,4,2,0,False,very_sparse_1_4,Very limited (1-4 protective contexts),False,0.0029279510271661,extended_greedy_order,Very limited direct protective support; confirmatory testing is a high priority.
Galaxias auratus,,Actinopterygii,Osmeriformes,Galaxiidae,Chordata,1640,False,False,2,1,0,0,1,0,False,very_sparse_1_4,Very limited (1-4 protective contexts),False,0.002003049237984,extended_greedy_order,Very limited direct protective support; confirmatory testing is a high priority.
Astronotus ocellatus,,Actinopterygii,Perciformes,Cichlidae,Chordata,1641,False,False,2,1,0,0,1,4,True,very_sparse_1_4,Very limited (1-4 protective contexts),False,0.0033334780675153,extended_greedy_order,Very limited direct protective support; confirmatory testing is a high priority.
Tilapia sparrmanii,,Actinopterygii,Perciformes,Cichlidae,Chordata,1642,False,False,4,3,4,4,2,0,False,very_sparse_1_4,Very limited (1-4 protective contexts),False,0.0019626876921111,extended_greedy_order,Very limited direct protective support; confirmatory testing is a high priority.
Pila ovata,,Gastropoda,Architaenioglossa,Ampullariidae,Mollusca,1643,False,False,2,1,0,0,1,0,False,very_sparse_1_4,Very limited (1-4 protective contexts),False,0.0026601075963165,extended_greedy_order,Very limited direct protective support; confirmatory testing is a high priority.
Melanopsis dufouri,,Gastropoda,Mesogastropoda,Melanopsidae,Mollusca,1644,False,False,5,5,0,0,1,0,False,sparse_5_19,Limited (5-19 protective contexts),False,0.0013522843069255,extended_greedy_order,Limited direct protective support; interpret the rank with the reported uncertainty.
Erpobdella sp.,,Clitellata,Arhynchobdellida,Erpobdellidae,Annelida,1645,False,False,2,1,1,1,1,0,False,very_sparse_1_4,Very limited (1-4 protective contexts),False,0.002477706083653,extended_greedy_order,Very limited direct protective support; confirmatory testing is a high priority.
Sphaerium sp.,,Bivalvia,Veneroida,Pisidiidae,Mollusca,1646,False,False,5,4,1,1,1,0,False,sparse_5_19,Limited (5-19 protective contexts),False,0.0022206874218426,extended_greedy_order,Limited direct protective support; interpret the rank with the reported uncertainty.
Erpobdella punctata,,Clitellata,Arhynchobdellida,Erpobdellidae,Annelida,1647,False,False,2,2,1,1,1,10,True,very_sparse_1_4,Very limited (1-4 protective contexts),False,0.0039983318069686,extended_greedy_order,Very limited direct protective support; confirmatory testing is a high priority.
Lamellidens marginalis,,Bivalvia,Unionoida,Unionidae,Mollusca,1648,False,False,21,14,11,11,2,0,False,moderate_20_49,Moderate (20-49 protective contexts),False,0.0012458827907772,extended_greedy_order,
Desmodesmus subspicatus,,Chlorophyceae,Chlorococcales,Scenedesmaceae,Chlorophyta,1649,False,False,2,2,8,7,2,0,False,very_sparse_1_4,Very limited (1-4 protective contexts),False,0.0027690836038417,extended_greedy_order,Very limited direct protective support; confirmatory testing is a high priority.
Anabaena sp.,,Cyanophyceae,Nostocales,Nostocaceae,Cyanophycota,1650,False,False,9,9,15,14,2,0,False,sparse_5_19,Limited (5-19 protective contexts),False,0.0018392272672061,extended_greedy_order,Limited direct protective support; interpret the rank with the reported uncertainty.
Nais communis,,Oligochaeta,Haplotaxida,Naididae,Annelida,1651,False,False,2,2,0,0,1,17,True,very_sparse_1_4,Very limited (1-4 protective contexts),False,0.0075943712404025,extended_greedy_order,Very limited direct protective support; confirmatory testing is a high priority.
Aulosira prolifica,,Cyanophyceae,Nostocales,Nostocaceae,Cyanophycota,1652,False,False,1,1,0,0,1,0,False,very_sparse_1_4,Very limited (1-4 protective contexts),False,0.0031267551109507,extended_greedy_order,Very limited direct protective support; confirmatory testing is a high priority.
Tilapia spilurus,,Actinopterygii,Perciformes,Cichlidae,Chordata,1653,False,False,1,1,0,0,1,0,False,very_sparse_1_4,Very limited (1-4 protective contexts),False,0.0027490786600809,extended_greedy_order,Very limited direct protective support; confirmatory testing is a high priority.
Sarotherodon galilaeus,,Actinopterygii,Perciformes,Cichlidae,Chordata,1654,False,False,1,1,0,0,1,0,False,very_sparse_1_4,Very limited (1-4 protective contexts),False,0.0026741868654906,extended_greedy_order,Very limited direct protective support; confirmatory testing is a high priority.
Hypentelium nigricans,,Actinopterygii,Cypriniformes,Catostomidae,Chordata,1655,False,False,1,1,0,0,1,22,True,very_sparse_1_4,Very limited (1-4 protective contexts),False,0.0065461049172783,extended_greedy_order,Very limited direct protective support; confirmatory testing is a high priority.
Pleurodeles waltl,,Amphibia,Caudata,Salamandridae,Chordata,1656,False,False,4,4,0,0,1,0,False,very_sparse_1_4,Very limited (1-4 protective contexts),False,0.0026148231074251,extended_greedy_order,Very limited direct protective support; confirmatory testing is a high priority.
Tilapia galilaea,,Actinopterygii,Perciformes,Cichlidae,Chordata,1657,False,False,2,2,0,0,1,0,False,very_sparse_1_4,Very limited (1-4 protective contexts),False,0.0027660648253483,extended_greedy_order,Very limited direct protective support; confirmatory testing is a high priority.
Corydoras paleatus,,Actinopterygii,Siluriformes,Callichthyidae,Chordata,1658,False,False,4,2,0,0,1,0,False,very_sparse_1_4,Very limited (1-4 protective contexts),False,0.0027414813876828,extended_greedy_order,Very limited direct protective support; confirmatory testing is a high priority.
Chlorella luteoviridis,,Chlorophyceae,Chlorococcales,Oocystaceae,Chlorophyta,1659,False,False,4,4,0,0,1,0,False,very_sparse_1_4,Very limited (1-4 protective contexts),False,0.002843511549977,extended_greedy_order,Very limited direct protective support; confirmatory testing is a high priority.
Chlorella minutissima,,Chlorophyceae,Chlorococcales,Oocystaceae,Chlorophyta,1660,False,False,4,4,0,0,1,0,False,very_sparse_1_4,Very limited (1-4 protective contexts),False,0.002843511549977,extended_greedy_order,Very limited direct protective support; confirmatory testing is a high priority.
Chlorella protothecoides,,Chlorophyceae,Chlorococcales,Oocystaceae,Chlorophyta,1661,False,False,4,4,1,1,1,0,False,very_sparse_1_4,Very limited (1-4 protective contexts),False,0.002843511549977,extended_greedy_order,Very limited direct protective support; confirmatory testing is a high priority.
Pelobates cultripes,,Amphibia,Anura,Pelobatidae,Chordata,1662,False,False,5,2,1,1,2,0,False,sparse_5_19,Limited (5-19 protective contexts),False,0.0025625354701627,extended_greedy_order,Limited direct protective support; interpret the rank with the reported uncertainty.
Huso huso,,Actinopterygii,Acipenseriformes,Acipenseridae,Chordata,1663,False,False,3,2,0,0,2,0,False,very_sparse_1_4,Very limited (1-4 protective contexts),False,0.0029390075225491,extended_greedy_order,Very limited direct protective support; confirmatory testing is a high priority.
Betta splendens,,Actinopterygii,Perciformes,Anabantidae,Chordata,1664,False,False,3,2,2,2,1,0,False,very_sparse_1_4,Very limited (1-4 protective contexts),False,0.0017873040138515,extended_greedy_order,Very limited direct protective support; confirmatory testing is a high priority.
Sphaerium novaezelandiae,,Bivalvia,Veneroida,Pisidiidae,Mollusca,1665,False,False,4,1,0,0,3,0,False,very_sparse_1_4,Very limited (1-4 protective contexts),False,0.003132734312449,extended_greedy_order,Very limited direct protective support; confirmatory testing is a high priority.
Silurus glanis,,Actinopterygii,Siluriformes,Siluridae,Chordata,1666,False,False,6,4,0,0,1,0,False,sparse_5_19,Limited (5-19 protective contexts),False,0.0019382680037738,extended_greedy_order,Limited direct protective support; interpret the rank with the reported uncertainty.
Tilapia natalensis,,Actinopterygii,Perciformes,Cichlidae,Chordata,1667,False,False,1,1,0,0,2,4,True,very_sparse_1_4,Very limited (1-4 protective contexts),False,0.0033800112579809,extended_greedy_order,Very limited direct protective support; confirmatory testing is a high priority.
Cypria ophthalmica,,Ostracoda,Podocopida,Cyprididae,Arthropoda,1668,False,False,1,1,0,0,1,0,False,very_sparse_1_4,Very limited (1-4 protective contexts),False,0.0031490580031846,extended_greedy_order,Very limited direct protective support; confirmatory testing is a high priority.
Crassula helmsii,,Magnoliopsida,Saxifragales,Crassulaceae,Magnoliophyta,1669,False,False,1,1,1,1,1,0,False,very_sparse_1_4,Very limited (1-4 protective contexts),False,0.0030921606176821,extended_greedy_order,Very limited direct protective support; confirmatory testing is a high priority.
Fallopia convolvulus,,Magnoliopsida,Caryophyllales,Polygonaceae,Magnoliophyta,1670,False,False,1,1,0,0,1,35,True,very_sparse_1_4,Very limited (1-4 protective contexts),False,0.0095856979148146,extended_greedy_order,Very limited direct protective support; confirmatory testing is a high priority.
Megacyclops viridis,,Maxillopoda,Cyclopoida,Cyclopidae,Arthropoda,1671,False,False,6,4,1,1,1,0,False,sparse_5_19,Limited (5-19 protective contexts),False,0.002221617045342,extended_greedy_order,Limited direct protective support; interpret the rank with the reported uncertainty.
Triturus boscai,,Amphibia,Caudata,Salamandridae,Chordata,1672,False,False,1,1,0,0,1,0,False,very_sparse_1_4,Very limited (1-4 protective contexts),False,0.0026579269271229,extended_greedy_order,Very limited direct protective support; confirmatory testing is a high priority.
Clarias anguillaris,,Actinopterygii,Siluriformes,Clariidae,Chordata,1673,False,False,1,1,0,0,1,0,False,very_sparse_1_4,Very limited (1-4 protective contexts),False,0.0029567360239394,extended_greedy_order,Very limited direct protective support; confirmatory testing is a high priority.
Heteropneustes fossilis,,Actinopterygii,Siluriformes,Heteropneustidae,Chordata,1674,False,False,108,56,27,21,3,0,False,strong_50_plus,Strong (50+ protective contexts),False,0.0010212447647757,extended_greedy_order,
Tilapia hornorum,,Actinopterygii,Perciformes,Cichlidae,Chordata,1675,False,False,2,2,1,1,1,0,False,very_sparse_1_4,Very limited (1-4 protective contexts),False,0.0027107138381915,extended_greedy_order,Very limited direct protective support; confirmatory testing is a high priority.
Thermocyclops oblongatus,,Maxillopoda,Cyclopoida,Cyclopidae,Arthropoda,1676,False,False,5,5,0,0,1,0,False,sparse_5_19,Limited (5-19 protective contexts),False,0.0017888319699151,extended_greedy_order,Limited direct protective support; interpret the rank with the reported uncertainty.
Triturus cristatus,,Amphibia,Caudata,Salamandridae,Chordata,1677,False,False,1,1,0,0,1,0,False,very_sparse_1_4,Very limited (1-4 protective contexts),False,0.0026059352210659,extended_greedy_order,Very limited direct protective support; confirmatory testing is a high priority.
Noemacheilus barbatulus,,Actinopterygii,Cypriniformes,Balitoridae,Chordata,1678,False,False,3,3,1,1,1,0,False,very_sparse_1_4,Very limited (1-4 protective contexts),False,0.0027399849373123,extended_greedy_order,Very limited direct protective support; confirmatory testing is a high priority.
Bithynia leachi,,Gastropoda,Neotaenioglossa,Bithyniidae,Mollusca,1679,False,False,1,1,0,0,1,0,False,very_sparse_1_4,Very limited (1-4 protective contexts),False,0.0018779072702512,extended_greedy_order,Very limited direct protective support; confirmatory testing is a high priority.
Scaphirhynchus platorynchus,,Actinopterygii,Acipenseriformes,Acipenseridae,Chordata,1680,False,False,5,5,0,0,1,12,True,sparse_5_19,Limited (5-19 protective contexts),False,0.0034637373558519,extended_greedy_order,Limited direct protective support; interpret the rank with the reported uncertainty.
Oscillatoria agardhii,,Cyanophyceae,Nostocales,Oscillatoriaceae,Cyanophycota,1681,False,False,4,4,0,0,1,1,True,very_sparse_1_4,Very limited (1-4 protective contexts),False,0.0028876826924026,extended_greedy_order,Very limited direct protective support; confirmatory testing is a high priority.
Tilapia leucosticta,,Actinopterygii,Perciformes,Cichlidae,Chordata,1682,False,False,3,2,0,0,3,0,False,very_sparse_1_4,Very limited (1-4 protective contexts),False,0.0026944413058206,extended_greedy_order,Very limited direct protective support; confirmatory testing is a high priority.
Nostoc sp.,,Cyanophyceae,Nostocales,Nostocaceae,Cyanophycota,1683,False,False,11,11,2,2,2,0,False,sparse_5_19,Limited (5-19 protective contexts),False,0.0015714451224908,extended_greedy_order,Limited direct protective support; interpret the rank with the reported uncertainty.
Groenlandia densa,,Liliopsida,Najadales,Potamogetonaceae,Magnoliophyta,1684,False,False,1,1,0,0,1,0,False,very_sparse_1_4,Very limited (1-4 protective contexts),False,0.0030560232988305,extended_greedy_order,Very limited direct protective support; confirmatory testing is a high priority.
Euplotes moebiusi,,Ciliatea,Hypotrichida,Euplotidae,Ciliophora,1685,False,False,1,1,0,0,1,0,False,very_sparse_1_4,Very limited (1-4 protective contexts),False,0.0036311367486326,extended_greedy_order,Very limited direct protective support; confirmatory testing is a high priority.
Oncomelania quadrasi,,Gastropoda,Mesogastropoda,Pomatiopsidae,Mollusca,1686,False,False,3,1,1,1,1,0,False,very_sparse_1_4,Very limited (1-4 protective contexts),False,0.0024603990557393,extended_greedy_order,Very limited direct protective support; confirmatory testing is a high priority.
Pisidium sp.,,Bivalvia,Veneroida,Pisidiidae,Mollusca,1687,False,False,1,1,0,0,1,0,False,very_sparse_1_4,Very limited (1-4 protective contexts),False,0.0029242998799378,extended_greedy_order,Very limited direct protective support; confirmatory testing is a high priority.
Eurytemora affinis,,Maxillopoda,Calanoida,Temoridae,Arthropoda,1688,False,False,3,3,0,0,1,0,False,very_sparse_1_4,Very limited (1-4 protective contexts),False,0.0017362285177146,extended_greedy_order,Very limited direct protective support; confirmatory testing is a high priority.
Rangia cuneata,,Bivalvia,Veneroida,Mactridae,Mollusca,1689,False,False,3,3,0,0,1,12,True,very_sparse_1_4,Very limited (1-4 protective contexts),False,0.0046209632727633,extended_greedy_order,Very limited direct protective support; confirmatory testing is a high priority.
Apium nodiflorum,,Magnoliopsida,Apiales,Apiaceae,Magnoliophyta,1690,False,False,1,1,1,1,1,0,False,very_sparse_1_4,Very limited (1-4 protective contexts),False,0.0021930852280387,extended_greedy_order,Very limited direct protective support; confirmatory testing is a high priority.
Nasturtium officinale,,Magnoliopsida,Brassicales,Brassicaceae,Magnoliophyta,1691,False,False,1,1,1,1,1,0,False,very_sparse_1_4,Very limited (1-4 protective contexts),False,0.0030874217918664,extended_greedy_order,Very limited direct protective support; confirmatory testing is a high priority.
Mytilus edulis,,Bivalvia,Mytiloida,Mytilidae,Mollusca,1692,False,False,1,1,0,0,1,12,True,very_sparse_1_4,Very limited (1-4 protective contexts),False,0.0032756967436721,extended_greedy_order,Very limited direct protective support; confirmatory testing is a high priority.
Triturus helveticus,,Amphibia,Caudata,Salamandridae,Chordata,1693,False,False,3,2,1,1,1,0,False,very_sparse_1_4,Very limited (1-4 protective contexts),False,0.0026040601287544,extended_greedy_order,Very limited direct protective support; confirmatory testing is a high priority.
Nothobranchius furzeri,,Actinopterygii,Cyprinodontiformes,Nothobranchiidae,Chordata,1694,False,False,5,2,0,0,1,0,False,sparse_5_19,Limited (5-19 protective contexts),False,0.0026753952003227,extended_greedy_order,Limited direct protective support; interpret the rank with the reported uncertainty.
Aulosira fertilissima,,Cyanophyceae,Nostocales,Nostocaceae,Cyanophycota,1695,False,False,4,4,3,3,2,0,False,very_sparse_1_4,Very limited (1-4 protective contexts),False,0.0030119726106488,extended_greedy_order,Very limited direct protective support; confirmatory testing is a high priority.
Aphanizomenon flos-aquae,,Cyanophyceae,Nostocales,Nostocaceae,Cyanophycota,1696,False,False,4,4,7,7,1,12,True,very_sparse_1_4,Very limited (1-4 protective contexts),False,0.0038235204559207,extended_greedy_order,Very limited direct protective support; confirmatory testing is a high priority.
Mugil liza,,Actinopterygii,Mugiliformes,Mugilidae,Chordata,1697,False,False,3,1,0,0,1,0,False,very_sparse_1_4,Very limited (1-4 protective contexts),False,0.0026264707580281,extended_greedy_order,Very limited direct protective support; confirmatory testing is a high priority.
Chlorogonium elongatum,,Chlorophyceae,Volvocales,Chlamydomonadaceae,Chlorophyta,1698,False,False,2,2,0,0,1,0,False,very_sparse_1_4,Very limited (1-4 protective contexts),False,0.0027783686616657,extended_greedy_order,Very limited direct protective support; confirmatory testing is a high priority.
Triturus vulgaris,,Amphibia,Caudata,Salamandridae,Chordata,1699,False,False,7,5,1,1,1,0,False,sparse_5_19,Limited (5-19 protective contexts),False,0.0015113938596685,extended_greedy_order,Limited direct protective support; interpret the rank with the reported uncertainty.
Cobitis taenia,,Actinopterygii,Cypriniformes,Cobitidae,Chordata,1700,False,False,6,5,1,1,1,0,False,sparse_5_19,Limited (5-19 protective contexts),False,0.0015977475068582,extended_greedy_order,Limited direct protective support; interpret the rank with the reported uncertainty.
Chanos chanos,,Actinopterygii,Gonorhynchiformes,Chanidae,Chordata,1701,False,False,3,3,0,0,1,1,True,very_sparse_1_4,Very limited (1-4 protective contexts),False,0.0028258448855549,extended_greedy_order,Very limited direct protective support; confirmatory testing is a high priority.
Limnocalanus macrurus,,Maxillopoda,Calanoida,Centropagidae,Arthropoda,1702,False,False,1,1,0,0,2,0,False,very_sparse_1_4,Very limited (1-4 protective contexts),False,0.0029397494753711,extended_greedy_order,Very limited direct protective support; confirmatory testing is a high priority.
Ancylus fluviatilis,,Gastropoda,Basommatophora,Ancylidae,Mollusca,1703,False,False,5,2,1,1,2,0,False,sparse_5_19,Limited (5-19 protective contexts),False,0.0026113436607099,extended_greedy_order,Limited direct protective support; interpret the rank with the reported uncertainty.
Chrissia halyi,,Ostracoda,Podocopida,Cyprididae,Arthropoda,1704,False,False,2,1,0,0,1,0,False,very_sparse_1_4,Very limited (1-4 protective contexts),False,0.0030599190571487,extended_greedy_order,Very limited direct protective support; confirmatory testing is a high priority.
Nephelopsis obscura,,Clitellata,Arhynchobdellida,Erpobdellidae,Annelida,1705,False,False,14,6,4,2,2,1,True,sparse_5_19,Limited (5-19 protective contexts),False,0.0024968584838857,extended_greedy_order,Limited direct protective support; interpret the rank with the reported uncertainty.
Euplotes aediculatus,,Ciliatea,Hypotrichida,Euplotidae,Ciliophora,1706,False,False,5,5,1,1,2,0,False,sparse_5_19,Limited (5-19 protective contexts),False,0.0035801815589869,extended_greedy_order,Limited direct protective support; interpret the rank with the reported uncertainty.
Stuckenia pectinata,,Liliopsida,Najadales,Potamogetonaceae,Magnoliophyta,1707,False,False,19,12,7,7,2,37,True,sparse_5_19,Limited (5-19 protective contexts),False,0.0071943453923536,extended_greedy_order,Limited direct protective support; interpret the rank with the reported uncertainty.
Pseudosphromenus cupanus,,Actinopterygii,Perciformes,Osphronemidae,Chordata,1708,False,False,10,9,0,0,2,0,False,sparse_5_19,Limited (5-19 protective contexts),False,0.0013981495995772,extended_greedy_order,Limited direct protective support; interpret the rank with the reported uncertainty.
Chlorella pyrenoidosa,,Chlorophyceae,Chlorococcales,Oocystaceae,Chlorophyta,1709,False,False,16,16,27,26,3,0,False,sparse_5_19,Limited (5-19 protective contexts),False,0.0020478318997264,extended_greedy_order,Limited direct protective support; interpret the rank with the reported uncertainty.
Tandanus tandanus,,Actinopterygii,Siluriformes,Bagridae,Chordata,1710,False,False,1,1,1,1,1,0,False,very_sparse_1_4,Very limited (1-4 protective contexts),False,0.0018779803016664,extended_greedy_order,Very limited direct protective support; confirmatory testing is a high priority.
Clarias submarginatus,,Actinopterygii,Siluriformes,Clariidae,Chordata,1711,False,False,2,1,0,0,1,0,False,very_sparse_1_4,Very limited (1-4 protective contexts),False,0.0031916893551929,extended_greedy_order,Very limited direct protective support; confirmatory testing is a high priority.
Limnoperna fortunei,,Bivalvia,Mytiloida,Mytilidae,Mollusca,1712,False,False,3,3,2,2,1,0,False,very_sparse_1_4,Very limited (1-4 protective contexts),False,0.0018812364310799,extended_greedy_order,Very limited direct protective support; confirmatory testing is a high priority.
Pisidium amnicum,,Bivalvia,Veneroida,Pisidiidae,Mollusca,1713,False,False,2,1,1,1,1,0,False,very_sparse_1_4,Very limited (1-4 protective contexts),False,0.0028423553988581,extended_greedy_order,Very limited direct protective support; confirmatory testing is a high priority.
Bryconamericus iheringii,,Actinopterygii,Characiformes,nan,Chordata,1714,False,False,2,1,0,0,1,0,False,very_sparse_1_4,Very limited (1-4 protective contexts),False,0.0026113524621949,extended_greedy_order,Very limited direct protective support; confirmatory testing is a high priority.
Chitala ornata,,Actinopterygii,Osteoglossiformes,Notopteridae,Chordata,1715,False,False,1,1,1,1,1,1,True,very_sparse_1_4,Very limited (1-4 protective contexts),False,0.0028509638441019,extended_greedy_order,Very limited direct protective support; confirmatory testing is a high priority.
Anodontites trapesialis,,Bivalvia,Unionoida,Mycetopodidae,Mollusca,1716,False,False,3,3,3,3,1,0,False,very_sparse_1_4,Very limited (1-4 protective contexts),False,0.0026235992430082,extended_greedy_order,Very limited direct protective support; confirmatory testing is a high priority.
Silurus lanzhouensis,,Actinopterygii,Siluriformes,Siluridae,Chordata,1717,False,False,1,1,0,0,1,0,False,very_sparse_1_4,Very limited (1-4 protective contexts),False,0.0026150868812208,extended_greedy_order,Very limited direct protective support; confirmatory testing is a high priority.
Berula erecta,,Magnoliopsida,Apiales,Apiaceae,Magnoliophyta,1718,False,False,1,1,0,0,1,20,True,very_sparse_1_4,Very limited (1-4 protective contexts),False,0.0048001152599598,extended_greedy_order,Very limited direct protective support; confirmatory testing is a high priority.
Alosa pseudoharengus,,Actinopterygii,Clupeiformes,Clupeidae,Chordata,1719,False,False,1,1,0,0,1,7,True,very_sparse_1_4,Very limited (1-4 protective contexts),False,0.0038097392713195,extended_greedy_order,Very limited direct protective support; confirmatory testing is a high priority.
Pisidium compressum,,Bivalvia,Veneroida,Pisidiidae,Mollusca,1720,False,False,2,2,0,0,1,6,True,very_sparse_1_4,Very limited (1-4 protective contexts),False,0.0038273377795002,extended_greedy_order,Very limited direct protective support; confirmatory testing is a high priority.
Clarias lazera,,Actinopterygii,Siluriformes,Clariidae,Chordata,1721,False,False,11,10,1,1,1,0,False,sparse_5_19,Limited (5-19 protective contexts),False,0.0029113965439621,extended_greedy_order,Limited direct protective support; interpret the rank with the reported uncertainty.
Ludwigia repens,,Magnoliopsida,Myrtales,Onagraceae,Magnoliophyta,1722,False,False,2,2,0,0,1,11,True,very_sparse_1_4,Very limited (1-4 protective contexts),False,0.0051154120657491,extended_greedy_order,Very limited direct protective support; confirmatory testing is a high priority.
Ambassis macleayi,,Actinopterygii,Perciformes,Ambassidae,Chordata,1723,False,False,2,1,0,0,1,0,False,very_sparse_1_4,Very limited (1-4 protective contexts),False,0.0026180780786214,extended_greedy_order,Very limited direct protective support; confirmatory testing is a high priority.
Cypricercus sp.,,Ostracoda,Podocopida,Cyprididae,Arthropoda,1724,False,False,1,1,0,0,1,0,False,very_sparse_1_4,Very limited (1-4 protective contexts),False,0.0030056651243311,extended_greedy_order,Very limited direct protective support; confirmatory testing is a high priority.
Dunaliella tertiolecta,,Chlorophyceae,Volvocales,Dunaliellaceae,Chlorophyta,1725,False,False,2,2,1,1,2,0,False,very_sparse_1_4,Very limited (1-4 protective contexts),False,0.0026784357818422,extended_greedy_order,Very limited direct protective support; confirmatory testing is a high priority.
Jenynsia multidentata,,Actinopterygii,Cyprinodontiformes,Anablepidae,Chordata,1726,False,False,7,3,0,0,1,0,False,sparse_5_19,Limited (5-19 protective contexts),False,0.0015108332738838,extended_greedy_order,Limited direct protective support; interpret the rank with the reported uncertainty.
Alosa aestivalis,,Actinopterygii,Clupeiformes,Clupeidae,Chordata,1727,False,False,1,1,0,0,1,4,True,very_sparse_1_4,Very limited (1-4 protective contexts),False,0.0023615173347175,extended_greedy_order,Very limited direct protective support; confirmatory testing is a high priority.
Gobiomorphus cotidianus,,Actinopterygii,Perciformes,Eleotridae,Chordata,1728,False,False,1,1,0,0,2,0,False,very_sparse_1_4,Very limited (1-4 protective contexts),False,0.0025905686340695,extended_greedy_order,Very limited direct protective support; confirmatory testing is a high priority.
Mugil curema,,Actinopterygii,Mugiliformes,Mugilidae,Chordata,1729,False,False,1,1,0,0,1,15,True,very_sparse_1_4,Very limited (1-4 protective contexts),False,0.0050293098281268,extended_greedy_order,Very limited direct protective support; confirmatory testing is a high priority.
Crassostrea rhizophorae,,Bivalvia,Ostreoida,Ostreidae,Mollusca,1730,False,False,2,2,0,0,1,1,True,very_sparse_1_4,Very limited (1-4 protective contexts),False,0.0019406544335139,extended_greedy_order,Very limited direct protective support; confirmatory testing is a high priority.
Anabas testudineus,,Actinopterygii,Perciformes,Anabantidae,Chordata,1731,False,False,31,20,9,8,2,0,False,moderate_20_49,Moderate (20-49 protective contexts),False,0.0019681440052234,extended_greedy_order,
Tympanotonus fuscatus,,Gastropoda,Neotaenioglossa,Potamididae,Mollusca,1732,False,False,5,2,0,0,1,0,False,sparse_5_19,Limited (5-19 protective contexts),False,0.002299549046757,extended_greedy_order,Limited direct protective support; interpret the rank with the reported uncertainty.
Lophiosilurus alexandri,,Actinopterygii,Siluriformes,Pimelodidae,Chordata,1733,False,False,3,2,0,0,1,0,False,very_sparse_1_4,Very limited (1-4 protective contexts),False,0.0025492746845622,extended_greedy_order,Very limited direct protective support; confirmatory testing is a high priority.
Anabaenopsis raciborskii,,Cyanophyceae,Nostocales,Nostocaceae,Cyanophycota,1734,False,False,2,2,0,0,2,0,False,very_sparse_1_4,Very limited (1-4 protective contexts),False,0.0029204521985753,extended_greedy_order,Very limited direct protective support; confirmatory testing is a high priority.
Mugil cephalus,,Actinopterygii,Mugiliformes,Mugilidae,Chordata,1735,False,False,4,4,1,1,1,16,True,very_sparse_1_4,Very limited (1-4 protective contexts),False,0.0051318207510716,extended_greedy_order,Very limited direct protective support; confirmatory testing is a high priority.
Wolffia globosa,,Liliopsida,Arales,Lemnaceae,Magnoliophyta,1736,False,False,1,1,0,0,1,1,True,very_sparse_1_4,Very limited (1-4 protective contexts),False,0.0033190856030439,extended_greedy_order,Very limited direct protective support; confirmatory testing is a high priority.
Pseudodiaptomus forbesi,,Maxillopoda,Calanoida,Pseudodiaptomidae,Arthropoda,1737,False,False,1,1,0,0,1,0,False,very_sparse_1_4,Very limited (1-4 protective contexts),False,0.0020304539433367,extended_greedy_order,Very limited direct protective support; confirmatory testing is a high priority.
Channa marulius,,Actinopterygii,Perciformes,Channidae,Chordata,1738,False,False,3,3,0,0,1,1,True,very_sparse_1_4,Very limited (1-4 protective contexts),False,0.0029860666003408,extended_greedy_order,Very limited direct protective support; confirmatory testing is a high priority.
Tolypothrix tenuis,,Cyanophyceae,Nostocales,Scytonemataceae,Cyanophycota,1739,False,False,7,7,1,1,1,0,False,sparse_5_19,Limited (5-19 protective contexts),False,0.0021179947275469,extended_greedy_order,Limited direct protective support; interpret the rank with the reported uncertainty.
Brasenia schreberi,,Magnoliopsida,Nymphaeales,Nymphaeaceae,Magnoliophyta,1740,False,False,1,1,0,0,1,37,True,very_sparse_1_4,Very limited (1-4 protective contexts),False,0.0099141412533368,extended_greedy_order,Very limited direct protective support; confirmatory testing is a high priority.
Pila globosa,,Gastropoda,Architaenioglossa,Ampullariidae,Mollusca,1741,False,False,11,10,1,1,2,0,False,sparse_5_19,Limited (5-19 protective contexts),False,0.0012118439820267,extended_greedy_order,Limited direct protective support; interpret the rank with the reported uncertainty.
Perccottus glenii,,Actinopterygii,Perciformes,Odontobutidae,Chordata,1742,False,False,1,1,0,0,1,0,False,very_sparse_1_4,Very limited (1-4 protective contexts),False,0.0025872337245377,extended_greedy_order,Very limited direct protective support; confirmatory testing is a high priority.
Hypomesus transpacificus,,Actinopterygii,Osmeriformes,Osmeridae,Chordata,1743,False,False,4,2,0,0,1,1,True,very_sparse_1_4,Very limited (1-4 protective contexts),False,0.0027221584444606,extended_greedy_order,Very limited direct protective support; confirmatory testing is a high priority.
Pisidium casertanum,,Bivalvia,Veneroida,Pisidiidae,Mollusca,1744,False,False,4,4,0,0,1,4,True,very_sparse_1_4,Very limited (1-4 protective contexts),False,0.0034128567589921,extended_greedy_order,Very limited direct protective support; confirmatory testing is a high priority.
Microspora sp.,,Chlorophyceae,Microsporales,Microsporaceae,Chlorophyta,1745,False,False,3,3,0,0,1,0,False,very_sparse_1_4,Very limited (1-4 protective contexts),False,0.0026311492302787,extended_greedy_order,Very limited direct protective support; confirmatory testing is a high priority.
Cyprinotus carolinensis,,Ostracoda,Podocopida,Cyprididae,Arthropoda,1746,False,False,1,1,0,0,1,0,False,very_sparse_1_4,Very limited (1-4 protective contexts),False,0.0029537633025021,extended_greedy_order,Very limited direct protective support; confirmatory testing is a high priority.
Euplotes affinis,,Ciliatea,Hypotrichida,Euplotidae,Ciliophora,1747,False,False,6,6,0,0,1,0,False,sparse_5_19,Limited (5-19 protective contexts),False,0.0034762675289686,extended_greedy_order,Limited direct protective support; interpret the rank with the reported uncertainty.
Channa argus,,Actinopterygii,Perciformes,Channidae,Chordata,1748,False,False,1,1,0,0,1,2,True,very_sparse_1_4,Very limited (1-4 protective contexts),False,0.0031036605669571,extended_greedy_order,Very limited direct protective support; confirmatory testing is a high priority.
Centropomus parallelus,,Actinopterygii,Perciformes,Centropomidae,Chordata,1749,False,False,1,1,0,0,1,2,True,very_sparse_1_4,Very limited (1-4 protective contexts),False,0.0028245503703283,extended_greedy_order,Very limited direct protective support; confirmatory testing is a high priority.
Ambassis sp.,,Actinopterygii,Perciformes,Ambassidae,Chordata,1750,False,False,2,2,0,0,1,0,False,very_sparse_1_4,Very limited (1-4 protective contexts),False,0.0025612303154681,extended_greedy_order,Very limited direct protective support; confirmatory testing is a high priority.
Channa striata,,Actinopterygii,Perciformes,Channidae,Chordata,1751,False,False,19,14,15,11,2,0,False,sparse_5_19,Limited (5-19 protective contexts),False,0.001651976670242,extended_greedy_order,Limited direct protective support; interpret the rank with the reported uncertainty.
Aplodinotus grunniens,,Actinopterygii,Perciformes,Sciaenidae,Chordata,1752,False,False,2,2,0,0,1,22,True,very_sparse_1_4,Very limited (1-4 protective contexts),False,0.0058161884173536,extended_greedy_order,Very limited direct protective support; confirmatory testing is a high priority.
Arapaima gigas,,Actinopterygii,Osteoglossiformes,Osteoglossidae,Chordata,1753,False,False,2,1,1,1,1,1,True,very_sparse_1_4,Very limited (1-4 protective contexts),False,0.0026777186880442,extended_greedy_order,Very limited direct protective support; confirmatory testing is a high priority.
Microspora pachyderma,,Chlorophyceae,Microsporales,Microsporaceae,Chlorophyta,1754,False,False,4,4,0,0,1,0,False,very_sparse_1_4,Very limited (1-4 protective contexts),False,0.0026166201709525,extended_greedy_order,Very limited direct protective support; confirmatory testing is a high priority.
Microspora stagnorum,,Chlorophyceae,Microsporales,Microsporaceae,Chlorophyta,1755,False,False,4,4,0,0,1,0,False,very_sparse_1_4,Very limited (1-4 protective contexts),False,0.0026166201709525,extended_greedy_order,Very limited direct protective support; confirmatory testing is a high priority.
Microspora tumidula,,Chlorophyceae,Microsporales,Microsporaceae,Chlorophyta,1756,False,False,4,4,0,0,1,1,True,very_sparse_1_4,Very limited (1-4 protective contexts),False,0.0027736173812096,extended_greedy_order,Very limited direct protective support; confirmatory testing is a high priority.
Protoderma frequens,,Chlorophyceae,Chaetophorales,Chaetophoraceae,Chlorophyta,1757,False,False,3,3,0,0,1,0,False,very_sparse_1_4,Very limited (1-4 protective contexts),False,0.0026671050389956,extended_greedy_order,Very limited direct protective support; confirmatory testing is a high priority.
Euplotes patella,,Ciliatea,Hypotrichida,Euplotidae,Ciliophora,1758,False,False,7,7,0,0,1,0,False,sparse_5_19,Limited (5-19 protective contexts),False,0.0034679486410145,extended_greedy_order,Limited direct protective support; interpret the rank with the reported uncertainty.
Heterocypris sp.,,Ostracoda,Podocopida,Cyprididae,Arthropoda,1759,False,False,1,1,1,1,1,0,False,very_sparse_1_4,Very limited (1-4 protective contexts),False,0.0029405934362171,extended_greedy_order,Very limited direct protective support; confirmatory testing is a high priority.
Pangasius hypophthalmus,,Actinopterygii,Siluriformes,Pangasiidae,Chordata,1760,False,False,7,3,1,1,2,0,False,sparse_5_19,Limited (5-19 protective contexts),False,0.0018079003097512,extended_greedy_order,Limited direct protective support; interpret the rank with the reported uncertainty.
Lates calcarifer,,Actinopterygii,Perciformes,Centropomidae,Chordata,1761,False,False,3,1,1,1,1,0,False,very_sparse_1_4,Very limited (1-4 protective contexts),False,0.0025650731093456,extended_greedy_order,Very limited direct protective support; confirmatory testing is a high priority.
Cyprois sp.,,Ostracoda,Podocopida,Cyprididae,Arthropoda,1762,False,False,1,1,0,0,1,0,False,very_sparse_1_4,Very limited (1-4 protective contexts),False,0.0029329020194907,extended_greedy_order,Very limited direct protective support; confirmatory testing is a high priority.
Notophthalmus viridescens,,Amphibia,Caudata,Salamandridae,Chordata,1763,False,False,9,4,2,2,1,34,True,sparse_5_19,Limited (5-19 protective contexts),False,0.0054169304487492,extended_greedy_order,Limited direct protective support; interpret the rank with the reported uncertainty.
Pseudaphritis urvillii,,Actinopterygii,Perciformes,Nototheniidae,Chordata,1764,False,False,3,3,1,1,1,0,False,very_sparse_1_4,Very limited (1-4 protective contexts),False,0.0018186596036646,extended_greedy_order,Very limited direct protective support; confirmatory testing is a high priority.
Barbatula barbatula,,Actinopterygii,Cypriniformes,Balitoridae,Chordata,1765,False,False,2,2,1,1,2,0,False,very_sparse_1_4,Very limited (1-4 protective contexts),False,0.0026117865062704,extended_greedy_order,Very limited direct protective support; confirmatory testing is a high priority.
Cynoscion nebulosus,,Actinopterygii,Perciformes,Sciaenidae,Chordata,1766,False,False,1,1,0,0,1,10,True,very_sparse_1_4,Very limited (1-4 protective contexts),False,0.0041190769033506,extended_greedy_order,Very limited direct protective support; confirmatory testing is a high priority.
Dorosoma cepedianum,,Actinopterygii,Clupeiformes,Clupeidae,Chordata,1767,False,False,2,2,0,0,1,15,True,very_sparse_1_4,Very limited (1-4 protective contexts),False,0.0049193457698855,extended_greedy_order,Very limited direct protective support; confirmatory testing is a high priority.
Oocystis borgei,,Chlorophyceae,Chlorococcales,Oocystaceae,Chlorophyta,1768,False,False,4,4,0,0,1,0,False,very_sparse_1_4,Very limited (1-4 protective contexts),False,0.0026630850894074,extended_greedy_order,Very limited direct protective support; confirmatory testing is a high priority.
Oocystis parva,,Chlorophyceae,Chlorococcales,Oocystaceae,Chlorophyta,1769,False,False,4,4,0,0,1,0,False,very_sparse_1_4,Very limited (1-4 protective contexts),False,0.0026630850894074,extended_greedy_order,Very limited direct protective support; confirmatory testing is a high priority.
Oocystis pusilla,,Chlorophyceae,Chlorococcales,Oocystaceae,Chlorophyta,1770,False,False,4,4,0,0,2,0,False,very_sparse_1_4,Very limited (1-4 protective contexts),False,0.0026630850894074,extended_greedy_order,Very limited direct protective support; confirmatory testing is a high priority.
Oocystis solitaria,,Chlorophyceae,Chlorococcales,Oocystaceae,Chlorophyta,1771,False,False,4,4,0,0,1,0,False,very_sparse_1_4,Very limited (1-4 protective contexts),False,0.0026630850894074,extended_greedy_order,Very limited direct protective support; confirmatory testing is a high priority.
Pandorina sp.,,Chlorophyceae,Volvocales,Volvocaceae,Chlorophyta,1772,False,False,1,1,0,0,1,0,False,very_sparse_1_4,Very limited (1-4 protective contexts),False,0.0025985527212938,extended_greedy_order,Very limited direct protective support; confirmatory testing is a high priority.
Volvox sp.,,Chlorophyceae,Volvocales,Volvocaceae,Chlorophyta,1773,False,False,1,1,0,0,1,0,False,very_sparse_1_4,Very limited (1-4 protective contexts),False,0.0025985527212938,extended_greedy_order,Very limited direct protective support; confirmatory testing is a high priority.
Pollimyrus isidori,,Actinopterygii,Osteoglossiformes,Mormyridae,Chordata,1774,False,False,1,1,0,0,1,0,False,very_sparse_1_4,Very limited (1-4 protective contexts),False,0.0025052404024732,extended_greedy_order,Very limited direct protective support; confirmatory testing is a high priority.
Plumatella emarginata,,Phylactolaemata,Plumatellida,Plumatellidae,Bryozoa,1775,False,False,5,5,0,0,1,0,False,sparse_5_19,Limited (5-19 protective contexts),False,0.0024977360535413,extended_greedy_order,Limited direct protective support; interpret the rank with the reported uncertainty.
Lepisosteus osseus,,Actinopterygii,Semionotiformes,Lepisosteidae,Chordata,1776,False,False,1,1,0,0,1,31,True,very_sparse_1_4,Very limited (1-4 protective contexts),False,0.0071974230230181,extended_greedy_order,Very limited direct protective support; confirmatory testing is a high priority.
Macquaria ambigua,,Actinopterygii,Perciformes,Percichthyidae,Chordata,1777,False,False,2,2,0,0,1,0,False,very_sparse_1_4,Very limited (1-4 protective contexts),False,0.0017652384645884,extended_greedy_order,Very limited direct protective support; confirmatory testing is a high priority.
Sciaenops ocellatus,,Actinopterygii,Perciformes,Sciaenidae,Chordata,1778,False,False,1,1,0,0,1,9,True,very_sparse_1_4,Very limited (1-4 protective contexts),False,0.0039005429024948,extended_greedy_order,Very limited direct protective support; confirmatory testing is a high priority.
Gobio gobio,,Actinopterygii,Perciformes,Gobiidae,Chordata,1779,False,False,4,4,1,1,2,0,False,very_sparse_1_4,Very limited (1-4 protective contexts),False,0.0025532784213196,extended_greedy_order,Very limited direct protective support; confirmatory testing is a high priority.
Heterobranchus longifilis,,Actinopterygii,Siluriformes,Clariidae,Chordata,1780,False,False,4,2,0,0,1,0,False,very_sparse_1_4,Very limited (1-4 protective contexts),False,0.0027023806193023,extended_greedy_order,Very limited direct protective support; confirmatory testing is a high priority.
Micropogonias undulatus,,Actinopterygii,Perciformes,Sciaenidae,Chordata,1781,False,False,2,2,0,0,1,12,True,very_sparse_1_4,Very limited (1-4 protective contexts),False,0.0031488577149309,extended_greedy_order,Very limited direct protective support; confirmatory testing is a high priority.
Gloeococcus sp.,,Chlorophyceae,Tetrasporales,Gloeocystaceae,Chlorophyta,1782,False,False,3,3,0,0,1,0,False,very_sparse_1_4,Very limited (1-4 protective contexts),False,0.0025795719890079,extended_greedy_order,Very limited direct protective support; confirmatory testing is a high priority.
Retropinna retropinna,,Actinopterygii,Osmeriformes,Retropinnidae,Chordata,1783,False,False,1,1,0,0,1,0,False,very_sparse_1_4,Very limited (1-4 protective contexts),False,0.0025098519460161,extended_greedy_order,Very limited direct protective support; confirmatory testing is a high priority.
Hydrilla verticillata,,Liliopsida,Hydrocharitales,Hydrocharitaceae,Magnoliophyta,1784,False,False,16,13,11,11,4,0,False,sparse_5_19,Limited (5-19 protective contexts),False,0.0022597593015748,extended_greedy_order,Limited direct protective support; interpret the rank with the reported uncertainty.
Peprilus triacanthus,,Actinopterygii,Perciformes,Stromateidae,Chordata,1785,False,False,1,1,0,0,1,11,True,very_sparse_1_4,Very limited (1-4 protective contexts),False,0.0041458368694914,extended_greedy_order,Very limited direct protective support; confirmatory testing is a high priority.
Euplotes sp.,,Ciliatea,Hypotrichida,Euplotidae,Ciliophora,1786,False,False,4,4,4,4,1,0,False,very_sparse_1_4,Very limited (1-4 protective contexts),False,0.0034262766280625,extended_greedy_order,Very limited direct protective support; confirmatory testing is a high priority.
Plecoglossus altivelis,,Actinopterygii,Salmoniformes,Plecoglossidae,Chordata,1787,False,False,11,11,0,0,1,0,False,sparse_5_19,Limited (5-19 protective contexts),False,0.0015227495440244,extended_greedy_order,Limited direct protective support; interpret the rank with the reported uncertainty.
Oedogonium sp.,,Chlorophyceae,Oedogoniales,Oedogoniaceae,Chlorophyta,1788,False,False,5,5,6,6,1,0,False,sparse_5_19,Limited (5-19 protective contexts),False,0.0025708821498492,extended_greedy_order,Limited direct protective support; interpret the rank with the reported uncertainty.
Amia calva,,Actinopterygii,Amiiformes,Amiidae,Chordata,1789,False,False,2,2,0,0,1,12,True,very_sparse_1_4,Very limited (1-4 protective contexts),False,0.0042757379457343,extended_greedy_order,Very limited direct protective support; confirmatory testing is a high priority.
Osmerus mordax,,Actinopterygii,Osmeriformes,Osmeridae,Chordata,1790,False,False,1,1,0,0,2,0,False,very_sparse_1_4,Very limited (1-4 protective contexts),False,0.002495177713154,extended_greedy_order,Very limited direct protective support; confirmatory testing is a high priority.
Petromyzon marinus,,Cephalaspidomorphi,Petromyzontiformes,Petromyzontidae,Chordata,1791,False,False,10,6,1,1,3,10,True,sparse_5_19,Limited (5-19 protective contexts),False,0.0055436307930815,extended_greedy_order,Limited direct protective support; interpret the rank with the reported uncertainty.
Rhinogobius giurinus,,Actinopterygii,Perciformes,Gobiidae,Chordata,1792,False,False,1,1,0,0,1,0,False,very_sparse_1_4,Very limited (1-4 protective contexts),False,0.0024847516380141,extended_greedy_order,Very limited direct protective support; confirmatory testing is a high priority.
Gloeococcus maximus,,Chlorophyceae,Tetrasporales,Gloeocystaceae,Chlorophyta,1793,False,False,4,4,0,0,1,0,False,very_sparse_1_4,Very limited (1-4 protective contexts),False,0.0025655775952477,extended_greedy_order,Very limited direct protective support; confirmatory testing is a high priority.
Gloeococcus mucosus,,Chlorophyceae,Tetrasporales,Gloeocystaceae,Chlorophyta,1794,False,False,4,4,0,0,1,0,False,very_sparse_1_4,Very limited (1-4 protective contexts),False,0.0025655775952477,extended_greedy_order,Very limited direct protective support; confirmatory testing is a high priority.
Gongrosira sp.,,Chlorophyceae,Ctenocladales,Ctenocladaceae,Chlorophyta,1795,False,False,3,3,0,0,1,0,False,very_sparse_1_4,Very limited (1-4 protective contexts),False,0.0025642112698784,extended_greedy_order,Very limited direct protective support; confirmatory testing is a high priority.
Boeckella triarticulata,,Maxillopoda,Calanoida,Centropagidae,Arthropoda,1796,False,False,1,1,0,0,1,0,False,very_sparse_1_4,Very limited (1-4 protective contexts),False,0.0019566462362155,extended_greedy_order,Very limited direct protective support; confirmatory testing is a high priority.
Chlamydotheca arcuata,,Ostracoda,Podocopida,Cyprididae,Arthropoda,1797,False,False,4,2,0,0,2,3,True,very_sparse_1_4,Very limited (1-4 protective contexts),False,0.0033371278267087,extended_greedy_order,Very limited direct protective support; confirmatory testing is a high priority.
Protoderma viride,,Chlorophyceae,Chaetophorales,Chaetophoraceae,Chlorophyta,1798,False,False,4,4,0,0,1,0,False,very_sparse_1_4,Very limited (1-4 protective contexts),False,0.0026029930334129,extended_greedy_order,Very limited direct protective support; confirmatory testing is a high priority.
Apareiodon affinis,,Actinopterygii,Characiformes,Hemiodontidae,Chordata,1799,False,False,2,1,0,0,1,0,False,very_sparse_1_4,Very limited (1-4 protective contexts),False,0.0024585613994258,extended_greedy_order,Very limited direct protective support; confirmatory testing is a high priority.
Pleurococcus rufescens,,Chlorophyceae,Ctenocladales,nan,Chlorophyta,1800,False,False,4,4,0,0,1,0,False,very_sparse_1_4,Very limited (1-4 protective contexts),False,0.002549167609265,extended_greedy_order,Very limited direct protective support; confirmatory testing is a high priority.
Pleurococcus vulgaris,,Chlorophyceae,Ctenocladales,nan,Chlorophyta,1801,False,False,4,4,0,0,1,0,False,very_sparse_1_4,Very limited (1-4 protective contexts),False,0.002549167609265,extended_greedy_order,Very limited direct protective support; confirmatory testing is a high priority.
Sporotetras pyriformis,,Chlorophyceae,Chlorococcales,nan,Chlorophyta,1802,False,False,3,3,0,0,1,0,False,very_sparse_1_4,Very limited (1-4 protective contexts),False,0.002549167609265,extended_greedy_order,Very limited direct protective support; confirmatory testing is a high priority.
Ipomoea aquatica,,Magnoliopsida,Solanales,Convolvulaceae,Magnoliophyta,1803,False,False,5,4,0,0,1,3,True,sparse_5_19,Limited (5-19 protective contexts),False,0.0036245698788774,extended_greedy_order,Limited direct protective support; interpret the rank with the reported uncertainty.
Calanus finmarchicus,,Maxillopoda,Calanoida,Calanidae,Arthropoda,1804,False,False,1,1,0,0,1,0,False,very_sparse_1_4,Very limited (1-4 protective contexts),False,0.0027446659471582,extended_greedy_order,Very limited direct protective support; confirmatory testing is a high priority.
Plecostomus commersoni,,Actinopterygii,Siluriformes,Pimelodidae,Chordata,1805,False,False,3,1,1,1,1,0,False,very_sparse_1_4,Very limited (1-4 protective contexts),False,0.0024869817459519,extended_greedy_order,Very limited direct protective support; confirmatory testing is a high priority.
Cephalodella paggiae,,Monogononta,Ploima,Notommatidae,Rotifera,1806,False,False,1,1,0,0,1,0,False,very_sparse_1_4,Very limited (1-4 protective contexts),False,0.0030712094675957,extended_greedy_order,Very limited direct protective support; confirmatory testing is a high priority.
Polycelis sp.,,Turbellaria,Tricladida,Planariidae,Platyhelminthes,1807,False,False,4,3,1,1,1,0,False,very_sparse_1_4,Very limited (1-4 protective contexts),False,0.0019578241624776,extended_greedy_order,Very limited direct protective support; confirmatory testing is a high priority.
Ankistrodesmus sp.,,Chlorophyceae,Chlorococcales,Oocystaceae,Chlorophyta,1808,False,False,1,1,1,1,2,0,False,very_sparse_1_4,Very limited (1-4 protective contexts),False,0.0026619133666422,extended_greedy_order,Very limited direct protective support; confirmatory testing is a high priority.
Oryza sativa,,Magnoliopsida,Poales,Poaceae,Magnoliophyta,1809,False,False,9,8,1,1,2,4,True,sparse_5_19,Limited (5-19 protective contexts),False,0.00269378243856,extended_greedy_order,Limited direct protective support; interpret the rank with the reported uncertainty.
Cypridopsis sp.,,Ostracoda,Podocopa,Cypridopsidae,Arthropoda,1810,False,False,5,4,0,0,1,0,False,sparse_5_19,Limited (5-19 protective contexts),False,0.0028924325160757,extended_greedy_order,Limited direct protective support; interpret the rank with the reported uncertainty.
Ranunculus penicillatus,,Magnoliopsida,Ranunculales,Ranunculaceae,Magnoliophyta,1811,False,False,1,1,1,1,1,0,False,very_sparse_1_4,Very limited (1-4 protective contexts),False,0.002821554648876,extended_greedy_order,Very limited direct protective support; confirmatory testing is a high priority.
Calamoecia lucasi,,Maxillopoda,Calanoida,Centropagidae,Arthropoda,1812,False,False,1,1,0,0,2,0,False,very_sparse_1_4,Very limited (1-4 protective contexts),False,0.0027273566104859,extended_greedy_order,Very limited direct protective support; confirmatory testing is a high priority.
Boeckella delicata,,Maxillopoda,Calanoida,Centropagidae,Arthropoda,1813,False,False,1,1,0,0,2,0,False,very_sparse_1_4,Very limited (1-4 protective contexts),False,0.0027262389308732,extended_greedy_order,Very limited direct protective support; confirmatory testing is a high priority.
Gongrosira viridis,,Chlorophyceae,Ctenocladales,Ctenocladaceae,Chlorophyta,1814,False,False,4,4,0,0,1,0,False,very_sparse_1_4,Very limited (1-4 protective contexts),False,0.0025257150438513,extended_greedy_order,Very limited direct protective support; confirmatory testing is a high priority.
Bacopa caroliniana,,Magnoliopsida,Lamiales,Scrophulariaceae,Magnoliophyta,1815,False,False,1,1,0,0,1,8,True,very_sparse_1_4,Very limited (1-4 protective contexts),False,0.0029515651002233,extended_greedy_order,Very limited direct protective support; confirmatory testing is a high priority.
Anabas scandens,,Actinopterygii,Perciformes,Anabantidae,Chordata,1816,False,False,7,7,1,1,1,0,False,sparse_5_19,Limited (5-19 protective contexts),False,0.0025699053990957,extended_greedy_order,Limited direct protective support; interpret the rank with the reported uncertainty.
Balanus amphitrite,,Maxillopoda,Sessilia,Balanidae,Arthropoda,1817,False,False,1,1,0,0,1,9,True,very_sparse_1_4,Very limited (1-4 protective contexts),False,0.0041906268080268,extended_greedy_order,Very limited direct protective support; confirmatory testing is a high priority.
Platichthys flesus,,Actinopterygii,Pleuronectiformes,Pleuronectidae,Chordata,1818,False,False,2,1,1,1,1,0,False,very_sparse_1_4,Very limited (1-4 protective contexts),False,0.0025025741894941,extended_greedy_order,Very limited direct protective support; confirmatory testing is a high priority.
Limnodrilus hoffmeisteri,,Oligochaeta,Haplotaxida,Naididae,Annelida,1819,False,False,28,21,0,0,1,12,True,moderate_20_49,Moderate (20-49 protective contexts),False,0.0026513005829223,extended_greedy_order,
Echinoparyphium recurvatum,,Trematoda,Echinostomida,Echinostomatidae,Platyhelminthes,1820,False,False,4,3,2,2,1,0,False,very_sparse_1_4,Very limited (1-4 protective contexts),False,0.0033092466209014,extended_greedy_order,Very limited direct protective support; confirmatory testing is a high priority.
Microthamnion kuetzingianum,,Chlorophyceae,Chaetophorales,Chaetophoraceae,Chlorophyta,1821,False,False,4,4,1,1,1,3,True,very_sparse_1_4,Very limited (1-4 protective contexts),False,0.0030277332940669,extended_greedy_order,Very limited direct protective support; confirmatory testing is a high priority.
Microthamnion strictissimum,,Chlorophyceae,Chaetophorales,Chaetophoraceae,Chlorophyta,1822,False,False,4,4,0,0,1,0,False,very_sparse_1_4,Very limited (1-4 protective contexts),False,0.002565875672938,extended_greedy_order,Very limited direct protective support; confirmatory testing is a high priority.
Mastacembelus pancalus,,Actinopterygii,Synbranchiformes,Mastacembelidae,Chordata,1823,False,False,3,1,0,0,1,0,False,very_sparse_1_4,Very limited (1-4 protective contexts),False,0.0024786970900958,extended_greedy_order,Very limited direct protective support; confirmatory testing is a high priority.
Atractosteus tropicus,,Actinopterygii,Semionotiformes,Lepisosteidae,Chordata,1824,False,False,1,1,0,0,1,0,False,very_sparse_1_4,Very limited (1-4 protective contexts),False,0.0024955417918112,extended_greedy_order,Very limited direct protective support; confirmatory testing is a high priority.
Schilbe mystus,,Actinopterygii,Siluriformes,Schilbeidae,Chordata,1825,False,False,1,1,0,0,1,0,False,very_sparse_1_4,Very limited (1-4 protective contexts),False,0.0017664848863166,extended_greedy_order,Very limited direct protective support; confirmatory testing is a high priority.
Pelteobagrus fulvidraco,,Actinopterygii,Siluriformes,Bagridae,Chordata,1826,False,False,13,5,3,2,2,0,False,sparse_5_19,Limited (5-19 protective contexts),False,0.0025916589846174,extended_greedy_order,Limited direct protective support; interpret the rank with the reported uncertainty.
Stigeoclonium sp.,,Chlorophyceae,Chaetophorales,Chaetophoraceae,Chlorophyta,1827,False,False,1,1,0,0,1,0,False,very_sparse_1_4,Very limited (1-4 protective contexts),False,0.0026355188248675,extended_greedy_order,Very limited direct protective support; confirmatory testing is a high priority.
Trochiscia granulata,,Chlorophyceae,Chlorococcales,Oocystaceae,Chlorophyta,1828,False,False,4,4,0,0,1,0,False,very_sparse_1_4,Very limited (1-4 protective contexts),False,0.0025667039303983,extended_greedy_order,Very limited direct protective support; confirmatory testing is a high priority.
Chlamydocapsa ampla,,Chlorophyceae,Tetrasporales,Gloeocystaceae,Chlorophyta,1829,False,False,4,4,0,0,1,0,False,very_sparse_1_4,Very limited (1-4 protective contexts),False,0.0025033226342904,extended_greedy_order,Very limited direct protective support; confirmatory testing is a high priority.
Chlamydocapsa planctonica,,Chlorophyceae,Tetrasporales,Gloeocystaceae,Chlorophyta,1830,False,False,4,4,0,0,1,0,False,very_sparse_1_4,Very limited (1-4 protective contexts),False,0.0025033226342904,extended_greedy_order,Very limited direct protective support; confirmatory testing is a high priority.
Chlorococcum hypnosporum,,Chlorophyceae,Chlorococcales,Chlorococcaceae,Chlorophyta,1831,False,False,1,1,0,0,1,0,False,very_sparse_1_4,Very limited (1-4 protective contexts),False,0.0017989001291846,extended_greedy_order,Very limited direct protective support; confirmatory testing is a high priority.
Utricularia sp.,,Magnoliopsida,Scrophulariales,Lentibulariaceae,Magnoliophyta,1832,False,False,1,1,0,0,1,0,False,very_sparse_1_4,Very limited (1-4 protective contexts),False,0.0019727018556072,extended_greedy_order,Very limited direct protective support; confirmatory testing is a high priority.
Cyclocypris sp.,,Ostracoda,Podocopida,Cyprididae,Arthropoda,1833,False,False,2,2,0,0,1,0,False,very_sparse_1_4,Very limited (1-4 protective contexts),False,0.0020026024873297,extended_greedy_order,Very limited direct protective support; confirmatory testing is a high priority.
Chlorococcum vacuolatum,,Chlorophyceae,Chlorococcales,Chlorococcaceae,Chlorophyta,1834,False,False,1,1,0,0,1,0,False,very_sparse_1_4,Very limited (1-4 protective contexts),False,0.0024919535489572,extended_greedy_order,Very limited direct protective support; confirmatory testing is a high priority.
Chlorococcum macrostigmatum,,Chlorophyceae,Chlorococcales,Chlorococcaceae,Chlorophyta,1835,False,False,1,1,0,0,1,0,False,very_sparse_1_4,Very limited (1-4 protective contexts),False,0.0024919535489572,extended_greedy_order,Very limited direct protective support; confirmatory testing is a high priority.
Pseudococcomyxa simplex,,Chlorophyceae,Chlorococcales,Oocystaceae,Chlorophyta,1836,False,False,4,4,0,0,1,0,False,very_sparse_1_4,Very limited (1-4 protective contexts),False,0.002553227200578,extended_greedy_order,Very limited direct protective support; confirmatory testing is a high priority.
Tubifex sp.,,Oligochaeta,Haplotaxida,Naididae,Annelida,1837,False,False,10,6,1,1,1,0,False,sparse_5_19,Limited (5-19 protective contexts),False,0.002361513473925,extended_greedy_order,Limited direct protective support; interpret the rank with the reported uncertainty.
Planaria sp.,,Turbellaria,Tricladida,Planariidae,Platyhelminthes,1838,False,False,1,1,0,0,1,0,False,very_sparse_1_4,Very limited (1-4 protective contexts),False,0.0023599996185638,extended_greedy_order,Very limited direct protective support; confirmatory testing is a high priority.
Lota lota,,Actinopterygii,Gadiformes,Gadidae,Chordata,1839,False,False,7,7,0,0,1,10,True,sparse_5_19,Limited (5-19 protective contexts),False,0.0041369645341076,extended_greedy_order,Limited direct protective support; interpret the rank with the reported uncertainty.
Crenobia alpina,,Turbellaria,Tricladida,Planariidae,Platyhelminthes,1840,False,False,2,1,0,0,1,0,False,very_sparse_1_4,Very limited (1-4 protective contexts),False,0.003349601610813,extended_greedy_order,Very limited direct protective support; confirmatory testing is a high priority.
Lampetra tridentata,,Cephalaspidomorphi,Petromyzontiformes,Petromyzontidae,Chordata,1841,False,False,11,6,0,0,1,4,True,sparse_5_19,Limited (5-19 protective contexts),False,0.0041844930326095,extended_greedy_order,Limited direct protective support; interpret the rank with the reported uncertainty.
Planaria gonocephala,,Turbellaria,Tricladida,Planariidae,Platyhelminthes,1842,False,False,1,1,0,0,1,0,False,very_sparse_1_4,Very limited (1-4 protective contexts),False,0.0033126556577506,extended_greedy_order,Very limited direct protective support; confirmatory testing is a high priority.
Ankistrodesmus braunii,,Chlorophyceae,Chlorococcales,Oocystaceae,Chlorophyta,1843,False,False,1,1,0,0,1,0,False,very_sparse_1_4,Very limited (1-4 protective contexts),False,0.002659283079379,extended_greedy_order,Very limited direct protective support; confirmatory testing is a high priority.
Ophiocephalus punctatus,,Actinopterygii,Perciformes,Channidae,Chordata,1844,False,False,6,6,0,0,1,0,False,sparse_5_19,Limited (5-19 protective contexts),False,0.0018038312521802,extended_greedy_order,Limited direct protective support; interpret the rank with the reported uncertainty.
Bithynia tentaculata,,Gastropoda,Neotaenioglossa,Bithyniidae,Mollusca,1845,False,False,9,2,0,0,1,1,True,sparse_5_19,Limited (5-19 protective contexts),False,0.0015973526489996,extended_greedy_order,Limited direct protective support; interpret the rank with the reported uncertainty.
Hypnomonas sp.,,Chlorophyceae,Tetrasporales,Nautococcaceae,Chlorophyta,1846,False,False,5,5,0,0,1,0,False,sparse_5_19,Limited (5-19 protective contexts),False,0.002472431377466,extended_greedy_order,Limited direct protective support; interpret the rank with the reported uncertainty.
Acorus americanus,,Liliopsida,Arales,Acoraceae,Magnoliophyta,1847,False,False,1,1,0,0,1,30,True,very_sparse_1_4,Very limited (1-4 protective contexts),False,0.0085959954419869,extended_greedy_order,Very limited direct protective support; confirmatory testing is a high priority.
Chlorococcum sp.,,Chlorophyceae,Chlorococcales,Chlorococcaceae,Chlorophyta,1848,False,False,1,1,2,2,1,0,False,very_sparse_1_4,Very limited (1-4 protective contexts),False,0.002466789612757,extended_greedy_order,Very limited direct protective support; confirmatory testing is a high priority.
Nitocra spinipes,,Maxillopoda,Harpacticoida,Ameiridae,Arthropoda,1849,False,False,4,3,0,0,2,0,False,very_sparse_1_4,Very limited (1-4 protective contexts),False,0.0027555315264472,extended_greedy_order,Very limited direct protective support; confirmatory testing is a high priority.
Channa stewartii,,Actinopterygii,Perciformes,Channidae,Chordata,1850,False,False,1,1,1,1,1,0,False,very_sparse_1_4,Very limited (1-4 protective contexts),False,0.0026501197345658,extended_greedy_order,Very limited direct protective support; confirmatory testing is a high priority.
Chlorococcum lobata,,Chlorophyceae,Chlorococcales,Chlorococcaceae,Chlorophyta,1851,False,False,4,4,0,0,1,0,False,very_sparse_1_4,Very limited (1-4 protective contexts),False,0.0024625239040479,extended_greedy_order,Very limited direct protective support; confirmatory testing is a high priority.
Glyceria fluitans,,Magnoliopsida,Poales,Poaceae,Magnoliophyta,1852,False,False,2,1,0,0,1,0,False,very_sparse_1_4,Very limited (1-4 protective contexts),False,0.003066440447157,extended_greedy_order,Very limited direct protective support; confirmatory testing is a high priority.
Ulothrix moniliformis,,Chlorophyceae,Ulotrichales,Ulotrichaceae,Chlorophyta,1853,False,False,4,4,0,0,1,0,False,very_sparse_1_4,Very limited (1-4 protective contexts),False,0.0024610076594267,extended_greedy_order,Very limited direct protective support; confirmatory testing is a high priority.
Paramecium sp.,,Ciliatea,Hymenostomatida,Parameciidae,Ciliophora,1854,False,False,1,1,0,0,1,0,False,very_sparse_1_4,Very limited (1-4 protective contexts),False,0.0033757645473085,extended_greedy_order,Very limited direct protective support; confirmatory testing is a high priority.
Haematococcus capensis,,Chlorophyceae,Volvocales,Haematococcaceae,Chlorophyta,1855,False,False,1,1,0,0,2,0,False,very_sparse_1_4,Very limited (1-4 protective contexts),False,0.0024586064302743,extended_greedy_order,Very limited direct protective support; confirmatory testing is a high priority.
Paramecium putrinum,,Ciliatea,Hymenostomatida,Parameciidae,Ciliophora,1856,False,False,1,1,0,0,1,0,False,very_sparse_1_4,Very limited (1-4 protective contexts),False,0.0033738471276086,extended_greedy_order,Very limited direct protective support; confirmatory testing is a high priority.
Halteria grandinella,,Ciliatea,Oligotrichida,Halteriidae,Ciliophora,1857,False,False,5,5,0,0,1,1,True,sparse_5_19,Limited (5-19 protective contexts),False,0.0035166093303471,extended_greedy_order,Limited direct protective support; interpret the rank with the reported uncertainty.
Aspidisca cicada,,Ciliatea,Hypotrichida,Aspidiscidae,Ciliophora,1858,False,False,10,9,0,0,2,2,True,sparse_5_19,Limited (5-19 protective contexts),False,0.003715174621447,extended_greedy_order,Limited direct protective support; interpret the rank with the reported uncertainty.
Heteranthera dubia,,Liliopsida,Liliales,Pontederiaceae,Magnoliophyta,1859,False,False,5,5,0,0,1,35,True,sparse_5_19,Limited (5-19 protective contexts),False,0.0099249980844013,extended_greedy_order,Limited direct protective support; interpret the rank with the reported uncertainty.
Ulothrix sp.,,Chlorophyceae,Ulotrichales,Ulotrichaceae,Chlorophyta,1860,False,False,3,3,0,0,2,0,False,very_sparse_1_4,Very limited (1-4 protective contexts),False,0.0024462146787909,extended_greedy_order,Very limited direct protective support; confirmatory testing is a high priority.
Ichthyomyzon sp.,,Cephalaspidomorphi,Petromyzontiformes,Petromyzontidae,Chordata,1861,False,False,1,1,0,0,1,0,False,very_sparse_1_4,Very limited (1-4 protective contexts),False,0.003379273808342,extended_greedy_order,Very limited direct protective support; confirmatory testing is a high priority.
Uronema nigricans,,Ciliatea,Hymenostomatida,Uronematidae,Ciliophora,1862,False,False,6,6,0,0,1,0,False,sparse_5_19,Limited (5-19 protective contexts),False,0.0032965580969265,extended_greedy_order,Limited direct protective support; interpret the rank with the reported uncertainty.
Pangasianodon hypophthalmus,,Actinopterygii,Siluriformes,Pangasiidae,Chordata,1863,False,False,3,2,4,2,2,0,False,very_sparse_1_4,Very limited (1-4 protective contexts),False,0.0024430559511467,extended_greedy_order,Very limited direct protective support; confirmatory testing is a high priority.
Eriocaulon aquaticum,,Liliopsida,Eriocaulales,Eriocaulaceae,Magnoliophyta,1864,False,False,1,1,0,0,1,15,True,very_sparse_1_4,Very limited (1-4 protective contexts),False,0.0058275379877429,extended_greedy_order,Very limited direct protective support; confirmatory testing is a high priority.
Diacypris compacta,,Ostracoda,Podocopida,Cyprididae,Arthropoda,1865,False,False,4,4,0,0,1,0,False,very_sparse_1_4,Very limited (1-4 protective contexts),False,0.0027550072901302,extended_greedy_order,Very limited direct protective support; confirmatory testing is a high priority.
Zygogonium ericetorum,,Chlorophyceae,Zygnematales,Zygnemataceae,Chlorophyta,1866,False,False,4,4,0,0,1,2,True,very_sparse_1_4,Very limited (1-4 protective contexts),False,0.0027188127117145,extended_greedy_order,Very limited direct protective support; confirmatory testing is a high priority.
Paramecium tetraurelia,,Ciliatea,Hymenostomatida,Parameciidae,Ciliophora,1867,False,False,3,3,1,1,1,0,False,very_sparse_1_4,Very limited (1-4 protective contexts),False,0.002372045865004,extended_greedy_order,Very limited direct protective support; confirmatory testing is a high priority.
Filinia longiseta,,Monogononta,Flosculariaceae,Filiniidae,Rotifera,1868,False,False,1,1,0,0,1,0,False,very_sparse_1_4,Very limited (1-4 protective contexts),False,0.0019677190475693,extended_greedy_order,Very limited direct protective support; confirmatory testing is a high priority.
Najas graminea,,Liliopsida,Najadales,Najadaceae,Magnoliophyta,1869,False,False,4,4,0,0,1,0,False,very_sparse_1_4,Very limited (1-4 protective contexts),False,0.0030794896275373,extended_greedy_order,Very limited direct protective support; confirmatory testing is a high priority.
Hydrodictyon reticulatum,,Chlorophyceae,Chlorococcales,Hydrodictyaceae,Chlorophyta,1870,False,False,1,1,0,0,1,27,True,very_sparse_1_4,Very limited (1-4 protective contexts),False,0.0064403903587577,extended_greedy_order,Very limited direct protective support; confirmatory testing is a high priority.
Pomatoschistus minutus,,Actinopterygii,Perciformes,Gobiidae,Chordata,1871,False,False,3,1,1,1,1,0,False,very_sparse_1_4,Very limited (1-4 protective contexts),False,0.001752376266365,extended_greedy_order,Very limited direct protective support; confirmatory testing is a high priority.
Ankistrodesmus falcatus,,Chlorophyceae,Chlorococcales,Oocystaceae,Chlorophyta,1872,False,False,4,3,5,5,2,4,True,very_sparse_1_4,Very limited (1-4 protective contexts),False,0.0032106212847526,extended_greedy_order,Very limited direct protective support; confirmatory testing is a high priority.
Polycelis tenuis,,Turbellaria,Tricladida,Planariidae,Platyhelminthes,1873,False,False,6,5,0,0,1,0,False,sparse_5_19,Limited (5-19 protective contexts),False,0.0023098596873631,extended_greedy_order,Limited direct protective support; interpret the rank with the reported uncertainty.
Stigeoclonium tenue,,Chlorophyceae,Chaetophorales,Chaetophoraceae,Chlorophyta,1874,False,False,5,5,1,1,1,0,False,sparse_5_19,Limited (5-19 protective contexts),False,0.0026357289221996,extended_greedy_order,Limited direct protective support; interpret the rank with the reported uncertainty.
Gomphonema parvulum,,Bacillariophyceae,Cymbellales,Gomphonemataceae,Bacillariophyta,1875,False,False,4,4,1,1,2,0,False,very_sparse_1_4,Very limited (1-4 protective contexts),False,0.0026926516981179,extended_greedy_order,Very limited direct protective support; confirmatory testing is a high priority.
Allium cepa,,Liliopsida,Liliales,Liliaceae,Magnoliophyta,1876,False,False,1,1,0,0,1,23,True,very_sparse_1_4,Very limited (1-4 protective contexts),False,0.0072944216802007,extended_greedy_order,Very limited direct protective support; confirmatory testing is a high priority.
Argulus japonicus,,Maxillopoda,Arguloida,Argulidae,Arthropoda,1877,False,False,2,1,0,0,1,0,False,very_sparse_1_4,Very limited (1-4 protective contexts),False,0.0026466636537971,extended_greedy_order,Very limited direct protective support; confirmatory testing is a high priority.
Euchlanis sp.,,Monogononta,Ploima,Euchlanidae,Rotifera,1878,False,False,1,1,0,0,1,0,False,very_sparse_1_4,Very limited (1-4 protective contexts),False,0.0029109623379938,extended_greedy_order,Very limited direct protective support; confirmatory testing is a high priority.
Trichocerca sp.,,Monogononta,Ploima,Trichocercidae,Rotifera,1879,False,False,1,1,0,0,1,0,False,very_sparse_1_4,Very limited (1-4 protective contexts),False,0.0029267172447902,extended_greedy_order,Very limited direct protective support; confirmatory testing is a high priority.
Chlorococcum infusionum,,Chlorophyceae,Chlorococcales,Chlorococcaceae,Chlorophyta,1880,False,False,4,4,0,0,1,0,False,very_sparse_1_4,Very limited (1-4 protective contexts),False,0.0023834934408011,extended_greedy_order,Very limited direct protective support; confirmatory testing is a high priority.
Cypris sp.,,Ostracoda,Podocopida,Cyprididae,Arthropoda,1881,False,False,7,5,0,0,1,0,False,sparse_5_19,Limited (5-19 protective contexts),False,0.0028427281614607,extended_greedy_order,Limited direct protective support; interpret the rank with the reported uncertainty.
Wolffia papulifera,,Liliopsida,Arales,Lemnaceae,Magnoliophyta,1882,False,False,5,5,0,0,1,28,True,sparse_5_19,Limited (5-19 protective contexts),False,0.0075583369061038,extended_greedy_order,Limited direct protective support; interpret the rank with the reported uncertainty.
Stylodrilus heringianus,,Clitellata,Lumbriculida,Lumbriculidae,Annelida,1883,False,False,3,3,0,0,1,1,True,very_sparse_1_4,Very limited (1-4 protective contexts),False,0.0029187532539878,extended_greedy_order,Very limited direct protective support; confirmatory testing is a high priority.
Acartia tonsa,,Maxillopoda,Calanoida,Acartiidae,Arthropoda,1884,False,False,2,1,0,0,1,1,True,very_sparse_1_4,Very limited (1-4 protective contexts),False,0.0027136963545519,extended_greedy_order,Very limited direct protective support; confirmatory testing is a high priority.
Mougeotia sp.,,Chlorophyceae,Zygnematales,Zygnemataceae,Chlorophyta,1885,False,False,3,3,1,1,1,0,False,very_sparse_1_4,Very limited (1-4 protective contexts),False,0.0023612252426402,extended_greedy_order,Very limited direct protective support; confirmatory testing is a high priority.
Spirogyra cylindrica,,Chlorophyceae,Zygnematales,Zygnemataceae,Chlorophyta,1886,False,False,1,1,0,0,1,0,False,very_sparse_1_4,Very limited (1-4 protective contexts),False,0.0023675527155496,extended_greedy_order,Very limited direct protective support; confirmatory testing is a high priority.
Oscillatoria rubescens,,Cyanophyceae,Nostocales,Oscillatoriaceae,Cyanophycota,1887,False,False,1,1,0,0,1,0,False,very_sparse_1_4,Very limited (1-4 protective contexts),False,0.0026355956398991,extended_greedy_order,Very limited direct protective support; confirmatory testing is a high priority.
Trichocerca pusilla,,Monogononta,Ploima,Trichocercidae,Rotifera,1888,False,False,1,1,1,1,1,0,False,very_sparse_1_4,Very limited (1-4 protective contexts),False,0.0028164124334291,extended_greedy_order,Very limited direct protective support; confirmatory testing is a high priority.
Schistosoma haematobium,,Trematoda,Strigeatida,Schistosomatidae,Platyhelminthes,1889,False,False,2,2,0,0,1,0,False,very_sparse_1_4,Very limited (1-4 protective contexts),False,0.003227913690105,extended_greedy_order,Very limited direct protective support; confirmatory testing is a high priority.
Argulus coregoni,,Maxillopoda,Arguloida,Argulidae,Arthropoda,1890,False,False,3,1,0,0,4,0,False,very_sparse_1_4,Very limited (1-4 protective contexts),False,0.002600595423952,extended_greedy_order,Very limited direct protective support; confirmatory testing is a high priority.
Typha angustifolia,,Liliopsida,Typhales,Typhaceae,Magnoliophyta,1891,False,False,1,1,1,1,1,3,True,very_sparse_1_4,Very limited (1-4 protective contexts),False,0.0036124618868053,extended_greedy_order,Very limited direct protective support; confirmatory testing is a high priority.
Asplanchna brightwelli,,Monogononta,Ploima,Asplanchnidae,Rotifera,1892,False,False,1,1,0,0,1,0,False,very_sparse_1_4,Very limited (1-4 protective contexts),False,0.0027171658416254,extended_greedy_order,Very limited direct protective support; confirmatory testing is a high priority.
Iris pseudacorus,,Liliopsida,Liliales,Iridaceae,Magnoliophyta,1893,False,False,1,1,0,0,1,1,True,very_sparse_1_4,Very limited (1-4 protective contexts),False,0.0032450092223894,extended_greedy_order,Very limited direct protective support; confirmatory testing is a high priority.
Echinostoma trivolvis,,Trematoda,Echinostomida,Echinostomatidae,Platyhelminthes,1894,False,False,9,4,4,4,3,0,False,sparse_5_19,Limited (5-19 protective contexts),False,0.0020650613844048,extended_greedy_order,Limited direct protective support; interpret the rank with the reported uncertainty.
Stichococcus sp.,,Chlorophyceae,Prasiolales,Prasiolaceae,Chlorophyta,1895,False,False,1,1,0,0,1,0,False,very_sparse_1_4,Very limited (1-4 protective contexts),False,0.002514921522402,extended_greedy_order,Very limited direct protective support; confirmatory testing is a high priority.
Euchlanis dilatata,,Monogononta,Ploima,Euchlanidae,Rotifera,1896,False,False,1,1,0,0,1,0,False,very_sparse_1_4,Very limited (1-4 protective contexts),False,0.0027878243855328,extended_greedy_order,Very limited direct protective support; confirmatory testing is a high priority.
Asplanchna girodi,,Monogononta,Ploima,Asplanchnidae,Rotifera,1897,False,False,1,1,2,2,2,0,False,very_sparse_1_4,Very limited (1-4 protective contexts),False,0.0026956012622372,extended_greedy_order,Very limited direct protective support; confirmatory testing is a high priority.
Gloeotrichia echinulata,,Cyanophyceae,Nostocales,Rivulariaceae,Cyanophycota,1898,False,False,2,2,0,0,1,6,True,very_sparse_1_4,Very limited (1-4 protective contexts),False,0.00362042298228,extended_greedy_order,Very limited direct protective support; confirmatory testing is a high priority.
Blepharisma americanum,,Ciliatea,Heterotrichida,Spirostomidae,Ciliophora,1899,False,False,4,4,0,0,1,1,True,very_sparse_1_4,Very limited (1-4 protective contexts),False,0.0033826431013152,extended_greedy_order,Very limited direct protective support; confirmatory testing is a high priority.
Channa orientalis,,Actinopterygii,Perciformes,Channidae,Chordata,1900,False,False,18,14,4,4,2,0,False,sparse_5_19,Limited (5-19 protective contexts),False,0.0016150800622402,extended_greedy_order,Limited direct protective support; interpret the rank with the reported uncertainty.
Triticum aestivum,,Magnoliopsida,Poales,Poaceae,Magnoliophyta,1901,False,False,5,3,0,0,1,49,True,sparse_5_19,Limited (5-19 protective contexts),False,0.0120486137543833,extended_greedy_order,Limited direct protective support; interpret the rank with the reported uncertainty.
Stichococcus bacillaris,,Chlorophyceae,Prasiolales,Prasiolaceae,Chlorophyta,1902,False,False,4,4,1,1,1,0,False,very_sparse_1_4,Very limited (1-4 protective contexts),False,0.0024925858214764,extended_greedy_order,Very limited direct protective support; confirmatory testing is a high priority.
Stichococcus chlorelloides,,Chlorophyceae,Prasiolales,Prasiolaceae,Chlorophyta,1903,False,False,4,4,0,0,1,0,False,very_sparse_1_4,Very limited (1-4 protective contexts),False,0.0024925858214764,extended_greedy_order,Very limited direct protective support; confirmatory testing is a high priority.
Spirogyra sp.,,Chlorophyceae,Zygnematales,Zygnemataceae,Chlorophyta,1904,False,False,5,4,4,4,1,0,False,sparse_5_19,Limited (5-19 protective contexts),False,0.0023116420095514,extended_greedy_order,Limited direct protective support; interpret the rank with the reported uncertainty.
Plectonema boryanum,,Cyanophyceae,Nostocales,Scytonemataceae,Cyanophycota,1905,False,False,2,2,1,1,2,0,False,very_sparse_1_4,Very limited (1-4 protective contexts),False,0.0018979974013644,extended_greedy_order,Very limited direct protective support; confirmatory testing is a high priority.
Asplanchna sp.,,Monogononta,Ploima,Asplanchnidae,Rotifera,1906,False,False,1,1,0,0,1,0,False,very_sparse_1_4,Very limited (1-4 protective contexts),False,0.0026760819818215,extended_greedy_order,Very limited direct protective support; confirmatory testing is a high priority.
Tetrahymena pyriformis,,Ciliatea,Hymenostomatida,Tetrahymenidae,Ciliophora,1907,False,False,21,18,19,17,2,0,False,moderate_20_49,Moderate (20-49 protective contexts),False,0.0022091370362516,extended_greedy_order,
Plectonema nostocorum,,Cyanophyceae,Nostocales,Scytonemataceae,Cyanophycota,1908,False,False,2,2,0,0,1,0,False,very_sparse_1_4,Very limited (1-4 protective contexts),False,0.0026257213205616,extended_greedy_order,Very limited direct protective support; confirmatory testing is a high priority.
Pediastrum sp.,,Chlorophyceae,Chlorococcales,Hydrodictyaceae,Chlorophyta,1909,False,False,1,1,0,0,1,0,False,very_sparse_1_4,Very limited (1-4 protective contexts),False,0.0025110130268364,extended_greedy_order,Very limited direct protective support; confirmatory testing is a high priority.
Cypretta seurati,,Ostracoda,Podocopida,Cyprididae,Arthropoda,1910,False,False,2,1,0,0,1,0,False,very_sparse_1_4,Very limited (1-4 protective contexts),False,0.0020157332090519,extended_greedy_order,Very limited direct protective support; confirmatory testing is a high priority.
Phormidium mucicola,,Cyanophyceae,Nostocales,Oscillatoriaceae,Cyanophycota,1911,False,False,1,1,1,1,1,1,True,very_sparse_1_4,Very limited (1-4 protective contexts),False,0.002786101071341,extended_greedy_order,Very limited direct protective support; confirmatory testing is a high priority.
Polycelis felina,,Turbellaria,Tricladida,Planariidae,Platyhelminthes,1912,False,False,10,6,3,3,1,0,False,sparse_5_19,Limited (5-19 protective contexts),False,0.0022133817880469,extended_greedy_order,Limited direct protective support; interpret the rank with the reported uncertainty.
Coccomyxa minor,,Chlorophyceae,Chlorococcales,Coccomyxaceae,Chlorophyta,1913,False,False,1,1,0,0,1,0,False,very_sparse_1_4,Very limited (1-4 protective contexts),False,0.0025277172960231,extended_greedy_order,Very limited direct protective support; confirmatory testing is a high priority.
Westiellopsis prolifica,,Cyanophyceae,Stigonematales,Stigonemataceae,Cyanophycota,1914,False,False,1,1,5,5,1,0,False,very_sparse_1_4,Very limited (1-4 protective contexts),False,0.0025876604327389,extended_greedy_order,Very limited direct protective support; confirmatory testing is a high priority.
Cylindrospermum sp.,,Cyanophyceae,Nostocales,Nostocaceae,Cyanophycota,1915,False,False,7,6,4,4,2,0,False,sparse_5_19,Limited (5-19 protective contexts),False,0.0027979097536364,extended_greedy_order,Limited direct protective support; interpret the rank with the reported uncertainty.
Lyngbya birgei,,Cyanophyceae,Nostocales,Oscillatoriaceae,Cyanophycota,1916,False,False,1,1,0,0,1,0,False,very_sparse_1_4,Very limited (1-4 protective contexts),False,0.0025909000561276,extended_greedy_order,Very limited direct protective support; confirmatory testing is a high priority.
Paramecium bursaria,,Ciliatea,Hymenostomatida,Parameciidae,Ciliophora,1917,False,False,8,8,0,0,1,0,False,sparse_5_19,Limited (5-19 protective contexts),False,0.0018251855900316,extended_greedy_order,Limited direct protective support; interpret the rank with the reported uncertainty.
Calothrix parietina,,Cyanophyceae,Nostocales,Rivulariaceae,Cyanophycota,1918,False,False,2,2,0,0,1,0,False,very_sparse_1_4,Very limited (1-4 protective contexts),False,0.0025610542715116,extended_greedy_order,Very limited direct protective support; confirmatory testing is a high priority.
Microcoleus vaginatus,,Cyanophyceae,Nostocales,Oscillatoriaceae,Cyanophycota,1919,False,False,1,1,0,0,1,1,True,very_sparse_1_4,Very limited (1-4 protective contexts),False,0.0028843439903318,extended_greedy_order,Very limited direct protective support; confirmatory testing is a high priority.
Spirulina platensis,,Cyanophyceae,Nostocales,Oscillatoriaceae,Cyanophycota,1920,False,False,1,1,5,5,2,0,False,very_sparse_1_4,Very limited (1-4 protective contexts),False,0.0025815558193505,extended_greedy_order,Very limited direct protective support; confirmatory testing is a high priority.
Hormidium pseudostichococcus,,Chlorophyceae,Prasiolales,Prasiolaceae,Chlorophyta,1921,False,False,4,4,0,0,1,0,False,very_sparse_1_4,Very limited (1-4 protective contexts),False,0.0025829366820685,extended_greedy_order,Very limited direct protective support; confirmatory testing is a high priority.
Hormidium scopulinum,,Chlorophyceae,Prasiolales,Prasiolaceae,Chlorophyta,1922,False,False,4,4,0,0,1,0,False,very_sparse_1_4,Very limited (1-4 protective contexts),False,0.0025829366820685,extended_greedy_order,Very limited direct protective support; confirmatory testing is a high priority.
Hormidium subtile,,Chlorophyceae,Prasiolales,Prasiolaceae,Chlorophyta,1923,False,False,4,4,0,0,1,0,False,very_sparse_1_4,Very limited (1-4 protective contexts),False,0.0025829366820685,extended_greedy_order,Very limited direct protective support; confirmatory testing is a high priority.
Melosira varians,,Bacillariophyceae,Centrales,Melosiraceae,Bacillariophyta,1924,False,False,1,1,0,0,1,25,True,very_sparse_1_4,Very limited (1-4 protective contexts),False,0.0071421173678031,extended_greedy_order,Very limited direct protective support; confirmatory testing is a high priority.
Chaetoceros sp.,,Bacillariophyceae,Centrales,Chaetocerotaceae,Bacillariophyta,1925,False,False,2,2,0,0,1,0,False,very_sparse_1_4,Very limited (1-4 protective contexts),False,0.0028524106044697,extended_greedy_order,Very limited direct protective support; confirmatory testing is a high priority.
Phaeodactylum tricornutum,,Bacillariophyceae,Naviculales,Phaeodactylaceae,Bacillariophyta,1926,False,False,2,2,8,7,2,1,True,very_sparse_1_4,Very limited (1-4 protective contexts),False,0.0030235552407379,extended_greedy_order,Very limited direct protective support; confirmatory testing is a high priority.
Paramecium multimicronucleatum,,Ciliatea,Hymenostomatida,Parameciidae,Ciliophora,1927,False,False,8,8,2,2,1,0,False,sparse_5_19,Limited (5-19 protective contexts),False,0.0015752680818718,extended_greedy_order,Limited direct protective support; interpret the rank with the reported uncertainty.
Cypris subglobosa,,Ostracoda,Podocopida,Cyprididae,Arthropoda,1928,False,False,11,11,0,0,1,0,False,sparse_5_19,Limited (5-19 protective contexts),False,0.0014982972031038,extended_greedy_order,Limited direct protective support; interpret the rank with the reported uncertainty.
Piscicola salmositica,,Clitellata,Rhynchobdellida,Piscicolidae,Annelida,1929,False,False,1,1,0,0,2,0,False,very_sparse_1_4,Very limited (1-4 protective contexts),False,0.0026707945917584,extended_greedy_order,Very limited direct protective support; confirmatory testing is a high priority.
Vorticella convallaria,,Ciliatea,Peritrichida,Vorticellidae,Ciliophora,1930,False,False,6,6,0,0,1,0,False,sparse_5_19,Limited (5-19 protective contexts),False,0.0030507455087554,extended_greedy_order,Limited direct protective support; interpret the rank with the reported uncertainty.
Cypretta kawatai,,Ostracoda,Podocopida,Cyprididae,Arthropoda,1931,False,False,9,5,0,0,1,0,False,sparse_5_19,Limited (5-19 protective contexts),False,0.0019589094890166,extended_greedy_order,Limited direct protective support; interpret the rank with the reported uncertainty.
Epipremnum pinnatum,,Magnoliopsida,Alismatales,Araceae,Magnoliophyta,1932,False,False,1,1,0,0,1,2,True,very_sparse_1_4,Very limited (1-4 protective contexts),False,0.0029696297199713,extended_greedy_order,Very limited direct protective support; confirmatory testing is a high priority.
Phagocata gracilis,,Turbellaria,Tricladida,Planariidae,Platyhelminthes,1933,False,False,3,3,0,0,1,1,True,very_sparse_1_4,Very limited (1-4 protective contexts),False,0.0032005881005922,extended_greedy_order,Very limited direct protective support; confirmatory testing is a high priority.
Colpidium campylum,,Ciliatea,Hymenostomatida,Tetrahymenidae,Ciliophora,1934,False,False,5,5,0,0,1,0,False,sparse_5_19,Limited (5-19 protective contexts),False,0.0029654456838222,extended_greedy_order,Limited direct protective support; interpret the rank with the reported uncertainty.
Hormidium flaccidum,,Chlorophyceae,Prasiolales,Prasiolaceae,Chlorophyta,1935,False,False,2,1,0,0,1,0,False,very_sparse_1_4,Very limited (1-4 protective contexts),False,0.0025920572310997,extended_greedy_order,Very limited direct protective support; confirmatory testing is a high priority.
Pontederia cordata,,Liliopsida,Liliales,Pontederiaceae,Magnoliophyta,1936,False,False,1,1,1,1,1,36,True,very_sparse_1_4,Very limited (1-4 protective contexts),False,0.009194009995396,extended_greedy_order,Very limited direct protective support; confirmatory testing is a high priority.
Newnhamia sp.,,Ostracoda,Podocopida,Notodromadidae,Arthropoda,1937,False,False,1,1,0,0,1,0,False,very_sparse_1_4,Very limited (1-4 protective contexts),False,0.0018989349159239,extended_greedy_order,Very limited direct protective support; confirmatory testing is a high priority.
Petromyzon sp.,,Cephalaspidomorphi,Petromyzontiformes,Petromyzontidae,Chordata,1938,False,False,1,1,0,0,1,0,False,very_sparse_1_4,Very limited (1-4 protective contexts),False,0.0030592255517842,extended_greedy_order,Very limited direct protective support; confirmatory testing is a high priority.
Limnodrilus sp.,,Oligochaeta,Haplotaxida,Naididae,Annelida,1939,False,False,2,2,0,0,1,0,False,very_sparse_1_4,Very limited (1-4 protective contexts),False,0.0030573740727363,extended_greedy_order,Very limited direct protective support; confirmatory testing is a high priority.
Lampetra sp.,,Cephalaspidomorphi,Petromyzontiformes,Petromyzontidae,Chordata,1940,False,False,1,1,0,0,1,0,False,very_sparse_1_4,Very limited (1-4 protective contexts),False,0.0030475160592738,extended_greedy_order,Very limited direct protective support; confirmatory testing is a high priority.
Vorticella campanula,,Ciliatea,Peritrichida,Vorticellidae,Ciliophora,1941,False,False,2,2,0,0,1,0,False,very_sparse_1_4,Very limited (1-4 protective contexts),False,0.0030096393300808,extended_greedy_order,Very limited direct protective support; confirmatory testing is a high priority.
Blepharisma sp.,,Ciliatea,Heterotrichida,Spirostomidae,Ciliophora,1942,False,False,6,6,0,0,1,0,False,sparse_5_19,Limited (5-19 protective contexts),False,0.0021353925702501,extended_greedy_order,Limited direct protective support; interpret the rank with the reported uncertainty.
Hormidium fluitans,,Chlorophyceae,Prasiolales,Prasiolaceae,Chlorophyta,1943,False,False,6,4,0,0,1,0,False,sparse_5_19,Limited (5-19 protective contexts),False,0.0025543606235123,extended_greedy_order,Limited direct protective support; interpret the rank with the reported uncertainty.
Hormidium rivulare,,Chlorophyceae,Prasiolales,Prasiolaceae,Chlorophyta,1944,False,False,6,4,0,0,1,0,False,sparse_5_19,Limited (5-19 protective contexts),False,0.0025543465319114,extended_greedy_order,Limited direct protective support; interpret the rank with the reported uncertainty.
Plumatella casmiana,,Phylactolaemata,Plumatellida,Plumatellidae,Bryozoa,1945,False,False,1,1,0,0,1,3,True,very_sparse_1_4,Very limited (1-4 protective contexts),False,0.0036091937686038,extended_greedy_order,Very limited direct protective support; confirmatory testing is a high priority.
Fistulifera pelliculosa,,Bacillariophyceae,Pennales,Naviculaceae,Bacillariophyta,1946,False,False,2,2,9,7,2,0,False,very_sparse_1_4,Very limited (1-4 protective contexts),False,0.0027440729961275,extended_greedy_order,Very limited direct protective support; confirmatory testing is a high priority.
Helobdella stagnalis,,Clitellata,Rhynchobdellida,Glossiphoniidae,Annelida,1947,False,False,3,3,0,0,1,7,True,very_sparse_1_4,Very limited (1-4 protective contexts),False,0.0025921060999468,extended_greedy_order,Very limited direct protective support; confirmatory testing is a high priority.
Gomphonema gracile,,Bacillariophyceae,Cymbellales,Gomphonemataceae,Bacillariophyta,1948,False,False,2,2,0,0,1,0,False,very_sparse_1_4,Very limited (1-4 protective contexts),False,0.0018863995700215,extended_greedy_order,Very limited direct protective support; confirmatory testing is a high priority.
Nitzschia sp.,,Bacillariophyceae,Pennales,Bacillariaceae,Bacillariophyta,1949,False,False,1,1,2,2,2,0,False,very_sparse_1_4,Very limited (1-4 protective contexts),False,0.0028468733148181,extended_greedy_order,Very limited direct protective support; confirmatory testing is a high priority.
Paramecium aurelia,,Ciliatea,Hymenostomatida,Parameciidae,Ciliophora,1950,False,False,9,9,7,7,1,0,False,sparse_5_19,Limited (5-19 protective contexts),False,0.0015138781832287,extended_greedy_order,Limited direct protective support; interpret the rank with the reported uncertainty.
Colpidium colpoda,,Ciliatea,Hymenostomatida,Tetrahymenidae,Ciliophora,1951,False,False,5,5,0,0,1,0,False,sparse_5_19,Limited (5-19 protective contexts),False,0.0028732916065275,extended_greedy_order,Limited direct protective support; interpret the rank with the reported uncertainty.
Vorticella sp.,,Ciliatea,Peritrichida,Vorticellidae,Ciliophora,1952,False,False,5,5,0,0,1,0,False,sparse_5_19,Limited (5-19 protective contexts),False,0.002920953220137,extended_greedy_order,Limited direct protective support; interpret the rank with the reported uncertainty.
Planothidium lanceolatum,,Bacillariophyceae,Achnanthales,Achnanthaceae,Bacillariophyta,1953,False,False,3,2,0,0,1,1,True,very_sparse_1_4,Very limited (1-4 protective contexts),False,0.0017112317395012,extended_greedy_order,Very limited direct protective support; confirmatory testing is a high priority.
Limnodrilus udekemianus,,Oligochaeta,Haplotaxida,Naididae,Annelida,1954,False,False,2,1,3,3,1,3,True,very_sparse_1_4,Very limited (1-4 protective contexts),False,0.0034859024683994,extended_greedy_order,Very limited direct protective support; confirmatory testing is a high priority.
Dactylogyrus minutus,,Trematoda,Monopisthocotylea,Dactylogyridae,Platyhelminthes,1955,False,False,1,1,0,0,1,0,False,very_sparse_1_4,Very limited (1-4 protective contexts),False,0.0028726154670979,extended_greedy_order,Very limited direct protective support; confirmatory testing is a high priority.
Dactylogyrus vastator,,Trematoda,Monopisthocotylea,Dactylogyridae,Platyhelminthes,1956,False,False,1,1,0,0,1,0,False,very_sparse_1_4,Very limited (1-4 protective contexts),False,0.0028726154670979,extended_greedy_order,Very limited direct protective support; confirmatory testing is a high priority.
Megalodiscus sp.,,Trematoda,Echinostomida,Paramphistomatidae,Platyhelminthes,1957,False,False,1,1,1,1,1,0,False,very_sparse_1_4,Very limited (1-4 protective contexts),False,0.0028726154670979,extended_greedy_order,Very limited direct protective support; confirmatory testing is a high priority.
Pistia stratiotes,,Magnoliopsida,Alismatales,Araceae,Magnoliophyta,1958,False,False,3,2,1,1,2,12,True,very_sparse_1_4,Very limited (1-4 protective contexts),False,0.0044204173681704,extended_greedy_order,Very limited direct protective support; confirmatory testing is a high priority.
Tetrahymena sp.,,Ciliatea,Hymenostomatida,Tetrahymenidae,Ciliophora,1959,False,False,3,3,1,1,1,0,False,very_sparse_1_4,Very limited (1-4 protective contexts),False,0.0028501165422351,extended_greedy_order,Very limited direct protective support; confirmatory testing is a high priority.
Spirodela polyrrhiza,,Magnoliopsida,Alismatales,Araceae,Magnoliophyta,1960,False,False,16,12,2,2,1,0,False,sparse_5_19,Limited (5-19 protective contexts),False,0.0015099371204578,extended_greedy_order,Limited direct protective support; interpret the rank with the reported uncertainty.
Glossiphonia complanata,,Clitellata,Rhynchobdellida,Glossiphoniidae,Annelida,1961,False,False,3,3,0,0,1,3,True,very_sparse_1_4,Very limited (1-4 protective contexts),False,0.0020791053211777,extended_greedy_order,Very limited direct protective support; confirmatory testing is a high priority.
Fabaeformiscandona wegelini,,Ostracoda,Podocopida,Candonidae,Arthropoda,1962,False,False,1,1,0,0,1,0,False,very_sparse_1_4,Very limited (1-4 protective contexts),False,0.0025257849422522,extended_greedy_order,Very limited direct protective support; confirmatory testing is a high priority.
Pseudocandona sp.,,Ostracoda,Podocopida,Candonidae,Arthropoda,1963,False,False,1,1,0,0,1,0,False,very_sparse_1_4,Very limited (1-4 protective contexts),False,0.0025252350775897,extended_greedy_order,Very limited direct protective support; confirmatory testing is a high priority.
Gyrodactylus derjavini,,Trematoda,Monopisthocotylea,Gyrodactylidae,Platyhelminthes,1964,False,False,1,1,0,0,1,0,False,very_sparse_1_4,Very limited (1-4 protective contexts),False,0.0028337135619851,extended_greedy_order,Very limited direct protective support; confirmatory testing is a high priority.
Cladophora sp.,,Ulvophyceae,Cladophorales,Cladophoraceae,Chlorophyta,1965,False,False,4,4,0,0,1,0,False,very_sparse_1_4,Very limited (1-4 protective contexts),False,0.0029423352218182,extended_greedy_order,Very limited direct protective support; confirmatory testing is a high priority.
Notocotylus attenuatus,,Trematoda,Echinostomida,Notocotylidae,Platyhelminthes,1966,False,False,2,2,2,2,1,0,False,very_sparse_1_4,Very limited (1-4 protective contexts),False,0.0028702641307573,extended_greedy_order,Very limited direct protective support; confirmatory testing is a high priority.
Alaria sp.,,Trematoda,Strigeatida,Diplostomatidae,Platyhelminthes,1967,False,False,1,1,1,1,1,0,False,very_sparse_1_4,Very limited (1-4 protective contexts),False,0.0028284807265382,extended_greedy_order,Very limited direct protective support; confirmatory testing is a high priority.
Girardia tigrina,,Turbellaria,Tricladida,nan,Platyhelminthes,1968,False,False,44,37,10,7,3,3,True,moderate_20_49,Moderate (20-49 protective contexts),False,0.0014210480499919,extended_greedy_order,
Haemopis grandis,,Clitellata,Arhynchobdellida,Haemopidae,Annelida,1969,False,False,1,1,0,0,1,2,True,very_sparse_1_4,Very limited (1-4 protective contexts),False,0.00206280217079,extended_greedy_order,Very limited direct protective support; confirmatory testing is a high priority.
Gyrodactylus turnbulli,,Trematoda,Monopisthocotylea,Gyrodactylidae,Platyhelminthes,1970,False,False,2,1,0,0,1,0,False,very_sparse_1_4,Very limited (1-4 protective contexts),False,0.0028036833366395,extended_greedy_order,Very limited direct protective support; confirmatory testing is a high priority.
Pristina longiseta,,Oligochaeta,Haplotaxida,Naididae,Annelida,1971,False,False,1,1,0,0,1,2,True,very_sparse_1_4,Very limited (1-4 protective contexts),False,0.0032266347783014,extended_greedy_order,Very limited direct protective support; confirmatory testing is a high priority.
Haemopis marmorata,,Clitellata,Arhynchobdellida,Haemopidae,Annelida,1972,False,False,2,1,0,0,1,2,True,very_sparse_1_4,Very limited (1-4 protective contexts),False,0.0020628201971704,extended_greedy_order,Very limited direct protective support; confirmatory testing is a high priority.
Lophopodella carteri,,Phylactolaemata,Plumatellida,Lophopodidae,Bryozoa,1973,False,False,4,4,0,0,1,0,False,very_sparse_1_4,Very limited (1-4 protective contexts),False,0.0020609478550911,extended_greedy_order,Very limited direct protective support; confirmatory testing is a high priority.
Cladophora glomerata,,Ulvophyceae,Cladophorales,Cladophoraceae,Chlorophyta,1974,False,False,3,3,1,1,1,27,True,very_sparse_1_4,Very limited (1-4 protective contexts),False,0.0076063365586512,extended_greedy_order,Very limited direct protective support; confirmatory testing is a high priority.
Pristina leidyi,,Oligochaeta,Haplotaxida,Naididae,Annelida,1975,False,False,1,1,0,0,1,5,True,very_sparse_1_4,Very limited (1-4 protective contexts),False,0.0037290208403347,extended_greedy_order,Very limited direct protective support; confirmatory testing is a high priority.
Chaetogaster diaphanus,,Oligochaeta,Haplotaxida,Naididae,Annelida,1976,False,False,1,1,0,0,1,14,True,very_sparse_1_4,Very limited (1-4 protective contexts),False,0.0037438430282163,extended_greedy_order,Very limited direct protective support; confirmatory testing is a high priority.
Aspidisca lynceus,,Ciliatea,Hypotrichida,Aspidiscidae,Ciliophora,1977,False,False,4,4,0,0,1,1,True,very_sparse_1_4,Very limited (1-4 protective contexts),False,0.0029743334514455,extended_greedy_order,Very limited direct protective support; confirmatory testing is a high priority.
Haemopis sanguisuga,,Clitellata,Arhynchobdellida,Haemopidae,Annelida,1978,False,False,1,1,0,0,1,0,False,very_sparse_1_4,Very limited (1-4 protective contexts),False,0.0017926130541224,extended_greedy_order,Very limited direct protective support; confirmatory testing is a high priority.
Tetrahymena thermophila,,Ciliatea,Hymenostomatida,Tetrahymenidae,Ciliophora,1979,False,False,11,8,9,9,2,0,False,sparse_5_19,Limited (5-19 protective contexts),False,0.0019462972072002,extended_greedy_order,Limited direct protective support; interpret the rank with the reported uncertainty.
Gyrodactylus sp.,,Trematoda,Monopisthocotylea,Gyrodactylidae,Platyhelminthes,1980,False,False,1,1,0,0,1,0,False,very_sparse_1_4,Very limited (1-4 protective contexts),False,0.0027444595047375,extended_greedy_order,Very limited direct protective support; confirmatory testing is a high priority.
Pithophora sp.,,Ulvophyceae,Cladophorales,Cladophoraceae,Chlorophyta,1981,False,False,4,4,0,0,1,0,False,very_sparse_1_4,Very limited (1-4 protective contexts),False,0.0028526659244859,extended_greedy_order,Very limited direct protective support; confirmatory testing is a high priority.
Dexiotricha granulosa,,Ciliatea,Hymenostomatida,Loxocephalidae,Ciliophora,1982,False,False,5,5,0,0,1,2,True,sparse_5_19,Limited (5-19 protective contexts),False,0.0030909199325145,extended_greedy_order,Limited direct protective support; interpret the rank with the reported uncertainty.
Lepidotrema bidyana,,Trematoda,Monopisthocotylea,Diplectanidae,Platyhelminthes,1983,False,False,4,2,0,0,1,0,False,very_sparse_1_4,Very limited (1-4 protective contexts),False,0.0027229675326926,extended_greedy_order,Very limited direct protective support; confirmatory testing is a high priority.
Trichodina sp.,,Ciliatea,Peritrichida,Trichodinidae,Ciliophora,1984,False,False,1,1,0,0,1,0,False,very_sparse_1_4,Very limited (1-4 protective contexts),False,0.0027469135328975,extended_greedy_order,Very limited direct protective support; confirmatory testing is a high priority.
Arrenurus sp.,,Arachnida,Trombidiformes,Arrenuridae,Arthropoda,1985,False,False,5,4,0,0,1,0,False,sparse_5_19,Limited (5-19 protective contexts),False,0.0016540966248041,extended_greedy_order,Limited direct protective support; interpret the rank with the reported uncertainty.
Hirudinaria manillensis,,Clitellata,Arhynchobdellida,Hirudinidae,Annelida,1986,False,False,1,1,0,0,1,0,False,very_sparse_1_4,Very limited (1-4 protective contexts),False,0.0024630255712062,extended_greedy_order,Very limited direct protective support; confirmatory testing is a high priority.
Poecilobdella viridis,,Clitellata,Arhynchobdellida,Hirudinidae,Annelida,1987,False,False,1,1,0,0,1,0,False,very_sparse_1_4,Very limited (1-4 protective contexts),False,0.0024586279627493,extended_greedy_order,Very limited direct protective support; confirmatory testing is a high priority.
Euglena gracilis,,Euglenophyceae,Euglenales,Euglenaceae,Euglenophycota,1988,False,False,13,12,18,15,2,0,False,sparse_5_19,Limited (5-19 protective contexts),False,0.0022901086866136,extended_greedy_order,Limited direct protective support; interpret the rank with the reported uncertainty.
Macrobdella decora,,Clitellata,Arhynchobdellida,Hirudinidae,Annelida,1989,False,False,1,1,0,0,1,18,True,very_sparse_1_4,Very limited (1-4 protective contexts),False,0.0037538502659538,extended_greedy_order,Very limited direct protective support; confirmatory testing is a high priority.
Dero digitata,,Oligochaeta,Haplotaxida,Naididae,Annelida,1990,False,False,3,3,0,0,1,11,True,very_sparse_1_4,Very limited (1-4 protective contexts),False,0.0045793724887479,extended_greedy_order,Very limited direct protective support; confirmatory testing is a high priority.
Posthodiplostomum minimum,,Trematoda,Strigeatida,Diplostomatidae,Platyhelminthes,1991,False,False,1,1,0,0,1,0,False,very_sparse_1_4,Very limited (1-4 protective contexts),False,0.0026733414890386,extended_greedy_order,Very limited direct protective support; confirmatory testing is a high priority.
Stylaria lacustris,,Oligochaeta,Haplotaxida,Naididae,Annelida,1992,False,False,7,3,0,0,1,15,True,sparse_5_19,Limited (5-19 protective contexts),False,0.0030746994284799,extended_greedy_order,Limited direct protective support; interpret the rank with the reported uncertainty.
Dexiostoma campyla,,Ciliatea,Hymenostomatida,Turaniellidae,Ciliophora,1993,False,False,3,3,0,0,1,0,False,very_sparse_1_4,Very limited (1-4 protective contexts),False,0.0027012509243074,extended_greedy_order,Very limited direct protective support; confirmatory testing is a high priority.
Ilyocypris dentifera,,Ostracoda,Podocopida,Ilyocyprididae,Arthropoda,1994,False,False,2,1,0,0,1,0,False,very_sparse_1_4,Very limited (1-4 protective contexts),False,0.0017846723884022,extended_greedy_order,Very limited direct protective support; confirmatory testing is a high priority.
Dero sp.,,Oligochaeta,Haplotaxida,Naididae,Annelida,1995,False,False,2,2,0,0,1,0,False,very_sparse_1_4,Very limited (1-4 protective contexts),False,0.00274583326062,extended_greedy_order,Very limited direct protective support; confirmatory testing is a high priority.
Chilomonas paramecium,,Cryptophyceae,Cryptomonadales,Cryptomonadaceae,Cryptophycophyta,1996,False,False,9,7,0,0,1,0,False,sparse_5_19,Limited (5-19 protective contexts),False,0.0019736857859888,extended_greedy_order,Limited direct protective support; interpret the rank with the reported uncertainty.
Thalassiosira nordenskioeldii,,Coscinodiscophyceae,Thalassiosirales,Thalassiosiraceae,Bacillariophyta,1997,False,False,2,2,0,0,1,1,True,very_sparse_1_4,Very limited (1-4 protective contexts),False,0.0028570880624546,extended_greedy_order,Very limited direct protective support; confirmatory testing is a high priority.
Closterium sp.,,Conjugatophyceae,Desmidiales,Desmidiaceae,Charophyta,1998,False,False,1,1,0,0,1,0,False,very_sparse_1_4,Very limited (1-4 protective contexts),False,0.0027610414892168,extended_greedy_order,Very limited direct protective support; confirmatory testing is a high priority.
Pithophora oedogonia,,Ulvophyceae,Cladophorales,Cladophoraceae,Chlorophyta,1999,False,False,1,1,0,0,1,5,True,very_sparse_1_4,Very limited (1-4 protective contexts),False,0.0035761557452678,extended_greedy_order,Very limited direct protective support; confirmatory testing is a high priority.
Hyalinella punctata,,Phylactolaemata,Plumatellida,Plumatellidae,Bryozoa,2000,False,False,1,1,0,0,1,0,False,very_sparse_1_4,Very limited (1-4 protective contexts),False,0.0027384237244168,extended_greedy_order,Very limited direct protective support; confirmatory testing is a high priority.
Closterium ehrenbergii,,Conjugatophyceae,Desmidiales,Desmidiaceae,Charophyta,2001,False,False,2,1,0,0,2,8,True,very_sparse_1_4,Very limited (1-4 protective contexts),False,0.0028909905800579,extended_greedy_order,Very limited direct protective support; confirmatory testing is a high priority.
Cristatella mucedo,,Phylactolaemata,Plumatellida,Cristatellidae,Bryozoa,2002,False,False,2,2,0,0,1,7,True,very_sparse_1_4,Very limited (1-4 protective contexts),False,0.0038857744595029,extended_greedy_order,Very limited direct protective support; confirmatory testing is a high priority.
Navicula seminulum,,Bacillariophyceae,Pennales,Naviculaceae,Bacillariophyta,2003,False,False,1,1,1,1,1,0,False,very_sparse_1_4,Very limited (1-4 protective contexts),False,0.0024928435271075,extended_greedy_order,Very limited direct protective support; confirmatory testing is a high priority.
Pectinatella magnifica,,Phylactolaemata,Plumatellida,Pectinatellidae,Bryozoa,2004,False,False,3,3,0,0,1,28,True,very_sparse_1_4,Very limited (1-4 protective contexts),False,0.0051877394049504,extended_greedy_order,Very limited direct protective support; confirmatory testing is a high priority.
Trochilia minuta,,Phyllopharyngea,Dysteriida,Dysteriidae,Ciliophora,2005,False,False,4,4,0,0,1,0,False,very_sparse_1_4,Very limited (1-4 protective contexts),False,0.0027238475024031,extended_greedy_order,Very limited direct protective support; confirmatory testing is a high priority.
Stephanodiscus hantzschii,,Coscinodiscophyceae,Thalassiosirales,Stephanodiscaceae,Bacillariophyta,2006,False,False,4,4,0,0,1,0,False,very_sparse_1_4,Very limited (1-4 protective contexts),False,0.0023245377944271,extended_greedy_order,Very limited direct protective support; confirmatory testing is a high priority.
Azolla caroliniana,,Filicopsida,Salviniales,Salviniaceae,Polypodiophyta,2007,False,False,5,4,0,0,1,25,True,sparse_5_19,Limited (5-19 protective contexts),False,0.0061740276983549,extended_greedy_order,Limited direct protective support; interpret the rank with the reported uncertainty.
Stylonychia lemnae,,Ciliatea,Hypotrichida,Oxytrichidae,Ciliophora,2008,False,False,2,2,0,0,1,0,False,very_sparse_1_4,Very limited (1-4 protective contexts),False,0.0026223864280008,extended_greedy_order,Very limited direct protective support; confirmatory testing is a high priority.
Hirudo medicinalis,,Clitellata,Arhynchobdellida,Hirudinidae,Annelida,2009,False,False,3,3,3,3,1,0,False,very_sparse_1_4,Very limited (1-4 protective contexts),False,0.0014317230105943,extended_greedy_order,Very limited direct protective support; confirmatory testing is a high priority.
Cercaria sp.,,Trematoda,Strigeata,Fellodistomatidae,Platyhelminthes,2010,False,False,1,1,0,0,1,0,False,very_sparse_1_4,Very limited (1-4 protective contexts),False,0.0025871880524069,extended_greedy_order,Very limited direct protective support; confirmatory testing is a high priority.
Holosticha kessleri,,Ciliatea,Hypotrichida,Holostichidae,Ciliophora,2011,False,False,1,1,0,0,1,0,False,very_sparse_1_4,Very limited (1-4 protective contexts),False,0.0026075623190963,extended_greedy_order,Very limited direct protective support; confirmatory testing is a high priority.
Cachonina niei,,Dinophyceae,Peridiniales,Peridiniaceae,Pyrrophycophyta,2012,False,False,2,2,0,0,1,0,False,very_sparse_1_4,Very limited (1-4 protective contexts),False,0.002684016963096,extended_greedy_order,Very limited direct protective support; confirmatory testing is a high priority.
Glaucoma scintillans,,Ciliatea,Hymenostomatida,Glaucomidae,Ciliophora,2013,False,False,1,1,0,0,1,0,False,very_sparse_1_4,Very limited (1-4 protective contexts),False,0.0026012592347657,extended_greedy_order,Very limited direct protective support; confirmatory testing is a high priority.
Azolla filiculoides,,Filicopsida,Salviniales,Salviniaceae,Polypodiophyta,2014,False,False,1,1,0,0,1,18,True,very_sparse_1_4,Very limited (1-4 protective contexts),False,0.0050227609905847,extended_greedy_order,Very limited direct protective support; confirmatory testing is a high priority.
Loxodes striatus,,Ciliatea,nan,Loxodidae,Ciliophora,2015,False,False,1,1,0,0,1,1,True,very_sparse_1_4,Very limited (1-4 protective contexts),False,0.0027525372852532,extended_greedy_order,Very limited direct protective support; confirmatory testing is a high priority.
Mesostoma ehrenbergii,,Turbellaria,Neorhabdocoela,Typhloplanidae,Platyhelminthes,2016,False,False,1,1,0,0,1,0,False,very_sparse_1_4,Very limited (1-4 protective contexts),False,0.0018590795219723,extended_greedy_order,Very limited direct protective support; confirmatory testing is a high priority.
Clavatospora longibrachiata,,Sordariomycetes,Halosphaeriales,Halosphaeriaceae,Ascomycota,2017,False,False,3,3,0,0,1,0,False,very_sparse_1_4,Very limited (1-4 protective contexts),False,0.0011121452158211,extended_greedy_order,Very limited direct protective support; confirmatory testing is a high priority.
Euglena minuta,,Euglenophyceae,Euglenales,Euglenaceae,Euglenophycota,2018,False,False,4,4,0,0,1,0,False,very_sparse_1_4,Very limited (1-4 protective contexts),False,0.0023586212678163,extended_greedy_order,Very limited direct protective support; confirmatory testing is a high priority.
Euglena viridis,,Euglenophyceae,Euglenales,Euglenaceae,Euglenophycota,2019,False,False,4,4,0,0,1,1,True,very_sparse_1_4,Very limited (1-4 protective contexts),False,0.0025001385438853,extended_greedy_order,Very limited direct protective support; confirmatory testing is a high priority.
Chara vulgaris,,Charophyceae,Charales,Characeae,Charophyta,2020,False,False,4,4,1,1,1,22,True,very_sparse_1_4,Very limited (1-4 protective contexts),False,0.0039970549021638,extended_greedy_order,Very limited direct protective support; confirmatory testing is a high priority.
Euglena acus,,Euglenophyceae,Euglenales,Euglenaceae,Euglenophycota,2021,False,False,1,1,0,0,1,13,True,very_sparse_1_4,Very limited (1-4 protective contexts),False,0.0041900436160988,extended_greedy_order,Very limited direct protective support; confirmatory testing is a high priority.
Stylonychia pustulata,,Ciliatea,Hypotrichida,Oxytrichidae,Ciliophora,2022,False,False,1,1,0,0,1,0,False,very_sparse_1_4,Very limited (1-4 protective contexts),False,0.0025807023914515,extended_greedy_order,Very limited direct protective support; confirmatory testing is a high priority.
Bursaphelenchus xylophilus,,Secernentea,Aphelenchida,Aphelenchidae,Nematoda,2023,False,False,10,7,0,0,1,0,False,sparse_5_19,Limited (5-19 protective contexts),False,0.0027123598624937,extended_greedy_order,Limited direct protective support; interpret the rank with the reported uncertainty.
Ichthyophthirius multifilis,,Ciliatea,Hymenostomatida,Ichthyophthiriidae,Ciliophora,2024,False,False,6,3,1,1,1,0,False,sparse_5_19,Limited (5-19 protective contexts),False,0.0018151275478121,extended_greedy_order,Limited direct protective support; interpret the rank with the reported uncertainty.
Didinium nasutum,,Ciliatea,nan,Didiniidae,Ciliophora,2025,False,False,1,1,0,0,1,0,False,very_sparse_1_4,Very limited (1-4 protective contexts),False,0.0025479551299627,extended_greedy_order,Very limited direct protective support; confirmatory testing is a high priority.
Stylonychia mytilus,,Ciliatea,Hypotrichida,Oxytrichidae,Ciliophora,2026,False,False,1,1,0,0,1,0,False,very_sparse_1_4,Very limited (1-4 protective contexts),False,0.0025434162043524,extended_greedy_order,Very limited direct protective support; confirmatory testing is a high priority.
Fasciola hepatica,,Trematoda,Echinostomida,Fasciolidae,Platyhelminthes,2027,False,False,4,4,0,0,1,0,False,very_sparse_1_4,Very limited (1-4 protective contexts),False,0.002501956698129,extended_greedy_order,Very limited direct protective support; confirmatory testing is a high priority.
Sigmoidea aurantiaca,,Sordariomycetes,Halosphaeriales,Halosphaeriaceae,Ascomycota,2028,False,False,3,3,0,0,1,0,False,very_sparse_1_4,Very limited (1-4 protective contexts),False,0.0011107523094099,extended_greedy_order,Very limited direct protective support; confirmatory testing is a high priority.
Varichaeta pacifica,,Oligochaeta,Haplotaxida,Tubificidae,Annelida,2029,False,False,3,3,0,0,1,1,True,very_sparse_1_4,Very limited (1-4 protective contexts),False,0.0027466913699597,extended_greedy_order,Very limited direct protective support; confirmatory testing is a high priority.
Azolla pinnata,,Filicopsida,Salviniales,Salviniaceae,Polypodiophyta,2030,False,False,11,10,9,9,2,0,False,sparse_5_19,Limited (5-19 protective contexts),False,0.0023429621471313,extended_greedy_order,Limited direct protective support; interpret the rank with the reported uncertainty.
Cochliobolus lunatus,,Dothideomycetes,Pleosporales,Pleosporaceae,Ascomycota,2031,False,False,2,1,0,0,1,1,True,very_sparse_1_4,Very limited (1-4 protective contexts),False,0.0027496823597826,extended_greedy_order,Very limited direct protective support; confirmatory testing is a high priority.
Fasciola gigantica,,Trematoda,Echinostomida,Fasciolidae,Platyhelminthes,2032,False,False,4,4,0,0,2,0,False,very_sparse_1_4,Very limited (1-4 protective contexts),False,0.0024741640390863,extended_greedy_order,Very limited direct protective support; confirmatory testing is a high priority.
Ceratopteris thalictroides,,Filicopsida,Salviniales,Salviniaceae,Polypodiophyta,2033,False,False,2,1,0,0,1,2,True,very_sparse_1_4,Very limited (1-4 protective contexts),False,0.0027166846469453,extended_greedy_order,Very limited direct protective support; confirmatory testing is a high priority.
Arrenurus manubriator,,Arachnida,Trombidiformes,Arrenuridae,Arthropoda,2034,False,False,1,1,0,0,1,0,False,very_sparse_1_4,Very limited (1-4 protective contexts),False,0.0025499896251267,extended_greedy_order,Very limited direct protective support; confirmatory testing is a high priority.
Salvinia minima,,Filicopsida,Salviniales,Salviniaceae,Polypodiophyta,2035,False,False,2,2,1,1,1,7,True,very_sparse_1_4,Very limited (1-4 protective contexts),False,0.0024357034758262,extended_greedy_order,Very limited direct protective support; confirmatory testing is a high priority.
Salvinia molesta,,Filicopsida,Salviniales,Salviniaceae,Polypodiophyta,2036,False,False,2,2,1,1,1,0,False,very_sparse_1_4,Very limited (1-4 protective contexts),False,0.0024250252630222,extended_greedy_order,Very limited direct protective support; confirmatory testing is a high priority.
Stentor coeruleus,,Ciliatea,Oligotrichida,Stentoridae,Ciliophora,2037,False,False,4,4,0,0,1,15,True,very_sparse_1_4,Very limited (1-4 protective contexts),False,0.004696019891568,extended_greedy_order,Very limited direct protective support; confirmatory testing is a high priority.
Branchiura sowerbyi,,Oligochaeta,Haplotaxida,Tubificidae,Annelida,2038,False,False,48,30,0,0,2,5,True,moderate_20_49,Moderate (20-49 protective contexts),False,0.0019122212023576,extended_greedy_order,
Spondylosium pygmaeum,,Conjugatophyceae,Desmidiales,Desmidiaceae,Charophyta,2039,False,False,4,4,0,0,1,0,False,very_sparse_1_4,Very limited (1-4 protective contexts),False,0.0025504091519837,extended_greedy_order,Very limited direct protective support; confirmatory testing is a high priority.
Hirudo nipponia,,Clitellata,Arhynchobdellida,Hirudinidae,Annelida,2040,False,False,9,9,0,0,1,0,False,sparse_5_19,Limited (5-19 protective contexts),False,0.0024676691116949,extended_greedy_order,Limited direct protective support; interpret the rank with the reported uncertainty.
Peloscolex ferox,,Oligochaeta,Haplotaxida,Tubificidae,Annelida,2041,False,False,3,3,0,0,1,0,False,very_sparse_1_4,Very limited (1-4 protective contexts),False,0.0025243864665153,extended_greedy_order,Very limited direct protective support; confirmatory testing is a high priority.
Ilyodrilus frantzi,,Oligochaeta,Haplotaxida,Tubificidae,Annelida,2042,False,False,2,2,0,0,1,0,False,very_sparse_1_4,Very limited (1-4 protective contexts),False,0.0025183576582545,extended_greedy_order,Very limited direct protective support; confirmatory testing is a high priority.
Salvinia natans,,Filicopsida,Salviniales,Salviniaceae,Polypodiophyta,2043,False,False,4,4,0,0,1,0,False,very_sparse_1_4,Very limited (1-4 protective contexts),False,0.0024243096290479,extended_greedy_order,Very limited direct protective support; confirmatory testing is a high priority.
Chilodonella uncinata,,Ciliatea,Cyrtophorida,Chilododontidae,Ciliophora,2044,False,False,2,2,0,0,1,1,True,very_sparse_1_4,Very limited (1-4 protective contexts),False,0.0025954269296439,extended_greedy_order,Very limited direct protective support; confirmatory testing is a high priority.
Catenula sp.,,Turbellaria,Catenulida,Catenulidae,Platyhelminthes,2045,False,False,3,2,0,0,1,0,False,very_sparse_1_4,Very limited (1-4 protective contexts),False,0.0024750913505816,extended_greedy_order,Very limited direct protective support; confirmatory testing is a high priority.
Rhyacodrilus montanus,,Oligochaeta,Haplotaxida,Tubificidae,Annelida,2046,False,False,3,3,0,0,1,0,False,very_sparse_1_4,Very limited (1-4 protective contexts),False,0.0025044088567421,extended_greedy_order,Very limited direct protective support; confirmatory testing is a high priority.
Dendrocoelum lacteum,,Turbellaria,Tricladida,Dendrocoelidae,Platyhelminthes,2047,False,False,2,2,1,1,1,0,False,very_sparse_1_4,Very limited (1-4 protective contexts),False,0.0024524676337917,extended_greedy_order,Very limited direct protective support; confirmatory testing is a high priority.
Piona carnea,,Arachnida,Trombidiformes,Pionidae,Arthropoda,2048,False,False,2,1,1,1,1,0,False,very_sparse_1_4,Very limited (1-4 protective contexts),False,0.0023905905996739,extended_greedy_order,Very limited direct protective support; confirmatory testing is a high priority.
Clavariopsis aquatica,,Sordariomycetes,Halosphaeriales,Halosphaeriaceae,Ascomycota,2049,False,False,2,2,0,0,1,1,True,very_sparse_1_4,Very limited (1-4 protective contexts),False,0.001356258796499,extended_greedy_order,Very limited direct protective support; confirmatory testing is a high priority.
Opercularia coarctata,,Ciliatea,Peritrichida,Operculariidae,Ciliophora,2050,False,False,4,4,0,0,1,0,False,very_sparse_1_4,Very limited (1-4 protective contexts),False,0.0024193304489165,extended_greedy_order,Very limited direct protective support; confirmatory testing is a high priority.
Ephydatia fluviatilis,,Demospongiae,Haplosclerida,Spongillidae,Porifera,2051,False,False,3,3,0,0,1,3,True,very_sparse_1_4,Very limited (1-4 protective contexts),False,0.002621891613899,extended_greedy_order,Very limited direct protective support; confirmatory testing is a high priority.
Chara sp.,,Charophyceae,Charales,Characeae,Charophyta,2052,False,False,2,2,0,0,2,0,False,very_sparse_1_4,Very limited (1-4 protective contexts),False,0.0023401652521279,extended_greedy_order,Very limited direct protective support; confirmatory testing is a high priority.
Eichhornia crassipes,,Liliopsida,Liliales,Pontederiaceae,Magnoliophyta,2053,False,False,18,13,10,10,3,4,True,sparse_5_19,Limited (5-19 protective contexts),False,0.0022871347978246,extended_greedy_order,Limited direct protective support; interpret the rank with the reported uncertainty.
Opercularia minima,,Ciliatea,Peritrichida,Operculariidae,Ciliophora,2054,False,False,4,4,0,0,1,0,False,very_sparse_1_4,Very limited (1-4 protective contexts),False,0.0023967575998948,extended_greedy_order,Very limited direct protective support; confirmatory testing is a high priority.
Poterioochromonas malhamensis,,Chrysophyceae,Ochromonadales,Ochromonadaceae,Chrysophyta,2055,False,False,4,4,2,2,1,0,False,very_sparse_1_4,Very limited (1-4 protective contexts),False,0.0024736846316257,extended_greedy_order,Very limited direct protective support; confirmatory testing is a high priority.
Colpoda steinii,,Ciliatea,Entodiniomorphida,Colpodidae,Ciliophora,2056,False,False,3,3,0,0,1,0,False,very_sparse_1_4,Very limited (1-4 protective contexts),False,0.0023851165592602,extended_greedy_order,Very limited direct protective support; confirmatory testing is a high priority.
Philodina sp.,,Bdelloidea,Bdelloida,Philodinidae,Rotifera,2057,False,False,2,2,1,1,1,0,False,very_sparse_1_4,Very limited (1-4 protective contexts),False,0.0024849229360609,extended_greedy_order,Very limited direct protective support; confirmatory testing is a high priority.
Limnesia maculata,,Arachnida,Trombidiformes,Limnesiidae,Arthropoda,2058,False,False,2,2,0,0,1,0,False,very_sparse_1_4,Very limited (1-4 protective contexts),False,0.0024258775110475,extended_greedy_order,Very limited direct protective support; confirmatory testing is a high priority.
Acremonium tubakii,,Sordariomycetes,Hypocreales,nan,Ascomycota,2059,False,False,1,1,0,0,1,0,False,very_sparse_1_4,Very limited (1-4 protective contexts),False,0.0022108513034442,extended_greedy_order,Very limited direct protective support; confirmatory testing is a high priority.
Piona nodata,,Arachnida,Trombidiformes,Pionidae,Arthropoda,2060,False,False,1,1,1,1,3,0,False,very_sparse_1_4,Very limited (1-4 protective contexts),False,0.0016696987520634,extended_greedy_order,Very limited direct protective support; confirmatory testing is a high priority.
Quistadrilus multisetosus,,Oligochaeta,Haplotaxida,Tubificidae,Annelida,2061,False,False,3,3,0,0,1,2,True,very_sparse_1_4,Very limited (1-4 protective contexts),False,0.0026972253235613,extended_greedy_order,Very limited direct protective support; confirmatory testing is a high priority.
Spirosperma nikolskyi,,Oligochaeta,Haplotaxida,Tubificidae,Annelida,2062,False,False,3,3,0,0,1,2,True,very_sparse_1_4,Very limited (1-4 protective contexts),False,0.0026804312273685,extended_greedy_order,Very limited direct protective support; confirmatory testing is a high priority.
Enchytraeus albidus,,Oligochaeta,Haplotaxida,Enchytraeidae,Annelida,2063,False,False,1,1,0,0,1,1,True,very_sparse_1_4,Very limited (1-4 protective contexts),False,0.001795287982694,extended_greedy_order,Very limited direct protective support; confirmatory testing is a high priority.
Hydrozetes lacustris,,Arachnida,Sarcoptiformes,Hydrozetidae,Arthropoda,2064,False,False,1,1,0,0,1,0,False,very_sparse_1_4,Very limited (1-4 protective contexts),False,0.0023703009966996,extended_greedy_order,Very limited direct protective support; confirmatory testing is a high priority.
Ephydatia mulleri,,Demospongiae,Haplosclerida,Spongillidae,Porifera,2065,False,False,1,1,0,0,1,0,False,very_sparse_1_4,Very limited (1-4 protective contexts),False,0.0022138876921143,extended_greedy_order,Very limited direct protective support; confirmatory testing is a high priority.
Philodina roseola,,Bdelloidea,Bdelloida,Philodinidae,Rotifera,2066,False,False,2,2,0,0,1,0,False,very_sparse_1_4,Very limited (1-4 protective contexts),False,0.0024008937606677,extended_greedy_order,Very limited direct protective support; confirmatory testing is a high priority.
Helicosporium sp.,,Dothideomycetes,Pleosporales,nan,Ascomycota,2067,False,False,5,5,0,0,1,0,False,sparse_5_19,Limited (5-19 protective contexts),False,0.0016737715277393,extended_greedy_order,Limited direct protective support; interpret the rank with the reported uncertainty.
Tripospermum myrti,,Dothideomycetes,Capnodiales,Capnodiaceae,Ascomycota,2068,False,False,1,1,0,0,1,0,False,very_sparse_1_4,Very limited (1-4 protective contexts),False,0.0016744658048421,extended_greedy_order,Very limited direct protective support; confirmatory testing is a high priority.
Tricladium angulatum,,Leotiomycetes,Helotiales,Helotiaceae,Ascomycota,2069,False,False,3,3,0,0,1,0,False,very_sparse_1_4,Very limited (1-4 protective contexts),False,0.0011039110323368,extended_greedy_order,Very limited direct protective support; confirmatory testing is a high priority.
Eylais hamata,,Arachnida,Trombidiformes,Eylaidae,Arthropoda,2070,False,False,1,1,0,0,2,0,False,very_sparse_1_4,Very limited (1-4 protective contexts),False,0.0016521879374713,extended_greedy_order,Very limited direct protective support; confirmatory testing is a high priority.
Hydryphantes ruber,,Arachnida,Trombidiformes,Hydryphantidae,Arthropoda,2071,False,False,1,1,0,0,2,0,False,very_sparse_1_4,Very limited (1-4 protective contexts),False,0.0016513945858142,extended_greedy_order,Very limited direct protective support; confirmatory testing is a high priority.
Hydrachna marita,,Arachnida,Trombidiformes,Hydrachnidae,Arthropoda,2072,False,False,1,1,0,0,3,0,False,very_sparse_1_4,Very limited (1-4 protective contexts),False,0.0016510544861826,extended_greedy_order,Very limited direct protective support; confirmatory testing is a high priority.
Argyroneta aquatica,,Arachnida,Araneae,Argyronetidae,Arthropoda,2073,False,False,1,1,0,0,4,0,False,very_sparse_1_4,Very limited (1-4 protective contexts),False,0.0016505561182364,extended_greedy_order,Very limited direct protective support; confirmatory testing is a high priority.
Philodina acuticornis,,Bdelloidea,Bdelloida,Philodinidae,Rotifera,2074,False,False,18,14,1,1,1,0,False,sparse_5_19,Limited (5-19 protective contexts),False,0.0016844116978364,extended_greedy_order,Limited direct protective support; interpret the rank with the reported uncertainty.
Flagellospora penicillioides,,Sordariomycetes,Hypocreales,Nectriaceae,Ascomycota,2075,False,False,5,5,0,0,1,0,False,sparse_5_19,Limited (5-19 protective contexts),False,0.0015603463433013,extended_greedy_order,Limited direct protective support; interpret the rank with the reported uncertainty.
Eunapius fragilis,,Demospongiae,Haplosclerida,Spongillidae,Porifera,2076,False,False,4,2,0,0,1,2,True,very_sparse_1_4,Very limited (1-4 protective contexts),False,0.0017478381133215,extended_greedy_order,Very limited direct protective support; confirmatory testing is a high priority.
Adineta vaga,,Bdelloidea,Bdelloida,Adinetidae,Rotifera,2077,False,False,1,1,0,0,1,0,False,very_sparse_1_4,Very limited (1-4 protective contexts),False,0.0023172476681963,extended_greedy_order,Very limited direct protective support; confirmatory testing is a high priority.
Spongilla lacustris,,Demospongiae,Haplosclerida,Spongillidae,Porifera,2078,False,False,2,2,0,0,1,12,True,very_sparse_1_4,Very limited (1-4 protective contexts),False,0.0037870799749952,extended_greedy_order,Very limited direct protective support; confirmatory testing is a high priority.
Limnochares aquatica,,Arachnida,Trombidiformes,Limnocharidae,Arthropoda,2079,False,False,2,1,0,0,4,2,True,very_sparse_1_4,Very limited (1-4 protective contexts),False,0.0018118111112425,extended_greedy_order,Very limited direct protective support; confirmatory testing is a high priority.
Coniothyrium sp.,,Dothideomycetes,Pleosporales,Leptosphaeriaceae,Ascomycota,2080,False,False,1,1,0,0,1,0,False,very_sparse_1_4,Very limited (1-4 protective contexts),False,0.0023002110001206,extended_greedy_order,Very limited direct protective support; confirmatory testing is a high priority.
Phoma putaminum,,Dothideomycetes,Pleosporales,Didymellaceae,Ascomycota,2081,False,False,1,1,0,0,1,0,False,very_sparse_1_4,Very limited (1-4 protective contexts),False,0.0023002110001206,extended_greedy_order,Very limited direct protective support; confirmatory testing is a high priority.
Aspergillus cejpii,,Eurotiomycetes,Eurotiales,Trichocomaceae,Ascomycota,2082,False,False,1,1,0,0,1,0,False,very_sparse_1_4,Very limited (1-4 protective contexts),False,0.0022988789105269,extended_greedy_order,Very limited direct protective support; confirmatory testing is a high priority.
Aspergillus versicolor,,Eurotiomycetes,Eurotiales,Trichocomaceae,Ascomycota,2083,False,False,1,1,0,0,1,0,False,very_sparse_1_4,Very limited (1-4 protective contexts),False,0.0022988789105269,extended_greedy_order,Very limited direct protective support; confirmatory testing is a high priority.
Amoeba sp.,,Lobosa,Amoebida,Amoebidae,Protozoa,2084,False,False,1,1,0,0,1,0,False,very_sparse_1_4,Very limited (1-4 protective contexts),False,0.0016237240673269,extended_greedy_order,Very limited direct protective support; confirmatory testing is a high priority.
Flagellospora curvula,,Sordariomycetes,Hypocreales,Nectriaceae,Ascomycota,2085,False,False,1,1,0,0,1,0,False,very_sparse_1_4,Very limited (1-4 protective contexts),False,0.0015604202755631,extended_greedy_order,Very limited direct protective support; confirmatory testing is a high priority.
Tricladium splendens,,Leotiomycetes,Helotiales,Helotiaceae,Ascomycota,2086,False,False,1,1,0,0,1,0,False,very_sparse_1_4,Very limited (1-4 protective contexts),False,0.0022012302186489,extended_greedy_order,Very limited direct protective support; confirmatory testing is a high priority.
Heleidomermis magnapapula,,Adenophorea,Mermithida,Mermithidae,Nematoda,2087,False,False,4,2,1,1,2,0,False,very_sparse_1_4,Very limited (1-4 protective contexts),False,0.0022740776103912,extended_greedy_order,Very limited direct protective support; confirmatory testing is a high priority.
Doratomyces sp.,,Sordariomycetes,Microascales,Microascaceae,Ascomycota,2088,False,False,2,2,0,0,1,0,False,very_sparse_1_4,Very limited (1-4 protective contexts),False,0.0022056728794592,extended_greedy_order,Very limited direct protective support; confirmatory testing is a high priority.
Hymenoscyphus tetracladius,,Leotiomycetes,Helotiales,Helotiaceae,Ascomycota,2089,False,False,1,1,0,0,1,0,False,very_sparse_1_4,Very limited (1-4 protective contexts),False,0.0021924010957935,extended_greedy_order,Very limited direct protective support; confirmatory testing is a high priority.
Parachlorella kessleri,,Trebouxiophyceae,Chlorellales,Chlorellaceae,Chlorophyta,2090,False,False,7,7,3,3,2,0,False,sparse_5_19,Limited (5-19 protective contexts),False,0.0022539072716458,extended_greedy_order,Limited direct protective support; interpret the rank with the reported uncertainty.
Amoeba proteus,,Lobosa,Amoebida,Amoebidae,Protozoa,2091,False,False,5,5,0,0,1,2,True,sparse_5_19,Limited (5-19 protective contexts),False,0.0017904619389472,extended_greedy_order,Limited direct protective support; interpret the rank with the reported uncertainty.
Chaos sp.,,Lobosa,Amoebida,Amoebidae,Protozoa,2092,False,False,1,1,0,0,1,0,False,very_sparse_1_4,Very limited (1-4 protective contexts),False,0.0022494921224277,extended_greedy_order,Very limited direct protective support; confirmatory testing is a high priority.
Diatoma vulgare,,Fragilariophyceae,Fragilariales,Fragilariaceae,Bacillariophyta,2093,False,False,1,1,0,0,1,11,True,very_sparse_1_4,Very limited (1-4 protective contexts),False,0.0037180084050457,extended_greedy_order,Very limited direct protective support; confirmatory testing is a high priority.
Tetracladium marchalianum,,Leotiomycetes,Helotiales,nan,Ascomycota,2094,False,False,3,3,0,0,1,3,True,very_sparse_1_4,Very limited (1-4 protective contexts),False,0.0013018421082624,extended_greedy_order,Very limited direct protective support; confirmatory testing is a high priority.
Pseudaegerita matsushimae,,Leotiomycetes,Helotiales,Hyaloscyphaceae,Ascomycota,2095,False,False,1,1,0,0,1,0,False,very_sparse_1_4,Very limited (1-4 protective contexts),False,0.002202522843797,extended_greedy_order,Very limited direct protective support; confirmatory testing is a high priority.
Agamermis unka,,Adenophorea,Mermithida,Mermithidae,Nematoda,2096,False,False,2,2,0,0,1,0,False,very_sparse_1_4,Very limited (1-4 protective contexts),False,0.0016081161177695,extended_greedy_order,Very limited direct protective support; confirmatory testing is a high priority.
Prorocentrum micans,,Dinophyceae,Prorocentrales,Prorocentraceae,Pyrrophycophyta,2097,False,False,1,1,0,0,1,0,False,very_sparse_1_4,Very limited (1-4 protective contexts),False,0.0022324571275574,extended_greedy_order,Very limited direct protective support; confirmatory testing is a high priority.
Varicosporium elodeae,,Leotiomycetes,Helotiales,Helotiaceae,Ascomycota,2098,False,False,1,1,0,0,1,0,False,very_sparse_1_4,Very limited (1-4 protective contexts),False,0.0021998331422804,extended_greedy_order,Very limited direct protective support; confirmatory testing is a high priority.
Peranema trichophorum,,Euglenophyceae,Heteronematales,Paranemataceae,Euglenophycota,2099,False,False,4,4,0,0,1,4,True,very_sparse_1_4,Very limited (1-4 protective contexts),False,0.0018790200348822,extended_greedy_order,Very limited direct protective support; confirmatory testing is a high priority.
Platyhypnidium rusciforme,,Bryopsida,Hypnales,Brachytheciaceae,Bryophyta,2100,False,False,2,1,0,0,1,13,True,very_sparse_1_4,Very limited (1-4 protective contexts),False,0.002821977435503,extended_greedy_order,Very limited direct protective support; confirmatory testing is a high priority.
Articulospora sp.,,Leotiomycetes,Helotiales,Helotiaceae,Ascomycota,2101,False,False,2,1,0,0,1,0,False,very_sparse_1_4,Very limited (1-4 protective contexts),False,0.0021992424618844,extended_greedy_order,Very limited direct protective support; confirmatory testing is a high priority.
Romanomermis iyengari,,Adenophorea,Mermithida,Mermithidae,Nematoda,2102,False,False,1,1,0,0,1,0,False,very_sparse_1_4,Very limited (1-4 protective contexts),False,0.0022155292660416,extended_greedy_order,Very limited direct protective support; confirmatory testing is a high priority.
Heliscella stellata,,nan,nan,nan,Ascomycota,2103,False,False,3,3,0,0,1,0,False,very_sparse_1_4,Very limited (1-4 protective contexts),False,0.0011054743923824,extended_greedy_order,Very limited direct protective support; confirmatory testing is a high priority.
Alatospora acuminata,,nan,nan,nan,Ascomycota,2104,False,False,3,3,0,0,1,2,True,very_sparse_1_4,Very limited (1-4 protective contexts),False,0.0012361947806431,extended_greedy_order,Very limited direct protective support; confirmatory testing is a high priority.
Aeolosoma headleyi,,nan,nan,Aeolosomatidae,Annelida,2105,False,False,6,6,0,0,2,0,False,sparse_5_19,Limited (5-19 protective contexts),False,0.0015655795177519,extended_greedy_order,Limited direct protective support; interpret the rank with the reported uncertainty.
Campylospora chaetocladia,,nan,nan,nan,Ascomycota,2106,False,False,4,4,0,0,1,0,False,very_sparse_1_4,Very limited (1-4 protective contexts),False,0.0015586555828169,extended_greedy_order,Very limited direct protective support; confirmatory testing is a high priority.
Lunulospora curvula,,nan,nan,nan,Ascomycetes,2107,False,False,6,6,0,0,1,0,False,sparse_5_19,Limited (5-19 protective contexts),False,0.0015586554141902,extended_greedy_order,Limited direct protective support; interpret the rank with the reported uncertainty.
Flabellospora sp.,,nan,nan,nan,Ascomycetes,2108,False,False,2,2,0,0,1,0,False,very_sparse_1_4,Very limited (1-4 protective contexts),False,0.0015585907208173,extended_greedy_order,Very limited direct protective support; confirmatory testing is a high priority.
Wiesneriomyces javanicus,,nan,nan,nan,Ascomycetes,2109,False,False,2,2,0,0,1,0,False,very_sparse_1_4,Very limited (1-4 protective contexts),False,0.0015585907208173,extended_greedy_order,Very limited direct protective support; confirmatory testing is a high priority.
Alatospora constricta,,nan,nan,nan,Ascomycota,2110,False,False,1,1,0,0,1,2,True,very_sparse_1_4,Very limited (1-4 protective contexts),False,0.0024686585749522,extended_greedy_order,Very limited direct protective support; confirmatory testing is a high priority.
Chordodes nobilii,,nan,Gordioidea,Chordodidae,Nematomorpha,2111,False,False,1,1,0,0,1,0,False,very_sparse_1_4,Very limited (1-4 protective contexts),False,0.0022041594419216,extended_greedy_order,Very limited direct protective support; confirmatory testing is a high priority.
Chordodes sp.,,nan,Gordioidea,Chordodidae,Nematomorpha,2112,False,False,1,1,0,0,2,0,False,very_sparse_1_4,Very limited (1-4 protective contexts),False,0.0022041594419216,extended_greedy_order,Very limited direct protective support; confirmatory testing is a high priority.
Nattrassia mangiferae,,nan,nan,nan,Ascomycetes,2113,False,False,2,2,0,0,1,1,True,very_sparse_1_4,Very limited (1-4 protective contexts),False,0.0023364090084369,extended_greedy_order,Very limited direct protective support; confirmatory testing is a high priority.
Triaenophorus nodulosus,,Cestoda,nan,nan,Platyhelminthes,2114,False,False,1,1,0,0,1,0,False,very_sparse_1_4,Very limited (1-4 protective contexts),False,0.0022041594419216,extended_greedy_order,Very limited direct protective support; confirmatory testing is a high priority.
Fontinalis antipyretica,,Bryopsida,Isobryales,Fontinalaceae,Bryophyta,2115,False,False,3,2,1,1,2,18,True,very_sparse_1_4,Very limited (1-4 protective contexts),False,0.0032743002982069,extended_greedy_order,Very limited direct protective support; confirmatory testing is a high priority.
Asterias rubens,,Asteroidea,Forcipulatida,Asteriidae,Echinodermata,2116,False,False,1,1,0,0,1,5,True,very_sparse_1_4,Very limited (1-4 protective contexts),False,0.0028652503572795,extended_greedy_order,Very limited direct protective support; confirmatory testing is a high priority.
Dictyostelium discoideum,,Dictyosteliomycetes,Dictyosteliales,Dictyosteliaceae,Protozoa,2117,False,False,1,1,0,0,1,0,False,very_sparse_1_4,Very limited (1-4 protective contexts),False,0.0022034493570205,extended_greedy_order,Very limited direct protective support; confirmatory testing is a high priority.
Tachypleus gigas,,Merostomata,Xiphosura,Limulidae,Arthropoda,2118,False,False,1,1,0,0,1,0,False,very_sparse_1_4,Very limited (1-4 protective contexts),False,0.0021907985201874,extended_greedy_order,Very limited direct protective support; confirmatory testing is a high priority.
Romanomermis culicivorax,,Adenophorea,Mermithida,Mermithidae,Nematoda,2119,False,False,9,7,0,0,1,0,False,sparse_5_19,Limited (5-19 protective contexts),False,0.0011243168574426,extended_greedy_order,Limited direct protective support; interpret the rank with the reported uncertainty.
Prionchulus punctatus,,Adenophorea,Dorylaimida,Mononchidae,Nematoda,2120,False,False,2,2,0,0,1,0,False,very_sparse_1_4,Very limited (1-4 protective contexts),False,0.0021927077861794,extended_greedy_order,Very limited direct protective support; confirmatory testing is a high priority.
Nereis diversicolor,,Errantia,Aciculata,Nereididae,Annelida,2121,False,False,1,1,0,0,1,0,False,very_sparse_1_4,Very limited (1-4 protective contexts),False,0.0021682394626415,extended_greedy_order,Very limited direct protective support; confirmatory testing is a high priority.
Scapania undulata,,Hepatopsida,Jungermanniales,Scapaniaceae,Marchantiophyta,2122,False,False,2,1,0,0,1,18,True,very_sparse_1_4,Very limited (1-4 protective contexts),False,0.0045558427204257,extended_greedy_order,Very limited direct protective support; confirmatory testing is a high priority.
Tobrilus gracilis,,Adenophorea,Enoplida,Tripylidae,Nematoda,2123,False,False,2,2,0,0,1,0,False,very_sparse_1_4,Very limited (1-4 protective contexts),False,0.0021817360865202,extended_greedy_order,Very limited direct protective support; confirmatory testing is a high priority.
Dorylaimus stagnalis,,Adenophorea,Dorylaimida,Dorylaimidae,Nematoda,2124,False,False,2,2,0,0,2,0,False,very_sparse_1_4,Very limited (1-4 protective contexts),False,0.0021752460951855,extended_greedy_order,Very limited direct protective support; confirmatory testing is a high priority.
Aporcelaimellus obtusicaudatus,,Adenophorea,Dorylaimida,Aporcelaimidae,Nematoda,2125,False,False,2,2,0,0,1,0,False,very_sparse_1_4,Very limited (1-4 protective contexts),False,0.0021739853517453,extended_greedy_order,Very limited direct protective support; confirmatory testing is a high priority.
Pythium sp.,,Oomycetes,Pythiales,Pythiaceae,Oomycota,2126,False,False,2,2,0,0,1,0,False,very_sparse_1_4,Very limited (1-4 protective contexts),False,0.0022009323946807,extended_greedy_order,Very limited direct protective support; confirmatory testing is a high priority.
Dictyuchus sterile,,Oomycetes,Saprolegniales,Saprolegniaceae,Oomycota,2127,False,False,3,2,0,0,1,0,False,very_sparse_1_4,Very limited (1-4 protective contexts),False,0.0021987640319834,extended_greedy_order,Very limited direct protective support; confirmatory testing is a high priority.
Aphelenchus avenae,,Secernentea,Aphelenchida,Aphelenchidae,Nematoda,2128,False,False,5,5,0,0,2,0,False,sparse_5_19,Limited (5-19 protective contexts),False,0.0021815029977909,extended_greedy_order,Limited direct protective support; interpret the rank with the reported uncertainty.
Plectus communis,,Adenophorea,Araeolaimida,Plectidae,Nematoda,2129,False,False,4,3,0,0,1,0,False,very_sparse_1_4,Very limited (1-4 protective contexts),False,0.0021312472970846,extended_greedy_order,Very limited direct protective support; confirmatory testing is a high priority.
Hediste diversicolor,,Errantia,Aciculata,Nereididae,Annelida,2130,False,False,9,7,2,2,1,0,False,sparse_5_19,Limited (5-19 protective contexts),False,0.0014565940840176,extended_greedy_order,Limited direct protective support; interpret the rank with the reported uncertainty.
Meloidogyne incognita,,Secernentea,Tylenchida,Heteroderidae,Nematoda,2131,False,False,2,1,0,0,1,0,False,very_sparse_1_4,Very limited (1-4 protective contexts),False,0.0015335566006763,extended_greedy_order,Very limited direct protective support; confirmatory testing is a high priority.
Globodera rostochiensis,,Secernentea,Tylenchida,Heteroderidae,Nematoda,2132,False,False,2,2,0,0,1,0,False,very_sparse_1_4,Very limited (1-4 protective contexts),False,0.0021522751866844,extended_greedy_order,Very limited direct protective support; confirmatory testing is a high priority.
Anguillicola crassus,,Secernentea,Camallanida,Anguillicolidae,Nematoda,2133,False,False,2,1,0,0,1,0,False,very_sparse_1_4,Very limited (1-4 protective contexts),False,0.0015186834889895,extended_greedy_order,Very limited direct protective support; confirmatory testing is a high priority.
Tylenchus elegans,,Secernentea,Tylenchida,Tylenchidae,Nematoda,2134,False,False,1,1,0,0,1,0,False,very_sparse_1_4,Very limited (1-4 protective contexts),False,0.0021440529626507,extended_greedy_order,Very limited direct protective support; confirmatory testing is a high priority.
Diplogasteritus sp.,,Secernentea,Diplogasterida,Diplogasteridae,Nematoda,2135,False,False,2,2,0,0,1,0,False,very_sparse_1_4,Very limited (1-4 protective contexts),False,0.0021382755315143,extended_greedy_order,Very limited direct protective support; confirmatory testing is a high priority.
Rhabditis sp.,,Secernentea,Rhabditida,Rhabditidae,Nematoda,2136,False,False,2,2,0,0,1,0,False,very_sparse_1_4,Very limited (1-4 protective contexts),False,0.0021374969635326,extended_greedy_order,Very limited direct protective support; confirmatory testing is a high priority.
Heterorhabditis sp.,,Secernentea,Rhabditida,Heterorhabditidae,Nematoda,2137,False,False,3,3,0,0,1,0,False,very_sparse_1_4,Very limited (1-4 protective contexts),False,0.0015188515431772,extended_greedy_order,Very limited direct protective support; confirmatory testing is a high priority.
Neoaplectana bibionis,,Secernentea,Rhabditida,Steinernematidae,Nematoda,2138,False,False,3,3,0,0,1,0,False,very_sparse_1_4,Very limited (1-4 protective contexts),False,0.0015053797738753,extended_greedy_order,Very limited direct protective support; confirmatory testing is a high priority.
Neoaplectana carpocapsae,,Secernentea,Rhabditida,Steinernematidae,Nematoda,2139,False,False,3,3,0,0,1,0,False,very_sparse_1_4,Very limited (1-4 protective contexts),False,0.0015053797738753,extended_greedy_order,Very limited direct protective support; confirmatory testing is a high priority.
Acrobeloides buetschlii,,Secernentea,Rhabditida,Cephalobidae,Nematoda,2140,False,False,1,1,0,0,1,0,False,very_sparse_1_4,Very limited (1-4 protective contexts),False,0.002110289173629,extended_greedy_order,Very limited direct protective support; confirmatory testing is a high priority.
Heterocephalobus pauciannulatus,,Secernentea,Rhabditida,Cephalobidae,Nematoda,2141,False,False,2,1,0,0,1,0,False,very_sparse_1_4,Very limited (1-4 protective contexts),False,0.0021100513931554,extended_greedy_order,Very limited direct protective support; confirmatory testing is a high priority.
Cephalobus persegnis,,Secernentea,Rhabditida,Cephalobidae,Nematoda,2142,False,False,6,6,0,0,1,0,False,sparse_5_19,Limited (5-19 protective contexts),False,0.0019623815192242,extended_greedy_order,Limited direct protective support; interpret the rank with the reported uncertainty.
Panagrellus redivivus,,Secernentea,Rhabditida,Panagrolaimidae,Nematoda,2143,False,False,2,1,0,0,1,0,False,very_sparse_1_4,Very limited (1-4 protective contexts),False,0.0020335926338242,extended_greedy_order,Very limited direct protective support; confirmatory testing is a high priority.
Panagrellus silusiae,,Secernentea,Rhabditida,Panagrolaimidae,Nematoda,2144,False,False,17,7,0,0,2,0,False,sparse_5_19,Limited (5-19 protective contexts),False,0.0018652323323464,extended_greedy_order,Limited direct protective support; interpret the rank with the reported uncertainty.
